idu,commune,surface_m2,residuel_m2,ratio_lot,facade_m,zone,elim_ratio,elim_zone_an,elim_rnu_hors_pau
97415000BI0215,Saint-Paul,3365,2357,0.700,45.1,U,True,False,False
97415000BK0067,Saint-Paul,3270,2651,0.811,54.9,N,True,True,False
97415000BN1051,Saint-Paul,2353,1439,0.612,14.3,U,True,False,False
97415000BN1252,Saint-Paul,2914,1773,0.608,16.5,U,True,False,False
97415000BN0657,Saint-Paul,1894,953,0.503,42.8,U,True,False,False
97415000BN0298,Saint-Paul,3155,2316,0.734,21.9,U,True,False,False
97415000BS0009,Saint-Paul,3479,2710,0.779,31.5,U,True,False,False
97415000BV1152,Saint-Paul,5747,3040,0.529,73.1,U,True,False,False
97415000BV0406,Saint-Paul,2053,1585,0.772,74.7,U,True,False,False
97415000BV0883,Saint-Paul,4843,2790,0.576,16.6,U,True,False,False
97415000AB0719,Saint-Paul,1499,886,0.591,34.1,AUs,True,False,False
97415000AB0687,Saint-Paul,4468,3299,0.738,32.9,AUs,True,False,False
97415000AB0618,Saint-Paul,1162,751,0.646,86.6,AUc,True,False,False
97415000AC0197,Saint-Paul,2245,1288,0.574,37.2,U,True,False,False
97415000AC0003,Saint-Paul,3629,1760,0.485,14.4,U,False,False,False
97415000AC0061,Saint-Paul,2061,1559,0.757,35.3,A,True,True,False
97415000AC0024,Saint-Paul,2551,1807,0.708,95.6,A,True,True,False
97415000AD0043,Saint-Paul,4760,1753,0.368,71.3,U,False,False,False
97415000AD0253,Saint-Paul,1611,1028,0.638,67.1,U,True,False,False
97415000AE0109,Saint-Paul,2597,1820,0.701,52.2,A,True,True,False
97415000AE0108,Saint-Paul,2081,1440,0.692,41.4,A,True,True,False
97415000AH0189,Saint-Paul,5885,5246,0.892,134.1,U,True,False,False
97415000AH1064,Saint-Paul,4936,3677,0.745,201.2,U,True,False,False
97415000AH0108,Saint-Paul,4221,1765,0.418,66.8,U,False,False,False
97415000AH0005,Saint-Paul,3201,2149,0.671,24.1,A,True,True,False
97415000AH0350,Saint-Paul,2608,2065,0.792,114.5,A,True,True,False
97415000AH0390,Saint-Paul,3126,2248,0.719,108.1,AUc,True,False,False
97415000AH0443,Saint-Paul,2048,1336,0.652,66.9,AUc,True,False,False
97415000AH0513,Saint-Paul,2405,1757,0.731,130.1,U,True,False,False
97415000AH0355,Saint-Paul,1317,865,0.657,12.1,AUc,True,False,False
97415000AH0256,Saint-Paul,2433,1771,0.728,30.9,AUc,True,False,False
97415000AH0259,Saint-Paul,2352,1769,0.752,12.0,AUc,True,False,False
97415000AH0282,Saint-Paul,5926,5073,0.856,21.2,AUc,True,False,False
97415000AH0312,Saint-Paul,2822,1945,0.689,194.4,AUc,True,False,False
97415000AH1122,Saint-Paul,1453,980,0.674,86.9,AUc,True,False,False
97415000AH0391,Saint-Paul,1668,1086,0.651,63.0,AUc,True,False,False
97415000AH0065,Saint-Paul,1666,1151,0.691,20.2,AUc,True,False,False
97415000AH0966,Saint-Paul,1265,860,0.680,42.1,AUc,True,False,False
97415000AH1309,Saint-Paul,2226,850,0.382,25.9,AUc,False,False,False
97415000AH0331,Saint-Paul,2965,2524,0.851,29.6,AUc,True,False,False
97415000AH0496,Saint-Paul,2336,1347,0.577,23.1,AUc,True,False,False
97415000AH0105,Saint-Paul,1821,1229,0.675,43.1,AUc,True,False,False
97415000AH0287,Saint-Paul,3156,2260,0.716,44.6,AUc,True,False,False
97415000AH0072,Saint-Paul,2478,1852,0.748,260.8,AUc,True,False,False
97415000AH0315,Saint-Paul,1742,1202,0.690,66.2,AUc,True,False,False
97415000AH0498,Saint-Paul,2251,1804,0.801,12.0,AUc,True,False,False
97415000AH0499,Saint-Paul,5454,4736,0.868,48.5,AUc,True,False,False
97415000AH0345,Saint-Paul,1984,1465,0.738,34.4,AUc,True,False,False
97415000AH0235,Saint-Paul,2519,2102,0.835,13.3,AUc,True,False,False
97415000AH0101,Saint-Paul,2234,1434,0.642,83.4,AUc,True,False,False
97415000AH0840,Saint-Paul,3955,3307,0.836,12.3,AUc,True,False,False
97415000AH0487,Saint-Paul,1782,1275,0.716,18.2,AUc,True,False,False
97415000AH0094,Saint-Paul,2518,2088,0.829,13.4,A,True,True,False
97415000AI0217,Saint-Paul,1901,1226,0.645,84.4,A,True,True,False
97415000AM0097,Saint-Paul,1620,1163,0.718,22.7,N,True,True,False
97415000AM0108,Saint-Paul,1702,1180,0.693,24.4,N,True,True,False
97415000AS1521,Saint-Paul,4530,3032,0.669,88.3,A,True,True,False
97415000AS1241,Saint-Paul,3572,2872,0.804,14.6,N,True,True,False
97415000AS1570,Saint-Paul,4943,4467,0.904,176.7,A,True,True,False
97415000AS0448,Saint-Paul,5545,4885,0.881,12.1,N,True,True,False
97415000AS0505,Saint-Paul,4603,3996,0.868,51.8,A,True,True,False
97415000AS0774,Saint-Paul,3791,3136,0.827,71.2,A,True,True,False
97415000AS1794,Saint-Paul,4945,4213,0.852,35.0,A,True,True,False
97415000AS0370,Saint-Paul,5778,4521,0.783,20.2,A,True,True,False
97415000AS0328,Saint-Paul,3450,2888,0.837,43.6,U,True,False,False
97415000AS1692,Saint-Paul,3461,2966,0.857,57.5,A,True,True,False
97415000AS0374,Saint-Paul,3688,2993,0.812,39.4,A,True,True,False
97415000AS0469,Saint-Paul,4043,3487,0.863,25.7,N,True,True,False
97415000AS0419,Saint-Paul,2313,1687,0.729,13.9,A,True,True,False
97415000AS0427,Saint-Paul,4823,3833,0.795,36.5,A,True,True,False
97415000AS0970,Saint-Paul,2318,1693,0.730,83.2,A,True,True,False
97415000AS0553,Saint-Paul,4855,4363,0.899,12.6,A,True,True,False
97415000AS0968,Saint-Paul,1683,1283,0.762,22.1,A,True,True,False
97415000AS0581,Saint-Paul,1803,1094,0.607,66.6,A,True,True,False
97415000AS0291,Saint-Paul,1717,1218,0.710,76.7,A,True,True,False
97415000AS0383,Saint-Paul,5300,4764,0.899,21.4,U,True,False,False
97415000AS0489,Saint-Paul,2018,1508,0.747,118.9,A,True,True,False
97415000AS0250,Saint-Paul,1874,1437,0.767,46.5,A,True,True,False
97415000AS0881,Saint-Paul,1415,948,0.670,17.2,U,True,False,False
97415000AS0501,Saint-Paul,2580,1550,0.601,26.1,U,True,False,False
97415000AS0568,Saint-Paul,1312,818,0.624,36.5,A,True,True,False
97415000AS1229,Saint-Paul,1755,1264,0.721,56.2,U,True,False,False
97415000AS1240,Saint-Paul,1249,762,0.610,20.0,U,True,False,False
97415000AS0136,Saint-Paul,2111,1464,0.693,21.7,U,True,False,False
97415000AS0135,Saint-Paul,3831,2611,0.682,49.6,U,True,False,False
97415000AS0339,Saint-Paul,1760,1258,0.714,148.6,U,True,False,False
97415000AS1753,Saint-Paul,1628,1214,0.745,34.8,N,True,True,False
97415000AS0833,Saint-Paul,2267,1478,0.652,20.6,U,True,False,False
97415000AS0132,Saint-Paul,1961,1523,0.777,13.2,U,True,False,False
97415000AS0904,Saint-Paul,4504,3651,0.811,88.7,U,True,False,False
97415000AS1210,Saint-Paul,2157,1509,0.700,17.2,U,True,False,False
97415000AT0243,Saint-Paul,4043,3288,0.813,34.4,N,True,True,False
97415000AT0611,Saint-Paul,2829,1709,0.604,72.9,U,True,False,False
97415000AT0565,Saint-Paul,2912,2477,0.851,128.3,A,True,True,False
97415000AT0102,Saint-Paul,1800,1048,0.582,232.4,U,True,False,False
97415000AT0354,Saint-Paul,4818,3734,0.775,67.0,U,True,False,False
97415000AT0355,Saint-Paul,4777,3756,0.786,122.4,U,True,False,False
97415000AT0137,Saint-Paul,1842,919,0.499,66.9,U,False,False,False
97415000AT0203,Saint-Paul,2270,1596,0.703,63.8,U,True,False,False
97415000AT0099,Saint-Paul,2076,1572,0.757,17.6,U,True,False,False
97415000AT0150,Saint-Paul,1420,1011,0.712,109.4,U,True,False,False
97415000AT0004,Saint-Paul,2108,1554,0.737,34.2,U,True,False,False
97415000AV0164,Saint-Paul,4772,2720,0.570,189.6,U,True,False,False
97415000AV0104,Saint-Paul,3201,2553,0.797,172.5,U,True,False,False
97415000AV0005,Saint-Paul,5666,3707,0.654,32.3,N,True,True,False
97415000AV0780,Saint-Paul,2462,1845,0.749,63.0,U,True,False,False
97415000AV0291,Saint-Paul,2524,1655,0.656,36.6,U,True,False,False
97415000AV0442,Saint-Paul,1645,1199,0.729,51.0,U,True,False,False
97415000AV0285,Saint-Paul,2563,2139,0.835,21.2,U,True,False,False
97415000AV0538,Saint-Paul,1777,1169,0.658,73.4,U,True,False,False
97415000AV0774,Saint-Paul,1974,1412,0.715,142.0,U,True,False,False
97415000AV0473,Saint-Paul,2013,1410,0.700,30.9,U,True,False,False
97415000AV0139,Saint-Paul,3135,2405,0.767,31.2,U,True,False,False
97415000AV0970,Saint-Paul,1979,1369,0.692,39.6,U,True,False,False
97415000AV0009,Saint-Paul,2357,1628,0.691,12.6,N,True,True,False
97415000AV0038,Saint-Paul,3192,2455,0.769,81.4,N,True,True,False
97415000AV0766,Saint-Paul,1073,664,0.619,27.9,N,True,True,False
97415000AV0010,Saint-Paul,4033,2632,0.652,55.8,U,True,False,False
97415000AV0006,Saint-Paul,1970,1510,0.766,48.0,U,True,False,False
97415000AV0698,Saint-Paul,2603,2173,0.835,152.9,A,True,True,False
97415000AW0187,Saint-Paul,5747,3486,0.607,100.9,U,True,False,False
97415000AW0391,Saint-Paul,2190,1412,0.645,35.0,U,True,False,False
97415000AW1982,Saint-Paul,1854,1394,0.752,14.8,U,True,False,False
97415000AW0712,Saint-Paul,1817,1139,0.626,83.6,U,True,False,False
97415000AW0895,Saint-Paul,1565,817,0.522,60.5,U,True,False,False
97415000AW2157,Saint-Paul,1848,1183,0.640,94.3,U,True,False,False
97415000AW1441,Saint-Paul,2776,1827,0.658,102.6,U,True,False,False
97415000AW2138,Saint-Paul,4939,4080,0.826,85.8,U,True,False,False
97415000AW2160,Saint-Paul,1433,984,0.687,45.5,U,True,False,False
97415000AW1735,Saint-Paul,1741,1119,0.643,45.4,U,True,False,False
97415000AW0327,Saint-Paul,1974,1146,0.580,25.5,U,True,False,False
97415000AW1532,Saint-Paul,1790,548,0.306,25.5,U,False,False,False
97415000AW1233,Saint-Paul,2299,1759,0.765,32.4,U,True,False,False
97415000AW0875,Saint-Paul,4528,3848,0.850,45.9,U,True,False,False
97415000AW0324,Saint-Paul,1666,980,0.588,13.3,U,True,False,False
97415000AW0569,Saint-Paul,2654,2161,0.814,49.7,U,True,False,False
97415000AW0299,Saint-Paul,2501,1916,0.766,163.8,U,True,False,False
97415000AW1159,Saint-Paul,1088,645,0.593,50.7,U,True,False,False
97415000AW1103,Saint-Paul,2708,1736,0.641,47.2,U,True,False,False
97415000AW1503,Saint-Paul,3889,2381,0.612,40.1,U,True,False,False
97415000AW1093,Saint-Paul,4110,3306,0.805,72.2,N,True,True,False
97415000AW1316,Saint-Paul,1238,806,0.651,44.9,U,True,False,False
97415000AW0741,Saint-Paul,3743,3135,0.838,97.2,U,True,False,False
97415000AW1880,Saint-Paul,2554,1764,0.691,165.0,U,True,False,False
97415000AW1886,Saint-Paul,1792,1313,0.733,15.2,U,True,False,False
97415000AW1359,Saint-Paul,2352,1823,0.775,16.3,U,True,False,False
97415000AW0151,Saint-Paul,2238,1527,0.682,54.2,U,True,False,False
97415000AX0116,Saint-Paul,3104,2447,0.789,33.0,U,True,False,False
97415000AX0745,Saint-Paul,4185,2100,0.502,23.8,U,True,False,False
97415000AX1059,Saint-Paul,3238,2609,0.806,99.3,U,True,False,False
97415000AX1050,Saint-Paul,2655,1804,0.680,83.8,U,True,False,False
97415000AX0588,Saint-Paul,1641,1156,0.705,56.0,U,True,False,False
97415000AY0047,Saint-Paul,3782,2836,0.750,93.0,U,True,False,False
97415000AY1066,Saint-Paul,3136,2703,0.862,123.9,U,True,False,False
97415000AY0790,Saint-Paul,1249,773,0.619,29.2,N,True,True,False
97415000AY1082,Saint-Paul,2831,2297,0.811,156.7,N,True,True,False
97415000AY0059,Saint-Paul,3149,2120,0.673,58.9,U,True,False,False
97415000AY0062,Saint-Paul,2903,2184,0.752,64.7,U,True,False,False
97415000AY1148,Saint-Paul,2574,1744,0.678,37.3,U,True,False,False
97415000AY0005,Saint-Paul,3134,2722,0.869,26.4,U,True,False,False
97415000AY0636,Saint-Paul,5478,3914,0.715,43.7,U,True,False,False
97415000AY0027,Saint-Paul,3706,1881,0.508,12.2,U,True,False,False
97415000AY0699,Saint-Paul,2410,1595,0.662,29.7,U,True,False,False
97415000AY1203,Saint-Paul,1585,1080,0.682,13.9,U,True,False,False
97415000AZ0418,Saint-Paul,2875,2459,0.855,44.1,U,True,False,False
97415000AZ0147,Saint-Paul,3332,2910,0.873,163.7,A,True,True,False
97415000AZ0363,Saint-Paul,4164,2878,0.691,27.5,N,True,True,False
97415000AZ0362,Saint-Paul,4067,3285,0.808,111.9,A,True,True,False
97415000AZ1117,Saint-Paul,3976,3036,0.764,36.6,N,True,True,False
97415000AZ0441,Saint-Paul,2088,1614,0.773,12.0,U,True,False,False
97415000AZ0440,Saint-Paul,2697,1961,0.727,12.5,U,True,False,False
97415000AZ0634,Saint-Paul,3202,2445,0.764,243.4,U,True,False,False
97415000AZ0678,Saint-Paul,1524,1044,0.685,105.0,U,True,False,False
97415000AZ0617,Saint-Paul,2742,2312,0.843,56.2,A,True,True,False
97415000AZ1342,Saint-Paul,2942,2090,0.710,151.8,U,True,False,False
97415000AZ0463,Saint-Paul,1758,1199,0.682,13.3,U,True,False,False
97415000AZ0724,Saint-Paul,1957,1498,0.765,58.3,U,True,False,False
97415000AZ0616,Saint-Paul,2845,2249,0.790,52.3,A,True,True,False
97415000AZ0312,Saint-Paul,2669,2031,0.761,55.5,U,True,False,False
97415000AZ1372,Saint-Paul,1179,741,0.628,28.2,U,True,False,False
97415000AZ0196,Saint-Paul,3022,2443,0.808,43.3,U,True,False,False
97415000AZ1226,Saint-Paul,3799,3363,0.885,92.5,U,True,False,False
97415000AZ1233,Saint-Paul,1187,736,0.620,69.9,U,True,False,False
97415000AZ0693,Saint-Paul,2604,2110,0.810,20.2,U,True,False,False
97415000AZ0694,Saint-Paul,2334,1890,0.810,42.8,N,True,True,False
97415000AZ0224,Saint-Paul,4493,3850,0.857,18.2,U,True,False,False
97415000AZ0297,Saint-Paul,1554,992,0.639,98.8,U,True,False,False
97415000AZ1242,Saint-Paul,1447,917,0.634,67.1,U,True,False,False
97415000AZ0113,Saint-Paul,2365,1698,0.718,16.0,U,True,False,False
97415000AZ0257,Saint-Paul,5053,4032,0.798,105.9,N,True,True,False
97415000AZ0258,Saint-Paul,2534,2040,0.805,86.2,N,True,True,False
97415000AZ0517,Saint-Paul,5152,4005,0.777,80.8,N,True,True,False
97415000AZ0828,Saint-Paul,3942,3467,0.879,53.3,U,True,False,False
97415000AZ0230,Saint-Paul,2270,1607,0.708,35.9,U,True,False,False
97415000AZ1127,Saint-Paul,2176,1538,0.707,97.1,U,True,False,False
97415000AZ0607,Saint-Paul,2905,1753,0.603,70.6,U,True,False,False
97415000AZ1745,Saint-Paul,2374,1935,0.815,25.8,U,True,False,False
97415000AZ0040,Saint-Paul,2454,1448,0.590,92.9,U,True,False,False
97415000AZ0245,Saint-Paul,3650,2639,0.723,60.5,U,True,False,False
97415000AZ0053,Saint-Paul,1954,1404,0.719,255.3,U,True,False,False
97415000AZ0032,Saint-Paul,1919,1338,0.697,112.1,U,True,False,False
97415000AZ0433,Saint-Paul,3253,2634,0.810,105.3,U,True,False,False
97415000AZ1990,Saint-Paul,1842,1206,0.655,27.1,U,True,False,False
97415000AZ1740,Saint-Paul,1391,967,0.695,46.0,U,True,False,False
97415000AZ1034,Saint-Paul,1803,1324,0.734,83.8,U,True,False,False
97415000BC0082,Saint-Paul,4153,2822,0.680,113.3,N,True,True,False
97415000BC0116,Saint-Paul,3855,2507,0.650,15.1,N,True,True,False
97415000BC0026,Saint-Paul,4656,1868,0.401,16.7,N,False,True,False
97415000BC0452,Saint-Paul,2751,1133,0.412,13.0,U,False,False,False
97415000BC0079,Saint-Paul,3857,3062,0.794,13.8,N,True,True,False
97415000BC0090,Saint-Paul,2451,1460,0.595,30.8,U,True,False,False
97415000BC0067,Saint-Paul,2050,955,0.466,61.4,U,False,False,False
97415000BC0038,Saint-Paul,2447,975,0.398,12.2,U,False,False,False
97415000BC0110,Saint-Paul,3495,2405,0.688,26.9,N,True,True,False
97415000BC0440,Saint-Paul,1694,984,0.581,28.3,U,True,False,False
97415000BC0266,Saint-Paul,3063,2172,0.709,17.5,N,True,True,False
97415000BH0174,Saint-Paul,3934,3201,0.814,12.0,U,True,False,False
97415000BI0038,Saint-Paul,4061,2472,0.609,16.0,U,True,False,False
97415000BI0503,Saint-Paul,5429,1858,0.342,15.4,U,False,False,False
97415000BV0867,Saint-Paul,2005,1230,0.613,51.1,U,True,False,False
97415000BV1295,Saint-Paul,2236,1784,0.798,31.8,U,True,False,False
97415000BV1430,Saint-Paul,3036,2196,0.723,17.6,AUc,True,False,False
97415000BV1445,Saint-Paul,5132,3145,0.613,25.6,U,True,False,False
97415000BV0238,Saint-Paul,1923,1249,0.649,20.8,N,True,True,False
97415000BV0243,Saint-Paul,5494,4180,0.761,59.3,U,True,False,False
97415000BW0091,Saint-Paul,1226,766,0.625,17.6,U,True,False,False
97415000BW0398,Saint-Paul,3474,2458,0.708,79.2,U,True,False,False
97415000BW0094,Saint-Paul,5964,4479,0.751,60.3,U,True,False,False
97415000BW0119,Saint-Paul,2258,996,0.441,24.4,U,False,False,False
97415000BW0356,Saint-Paul,2030,1170,0.576,27.1,N,True,True,False
97415000BW2058,Saint-Paul,1879,1275,0.679,25.8,U,True,False,False
97415000BW0290,Saint-Paul,1914,1405,0.734,98.8,U,True,False,False
97415000BW0261,Saint-Paul,3324,2430,0.731,45.4,U,True,False,False
97415000BW0826,Saint-Paul,4922,1486,0.302,16.8,U,False,False,False
97415000BW0534,Saint-Paul,2384,1904,0.799,17.5,U,True,False,False
97415000BW1425,Saint-Paul,2379,1769,0.744,19.7,U,True,False,False
97415000BW0638,Saint-Paul,2190,1628,0.743,75.7,U,True,False,False
97415000BW1207,Saint-Paul,1093,539,0.493,19.4,U,False,False,False
97415000BW0891,Saint-Paul,1925,1478,0.768,15.6,N,True,True,False
97415000BW0892,Saint-Paul,2784,2039,0.733,59.9,N,True,True,False
97415000BW0211,Saint-Paul,3630,2521,0.695,19.3,U,True,False,False
97415000BW0886,Saint-Paul,1320,914,0.692,44.2,U,True,False,False
97415000BW0983,Saint-Paul,1849,1325,0.717,49.0,U,True,False,False
97415000BW2102,Saint-Paul,4959,3971,0.801,19.4,U,True,False,False
97415000BW2080,Saint-Paul,1630,1031,0.633,33.1,U,True,False,False
97415000BW0643,Saint-Paul,3624,2767,0.764,37.1,U,True,False,False
97415000BW0045,Saint-Paul,4510,3515,0.779,44.0,U,True,False,False
97415000BW0076,Saint-Paul,4105,2997,0.730,134.8,U,True,False,False
97415000BW0075,Saint-Paul,3808,2085,0.547,29.9,U,True,False,False
97415000BX0149,Saint-Paul,1815,1269,0.699,43.6,U,True,False,False
97415000BX0142,Saint-Paul,2333,1722,0.738,54.7,U,True,False,False
97415000BY0143,Saint-Paul,3682,2266,0.616,343.8,A,True,True,False
97415000BY0281,Saint-Paul,4262,3739,0.877,39.9,A,True,True,False
97415000BY0280,Saint-Paul,3854,3009,0.781,68.2,A,True,True,False
97415000BY0337,Saint-Paul,3404,2605,0.765,20.5,U,True,False,False
97415000BY0107,Saint-Paul,4748,2839,0.598,209.2,U,True,False,False
97415000BY0434,Saint-Paul,1038,568,0.547,73.3,U,True,False,False
97415000BY0410,Saint-Paul,1906,1181,0.620,112.7,U,True,False,False
97415000BY0182,Saint-Paul,3746,2780,0.742,17.3,A,True,True,False
97415000BY0196,Saint-Paul,1363,892,0.655,16.7,U,True,False,False
97415000BY0501,Saint-Paul,3170,2677,0.845,63.4,A,True,True,False
97415000BY0261,Saint-Paul,2436,1696,0.696,31.1,N,True,True,False
97415000BY0004,Saint-Paul,3266,1944,0.595,54.0,U,True,False,False
97415000BZ0601,Saint-Paul,3154,2618,0.830,13.0,A,True,True,False
97415000BZ0728,Saint-Paul,4237,3581,0.845,14.7,A,True,True,False
97415000BZ0246,Saint-Paul,5090,4346,0.854,98.9,U,True,False,False
97415000BZ0254,Saint-Paul,5914,4500,0.761,96.5,A,True,True,False
97415000BZ0071,Saint-Paul,3312,2870,0.867,34.5,A,True,True,False
97415000BZ0470,Saint-Paul,2493,2033,0.815,68.7,A,True,True,False
97415000BZ0424,Saint-Paul,2885,2174,0.754,23.2,A,True,True,False
97415000BZ0729,Saint-Paul,5141,4311,0.838,15.0,A,True,True,False
97415000BZ0781,Saint-Paul,2572,1693,0.658,143.1,A,True,True,False
97415000BZ0817,Saint-Paul,1859,1441,0.775,54.4,A,True,True,False
97415000BZ0245,Saint-Paul,2508,1791,0.714,104.4,U,True,False,False
97415000BZ0783,Saint-Paul,2541,1914,0.753,12.2,A,True,True,False
97415000BZ0520,Saint-Paul,1858,1331,0.716,62.4,A,True,True,False
97415000BZ0587,Saint-Paul,1763,1315,0.746,14.8,A,True,True,False
97415000BZ0131,Saint-Paul,3420,2097,0.613,18.3,A,True,True,False
97415000BZ1069,Saint-Paul,1746,1193,0.683,41.1,A,True,True,False
97415000BZ0472,Saint-Paul,4467,3736,0.836,77.9,A,True,True,False
97415000BZ0014,Saint-Paul,4163,3250,0.781,78.4,U,True,False,False
97415000BZ0671,Saint-Paul,2327,1870,0.803,37.1,A,True,True,False
97415000BZ1083,Saint-Paul,3371,2417,0.717,18.1,A,True,True,False
97415000BZ0657,Saint-Paul,2987,2559,0.857,109.0,U,True,False,False
97415000BZ0564,Saint-Paul,2092,1631,0.780,17.8,A,True,True,False
97415000BZ0037,Saint-Paul,1218,682,0.560,97.9,U,True,False,False
97415000CD0447,Saint-Paul,3456,2660,0.770,15.8,U,True,False,False
97415000CD0476,Saint-Paul,5294,4685,0.885,193.9,A,True,True,False
97415000CD0485,Saint-Paul,5391,3666,0.680,96.6,N,True,True,False
97415000CD0408,Saint-Paul,3728,3121,0.837,111.8,A,True,True,False
97415000CD0596,Saint-Paul,3544,3113,0.878,49.5,A,True,True,False
97415000CD0421,Saint-Paul,3399,2774,0.816,162.2,A,True,True,False
97415000CD0335,Saint-Paul,2479,1770,0.714,46.3,A,True,True,False
97415000CD0740,Saint-Paul,2162,1586,0.734,18.9,U,True,False,False
97415000CD0443,Saint-Paul,2637,2058,0.780,28.7,U,True,False,False
97415000CD0703,Saint-Paul,1713,1182,0.690,36.9,U,True,False,False
97415000CD0026,Saint-Paul,4637,4095,0.883,77.7,A,True,True,False
97415000CD0419,Saint-Paul,3415,2872,0.841,26.6,U,True,False,False
97415000CD0628,Saint-Paul,2907,2394,0.823,51.2,A,True,True,False
97415000CD0646,Saint-Paul,1806,1299,0.719,89.4,A,True,True,False
97415000CD0611,Saint-Paul,1444,956,0.662,60.7,A,True,True,False
97415000CE0073,Saint-Paul,3672,3172,0.864,66.4,A,True,True,False
97415000CE0113,Saint-Paul,3235,2441,0.754,20.7,A,True,True,False
97415000CE0149,Saint-Paul,3058,2605,0.852,307.4,A,True,True,False
97415000CE0150,Saint-Paul,2144,1555,0.725,62.6,A,True,True,False
97415000CE0151,Saint-Paul,2793,2266,0.811,64.7,A,True,True,False
97415000CE0179,Saint-Paul,2873,2360,0.821,44.4,A,True,True,False
97415000CE0184,Saint-Paul,1237,746,0.603,23.9,A,True,True,False
97415000CH0033,Saint-Paul,5722,3750,0.655,62.5,U,True,False,False
97415000CH2023,Saint-Paul,5857,4822,0.823,23.0,U,True,False,False
97415000CH2206,Saint-Paul,5500,4044,0.735,43.4,N,True,True,False
97415000CH1339,Saint-Paul,2722,2287,0.840,18.4,N,True,True,False
97415000CH1360,Saint-Paul,3300,2454,0.744,22.8,A,True,True,False
97415000CH2683,Saint-Paul,2831,2375,0.839,13.0,N,True,True,False
97415000CH2225,Saint-Paul,4455,3786,0.850,13.5,A,True,True,False
97415000CH0022,Saint-Paul,2508,1914,0.763,36.2,U,True,False,False
97415000CH2155,Saint-Paul,2055,1563,0.760,35.5,U,True,False,False
97415000CH2156,Saint-Paul,1975,1513,0.766,25.2,U,True,False,False
97415000CH1419,Saint-Paul,1794,1365,0.761,46.8,A,True,True,False
97415000CH0785,Saint-Paul,1444,978,0.677,33.2,A,True,True,False
97415000CH2009,Saint-Paul,2126,1717,0.807,78.5,A,True,True,False
97415000CH0178,Saint-Paul,1840,1307,0.710,16.4,U,True,False,False
97415000CH2012,Saint-Paul,1844,1432,0.776,61.9,A,True,True,False
97415000CH1193,Saint-Paul,2742,2118,0.772,40.8,A,True,True,False
97415000CH2014,Saint-Paul,1708,1236,0.723,47.7,A,True,True,False
97415000CH1760,Saint-Paul,3384,2404,0.710,38.0,A,True,True,False
97415000CH2163,Saint-Paul,2982,2433,0.816,57.4,A,True,True,False
97415000CH2712,Saint-Paul,2178,1183,0.543,18.9,U,True,False,False
97415000CH0746,Saint-Paul,1949,1312,0.673,30.4,U,True,False,False
97415000CH2893,Saint-Paul,1603,1098,0.685,57.9,U,True,False,False
97415000CH0220,Saint-Paul,2119,1439,0.679,38.1,U,True,False,False
97415000CH1601,Saint-Paul,1917,1429,0.745,40.3,A,True,True,False
97415000CH1600,Saint-Paul,1836,1248,0.680,21.4,U,True,False,False
97415000CH0239,Saint-Paul,1530,1020,0.667,35.6,U,True,False,False
97415000CH2106,Saint-Paul,1508,930,0.617,18.1,A,True,True,False
97415000CH1550,Saint-Paul,2326,1687,0.725,39.0,A,True,True,False
97415000CH0726,Saint-Paul,1579,1120,0.710,85.2,U,True,False,False
97415000CH1395,Saint-Paul,1870,1385,0.741,32.4,U,True,False,False
97415000CH1658,Saint-Paul,1779,1243,0.699,12.6,U,True,False,False
97415000CH1199,Saint-Paul,1833,1379,0.753,142.3,U,True,False,False
97415000CH2803,Saint-Paul,1327,893,0.673,14.4,U,True,False,False
97415000CH2203,Saint-Paul,2889,2456,0.850,12.3,A,True,True,False
97415000CH1703,Saint-Paul,1498,987,0.659,76.1,U,True,False,False
97415000CH2676,Saint-Paul,2576,1996,0.775,124.9,A,True,True,False
97415000CH1167,Saint-Paul,1883,1250,0.664,25.2,A,True,True,False
97415000CH2456,Saint-Paul,4391,3707,0.844,34.0,N,True,True,False
97415000CH1701,Saint-Paul,2289,1816,0.793,51.8,U,True,False,False
97415000CH1699,Saint-Paul,2428,1920,0.791,76.9,U,True,False,False
97415000CH3276,Saint-Paul,1519,1000,0.658,29.3,A,True,True,False
97415000CH0572,Saint-Paul,3239,2746,0.848,32.5,A,True,True,False
97415000CH0556,Saint-Paul,2887,1601,0.555,16.6,U,True,False,False
97415000CH1520,Saint-Paul,2326,1828,0.786,23.3,A,True,True,False
97415000CH0583,Saint-Paul,2297,1781,0.776,66.1,U,True,False,False
97415000CH0580,Saint-Paul,2202,1607,0.730,45.9,U,True,False,False
97415000CH3075,Saint-Paul,2726,1995,0.732,95.0,U,True,False,False
97415000CH3078,Saint-Paul,1886,1441,0.764,103.7,U,True,False,False
97415000CH0579,Saint-Paul,1337,787,0.589,72.5,U,True,False,False
97415000CH2328,Saint-Paul,2670,1987,0.744,34.4,A,True,True,False
97415000CH2327,Saint-Paul,3560,3098,0.870,24.2,A,True,True,False
97415000CH3035,Saint-Paul,1489,964,0.647,86.2,A,True,True,False
97415000CH2137,Saint-Paul,4938,4037,0.817,14.6,A,True,True,False
97415000CH1684,Saint-Paul,1834,1078,0.588,52.6,U,True,False,False
97415000CI0074,Saint-Paul,5317,2010,0.378,16.8,U,False,False,False
97415000CI0720,Saint-Paul,3757,2739,0.729,16.7,A,True,True,False
97415000CI0498,Saint-Paul,1776,1342,0.755,49.7,A,True,True,False
97415000CI0080,Saint-Paul,4066,3338,0.821,12.3,U,True,False,False
97415000CI0208,Saint-Paul,2727,1533,0.562,19.0,U,True,False,False
97415000CI0043,Saint-Paul,2828,974,0.344,23.0,N,False,True,False
97415000CI0167,Saint-Paul,2244,1660,0.740,82.7,A,True,True,False
97415000CI0051,Saint-Paul,1986,1161,0.585,37.4,U,True,False,False
97415000CI0179,Saint-Paul,3653,2979,0.815,28.4,AUc,True,False,False
97415000CI0168,Saint-Paul,2213,1476,0.667,18.5,N,True,True,False
97415000CI0307,Saint-Paul,1571,1022,0.651,44.8,U,True,False,False
97415000CI0296,Saint-Paul,2313,1293,0.559,30.6,N,True,True,False
97415000CI0828,Saint-Paul,1192,777,0.652,34.0,U,True,False,False
97415000CK0132,Saint-Paul,5564,3483,0.626,105.6,A,True,True,False
97415000CK0512,Saint-Paul,1992,1372,0.689,12.7,A,True,True,False
97415000CK0464,Saint-Paul,3327,1916,0.576,42.6,U,True,False,False
97415000CK0006,Saint-Paul,4718,2999,0.636,23.3,N,True,True,False
97415000CK0805,Saint-Paul,2691,1498,0.557,38.4,A,True,True,False
97415000CK0806,Saint-Paul,1059,589,0.557,29.3,A,True,True,False
97415000CK0059,Saint-Paul,2083,1232,0.591,24.8,A,True,True,False
97415000CK0288,Saint-Paul,2633,2054,0.780,37.9,A,True,True,False
97415000CK0048,Saint-Paul,3062,2334,0.762,24.5,A,True,True,False
97415000CK0301,Saint-Paul,1425,836,0.587,15.5,U,True,False,False
97415000CK0602,Saint-Paul,1283,799,0.623,14.1,U,True,False,False
97415000CK0039,Saint-Paul,2094,1323,0.632,14.9,U,True,False,False
97415000CK0463,Saint-Paul,3183,2189,0.688,94.7,U,True,False,False
97415000CL0091,Saint-Paul,5448,4312,0.792,102.2,A,True,True,False
97415000CL0155,Saint-Paul,5226,3210,0.614,48.3,U,True,False,False
97415000CL0303,Saint-Paul,4131,2941,0.712,26.6,A,True,True,False
97415000CL0273,Saint-Paul,5806,3919,0.675,105.9,U,True,False,False
97415000CL0906,Saint-Paul,2045,1260,0.616,41.1,U,True,False,False
97415000CL0559,Saint-Paul,3611,2942,0.815,41.2,U,True,False,False
97415000CL0243,Saint-Paul,1452,1033,0.711,35.9,U,True,False,False
97415000CL0156,Saint-Paul,1382,918,0.664,34.2,U,True,False,False
97415000CL0187,Saint-Paul,2225,1394,0.626,57.7,U,True,False,False
97415000CL0009,Saint-Paul,2396,1736,0.725,21.5,U,True,False,False
97415000CM0424,Saint-Paul,5252,3999,0.761,17.5,U,True,False,False
97415000CM0441,Saint-Paul,1628,1222,0.750,19.0,U,True,False,False
97415000CM0885,Saint-Paul,2779,1601,0.576,13.7,U,True,False,False
97415000CM1440,Saint-Paul,1545,1102,0.714,28.8,U,True,False,False
97415000CM1985,Saint-Paul,5026,2726,0.542,137.7,U,True,False,False
97415000CM2006,Saint-Paul,2012,1363,0.678,51.1,U,True,False,False
97415000CM0996,Saint-Paul,2922,2411,0.825,28.0,A,True,True,False
97415000CM0285,Saint-Paul,3167,2183,0.689,65.7,A,True,True,False
97415000CM1639,Saint-Paul,1791,1037,0.579,67.1,U,True,False,False
97415000CM0507,Saint-Paul,1004,509,0.507,20.0,U,True,False,False
97415000CM0661,Saint-Paul,3081,1889,0.613,33.2,U,True,False,False
97415000CM0143,Saint-Paul,1445,717,0.496,26.1,U,False,False,False
97415000CM0485,Saint-Paul,2598,1072,0.413,57.0,U,False,False,False
97415000CM0353,Saint-Paul,2667,1569,0.588,49.5,U,True,False,False
97415000CM0132,Saint-Paul,1443,602,0.417,39.0,U,False,False,False
97415000CM0004,Saint-Paul,2366,1560,0.659,39.0,U,True,False,False
97415000CM0005,Saint-Paul,3128,1760,0.563,43.2,N,True,True,False
97415000CN0085,Saint-Paul,4285,3026,0.706,68.4,A,True,True,False
97415000CN0292,Saint-Paul,3638,2982,0.820,27.4,N,True,True,False
97415000CN0341,Saint-Paul,1659,991,0.597,18.6,U,True,False,False
97415000CN0142,Saint-Paul,1672,1072,0.641,23.7,A,True,True,False
97415000CN0035,Saint-Paul,2501,1887,0.755,90.3,U,True,False,False
97415000CN0034,Saint-Paul,1441,940,0.652,54.9,U,True,False,False
97415000CN0298,Saint-Paul,1960,1473,0.751,50.1,U,True,False,False
97415000CN0129,Saint-Paul,2352,1552,0.660,44.3,N,True,True,False
97415000CN0495,Saint-Paul,1558,1043,0.670,14.4,A,True,True,False
97415000CO0206,Saint-Paul,1972,1102,0.559,27.2,U,True,False,False
97415000CO0457,Saint-Paul,2918,1374,0.471,41.4,U,False,False,False
97415000CP1531,Saint-Paul,1961,1436,0.732,48.0,A,True,True,False
97415000CP1220,Saint-Paul,1315,818,0.622,36.2,U,True,False,False
97415000CP0597,Saint-Paul,1735,1251,0.721,47.7,A,True,True,False
97415000CP1287,Saint-Paul,2211,1719,0.778,84.3,A,True,True,False
97415000CP1348,Saint-Paul,1627,1213,0.746,25.3,AUc,True,False,False
97415000CP0311,Saint-Paul,1855,1310,0.706,36.0,U,True,False,False
97415000CP1266,Saint-Paul,2140,1579,0.738,53.0,A,True,True,False
97415000CP1176,Saint-Paul,2137,1679,0.786,84.6,A,True,True,False
97415000CP1954,Saint-Paul,1044,624,0.598,65.2,U,True,False,False
97415000CP0238,Saint-Paul,5612,2339,0.417,39.9,U,False,False,False
97415000CP0664,Saint-Paul,2522,1752,0.695,20.4,U,True,False,False
97415000CP0699,Saint-Paul,2422,1865,0.770,14.9,U,True,False,False
97415000CP0872,Saint-Paul,1886,939,0.498,19.3,U,False,False,False
97415000CP0507,Saint-Paul,1529,935,0.611,50.1,U,True,False,False
97415000CR0390,Saint-Paul,5705,4755,0.834,84.9,A,True,True,False
97415000CR1143,Saint-Paul,4518,2736,0.606,24.1,A,True,True,False
97415000CR0417,Saint-Paul,2947,2188,0.742,27.7,U,True,False,False
97415000CR0418,Saint-Paul,2638,1860,0.705,48.0,U,True,False,False
97415000CR0223,Saint-Paul,1816,1278,0.704,30.6,U,True,False,False
97415000CR1116,Saint-Paul,1640,1181,0.720,29.0,N,True,True,False
97415000CR0506,Saint-Paul,1091,675,0.619,19.7,U,True,False,False
97415000CR0224,Saint-Paul,2347,1852,0.789,13.5,U,True,False,False
97415000CR0776,Saint-Paul,1217,601,0.494,17.8,U,False,False,False
97415000CR1184,Saint-Paul,2277,1529,0.671,49.5,U,True,False,False
97415000CR0553,Saint-Paul,2056,1609,0.782,22.1,A,True,True,False
97415000CR0895,Saint-Paul,4892,2153,0.440,98.6,U,False,False,False
97415000CR0351,Saint-Paul,1012,573,0.567,26.7,U,True,False,False
97415000CR0033,Saint-Paul,1731,837,0.483,70.1,U,False,False,False
97415000CR0034,Saint-Paul,2217,739,0.333,39.6,U,False,False,False
97415000CR0541,Saint-Paul,1949,1318,0.676,82.1,U,True,False,False
97415000CR0929,Saint-Paul,2192,1523,0.695,19.9,A,True,True,False
97415000CR0317,Saint-Paul,1805,1243,0.689,19.3,U,True,False,False
97415000CS0188,Saint-Paul,5048,3390,0.672,19.1,U,True,False,False
97415000CS0017,Saint-Paul,3815,2307,0.605,32.3,U,True,False,False
97415000CS0015,Saint-Paul,5588,2958,0.529,44.2,U,True,False,False
97415000CS0529,Saint-Paul,1862,1329,0.714,62.0,U,True,False,False
97415000CS1285,Saint-Paul,2211,1020,0.461,15.9,U,False,False,False
97415000CS0332,Saint-Paul,2993,1426,0.476,91.8,U,False,False,False
97415000CS0653,Saint-Paul,2027,1453,0.717,17.3,U,True,False,False
97415000CS0793,Saint-Paul,1948,1245,0.639,59.4,U,True,False,False
97415000CS0835,Saint-Paul,3146,1570,0.499,50.4,U,False,False,False
97415000CS0165,Saint-Paul,1598,926,0.579,34.4,U,True,False,False
97415000CS0592,Saint-Paul,1351,813,0.602,51.9,U,True,False,False
97415000CS0926,Saint-Paul,1433,945,0.660,48.3,U,True,False,False
97415000CS1175,Saint-Paul,2227,1226,0.551,90.6,U,True,False,False
97415000CT0137,Saint-Paul,5906,2145,0.363,52.2,U,False,False,False
97415000CT1899,Saint-Paul,5318,2654,0.499,51.2,U,False,False,False
97415000CT0164,Saint-Paul,3072,942,0.307,45.9,U,False,False,False
97415000CT0068,Saint-Paul,2217,1524,0.687,59.2,U,True,False,False
97415000CT2524,Saint-Paul,1864,1347,0.722,35.3,U,True,False,False
97415000CT1304,Saint-Paul,1596,1008,0.632,26.8,U,True,False,False
97415000CT2886,Saint-Paul,1530,1038,0.678,45.2,AUc,True,False,False
97415000CT3122,Saint-Paul,3847,1846,0.480,46.4,U,False,False,False
97415000CV0867,Saint-Paul,5947,2363,0.397,102.0,U,False,False,False
97415000CV1157,Saint-Paul,4151,1876,0.452,111.3,U,False,False,False
97415000CV0423,Saint-Paul,1726,857,0.496,31.0,U,False,False,False
97415000CV0169,Saint-Paul,3680,2723,0.740,27.6,U,True,False,False
97415000CV0189,Saint-Paul,1554,1143,0.735,39.9,U,True,False,False
97415000CW0261,Saint-Paul,1469,972,0.662,25.1,U,True,False,False
97415000CW0060,Saint-Paul,1698,1029,0.606,55.5,U,True,False,False
97415000CW0063,Saint-Paul,3809,2487,0.653,21.7,U,True,False,False
97415000CX0550,Saint-Paul,4758,3399,0.714,68.4,U,True,False,False
97415000CX0634,Saint-Paul,3763,2844,0.756,39.2,U,True,False,False
97415000CX1216,Saint-Paul,2052,1552,0.756,21.2,A,True,True,False
97415000CX1565,Saint-Paul,2217,1764,0.796,35.9,A,True,True,False
97415000CX0945,Saint-Paul,3043,2508,0.824,18.7,A,True,True,False
97415000CX0704,Saint-Paul,1578,1092,0.692,18.5,A,True,True,False
97415000CX1228,Saint-Paul,2685,1497,0.558,30.0,A,True,True,False
97415000CX0464,Saint-Paul,3384,2226,0.658,65.0,U,True,False,False
97415000CX0807,Saint-Paul,4853,2641,0.544,31.7,N,True,True,False
97415000CX0528,Saint-Paul,1908,1092,0.572,30.1,U,True,False,False
97415000CX0530,Saint-Paul,3638,2786,0.766,72.0,U,True,False,False
97415000CX0524,Saint-Paul,4786,2639,0.551,22.1,U,True,False,False
97415000CX0521,Saint-Paul,1860,1035,0.556,18.2,U,True,False,False
97415000CX0385,Saint-Paul,2213,1497,0.676,36.7,U,True,False,False
97415000CY0982,Saint-Paul,3891,2749,0.706,41.9,U,True,False,False
97415000CY0762,Saint-Paul,3407,2650,0.778,18.6,U,True,False,False
97415000CY0850,Saint-Paul,1423,817,0.574,12.7,U,True,False,False
97415000CY0180,Saint-Paul,2513,1223,0.487,31.7,U,False,False,False
97415000CY0652,Saint-Paul,3813,2709,0.711,84.1,U,True,False,False
97415000CY1198,Saint-Paul,2708,1821,0.672,66.2,U,True,False,False
97415000CY0487,Saint-Paul,2387,1877,0.786,29.2,U,True,False,False
97415000CY0480,Saint-Paul,1535,1125,0.733,38.2,U,True,False,False
97415000CY0477,Saint-Paul,1619,1156,0.714,23.1,U,True,False,False
97415000CY0848,Saint-Paul,2553,1933,0.757,36.9,U,True,False,False
97415000CY0846,Saint-Paul,2810,2154,0.766,35.5,U,True,False,False
97415000CZ1007,Saint-Paul,5967,3316,0.556,30.4,U,True,False,False
97415000CZ0061,Saint-Paul,2174,1725,0.794,12.8,U,True,False,False
97415000CZ0752,Saint-Paul,2725,1053,0.387,60.7,U,False,False,False
97415000CZ0120,Saint-Paul,1264,594,0.470,37.9,U,False,False,False
97415000CZ1301,Saint-Paul,3211,801,0.250,31.7,U,False,False,False
97415000CZ0446,Saint-Paul,1638,873,0.533,21.9,U,True,False,False
97415000CZ1468,Saint-Paul,1815,1268,0.698,94.5,U,True,False,False
97415000CZ0085,Saint-Paul,2245,1006,0.448,35.2,U,False,False,False
97415000CZ0077,Saint-Paul,3025,1668,0.551,54.8,U,True,False,False
97415000DE0102,Saint-Paul,5478,3517,0.642,49.3,U,True,False,False
97415000DE0021,Saint-Paul,3200,2027,0.634,31.0,N,True,True,False
97415000DE1207,Saint-Paul,5613,2886,0.514,52.3,U,True,False,False
97415000DE0521,Saint-Paul,3923,3187,0.813,29.2,U,True,False,False
97415000DH0258,Saint-Paul,5888,2760,0.469,17.4,U,False,False,False
97415000DH0313,Saint-Paul,4362,2403,0.551,20.1,U,True,False,False
97415000DH0142,Saint-Paul,3000,1410,0.470,56.6,U,False,False,False
97415000DH0188,Saint-Paul,3675,1447,0.394,128.5,U,False,False,False
97415000DI0657,Saint-Paul,5327,3187,0.598,55.6,U,True,False,False
97415000DI0311,Saint-Paul,5040,3886,0.771,40.0,U,True,False,False
97415000DI0412,Saint-Paul,1206,626,0.519,45.5,U,True,False,False
97415000DI0113,Saint-Paul,1210,725,0.599,55.0,U,True,False,False
97415000DI0045,Saint-Paul,1134,710,0.626,18.3,U,True,False,False
97415000DK0916,Saint-Paul,2840,1824,0.642,38.8,U,True,False,False
97415000DK0881,Saint-Paul,1058,628,0.593,14.8,U,True,False,False
97415000DL0076,Saint-Paul,1951,1277,0.655,36.4,N,True,True,False
97415000DM1573,Saint-Paul,2811,982,0.349,47.2,U,False,False,False
97415000DM0684,Saint-Paul,2886,2215,0.768,29.1,U,True,False,False
97415000DM0689,Saint-Paul,2039,1373,0.673,38.6,U,True,False,False
97415000DM0681,Saint-Paul,2094,1537,0.734,57.4,U,True,False,False
97415000DM0395,Saint-Paul,2180,1578,0.724,13.6,U,True,False,False
97415000DM0347,Saint-Paul,3100,1717,0.554,22.1,U,True,False,False
97415000DM0027,Saint-Paul,1416,893,0.631,49.2,U,True,False,False
97415000DM0528,Saint-Paul,1967,1025,0.521,19.5,U,True,False,False
97415000DN0191,Saint-Paul,2246,1623,0.723,77.2,U,True,False,False
97415000DN0527,Saint-Paul,1392,857,0.615,13.1,U,True,False,False
97415000DO0032,Saint-Paul,3685,2829,0.768,123.0,A,True,True,False
97415000DO0174,Saint-Paul,1144,742,0.649,16.4,U,True,False,False
97415000DP0186,Saint-Paul,4482,3397,0.758,39.5,U,True,False,False
97415000DP0185,Saint-Paul,1729,939,0.543,31.1,U,True,False,False
97415000DP0101,Saint-Paul,1225,726,0.593,40.9,U,True,False,False
97415000DP0069,Saint-Paul,2484,1785,0.719,33.7,U,True,False,False
97415000DP0405,Saint-Paul,1943,1358,0.699,72.2,U,True,False,False
97415000DP0054,Saint-Paul,3620,2011,0.555,25.9,U,True,False,False
97415000DP0459,Saint-Paul,1526,871,0.571,12.4,U,True,False,False
97415000DP0226,Saint-Paul,5178,3737,0.722,30.6,U,True,False,False
97415000DP0450,Saint-Paul,1683,1194,0.709,26.2,U,True,False,False
97415000DP0571,Saint-Paul,1127,679,0.602,37.5,U,True,False,False
97415000DP0139,Saint-Paul,3078,2073,0.674,55.4,U,True,False,False
97415000DP0134,Saint-Paul,2132,1396,0.655,36.5,U,True,False,False
97415000DP0220,Saint-Paul,2032,1570,0.773,33.6,N,True,True,False
97415000DR0500,Saint-Paul,2085,1441,0.691,15.3,U,True,False,False
97415000DR0703,Saint-Paul,1580,804,0.509,40.2,U,True,False,False
97415000DR1082,Saint-Paul,3754,2882,0.768,41.1,U,True,False,False
97415000DR0442,Saint-Paul,2789,2277,0.817,16.3,N,True,True,False
97415000DR0835,Saint-Paul,1901,1400,0.736,18.6,A,True,True,False
97415000DR1087,Saint-Paul,2439,1936,0.794,82.5,A,True,True,False
97415000DS0280,Saint-Paul,2263,1391,0.614,17.0,U,True,False,False
97415000DS0617,Saint-Paul,2282,1850,0.811,52.0,U,True,False,False
97415000DS0541,Saint-Paul,1571,964,0.614,19.6,U,True,False,False
97415000DS0371,Saint-Paul,2706,2177,0.804,43.3,A,True,True,False
97415000DS0230,Saint-Paul,2043,1444,0.707,28.6,A,True,True,False
97415000DT0624,Saint-Paul,4642,2873,0.619,18.7,A,True,True,False
97415000DT0210,Saint-Paul,4010,1941,0.484,60.7,A,False,True,False
97415000DT0014,Saint-Paul,2390,1833,0.767,28.6,U,True,False,False
97415000DT0622,Saint-Paul,2730,1593,0.583,21.5,A,True,True,False
97415000DT0250,Saint-Paul,4515,2288,0.507,69.2,U,True,False,False
97415000DT0233,Saint-Paul,1966,1384,0.704,21.5,U,True,False,False
97415000DT0242,Saint-Paul,1785,1356,0.759,31.0,U,True,False,False
97415000DT0229,Saint-Paul,3449,2257,0.654,22.5,U,True,False,False
97415000DT0740,Saint-Paul,1521,682,0.448,16.7,U,False,False,False
97415000DT0304,Saint-Paul,2039,1609,0.789,49.2,U,True,False,False
97415000DT0307,Saint-Paul,5694,3482,0.612,97.1,U,True,False,False
97415000DT0730,Saint-Paul,5143,4096,0.796,25.5,U,True,False,False
97415000DT1151,Saint-Paul,2895,2095,0.723,31.0,U,True,False,False
97415000DT0033,Saint-Paul,1456,1051,0.722,27.5,U,True,False,False
97415000DV0139,Saint-Paul,4436,3344,0.754,60.9,N,True,True,False
97415000DV0118,Saint-Paul,2854,2069,0.725,29.0,U,True,False,False
97415000DV0504,Saint-Paul,2301,1668,0.725,26.6,N,True,True,False
97415000DV0112,Saint-Paul,4767,3087,0.648,16.5,U,True,False,False
97415000DV0290,Saint-Paul,2949,2266,0.768,41.5,A,True,True,False
97415000DV0389,Saint-Paul,2084,1496,0.718,20.7,U,True,False,False
97415000DV0015,Saint-Paul,1346,676,0.502,20.9,U,True,False,False
97415000DW0023,Saint-Paul,5950,4299,0.723,68.0,U,True,False,False
97415000DW0015,Saint-Paul,5273,1790,0.339,33.8,A,False,True,False
97415000DW0154,Saint-Paul,2448,1532,0.626,68.5,A,True,True,False
97415000DW0142,Saint-Paul,1330,867,0.651,31.7,A,True,True,False
97415000DW0156,Saint-Paul,1279,787,0.616,14.3,A,True,True,False
97415000DY0096,Saint-Paul,2816,2176,0.773,53.4,A,True,True,False
97415000EH0042,Saint-Paul,5058,805,0.159,25.4,U,False,False,False
97415000EH0016,Saint-Paul,5104,4251,0.833,123.6,A,True,True,False
97415000EI0031,Saint-Paul,5443,3147,0.578,12.6,A,True,True,False
97415000EI0103,Saint-Paul,1448,762,0.526,27.1,U,True,False,False
97415000EI0109,Saint-Paul,2336,1611,0.690,21.3,U,True,False,False
97415000EI0156,Saint-Paul,1524,1112,0.730,67.2,A,True,True,False
97415000EI0158,Saint-Paul,3528,3005,0.852,37.0,A,True,True,False
97415000EK0095,Saint-Paul,3405,2256,0.663,44.4,U,True,False,False
97415000EK0090,Saint-Paul,4418,1723,0.390,35.5,U,False,False,False
97415000EK0524,Saint-Paul,5264,4577,0.870,88.2,A,True,True,False
97415000EK0196,Saint-Paul,2612,1472,0.563,58.6,U,True,False,False
97415000EK0106,Saint-Paul,1935,1149,0.594,69.4,N,True,True,False
97415000EK0104,Saint-Paul,2248,1598,0.711,55.7,U,True,False,False
97415000EK0103,Saint-Paul,1445,874,0.604,27.5,U,True,False,False
97415000EK0153,Saint-Paul,3249,2837,0.873,36.6,N,True,True,False
97415000EK0530,Saint-Paul,2568,1812,0.706,76.3,A,True,True,False
97415000EK0224,Saint-Paul,2722,1608,0.591,15.1,U,True,False,False
97415000EK0570,Saint-Paul,3500,2881,0.823,47.7,N,True,True,False
97415000EK0009,Saint-Paul,3396,1781,0.524,44.2,U,True,False,False
97415000EL0393,Saint-Paul,1814,1369,0.755,78.1,A,True,True,False
97415000EL0099,Saint-Paul,2359,1943,0.824,43.2,U,True,False,False
97415000EL0095,Saint-Paul,2262,1048,0.463,113.7,A,False,True,False
97415000EL0287,Saint-Paul,1453,995,0.685,103.0,A,True,True,False
97415000EM0019,Saint-Paul,3378,1279,0.379,25.7,U,False,False,False
97415000EM0334,Saint-Paul,2796,2196,0.785,44.0,A,True,True,False
97415000EM0087,Saint-Paul,2877,2163,0.752,21.6,A,True,True,False
97415000EM0008,Saint-Paul,1653,1227,0.742,38.8,U,True,False,False
97415000EM0010,Saint-Paul,1293,863,0.667,25.5,U,True,False,False
97415000EM0015,Saint-Paul,3378,1852,0.548,52.0,U,True,False,False
97415000EM0231,Saint-Paul,1545,1124,0.727,19.8,U,True,False,False
97415000EM0017,Saint-Paul,5800,3814,0.658,63.0,U,True,False,False
97415000EN0159,Saint-Paul,5239,3710,0.708,35.5,A,True,True,False
97415000EN0263,Saint-Paul,2365,1850,0.782,34.2,A,True,True,False
97415000EO1106,Saint-Paul,5300,4416,0.833,74.5,A,True,True,False
97415000EO1107,Saint-Paul,3102,2284,0.736,93.8,U,True,False,False
97415000EO0981,Saint-Paul,1689,1174,0.695,16.7,U,True,False,False
97415000EO0738,Saint-Paul,1905,1292,0.678,59.7,U,True,False,False
97415000EO1082,Saint-Paul,1433,903,0.630,43.6,U,True,False,False
97415000EO0261,Saint-Paul,1787,1199,0.671,44.4,U,True,False,False
97415000EO0004,Saint-Paul,1199,603,0.503,18.0,U,True,False,False
97415000EP0267,Saint-Paul,5046,2219,0.440,19.0,N,False,True,False
97415000EP0951,Saint-Paul,5931,3750,0.632,31.0,U,True,False,False
97415000EP0504,Saint-Paul,1545,842,0.545,12.6,U,True,False,False
97415000EP0251,Saint-Paul,1577,1079,0.684,19.3,U,True,False,False
97415000ER1637,Saint-Paul,5053,4465,0.884,124.0,A,True,True,False
97415000ER0267,Saint-Paul,2435,1880,0.772,37.5,A,True,True,False
97415000ER1638,Saint-Paul,1680,969,0.577,64.9,A,True,True,False
97415000ER0179,Saint-Paul,2309,1463,0.634,55.8,U,True,False,False
97415000ER0887,Saint-Paul,1450,881,0.608,14.3,U,True,False,False
97415000ER1243,Saint-Paul,1365,701,0.514,54.3,A,True,True,False
97415000ER0792,Saint-Paul,1644,1221,0.743,31.3,A,True,True,False
97415000ER0278,Saint-Paul,1166,750,0.643,14.5,U,True,False,False
97415000ER0455,Saint-Paul,2028,1571,0.775,34.4,U,True,False,False
97415000ER1206,Saint-Paul,1878,1325,0.706,31.2,A,True,True,False
97415000ER0816,Saint-Paul,2922,1197,0.410,30.6,U,False,False,False
97415000ER1238,Saint-Paul,2360,1924,0.815,12.9,U,True,False,False
97415000ES0068,Saint-Paul,5912,5210,0.881,15.4,A,True,True,False
97415000ES0233,Saint-Paul,1248,595,0.477,50.8,U,False,False,False
97415000ES0220,Saint-Paul,1651,1142,0.692,84.3,U,True,False,False
97415000ES0180,Saint-Paul,3003,1957,0.652,19.2,U,True,False,False
97415000ES0274,Saint-Paul,4363,2710,0.621,117.9,U,True,False,False
97415000ES0255,Saint-Paul,1412,600,0.425,71.1,U,False,False,False
97415000ES0134,Saint-Paul,2283,1421,0.623,104.2,U,True,False,False
97415000ES0453,Saint-Paul,1676,1146,0.684,55.8,U,True,False,False
97415000ET1300,Saint-Paul,5199,4075,0.784,50.4,A,True,True,False
97415000ET0978,Saint-Paul,2664,2032,0.763,49.8,AUc,True,False,False
97415000ET1265,Saint-Paul,2935,1732,0.590,23.9,AUc,True,False,False
97415000ET1267,Saint-Paul,2320,1202,0.518,129.9,AUc,True,False,False
97415000ET0363,Saint-Paul,3342,2493,0.746,22.3,U,True,False,False
97415000ET0364,Saint-Paul,3046,2220,0.729,34.0,U,True,False,False
97415000ET0368,Saint-Paul,2965,2562,0.864,48.8,A,True,True,False
97415000ET0830,Saint-Paul,2897,1348,0.465,93.7,U,False,False,False
97415000ET1284,Saint-Paul,2868,1845,0.643,129.3,U,True,False,False
97415000ET0500,Saint-Paul,2403,1553,0.646,15.2,N,True,True,False
97415000ET0253,Saint-Paul,3338,2707,0.811,96.7,A,True,True,False
97415000ET0526,Saint-Paul,3564,1758,0.493,12.5,AUc,False,False,False
97415000ET0900,Saint-Paul,2620,1952,0.745,61.2,A,True,True,False
97415000ET0408,Saint-Paul,2655,2136,0.805,33.7,A,True,True,False
97415000ET0274,Saint-Paul,3367,2610,0.775,114.3,A,True,True,False
97415000ET0458,Saint-Paul,2599,1865,0.718,33.0,U,True,False,False
97415000ET0004,Saint-Paul,3584,2158,0.602,95.7,U,True,False,False
97415000ET1331,Saint-Paul,3299,2158,0.654,14.6,U,True,False,False
97415000ET1330,Saint-Paul,2515,1425,0.567,28.6,U,True,False,False
97415000EV0699,Saint-Paul,4869,2143,0.440,52.5,AUc,False,False,False
97415000EW0350,Saint-Paul,3376,2129,0.631,104.7,U,True,False,False
97415000EW0083,Saint-Paul,2167,1700,0.785,19.7,U,True,False,False
97415000EW0335,Saint-Paul,4362,1336,0.306,85.5,U,False,False,False
97415000EW0513,Saint-Paul,1218,723,0.594,47.1,U,True,False,False
97415000EW0313,Saint-Paul,1573,935,0.595,13.5,U,True,False,False
97415000EW1348,Saint-Paul,4148,2274,0.548,20.4,U,True,False,False
97415000EW1327,Saint-Paul,5459,2641,0.484,23.6,U,False,False,False
97415000EW0454,Saint-Paul,1205,556,0.461,26.2,U,False,False,False
97415000EX0331,Saint-Paul,4596,2557,0.556,12.7,U,True,False,False
97415000EY0705,Saint-Paul,3223,1583,0.491,74.3,U,False,False,False
97415000EY0471,Saint-Paul,3551,1574,0.443,42.1,U,False,False,False
97415000EY0415,Saint-Paul,2785,2138,0.768,21.9,U,True,False,False
97415000EY1822,Saint-Paul,4206,2661,0.633,108.4,U,True,False,False
97415000EY1725,Saint-Paul,5467,2490,0.455,12.4,U,False,False,False
97415000EZ0257,Saint-Paul,1899,1110,0.584,20.4,U,True,False,False
97415000EZ0241,Saint-Paul,1079,634,0.588,68.1,U,True,False,False
97415000EZ0261,Saint-Paul,3038,2039,0.671,46.6,U,True,False,False
97415000HK0141,Saint-Paul,5369,3511,0.654,37.6,U,True,False,False
97415000HK0487,Saint-Paul,4905,2595,0.529,98.7,U,True,False,False
97415000HK0319,Saint-Paul,5181,3341,0.645,49.6,U,True,False,False
97415000HK0263,Saint-Paul,1326,843,0.636,71.8,U,True,False,False
97415000HK0127,Saint-Paul,2814,2156,0.766,42.8,AUc,True,False,False
97415000HM0083,Saint-Paul,3878,2358,0.608,44.4,U,True,False,False
97415000HM0105,Saint-Paul,3982,2439,0.613,54.2,U,True,False,False
97415000HM0185,Saint-Paul,1998,972,0.486,25.0,U,False,False,False
97415000HO0816,Saint-Paul,3807,2862,0.752,29.9,U,True,False,False
97415000HO0319,Saint-Paul,2854,2305,0.808,171.7,U,True,False,False
97415000HO0143,Saint-Paul,2317,1683,0.727,139.5,U,True,False,False
97415000HO0050,Saint-Paul,3315,2188,0.660,22.3,A,True,True,False
97415000HO0402,Saint-Paul,2385,1826,0.765,23.8,U,True,False,False
97415000HO0407,Saint-Paul,3106,1480,0.477,135.5,U,False,False,False
97415000HO0414,Saint-Paul,4838,3799,0.785,21.8,U,True,False,False
97415000HO0408,Saint-Paul,3213,2541,0.791,26.0,U,True,False,False
97415000HO0630,Saint-Paul,2406,1650,0.686,13.1,A,True,True,False
97415000HO0423,Saint-Paul,1728,1267,0.733,68.7,U,True,False,False
97415000HO0960,Saint-Paul,1658,1254,0.757,60.7,N,True,True,False
97415000HO0382,Saint-Paul,2553,1572,0.616,62.6,A,True,True,False
97415000HO0722,Saint-Paul,2943,2145,0.729,93.6,A,True,True,False
97415000HO0573,Saint-Paul,4492,3377,0.752,40.9,A,True,True,False
97415000HO0362,Saint-Paul,1816,1264,0.696,34.7,U,True,False,False
97415000HO0572,Saint-Paul,2452,1678,0.684,45.7,A,True,True,False
97415000HO0331,Saint-Paul,3315,2749,0.829,35.4,N,True,True,False
97415000HO0328,Saint-Paul,2510,1771,0.706,13.0,U,True,False,False
97415000HO0300,Saint-Paul,1696,1082,0.638,74.2,U,True,False,False
97415000HO0942,Saint-Paul,1428,985,0.690,14.3,U,True,False,False
97415000HO0685,Saint-Paul,3608,2250,0.624,128.5,AUc,True,False,False
97415000HO0188,Saint-Paul,2520,1106,0.439,59.5,U,False,False,False
97415000HO0034,Saint-Paul,1976,1422,0.719,29.1,A,True,True,False
97415000HO0133,Saint-Paul,1933,1372,0.710,17.2,U,True,False,False
97415000HO0226,Saint-Paul,3866,1863,0.482,43.7,U,False,False,False
97415000HO0019,Saint-Paul,2114,1648,0.779,40.7,A,True,True,False
97415000HO1089,Saint-Paul,1892,1387,0.733,76.0,A,True,True,False
97415000HP0026,Saint-Paul,4704,3626,0.771,45.8,U,True,False,False
97415000HP0326,Saint-Paul,4088,1960,0.479,19.1,U,False,False,False
97415000HP0289,Saint-Paul,4004,2605,0.651,18.4,U,True,False,False
97415000HR0117,Saint-Paul,1898,1252,0.660,61.3,U,True,False,False
97415000HR0129,Saint-Paul,2268,1495,0.659,32.2,U,True,False,False
97415000HR0116,Saint-Paul,2222,983,0.442,171.1,U,False,False,False
97415000HR0068,Saint-Paul,3586,2192,0.611,126.5,U,True,False,False
97415000HR0036,Saint-Paul,2487,1820,0.732,105.5,U,True,False,False
97415000HR0191,Saint-Paul,2014,1173,0.582,99.1,U,True,False,False
97422000AD0152,Le Tampon,4989,4111,0.824,12.3,A,True,True,False
97422000AD0703,Le Tampon,4380,3890,0.888,112.8,U,True,False,False
97422000AD0638,Le Tampon,4037,3368,0.834,12.4,A,True,True,False
97422000AD1004,Le Tampon,3396,2850,0.839,235.2,A,True,True,False
97422000AD0973,Le Tampon,3146,2703,0.859,86.8,A,True,True,False
97422000AD0042,Le Tampon,4589,3736,0.814,253.7,A,True,True,False
97422000AD1202,Le Tampon,5191,4571,0.881,77.8,U,True,False,False
97422000AD0609,Le Tampon,3534,3089,0.874,12.3,N,True,True,False
97422000AD0201,Le Tampon,3246,2580,0.795,24.4,U,True,False,False
97422000AD1038,Le Tampon,2762,2274,0.823,51.2,U,True,False,False
97422000AD0649,Le Tampon,2274,1613,0.709,38.9,U,True,False,False
97422000AD0995,Le Tampon,2089,1621,0.776,90.8,U,True,False,False
97422000AD1234,Le Tampon,1790,1202,0.672,63.0,U,True,False,False
97422000AD0305,Le Tampon,4584,3852,0.840,87.8,A,True,True,False
97422000AD0307,Le Tampon,4869,3831,0.787,33.8,A,True,True,False
97422000AD0914,Le Tampon,5117,4222,0.825,91.8,U,True,False,False
97422000AD0406,Le Tampon,3391,2842,0.838,12.0,A,True,True,False
97422000AD0989,Le Tampon,2497,1892,0.758,12.0,A,True,True,False
97422000AD1170,Le Tampon,1194,762,0.639,18.1,AUs,True,False,False
97422000AD0751,Le Tampon,1741,1286,0.738,91.5,A,True,True,False
97422000AD1092,Le Tampon,3017,2126,0.705,12.1,A,True,True,False
97422000AD0839,Le Tampon,4860,3752,0.772,30.8,A,True,True,False
97422000AD0586,Le Tampon,1961,1521,0.775,71.1,A,True,True,False
97422000AD0589,Le Tampon,1897,1178,0.621,75.9,A,True,True,False
97422000AD0598,Le Tampon,3594,2896,0.806,20.5,A,True,True,False
97422000AD0922,Le Tampon,2258,1561,0.691,26.5,A,True,True,False
97422000AE0651,Le Tampon,5474,4290,0.784,39.9,U,True,False,False
97422000AE0531,Le Tampon,3402,2604,0.765,57.0,A,True,True,False
97422000AE0880,Le Tampon,4302,2751,0.639,17.4,U,True,False,False
97422000AE0636,Le Tampon,1628,905,0.556,28.3,U,True,False,False
97422000AE0136,Le Tampon,2494,1868,0.749,14.8,U,True,False,False
97422000AE0033,Le Tampon,1412,928,0.657,49.6,U,True,False,False
97422000AE0511,Le Tampon,4213,3515,0.834,96.8,U,True,False,False
97422000AH0316,Le Tampon,4928,3449,0.700,45.8,U,True,False,False
97422000AH0387,Le Tampon,2771,2275,0.821,57.9,A,True,True,False
97422000AH0440,Le Tampon,1267,774,0.610,18.5,A,True,True,False
97422000AH0192,Le Tampon,5834,4432,0.760,29.5,U,True,False,False
97422000AH0324,Le Tampon,4231,2899,0.685,17.7,A,True,True,False
97422000AK1166,Le Tampon,1725,966,0.560,39.9,U,True,False,False
97422000AK1047,Le Tampon,4988,2300,0.461,41.4,U,False,False,False
97422000AK0756,Le Tampon,2533,1570,0.620,48.3,U,True,False,False
97422000AK0382,Le Tampon,1962,1479,0.754,14.7,U,True,False,False
97422000AK0213,Le Tampon,2884,1710,0.593,30.5,U,True,False,False
97422000AK0755,Le Tampon,2567,1461,0.569,42.1,U,True,False,False
97422000AK0470,Le Tampon,3195,1296,0.406,26.8,U,False,False,False
97422000AK1114,Le Tampon,2439,1713,0.703,16.4,U,True,False,False
97422000AL1141,Le Tampon,4467,3843,0.860,52.6,A,True,True,False
97422000AL1287,Le Tampon,3790,2946,0.777,33.5,A,True,True,False
97422000AL1267,Le Tampon,5015,4508,0.899,49.8,A,True,True,False
97422000AL0981,Le Tampon,2457,1949,0.793,30.1,U,True,False,False
97422000AL0577,Le Tampon,2691,1919,0.713,22.8,U,True,False,False
97422000AL0709,Le Tampon,1479,1053,0.712,19.9,U,True,False,False
97422000AL0330,Le Tampon,2719,1771,0.651,59.8,U,True,False,False
97422000AL1045,Le Tampon,1674,1059,0.633,13.6,U,True,False,False
97422000AL0466,Le Tampon,2961,2373,0.802,54.7,A,True,True,False
97422000AL0441,Le Tampon,4095,3291,0.804,31.7,A,True,True,False
97422000AL1183,Le Tampon,5389,4254,0.789,36.8,A,True,True,False
97422000AL0597,Le Tampon,1105,656,0.593,29.4,A,True,True,False
97422000AL0373,Le Tampon,2509,1581,0.630,38.2,U,True,False,False
97422000AL0968,Le Tampon,3158,2752,0.871,110.4,A,True,True,False
97422000AL0970,Le Tampon,2596,1987,0.765,35.2,A,True,True,False
97422000AL0833,Le Tampon,1783,707,0.397,14.9,A,False,True,False
97422000AL0834,Le Tampon,1565,609,0.389,14.6,A,False,True,False
97422000AL0532,Le Tampon,4297,3672,0.854,31.7,A,True,True,False
97422000AL1316,Le Tampon,2302,1804,0.783,64.1,A,True,True,False
97422000AN0621,Le Tampon,5398,4651,0.862,53.9,A,True,True,False
97422000AN0687,Le Tampon,5588,3760,0.673,113.6,A,True,True,False
97422000AN0137,Le Tampon,4881,4136,0.847,127.8,A,True,True,False
97422000AN0615,Le Tampon,2414,1871,0.775,13.4,N,True,True,False
97422000AN0618,Le Tampon,2472,2007,0.812,29.8,A,True,True,False
97422000AN0431,Le Tampon,2798,1661,0.594,50.5,A,True,True,False
97422000AN0575,Le Tampon,1672,997,0.596,13.1,A,True,True,False
97422000AN0594,Le Tampon,3217,2257,0.702,27.1,A,True,True,False
97422000AN0517,Le Tampon,2882,1861,0.646,22.2,A,True,True,False
97422000AN0574,Le Tampon,1918,1306,0.681,22.4,A,True,True,False
97422000AN0466,Le Tampon,1852,1398,0.755,19.7,A,True,True,False
97422000AP0565,Le Tampon,2107,1592,0.755,28.8,A,True,True,False
97422000AP0713,Le Tampon,4297,3170,0.738,42.9,A,True,True,False
97422000AP0845,Le Tampon,2011,1506,0.749,29.1,U,True,False,False
97422000AP0222,Le Tampon,2819,1362,0.483,59.5,U,False,False,False
97422000AP1064,Le Tampon,1460,838,0.574,50.6,U,True,False,False
97422000AP0122,Le Tampon,1917,1375,0.717,18.6,U,True,False,False
97422000AP0667,Le Tampon,2865,2313,0.807,43.5,U,True,False,False
97422000AR0184,Le Tampon,5364,4352,0.811,13.0,A,True,True,False
97422000AR0041,Le Tampon,3953,3277,0.829,25.4,N,True,True,False
97422000AR0403,Le Tampon,2250,1658,0.737,15.7,A,True,True,False
97422000AR0390,Le Tampon,1639,1104,0.673,22.6,A,True,True,False
97422000AR0189,Le Tampon,1640,1237,0.754,46.5,A,True,True,False
97422000AR0195,Le Tampon,3143,2387,0.759,131.6,A,True,True,False
97422000AR0186,Le Tampon,3616,2686,0.743,25.2,A,True,True,False
97422000AS0109,Le Tampon,4827,3878,0.803,48.6,U,True,False,False
97422000AS0844,Le Tampon,2921,2393,0.819,66.6,A,True,True,False
97422000AS0178,Le Tampon,4823,3769,0.782,50.4,A,True,True,False
97422000AS0103,Le Tampon,1895,1490,0.786,67.1,U,True,False,False
97422000AS0115,Le Tampon,1948,1421,0.730,208.8,U,True,False,False
97422000AS0795,Le Tampon,1611,1158,0.718,19.9,U,True,False,False
97422000AS0365,Le Tampon,2789,1931,0.692,68.8,A,True,True,False
97422000AS0242,Le Tampon,3066,2280,0.744,13.4,A,True,True,False
97422000AS0632,Le Tampon,3585,3095,0.863,262.7,A,True,True,False
97422000AS0850,Le Tampon,1437,1029,0.717,35.1,U,True,False,False
97422000AS0877,Le Tampon,1095,651,0.595,70.3,U,True,False,False
97422000AS0137,Le Tampon,2296,1604,0.698,21.0,U,True,False,False
97422000AS0225,Le Tampon,1245,840,0.675,13.6,A,True,True,False
97422000AS0482,Le Tampon,1725,1278,0.741,97.6,A,True,True,False
97422000AS0076,Le Tampon,2041,1430,0.700,61.6,A,True,True,False
97422000AS0849,Le Tampon,1447,872,0.603,30.6,A,True,True,False
97422000AS0568,Le Tampon,2837,2332,0.822,38.9,A,True,True,False
97422000AS0262,Le Tampon,3508,2764,0.788,18.8,A,True,True,False
97422000AS0338,Le Tampon,1571,1157,0.737,12.5,A,True,True,False
97422000AS0385,Le Tampon,2503,1859,0.743,23.3,N,True,True,False
97422000AS0930,Le Tampon,2666,1906,0.715,95.8,A,True,True,False
97422000AS0016,Le Tampon,2414,1697,0.703,65.9,A,True,True,False
97422000AV0157,Le Tampon,5398,4712,0.873,193.0,A,True,True,False
97422000AV0149,Le Tampon,2161,1581,0.732,26.1,U,True,False,False
97422000AV0114,Le Tampon,1260,856,0.679,85.6,U,True,False,False
97422000AV0266,Le Tampon,3807,3201,0.841,50.8,A,True,True,False
97422000AV0507,Le Tampon,2078,1584,0.762,35.6,A,True,True,False
97422000AV0429,Le Tampon,2530,1970,0.779,20.9,A,True,True,False
97422000AV0490,Le Tampon,3635,2468,0.679,42.9,A,True,True,False
97422000AV0489,Le Tampon,2256,1756,0.779,132.8,A,True,True,False
97422000AV0133,Le Tampon,2841,2137,0.752,41.5,A,True,True,False
97422000AV0378,Le Tampon,2518,2067,0.821,44.6,A,True,True,False
97422000AV0451,Le Tampon,4366,3837,0.879,92.0,A,True,True,False
97422000AV0343,Le Tampon,3108,2512,0.808,60.5,A,True,True,False
97422000AV0376,Le Tampon,3211,2343,0.730,77.3,A,True,True,False
97422000AV0375,Le Tampon,4111,3508,0.853,79.4,A,True,True,False
97422000AV0904,Le Tampon,1474,928,0.629,16.2,U,True,False,False
97422000AV0362,Le Tampon,2801,2331,0.832,84.6,A,True,True,False
97422000AV0616,Le Tampon,3591,2759,0.768,67.6,A,True,True,False
97422000AV0661,Le Tampon,2172,1751,0.806,12.0,A,True,True,False
97422000AV0637,Le Tampon,1514,1068,0.706,14.4,A,True,True,False
97422000AW0150,Le Tampon,5454,4045,0.742,48.0,A,True,True,False
97422000AW0194,Le Tampon,2311,1835,0.794,70.3,A,True,True,False
97422000AW0159,Le Tampon,2482,1537,0.619,114.2,U,True,False,False
97422000AW0552,Le Tampon,3842,3166,0.824,22.0,U,True,False,False
97422000AW0186,Le Tampon,1659,1246,0.751,12.0,U,True,False,False
97422000AW0645,Le Tampon,2865,2122,0.740,21.0,U,True,False,False
97422000AW0670,Le Tampon,5537,4649,0.839,30.6,N,True,True,False
97422000AW0770,Le Tampon,4839,4061,0.839,34.0,A,True,True,False
97422000AW0628,Le Tampon,2577,1998,0.775,78.6,A,True,True,False
97422000AW0079,Le Tampon,1739,1299,0.747,15.8,N,True,True,False
97422000AW0026,Le Tampon,1841,1256,0.683,75.0,A,True,True,False
97422000AW0022,Le Tampon,5285,4434,0.839,110.8,A,True,True,False
97422000AW0569,Le Tampon,1412,851,0.603,25.4,A,True,True,False
97422000AX1626,Le Tampon,5760,4116,0.715,19.2,A,True,True,False
97422000AX1036,Le Tampon,2629,1860,0.708,113.0,A,True,True,False
97422000AX1141,Le Tampon,4091,2492,0.609,132.8,U,True,False,False
97422000AX0522,Le Tampon,1434,938,0.655,42.5,A,True,True,False
97422000AX0194,Le Tampon,1292,857,0.664,52.2,A,True,True,False
97422000AX0714,Le Tampon,1147,526,0.459,26.1,A,False,True,False
97422000AX0830,Le Tampon,4387,3498,0.797,71.8,U,True,False,False
97422000AX1048,Le Tampon,2182,1469,0.673,20.6,U,True,False,False
97422000AX1673,Le Tampon,1648,1066,0.647,36.4,A,True,True,False
97422000AX1100,Le Tampon,2710,1274,0.470,42.7,A,False,True,False
97422000AX0449,Le Tampon,1546,1047,0.677,35.9,U,True,False,False
97422000AX1475,Le Tampon,5396,4547,0.843,12.2,U,True,False,False
97422000AY0482,Le Tampon,2749,2138,0.778,62.2,U,True,False,False
97422000AY1342,Le Tampon,3070,2548,0.830,12.2,A,True,True,False
97422000AY0258,Le Tampon,2152,1403,0.652,12.7,U,True,False,False
97422000AY1008,Le Tampon,1545,1093,0.707,67.6,U,True,False,False
97422000AY1009,Le Tampon,1346,939,0.698,48.3,N,True,True,False
97422000AY0992,Le Tampon,1532,983,0.642,34.9,U,True,False,False
97422000AY1530,Le Tampon,1606,1192,0.742,26.4,A,True,True,False
97422000AY0773,Le Tampon,3417,2743,0.803,80.6,A,True,True,False
97422000AY0774,Le Tampon,3326,2188,0.658,43.9,N,True,True,False
97422000AY1537,Le Tampon,1983,1451,0.732,36.9,A,True,True,False
97422000AY0619,Le Tampon,1273,628,0.493,17.2,A,False,True,False
97422000AY0768,Le Tampon,1561,976,0.625,44.1,A,True,True,False
97422000AZ0350,Le Tampon,2009,1157,0.576,81.9,N,True,True,False
97422000AZ0472,Le Tampon,5061,4476,0.884,98.9,N,True,True,False
97422000AZ0171,Le Tampon,2096,1486,0.709,40.1,N,True,True,False
97422000AZ0127,Le Tampon,4087,2999,0.734,152.2,A,True,True,False
97422000AZ0261,Le Tampon,4032,1991,0.494,34.7,A,False,True,False
97422000AZ0444,Le Tampon,2566,1714,0.668,27.5,A,True,True,False
97422000AZ0466,Le Tampon,3668,2919,0.796,22.4,A,True,True,False
97422000AZ0306,Le Tampon,1643,1199,0.730,24.9,A,True,True,False
97422000AZ0473,Le Tampon,1689,1012,0.599,26.3,A,True,True,False
97422000AZ0490,Le Tampon,3314,2295,0.693,33.4,A,True,True,False
97422000BD1748,Le Tampon,4979,4574,0.919,73.0,U,True,False,False
97422000BD2542,Le Tampon,1585,1106,0.698,13.8,U,True,False,False
97422000BD3496,Le Tampon,1630,1096,0.672,68.8,U,True,False,False
97422000BD0333,Le Tampon,1871,1338,0.715,79.4,U,True,False,False
97422000BD0827,Le Tampon,2103,1437,0.683,60.5,U,True,False,False
97422000BD3353,Le Tampon,3273,2580,0.788,169.9,U,True,False,False
97422000BD3486,Le Tampon,3913,3484,0.890,29.1,U,True,False,False
97422000BD2067,Le Tampon,1898,1475,0.777,27.4,U,True,False,False
97422000BD1554,Le Tampon,2226,1716,0.771,27.2,U,True,False,False
97422000BD1579,Le Tampon,2333,1932,0.828,18.5,N,True,True,False
97422000BD2262,Le Tampon,4629,3467,0.749,19.1,U,True,False,False
97422000BD1259,Le Tampon,1885,679,0.360,12.0,N,False,True,False
97422000BD3619,Le Tampon,1379,796,0.577,25.7,N,True,True,False
97422000BD0235,Le Tampon,1706,1261,0.739,96.4,U,True,False,False
97422000BD2160,Le Tampon,4025,2763,0.686,39.4,U,True,False,False
97422000BD2162,Le Tampon,3141,2690,0.856,69.1,U,True,False,False
97422000BD1688,Le Tampon,2773,1844,0.665,66.1,U,True,False,False
97422000BD2196,Le Tampon,3058,2504,0.819,293.1,U,True,False,False
97422000BD2197,Le Tampon,2380,1687,0.709,287.5,U,True,False,False
97422000BH0676,Le Tampon,3649,2747,0.753,38.0,U,True,False,False
97422000BH0721,Le Tampon,1221,803,0.658,70.0,U,True,False,False
97422000BH0304,Le Tampon,4663,3297,0.707,131.2,U,True,False,False
97422000BH0568,Le Tampon,1462,1057,0.723,70.9,U,True,False,False
97422000BH1549,Le Tampon,2751,2339,0.850,114.5,U,True,False,False
97422000BH0521,Le Tampon,2240,1780,0.795,179.4,U,True,False,False
97422000BH1548,Le Tampon,3039,2353,0.774,36.9,U,True,False,False
97422000BH2003,Le Tampon,1424,1012,0.711,18.6,U,True,False,False
97422000BH0099,Le Tampon,2571,2058,0.801,18.4,U,True,False,False
97422000BH0822,Le Tampon,4058,3437,0.847,140.5,U,True,False,False
97422000BH1857,Le Tampon,1647,1226,0.744,18.3,N,True,True,False
97422000BH0497,Le Tampon,2634,2142,0.813,136.0,N,True,True,False
97422000BH0873,Le Tampon,1899,1497,0.788,18.0,U,True,False,False
97422000BH0707,Le Tampon,1649,1232,0.747,84.4,U,True,False,False
97422000BI0735,Le Tampon,5989,4320,0.721,79.1,AUc,True,False,False
97422000BI1089,Le Tampon,5657,4982,0.881,109.9,N,True,True,False
97422000BI0429,Le Tampon,3984,2250,0.565,79.9,N,True,True,False
97422000BI0217,Le Tampon,1797,1318,0.734,107.4,U,True,False,False
97422000BI0259,Le Tampon,2056,1374,0.668,44.1,U,True,False,False
97422000BI0227,Le Tampon,4089,3494,0.854,259.7,AUc,True,False,False
97422000BI0078,Le Tampon,1678,1083,0.645,63.5,U,True,False,False
97422000BI0212,Le Tampon,2071,1599,0.772,45.8,U,True,False,False
97422000BI0268,Le Tampon,2739,2297,0.838,69.3,U,True,False,False
97422000BI0687,Le Tampon,1873,1316,0.703,15.9,U,True,False,False
97422000BI0219,Le Tampon,4018,3081,0.767,168.6,AUc,True,False,False
97422000BI0945,Le Tampon,2097,1461,0.697,98.1,U,True,False,False
97422000BI0793,Le Tampon,1499,1002,0.668,25.1,U,True,False,False
97422000BI0841,Le Tampon,2510,1954,0.779,12.0,U,True,False,False
97422000BI0315,Le Tampon,2060,1397,0.678,63.0,U,True,False,False
97422000BI0538,Le Tampon,2716,2126,0.783,12.0,U,True,False,False
97422000BI0337,Le Tampon,2089,1528,0.731,79.7,A,True,True,False
97422000BI0339,Le Tampon,2010,1190,0.592,58.1,U,True,False,False
97422000BI0533,Le Tampon,5307,3870,0.729,16.3,A,True,True,False
97422000BI0349,Le Tampon,2853,2302,0.807,77.2,N,True,True,False
97422000BI0023,Le Tampon,2095,1313,0.627,94.4,U,True,False,False
97422000BI0348,Le Tampon,2451,2041,0.833,112.7,N,True,True,False
97422000BI0351,Le Tampon,1486,974,0.656,63.0,A,True,True,False
97422000BI0049,Le Tampon,1803,1312,0.728,32.1,A,True,True,False
97422000BI0333,Le Tampon,2394,1580,0.660,95.5,A,True,True,False
97422000BI0036,Le Tampon,1621,1119,0.691,29.1,U,True,False,False
97422000BK2129,Le Tampon,2546,2011,0.790,36.4,U,True,False,False
97422000BK0868,Le Tampon,5319,4529,0.852,46.5,U,True,False,False
97422000BK0406,Le Tampon,4899,4417,0.902,106.3,U,True,False,False
97422000BK1525,Le Tampon,3777,3280,0.869,46.9,N,True,True,False
97422000BK1290,Le Tampon,3299,2680,0.813,19.8,U,True,False,False
97422000BK2215,Le Tampon,5151,3337,0.648,100.3,U,True,False,False
97422000BK0789,Le Tampon,3607,3066,0.850,12.0,U,True,False,False
97422000BK0155,Le Tampon,2502,1755,0.702,27.2,U,True,False,False
97422000BK0078,Le Tampon,4543,3689,0.812,76.8,A,True,True,False
97422000BK2297,Le Tampon,4185,2865,0.684,99.0,U,True,False,False
97422000BK1120,Le Tampon,2208,1681,0.761,103.1,A,True,True,False
97422000BK1175,Le Tampon,1878,1445,0.769,150.0,U,True,False,False
97422000BK1042,Le Tampon,1580,1078,0.683,20.6,U,True,False,False
97422000BK1793,Le Tampon,1835,1355,0.738,84.8,U,True,False,False
97422000BK1251,Le Tampon,1518,1090,0.718,12.3,N,True,True,False
97422000BK1124,Le Tampon,3416,2533,0.742,52.7,A,True,True,False
97422000BK0163,Le Tampon,2812,2363,0.840,59.1,N,True,True,False
97422000BK0965,Le Tampon,1585,960,0.606,35.8,U,True,False,False
97422000BK1312,Le Tampon,1448,942,0.651,12.6,U,True,False,False
97422000BK0273,Le Tampon,1267,729,0.576,46.9,U,True,False,False
97422000BK0537,Le Tampon,1678,1222,0.728,158.4,U,True,False,False
97422000BK0979,Le Tampon,3086,2389,0.774,93.1,U,True,False,False
97422000BK1911,Le Tampon,1052,630,0.599,42.2,U,True,False,False
97422000BK0916,Le Tampon,2157,682,0.316,31.6,A,False,True,False
97422000BK1978,Le Tampon,2047,1370,0.669,17.5,N,True,True,False
97422000BK0057,Le Tampon,3471,2923,0.842,27.5,N,True,True,False
97422000BK2448,Le Tampon,2956,1657,0.561,135.5,U,True,False,False
97422000BK0900,Le Tampon,1531,1116,0.729,60.3,N,True,True,False
97422000BK0135,Le Tampon,1779,1347,0.757,89.2,U,True,False,False
97422000BK0910,Le Tampon,1635,656,0.401,66.8,U,False,False,False
97422000BK0911,Le Tampon,2037,1177,0.578,156.2,U,True,False,False
97422000BK1030,Le Tampon,5154,2897,0.562,74.9,U,True,False,False
97422000BK0378,Le Tampon,1194,740,0.620,27.6,U,True,False,False
97422000BK0643,Le Tampon,4008,3443,0.859,146.5,A,True,True,False
97422000BK0514,Le Tampon,2492,2005,0.804,40.3,A,True,True,False
97422000BK0697,Le Tampon,2015,1120,0.556,12.7,U,True,False,False
97422000BK2041,Le Tampon,2754,1945,0.706,37.4,A,True,True,False
97422000BK2517,Le Tampon,2075,1415,0.682,34.1,A,True,True,False
97422000BK0562,Le Tampon,1433,987,0.689,88.3,U,True,False,False
97422000BK0561,Le Tampon,1495,985,0.659,40.7,U,True,False,False
97422000BL0127,Le Tampon,5375,4629,0.861,132.0,A,True,True,False
97422000BL0517,Le Tampon,3191,2564,0.804,40.5,A,True,True,False
97422000BL0507,Le Tampon,3182,2734,0.859,66.9,U,True,False,False
97422000BL0261,Le Tampon,5721,4309,0.753,70.0,U,True,False,False
97422000BL1007,Le Tampon,5596,4946,0.884,127.7,U,True,False,False
97422000BL0395,Le Tampon,2476,1754,0.708,129.7,U,True,False,False
97422000BL0631,Le Tampon,1287,863,0.670,116.6,U,True,False,False
97422000BL1491,Le Tampon,2697,2034,0.754,173.7,U,True,False,False
97422000BL0968,Le Tampon,3474,2909,0.837,82.5,A,True,True,False
97422000BL1363,Le Tampon,2444,2007,0.821,81.3,A,True,True,False
97422000BL0365,Le Tampon,1090,660,0.605,34.0,U,True,False,False
97422000BL0364,Le Tampon,1500,968,0.645,33.1,U,True,False,False
97422000BL0492,Le Tampon,3323,2294,0.690,13.9,U,True,False,False
97422000BL0173,Le Tampon,1637,1231,0.752,105.2,U,True,False,False
97422000BL0879,Le Tampon,1783,1238,0.695,91.7,A,True,True,False
97422000BL0949,Le Tampon,3569,3108,0.871,48.6,A,True,True,False
97422000BL0579,Le Tampon,2238,1770,0.791,12.7,A,True,True,False
97422000BL0135,Le Tampon,2412,2002,0.830,67.0,A,True,True,False
97422000BL0256,Le Tampon,1071,639,0.597,91.8,U,True,False,False
97422000BL0616,Le Tampon,1228,791,0.644,18.4,U,True,False,False
97422000BL0824,Le Tampon,3130,2646,0.845,42.1,A,True,True,False
97422000BL1344,Le Tampon,2531,2110,0.834,53.1,A,True,True,False
97422000BL0008,Le Tampon,3146,2716,0.863,107.0,A,True,True,False
97422000BL1511,Le Tampon,2108,1602,0.760,41.1,A,True,True,False
97422000BL1430,Le Tampon,2333,1865,0.799,98.4,U,True,False,False
97422000BL0019,Le Tampon,1899,1463,0.770,18.1,A,True,True,False
97422000BL0036,Le Tampon,1860,1316,0.708,99.6,A,True,True,False
97422000BL0946,Le Tampon,3078,2126,0.691,122.1,U,True,False,False
97422000BL0041,Le Tampon,3060,2613,0.854,184.9,A,True,True,False
97422000BM0375,Le Tampon,4691,3862,0.823,72.8,A,True,True,False
97422000BM0362,Le Tampon,4947,4286,0.866,135.4,A,True,True,False
97422000BM0518,Le Tampon,2307,1742,0.755,22.3,A,True,True,False
97422000BM0785,Le Tampon,1805,1373,0.760,147.9,U,True,False,False
97422000BM0601,Le Tampon,1875,1365,0.728,109.1,U,True,False,False
97422000BM1343,Le Tampon,1995,1498,0.751,16.5,U,True,False,False
97422000BM1315,Le Tampon,1830,1419,0.775,186.2,U,True,False,False
97422000BM1353,Le Tampon,2123,1338,0.630,108.1,U,True,False,False
97422000BM0841,Le Tampon,3569,2997,0.840,15.3,U,True,False,False
97422000BM1036,Le Tampon,2417,1440,0.596,36.7,U,True,False,False
97422000BM0825,Le Tampon,3030,2488,0.821,37.9,A,True,True,False
97422000BM0371,Le Tampon,4357,3802,0.873,43.4,A,True,True,False
97422000BM0783,Le Tampon,3194,2293,0.718,73.1,A,True,True,False
97422000BM1186,Le Tampon,1253,812,0.648,51.8,A,True,True,False
97422000BM0838,Le Tampon,1945,1363,0.700,140.2,A,True,True,False
97422000BM0839,Le Tampon,1994,1416,0.710,19.8,A,True,True,False
97422000BM0694,Le Tampon,2839,2411,0.849,55.6,A,True,True,False
97422000BM1282,Le Tampon,2149,1556,0.724,105.6,A,True,True,False
97422000BN0373,Le Tampon,3053,2539,0.831,21.7,N,True,True,False
97422000BN0513,Le Tampon,3651,3075,0.842,36.4,U,True,False,False
97422000BN0826,Le Tampon,3867,2890,0.747,193.0,U,True,False,False
97422000BN2082,Le Tampon,2700,1623,0.601,67.0,U,True,False,False
97422000BN1565,Le Tampon,1446,955,0.660,79.0,U,True,False,False
97422000BN0596,Le Tampon,1823,1361,0.747,46.3,U,True,False,False
97422000BN0800,Le Tampon,2641,1490,0.564,17.6,U,True,False,False
97422000BN0222,Le Tampon,1702,1108,0.651,41.6,U,True,False,False
97422000BN1851,Le Tampon,1926,1221,0.634,103.0,U,True,False,False
97422000BN1852,Le Tampon,1354,906,0.670,30.5,U,True,False,False
97422000BN0538,Le Tampon,2362,1076,0.456,81.9,U,False,False,False
97422000BN0779,Le Tampon,2758,2145,0.778,40.5,U,True,False,False
97422000BN2510,Le Tampon,1866,1365,0.732,59.0,U,True,False,False
97422000BN1009,Le Tampon,3482,3057,0.878,40.6,U,True,False,False
97422000BN2957,Le Tampon,3315,2858,0.862,21.4,U,True,False,False
97422000BN1658,Le Tampon,2885,2341,0.811,115.6,U,True,False,False
97422000BO0954,Le Tampon,4273,2898,0.678,36.8,N,True,True,False
97422000BO1578,Le Tampon,5664,5014,0.885,106.3,A,True,True,False
97422000BO0774,Le Tampon,1458,1026,0.704,64.4,A,True,True,False
97422000BO0885,Le Tampon,2082,1503,0.722,313.7,U,True,False,False
97422000BO1043,Le Tampon,2832,2249,0.794,120.8,A,True,True,False
97422000BO0551,Le Tampon,4626,4139,0.895,49.3,A,True,True,False
97422000BO0027,Le Tampon,4564,4106,0.900,55.3,A,True,True,False
97422000BO0700,Le Tampon,5817,4168,0.717,247.2,U,True,False,False
97422000BO0084,Le Tampon,3817,3288,0.861,31.5,AUc,True,False,False
97422000BO0727,Le Tampon,1467,1032,0.703,81.8,U,True,False,False
97422000BO0432,Le Tampon,1732,1281,0.740,73.4,U,True,False,False
97422000BO1576,Le Tampon,3356,2739,0.816,109.7,A,True,True,False
97422000BO0857,Le Tampon,1714,1286,0.750,28.2,U,True,False,False
97422000BO0189,Le Tampon,1759,1228,0.698,106.2,U,True,False,False
97422000BO0462,Le Tampon,2048,1310,0.640,41.5,A,True,True,False
97422000BO1099,Le Tampon,2121,1361,0.642,87.0,A,True,True,False
97422000BO0799,Le Tampon,3385,2620,0.774,75.9,A,True,True,False
97422000BO0319,Le Tampon,1706,1301,0.763,18.4,N,True,True,False
97422000BO1144,Le Tampon,3280,2852,0.870,194.7,U,True,False,False
97422000BO0776,Le Tampon,1394,946,0.679,15.5,U,True,False,False
97422000BO0777,Le Tampon,1667,1103,0.662,15.2,U,True,False,False
97422000BO0833,Le Tampon,2569,1627,0.633,41.8,U,True,False,False
97422000BP0540,Le Tampon,2952,2518,0.853,108.4,A,True,True,False
97422000BP1926,Le Tampon,5616,4430,0.789,13.4,A,True,True,False
97422000BP1575,Le Tampon,3470,3063,0.883,412.5,A,True,True,False
97422000BP1786,Le Tampon,2329,1673,0.718,215.3,AUs,True,False,False
97422000BP0135,Le Tampon,2165,1722,0.795,19.9,A,True,True,False
97422000BP1592,Le Tampon,1789,1303,0.728,104.4,U,True,False,False
97422000BP1808,Le Tampon,2785,1832,0.658,42.9,U,True,False,False
97422000BP0637,Le Tampon,2241,1793,0.800,98.3,U,True,False,False
97422000BR1227,Le Tampon,4271,3017,0.706,363.6,U,True,False,False
97422000BR1761,Le Tampon,3374,2807,0.832,61.9,U,True,False,False
97422000BR0407,Le Tampon,2265,1849,0.816,32.7,U,True,False,False
97422000BR1166,Le Tampon,1496,945,0.631,12.0,U,True,False,False
97422000BR1178,Le Tampon,1427,840,0.589,101.9,U,True,False,False
97422000BR0603,Le Tampon,4753,4011,0.844,39.3,A,True,True,False
97422000BR1646,Le Tampon,2025,1359,0.671,12.9,A,True,True,False
97422000BR1475,Le Tampon,2489,2009,0.807,18.5,A,True,True,False
97422000BR0355,Le Tampon,1679,1108,0.660,20.0,U,True,False,False
97422000BR0541,Le Tampon,2573,2171,0.844,44.1,U,True,False,False
97422000BR0900,Le Tampon,1094,613,0.561,32.9,U,True,False,False
97422000BR0190,Le Tampon,2297,1892,0.823,42.2,U,True,False,False
97422000BR0198,Le Tampon,2591,1662,0.642,173.0,A,True,True,False
97422000BR1284,Le Tampon,2043,1572,0.769,26.6,A,True,True,False
97422000BR0969,Le Tampon,2357,1825,0.774,25.0,U,True,False,False
97422000BR0488,Le Tampon,1203,759,0.631,18.5,U,True,False,False
97422000BR0959,Le Tampon,1317,902,0.685,38.0,U,True,False,False
97422000BR1796,Le Tampon,2003,1427,0.712,64.6,U,True,False,False
97422000BR1625,Le Tampon,2636,2075,0.787,45.0,A,True,True,False
97422000BR0048,Le Tampon,1697,1256,0.740,99.6,U,True,False,False
97422000BR0130,Le Tampon,2907,2101,0.723,131.2,A,True,True,False
97422000BR1200,Le Tampon,1754,1196,0.682,70.6,A,True,True,False
97422000BR0212,Le Tampon,1376,865,0.629,25.4,A,True,True,False
97422000BR0519,Le Tampon,2782,2260,0.813,19.3,A,True,True,False
97422000BR1392,Le Tampon,4496,4042,0.899,161.9,A,True,True,False
97422000BR0962,Le Tampon,1412,951,0.673,56.9,U,True,False,False
97422000BR1481,Le Tampon,1019,580,0.570,34.0,U,True,False,False
97422000BR0332,Le Tampon,2499,1775,0.710,57.1,U,True,False,False
97422000BR1287,Le Tampon,2415,1785,0.739,39.0,A,True,True,False
97422000BR0893,Le Tampon,2350,1835,0.781,144.5,A,True,True,False
97422000BR0109,Le Tampon,3191,2764,0.866,156.4,A,True,True,False
97422000BR0107,Le Tampon,3306,2413,0.730,39.3,U,True,False,False
97422000BR1393,Le Tampon,4543,3802,0.837,41.2,A,True,True,False
97422000BR1083,Le Tampon,2508,1757,0.701,114.6,A,True,True,False
97422000BR0097,Le Tampon,4359,3109,0.713,44.9,U,True,False,False
97422000BR1014,Le Tampon,1514,1111,0.734,65.8,U,True,False,False
97422000BR0099,Le Tampon,1719,1291,0.751,91.1,U,True,False,False
97422000BR1345,Le Tampon,3026,2482,0.820,39.9,N,True,True,False
97422000BR0456,Le Tampon,1762,1340,0.761,25.8,A,True,True,False
97422000BR0279,Le Tampon,2964,2468,0.832,37.1,U,True,False,False
97422000BR0457,Le Tampon,2205,1726,0.783,20.8,A,True,True,False
97422000BR0090,Le Tampon,2827,2107,0.745,91.7,N,True,True,False
97422000BS2109,Le Tampon,5194,4537,0.874,127.9,AUs,True,False,False
97422000BS1753,Le Tampon,5735,5068,0.884,87.7,A,True,True,False
97422000BS0335,Le Tampon,2507,2088,0.833,119.8,U,True,False,False
97422000BS1944,Le Tampon,4430,3588,0.810,85.1,U,True,False,False
97422000BS0464,Le Tampon,3616,2622,0.725,254.5,U,True,False,False
97422000BS0108,Le Tampon,1439,1001,0.695,68.1,A,True,True,False
97422000BS0444,Le Tampon,2671,1750,0.655,69.8,A,True,True,False
97422000BS0138,Le Tampon,2486,1712,0.688,211.3,A,True,True,False
97422000BS0184,Le Tampon,2087,1519,0.728,63.6,U,True,False,False
97422000BS1081,Le Tampon,4206,3356,0.798,155.3,U,True,False,False
97422000BS0143,Le Tampon,2845,2357,0.829,167.5,A,True,True,False
97422000BS0651,Le Tampon,1064,550,0.517,40.4,A,True,True,False
97422000BS0011,Le Tampon,1649,1033,0.627,60.9,U,True,False,False
97422000BS0646,Le Tampon,2080,1508,0.725,65.1,U,True,False,False
97422000BS0026,Le Tampon,1971,1332,0.676,31.2,U,True,False,False
97422000BS1420,Le Tampon,1578,1010,0.640,40.4,U,True,False,False
97422000BS0076,Le Tampon,1073,623,0.580,53.0,U,True,False,False
97422000BT1353,Le Tampon,2961,2029,0.685,129.1,U,True,False,False
97422000BT0733,Le Tampon,2047,1503,0.734,65.2,U,True,False,False
97422000BT0316,Le Tampon,1473,1056,0.717,44.8,U,True,False,False
97422000BT1287,Le Tampon,2413,1818,0.753,149.2,U,True,False,False
97422000BT0487,Le Tampon,1335,924,0.692,57.4,A,True,True,False
97422000BT1065,Le Tampon,2451,1835,0.749,61.1,A,True,True,False
97422000BV1458,Le Tampon,4331,3545,0.819,89.4,N,True,True,False
97422000BV2285,Le Tampon,2858,2017,0.706,22.0,U,True,False,False
97422000BV1460,Le Tampon,2968,2390,0.805,41.7,U,True,False,False
97422000BV0500,Le Tampon,2148,1472,0.685,121.4,U,True,False,False
97422000BV0048,Le Tampon,2281,1522,0.668,118.2,U,True,False,False
97422000BV0904,Le Tampon,1333,931,0.698,57.6,U,True,False,False
97422000BV3129,Le Tampon,1420,1000,0.704,113.1,U,True,False,False
97422000BV1916,Le Tampon,2046,1524,0.745,15.8,U,True,False,False
97422000BV0050,Le Tampon,2397,1507,0.629,120.0,U,True,False,False
97422000BV0807,Le Tampon,2046,1438,0.703,147.9,N,True,True,False
97422000BV0668,Le Tampon,2092,1668,0.797,62.0,U,True,False,False
97422000BV0428,Le Tampon,2863,2275,0.795,47.8,U,True,False,False
97422000BV2486,Le Tampon,2583,1948,0.754,28.1,N,True,True,False
97422000BV2751,Le Tampon,2295,1873,0.816,81.3,U,True,False,False
97422000BV2828,Le Tampon,2206,1600,0.725,145.0,U,True,False,False
97422000BV0367,Le Tampon,2011,1490,0.741,19.8,U,True,False,False
97422000BV0652,Le Tampon,1401,768,0.548,18.2,U,True,False,False
97422000BV2249,Le Tampon,1738,1271,0.732,18.0,U,True,False,False
97422000BW3473,Le Tampon,2935,2291,0.780,129.0,U,True,False,False
97422000BW1034,Le Tampon,2996,2577,0.860,192.3,U,True,False,False
97422000BW0712,Le Tampon,2625,2096,0.798,33.0,N,True,True,False
97422000BW0670,Le Tampon,4279,3306,0.773,147.1,U,True,False,False
97422000BW0890,Le Tampon,2397,1913,0.798,17.0,U,True,False,False
97422000BW2505,Le Tampon,1754,1258,0.717,219.0,U,True,False,False
97422000BW1199,Le Tampon,1636,1136,0.694,14.9,N,True,True,False
97422000BW2335,Le Tampon,2791,2252,0.807,41.0,U,True,False,False
97422000BW1113,Le Tampon,1996,1511,0.757,108.3,U,True,False,False
97422000BW2984,Le Tampon,1298,768,0.592,36.3,AUc,True,False,False
97422000BW1062,Le Tampon,1561,1093,0.700,75.4,U,True,False,False
97422000BW1366,Le Tampon,1782,1157,0.649,49.0,U,True,False,False
97422000BW1333,Le Tampon,4420,3799,0.859,33.7,U,True,False,False
97422000BW0238,Le Tampon,1944,1382,0.711,36.0,U,True,False,False
97422000BX0534,Le Tampon,3921,2940,0.750,131.9,U,True,False,False
97422000BY0513,Le Tampon,2192,1747,0.797,37.7,U,True,False,False
97422000CD0205,Le Tampon,1340,864,0.645,43.6,U,True,False,False
97422000CD0545,Le Tampon,1886,1252,0.664,40.8,U,True,False,False
97422000CD0397,Le Tampon,3661,2919,0.797,43.0,U,True,False,False
97422000CE0407,Le Tampon,1132,665,0.588,85.4,U,True,False,False
97422000CE0484,Le Tampon,2505,1853,0.740,47.2,U,True,False,False
97422000CE0704,Le Tampon,4422,4009,0.907,71.6,N,True,True,False
97422000CI0592,Le Tampon,1641,1214,0.740,31.7,U,True,False,False
97422000CI0635,Le Tampon,1431,848,0.593,22.8,U,True,False,False
97422000CI0375,Le Tampon,4838,3977,0.822,420.5,U,True,False,False
97422000CI0364,Le Tampon,1077,667,0.619,46.2,N,True,True,False
97422000CI0071,Le Tampon,2266,1657,0.731,66.7,U,True,False,False
97422000CL0542,Le Tampon,3332,2664,0.799,103.1,N,True,True,False
97422000CL1141,Le Tampon,1396,902,0.647,73.3,U,True,False,False
97422000CL1282,Le Tampon,2901,1895,0.653,37.9,U,True,False,False
97422000CL1293,Le Tampon,2293,1450,0.633,122.4,U,True,False,False
97422000CL1184,Le Tampon,2333,1566,0.671,60.4,U,True,False,False
97422000CM0918,Le Tampon,2030,1409,0.694,32.3,U,True,False,False
97422000CM0782,Le Tampon,2056,1466,0.713,29.9,U,True,False,False
97422000CM0807,Le Tampon,1684,878,0.522,59.7,U,True,False,False
97422000CM0734,Le Tampon,3289,2787,0.847,20.9,U,True,False,False
97422000CM1087,Le Tampon,2528,1972,0.780,135.1,U,True,False,False
97422000CM0384,Le Tampon,3487,2494,0.715,54.6,U,True,False,False
97422000CM0966,Le Tampon,5740,4399,0.766,148.6,U,True,False,False
97422000CM0385,Le Tampon,2045,1481,0.724,81.9,U,True,False,False
97422000CM0203,Le Tampon,3467,2629,0.758,29.7,U,True,False,False
97422000CM0464,Le Tampon,2500,1753,0.701,136.5,A,True,True,False
97422000CM0352,Le Tampon,1161,752,0.648,49.6,U,True,False,False
97422000CM0861,Le Tampon,2184,1726,0.791,63.1,U,True,False,False
97422000CM0764,Le Tampon,2570,1890,0.736,110.5,U,True,False,False
97422000CM0293,Le Tampon,1782,1302,0.731,33.2,U,True,False,False
97422000CM0066,Le Tampon,4174,3703,0.887,105.9,N,True,True,False
97422000CM0408,Le Tampon,1586,1110,0.700,23.7,A,True,True,False
97422000CM0043,Le Tampon,2971,2290,0.771,55.9,N,True,True,False
97422000CM0048,Le Tampon,1968,1492,0.758,117.9,U,True,False,False
97422000CN0894,Le Tampon,5438,3970,0.730,80.7,U,True,False,False
97422000CN1588,Le Tampon,2615,2061,0.788,105.2,U,True,False,False
97422000CN0699,Le Tampon,3228,2649,0.821,201.3,A,True,True,False
97422000CN1105,Le Tampon,1746,1310,0.750,55.1,U,True,False,False
97422000CN1623,Le Tampon,3220,2757,0.856,16.6,U,True,False,False
97422000CN1674,Le Tampon,4813,4124,0.857,70.3,U,True,False,False
97422000CN0406,Le Tampon,2487,1696,0.682,44.7,U,True,False,False
97422000CN1773,Le Tampon,1760,1097,0.623,29.2,U,True,False,False
97422000CN0393,Le Tampon,1247,677,0.542,107.2,U,True,False,False
97422000CN1264,Le Tampon,1579,1092,0.692,155.9,N,True,True,False
97422000CN0158,Le Tampon,1984,1580,0.797,113.0,N,True,True,False
97422000CN0841,Le Tampon,3079,2593,0.842,12.2,U,True,False,False
97422000CN0181,Le Tampon,2717,2019,0.743,88.7,N,True,True,False
97422000CN0279,Le Tampon,1956,1509,0.772,42.4,U,True,False,False
97422000CN1777,Le Tampon,1652,1239,0.750,60.4,U,True,False,False
97422000CN1119,Le Tampon,1804,946,0.524,78.6,U,True,False,False
97422000CN0291,Le Tampon,1259,805,0.639,37.9,U,True,False,False
97422000CN1509,Le Tampon,3527,2329,0.660,185.3,A,True,True,False
97422000CN1668,Le Tampon,1998,1053,0.527,148.1,U,True,False,False
97422000CN1195,Le Tampon,3316,2680,0.808,80.1,N,True,True,False
97422000CO0352,Le Tampon,5419,2853,0.527,94.1,U,True,False,False
97422000CO0705,Le Tampon,3822,3032,0.793,176.7,U,True,False,False
97422000CO0337,Le Tampon,1120,630,0.563,20.3,U,True,False,False
97422000CO0083,Le Tampon,1537,1055,0.686,75.2,U,True,False,False
97422000CO0487,Le Tampon,2373,1790,0.754,51.3,N,True,True,False
97422000CP0398,Le Tampon,3826,3196,0.835,79.6,A,True,True,False
97422000CP0341,Le Tampon,2308,1455,0.630,325.8,U,True,False,False
97422000CP0655,Le Tampon,2834,2333,0.823,46.2,A,True,True,False
97422000CP0600,Le Tampon,5645,4127,0.731,92.1,A,True,True,False
97422000CP0535,Le Tampon,1397,965,0.691,98.5,A,True,True,False
97422000CP0563,Le Tampon,1404,918,0.653,21.1,A,True,True,False
97422000CP0252,Le Tampon,3680,3218,0.874,325.2,A,True,True,False
97422000CP0758,Le Tampon,5045,4262,0.845,34.3,A,True,True,False
97422000CP0287,Le Tampon,3335,2704,0.811,35.1,A,True,True,False
97422000CP0366,Le Tampon,1603,1190,0.743,124.3,A,True,True,False
97422000CP0687,Le Tampon,2979,2459,0.826,30.6,A,True,True,False
97422000CP0348,Le Tampon,2452,2011,0.820,119.4,A,True,True,False
97422000CP0405,Le Tampon,3021,2536,0.840,214.7,A,True,True,False
97422000CP0661,Le Tampon,3846,2638,0.686,260.2,A,True,True,False
97422000CP0463,Le Tampon,1773,1236,0.697,66.7,A,True,True,False
97422000CP0438,Le Tampon,5538,4934,0.891,170.6,A,True,True,False
97422000CP0466,Le Tampon,2704,2186,0.808,26.8,A,True,True,False
97422000CP0500,Le Tampon,4542,2833,0.624,153.7,U,True,False,False
97422000CR0281,Le Tampon,5766,5177,0.898,85.1,A,True,True,False
97422000CR0431,Le Tampon,5801,4583,0.790,26.5,A,True,True,False
97422000CR0709,Le Tampon,2209,1719,0.778,218.1,A,True,True,False
97422000CR0771,Le Tampon,1085,620,0.571,32.6,A,True,True,False
97422000CR0479,Le Tampon,1610,865,0.537,36.4,A,True,True,False
97422000CR0365,Le Tampon,5239,4716,0.900,21.8,A,True,True,False
97422000CR0382,Le Tampon,3856,3258,0.845,226.1,A,True,True,False
97422000CR0454,Le Tampon,4765,4355,0.914,32.2,N,True,True,False
97422000CR0554,Le Tampon,2501,2033,0.813,13.6,A,True,True,False
97422000CR0494,Le Tampon,2002,1311,0.655,69.8,A,True,True,False
97422000CS0927,Le Tampon,2646,2189,0.827,58.5,N,True,True,False
97422000CS0672,Le Tampon,2589,2159,0.834,16.2,N,True,True,False
97422000CS1597,Le Tampon,4867,3016,0.620,126.2,AUc,True,False,False
97422000CS1527,Le Tampon,2532,1744,0.689,68.2,AUc,True,False,False
97422000CS0144,Le Tampon,1213,768,0.633,13.0,U,True,False,False
97422000CS1524,Le Tampon,4072,3541,0.870,191.5,N,True,True,False
97422000CS0568,Le Tampon,2203,1792,0.813,15.7,U,True,False,False
97422000CS0372,Le Tampon,2791,2374,0.851,34.9,N,True,True,False
97422000CS0447,Le Tampon,1359,901,0.663,19.0,U,True,False,False
97422000CS0522,Le Tampon,4310,3032,0.703,271.0,A,True,True,False
97422000CS0279,Le Tampon,1656,1060,0.640,56.4,A,True,True,False
97422000CS0344,Le Tampon,1835,1312,0.715,21.1,A,True,True,False
97422000CT0097,Le Tampon,5453,4710,0.864,26.1,A,True,True,False
97422000CT0199,Le Tampon,1616,1213,0.750,65.8,A,True,True,False
97422000CT0154,Le Tampon,2151,1560,0.725,77.6,U,True,False,False
97422000CT0244,Le Tampon,1912,1500,0.785,23.5,A,True,True,False
97422000CT0104,Le Tampon,2373,1845,0.777,20.5,U,True,False,False
97422000CT0182,Le Tampon,2639,1384,0.525,35.5,U,True,False,False
97422000CT0253,Le Tampon,2202,1595,0.724,110.9,U,True,False,False
97422000CT0035,Le Tampon,4016,3325,0.828,13.5,A,True,True,False
97422000CV0262,Le Tampon,3411,2760,0.809,12.9,A,True,True,False
97422000CV0065,Le Tampon,4343,3808,0.877,36.1,A,True,True,False
97422000CV0164,Le Tampon,5914,4240,0.717,13.7,A,True,True,False
97422000CV0096,Le Tampon,5297,4364,0.824,72.0,A,True,True,False
97422000CV0047,Le Tampon,2649,2058,0.777,86.6,A,True,True,False
97422000CV0263,Le Tampon,2369,1527,0.645,44.1,A,True,True,False
97422000CV0114,Le Tampon,3532,2924,0.828,50.6,A,True,True,False
97422000CV0115,Le Tampon,3524,2828,0.802,65.7,A,True,True,False
97422000CV0123,Le Tampon,2573,1858,0.722,26.1,A,True,True,False
97422000CV0241,Le Tampon,2754,2348,0.853,19.1,A,True,True,False
97422000CV0071,Le Tampon,1867,1391,0.745,64.2,A,True,True,False
97422000CV0171,Le Tampon,3623,2679,0.740,31.8,A,True,True,False
97422000CW0057,Le Tampon,2252,1797,0.798,12.5,N,True,True,False
97422000CW0013,Le Tampon,1735,1296,0.747,37.8,A,True,True,False
97422000CW0072,Le Tampon,3345,2699,0.807,27.0,A,True,True,False
97422000CW0020,Le Tampon,1282,598,0.467,39.5,A,False,True,False
97422000CW0051,Le Tampon,4017,2847,0.709,45.3,A,True,True,False
97422000CW0077,Le Tampon,2709,2300,0.849,31.0,A,True,True,False
97422000CW0082,Le Tampon,2470,2025,0.820,24.4,A,True,True,False
97422000CX0019,Le Tampon,4390,3227,0.735,180.8,U,True,False,False
97422000CX0113,Le Tampon,2048,1616,0.789,61.4,U,True,False,False
97422000CX0126,Le Tampon,2050,1592,0.777,35.2,U,True,False,False
97422000CX0125,Le Tampon,2137,1642,0.769,36.9,U,True,False,False
97422000CX0111,Le Tampon,2041,1528,0.749,36.4,U,True,False,False
97422000CX0109,Le Tampon,2088,1535,0.735,36.0,U,True,False,False
97422000CX0649,Le Tampon,2625,1682,0.641,15.9,A,True,True,False
97422000CX0121,Le Tampon,2071,1561,0.754,37.8,U,True,False,False
97422000CX0118,Le Tampon,2106,1657,0.787,24.9,U,True,False,False
97422000CX0480,Le Tampon,2539,1772,0.698,32.6,U,True,False,False
97422000CX0217,Le Tampon,2148,1397,0.650,12.5,U,True,False,False
97422000CX0156,Le Tampon,2492,2070,0.830,77.4,U,True,False,False
97422000CX0573,Le Tampon,1903,1477,0.776,56.9,U,True,False,False
97422000CX1062,Le Tampon,1355,899,0.664,15.4,U,True,False,False
97422000CX0405,Le Tampon,1078,670,0.622,65.9,A,True,True,False
97422000CY0239,Le Tampon,2340,1761,0.753,45.0,A,True,True,False
97422000CY0198,Le Tampon,2251,1728,0.768,51.2,A,True,True,False
97422000CY0145,Le Tampon,5043,4218,0.836,18.7,U,True,False,False
97422000CZ0037,Le Tampon,3788,2634,0.695,19.4,A,True,True,False
97422000CZ0480,Le Tampon,2105,1634,0.776,33.9,A,True,True,False
97422000CZ0482,Le Tampon,2269,1823,0.803,45.8,A,True,True,False
97422000CZ0611,Le Tampon,2763,1980,0.717,22.9,A,True,True,False
97422000CZ0961,Le Tampon,2066,1603,0.776,48.8,A,True,True,False
97422000CZ0259,Le Tampon,1721,1028,0.597,13.5,A,True,True,False
97422000CZ0929,Le Tampon,3103,1543,0.497,38.0,A,False,True,False
97422000CZ0375,Le Tampon,4529,3355,0.741,46.3,A,True,True,False
97422000CZ0040,Le Tampon,1781,1335,0.750,15.0,A,True,True,False
97422000CZ0035,Le Tampon,1302,797,0.612,18.8,A,True,True,False
97422000CZ0941,Le Tampon,1263,839,0.664,57.7,A,True,True,False
97422000CZ0552,Le Tampon,2094,1507,0.720,55.5,A,True,True,False
97422000CZ0752,Le Tampon,1236,786,0.636,47.5,A,True,True,False
97422000CZ0387,Le Tampon,2336,1719,0.736,42.5,A,True,True,False
97422000CZ0468,Le Tampon,1891,1206,0.638,35.9,U,True,False,False
97422000CZ0397,Le Tampon,1646,1093,0.664,46.6,U,True,False,False
97422000DE0409,Le Tampon,1631,1069,0.656,55.6,A,True,True,False
97422000DE0481,Le Tampon,2000,1579,0.790,20.2,A,True,True,False
97422000DE0163,Le Tampon,2703,2022,0.748,80.1,A,True,True,False
97422000DE0336,Le Tampon,3507,2201,0.628,14.8,A,True,True,False
97422000DE0947,Le Tampon,1601,1039,0.649,30.3,A,True,True,False
97422000DE0039,Le Tampon,1861,1444,0.776,25.1,U,True,False,False
97422000DH0097,Le Tampon,2009,1438,0.716,34.4,U,True,False,False
97422000DH0988,Le Tampon,2046,1580,0.772,22.1,U,True,False,False
97422000DH0095,Le Tampon,1821,1280,0.703,35.1,U,True,False,False
97422000DH0989,Le Tampon,3506,2902,0.828,23.9,U,True,False,False
97422000DH0361,Le Tampon,1366,941,0.689,13.9,N,True,True,False
97422000DH0570,Le Tampon,1278,860,0.673,20.8,U,True,False,False
97422000DH0874,Le Tampon,5668,3380,0.596,88.1,A,True,True,False
97422000DH0277,Le Tampon,2519,1953,0.775,18.8,A,True,True,False
97422000DI0381,Le Tampon,3630,2862,0.788,16.1,A,True,True,False
97422000DI0390,Le Tampon,1784,1357,0.760,25.9,A,True,True,False
97422000DI0489,Le Tampon,1756,1271,0.724,14.1,A,True,True,False
97422000DI0281,Le Tampon,3451,2783,0.807,29.6,AUs,True,False,False
97422000DK0143,Le Tampon,1315,844,0.642,35.8,A,True,True,False
97422000DK0050,Le Tampon,2603,2061,0.792,20.4,A,True,True,False
97422000DL0571,Le Tampon,1368,905,0.661,14.3,U,True,False,False
97422000DL0381,Le Tampon,2205,1427,0.647,15.0,U,True,False,False
97422000DL0260,Le Tampon,1538,890,0.579,31.9,U,True,False,False
97422000DL0678,Le Tampon,2126,1618,0.761,71.2,A,True,True,False
97422000DL0780,Le Tampon,3046,2396,0.787,21.3,A,True,True,False
97422000DL0880,Le Tampon,1831,1360,0.743,36.8,A,True,True,False
97422000DL0326,Le Tampon,3849,2849,0.740,33.5,A,True,True,False
97422000DL0576,Le Tampon,1684,1098,0.652,31.4,A,True,True,False
97422000DL0447,Le Tampon,2400,1985,0.827,15.1,A,True,True,False
97422000DL0698,Le Tampon,2419,1073,0.444,22.6,U,False,False,False
97422000DL0190,Le Tampon,3349,2169,0.648,21.2,U,True,False,False
97422000DL0356,Le Tampon,1290,867,0.672,13.1,A,True,True,False
97422000DM0111,Le Tampon,4723,2652,0.561,32.5,N,True,True,False
97422000DM0090,Le Tampon,1964,1460,0.743,74.2,N,True,True,False
97422000DM0508,Le Tampon,1593,806,0.506,35.7,A,True,True,False
97422000DM0430,Le Tampon,2758,2162,0.784,14.4,A,True,True,False
97422000DM0611,Le Tampon,2435,895,0.367,14.1,A,False,True,False
97422000DM0518,Le Tampon,1894,1165,0.615,49.3,U,True,False,False
97422000DN0232,Le Tampon,4133,3147,0.762,16.4,A,True,True,False
97422000DN0234,Le Tampon,4411,3602,0.817,17.8,A,True,True,False
97422000DN0123,Le Tampon,2699,2212,0.820,15.6,A,True,True,False
97422000DN0127,Le Tampon,2475,1638,0.662,22.5,A,True,True,False
97422000DN0278,Le Tampon,2431,1596,0.657,17.7,A,True,True,False
97422000DN0256,Le Tampon,1775,1311,0.739,23.1,A,True,True,False
97422000DN0111,Le Tampon,1514,1000,0.660,13.1,A,True,True,False
97422000DO0273,Le Tampon,3381,2683,0.794,52.6,A,True,True,False
97422000DO0766,Le Tampon,1170,705,0.602,25.0,A,True,True,False
97422000DO0484,Le Tampon,2796,2032,0.727,20.5,A,True,True,False
97422000DO0481,Le Tampon,3259,2569,0.788,48.1,A,True,True,False
97422000DO0073,Le Tampon,1784,1309,0.733,25.8,N,True,True,False
97422000DO0264,Le Tampon,2617,2046,0.782,53.0,A,True,True,False
97422000DO0347,Le Tampon,2787,1945,0.698,23.2,A,True,True,False
97422000DO0348,Le Tampon,2730,1153,0.422,80.4,A,False,True,False
97422000DO0725,Le Tampon,4321,2255,0.522,23.9,A,True,True,False
97422000DO0307,Le Tampon,4951,3944,0.797,93.4,A,True,True,False
97422000DO0760,Le Tampon,1859,1255,0.675,64.8,A,True,True,False
97422000DO0414,Le Tampon,1998,1563,0.783,51.0,A,True,True,False
97422000DO0396,Le Tampon,2277,1629,0.715,37.5,N,True,True,False
97422000DO0450,Le Tampon,5422,4318,0.796,18.1,A,True,True,False
97422000DO0570,Le Tampon,3249,2348,0.722,42.0,A,True,True,False
97422000DO0406,Le Tampon,1910,1367,0.716,56.7,A,True,True,False
97422000DO0438,Le Tampon,1994,1527,0.766,29.7,A,True,True,False
97422000DO0431,Le Tampon,3961,3224,0.814,53.4,A,True,True,False
97422000DO0759,Le Tampon,1582,1142,0.722,26.1,A,True,True,False
97422000DT0009,Le Tampon,2481,2066,0.833,74.3,A,True,True,False
97422000DZ0025,Le Tampon,1351,943,0.698,42.6,N,True,True,False
97422000DZ0026,Le Tampon,1797,1061,0.590,71.4,N,True,True,False
97422000EC0446,Le Tampon,1588,1112,0.700,64.3,U,True,False,False
97422000EC0111,Le Tampon,5134,4727,0.921,59.7,U,True,False,False
97422000EC0239,Le Tampon,2544,1835,0.721,54.3,U,True,False,False
97422000EC0487,Le Tampon,1501,1051,0.700,75.1,U,True,False,False
97422000ED0185,Le Tampon,4287,3640,0.849,53.2,U,True,False,False
97422000ED0485,Le Tampon,5044,4086,0.810,336.6,U,True,False,False
97422000ED0533,Le Tampon,1321,895,0.678,55.5,U,True,False,False
97422000ED0573,Le Tampon,2018,1498,0.742,172.1,U,True,False,False
97422000ED0560,Le Tampon,3363,2859,0.850,23.2,U,True,False,False
97422000EH0027,Le Tampon,5677,4913,0.865,138.8,U,True,False,False
97422000EH0017,Le Tampon,2437,1826,0.749,76.4,U,True,False,False
97422000EH0045,Le Tampon,2573,1915,0.744,12.1,U,True,False,False
97422000EH0226,Le Tampon,2024,1543,0.762,31.3,U,True,False,False
97422000EI0236,Le Tampon,1497,942,0.629,76.7,U,True,False,False
97422000EI0270,Le Tampon,3976,3482,0.876,18.0,U,True,False,False
97422000EI0304,Le Tampon,3338,2253,0.675,30.8,AUc,True,False,False
97422000EI0269,Le Tampon,3116,2033,0.652,104.7,U,True,False,False
97422000EL0134,Le Tampon,1758,1243,0.707,18.3,U,True,False,False
97422000EL0097,Le Tampon,1452,1035,0.713,18.6,U,True,False,False
97422000EM0240,Le Tampon,2152,1653,0.768,38.4,U,True,False,False
97422000EM0121,Le Tampon,2300,1818,0.790,37.7,U,True,False,False
97422000EN0703,Le Tampon,5513,4207,0.763,46.4,N,True,True,False
97422000EN0206,Le Tampon,2771,1757,0.634,103.3,U,True,False,False
97422000EN0003,Le Tampon,1597,1061,0.664,18.9,U,True,False,False
97416000CD0672,Saint-Pierre,3865,3245,0.840,29.1,A,True,True,False
97416000CD0643,Saint-Pierre,2891,1948,0.674,51.1,A,True,True,False
97416000CD0081,Saint-Pierre,2005,1167,0.582,113.1,A,True,True,False
97416000CD0718,Saint-Pierre,5253,4304,0.819,232.9,A,True,True,False
97416000CD0670,Saint-Pierre,4799,3734,0.778,82.2,A,True,True,False
97416000CO0714,Saint-Pierre,5388,4145,0.769,107.3,A,True,True,False
97416000CO0694,Saint-Pierre,1985,1028,0.518,37.7,A,True,True,False
97416000CO0646,Saint-Pierre,3667,2556,0.697,27.3,A,True,True,False
97416000CO0713,Saint-Pierre,3304,2350,0.711,14.1,A,True,True,False
97416000CO0911,Saint-Pierre,1826,1351,0.740,89.2,U,True,False,False
97416000CO0830,Saint-Pierre,3887,2866,0.737,107.5,U,True,False,False
97416000CO0056,Saint-Pierre,3624,2343,0.647,63.5,N,True,True,False
97416000CR0929,Saint-Pierre,4509,2563,0.568,28.1,U,True,False,False
97416000CR0432,Saint-Pierre,2231,1173,0.526,37.6,A,True,True,False
97416000CR0153,Saint-Pierre,1515,1049,0.692,30.2,U,True,False,False
97416000CR0328,Saint-Pierre,1529,1076,0.704,38.5,U,True,False,False
97416000CR1072,Saint-Pierre,3474,1754,0.505,46.1,U,True,False,False
97416000CS0667,Saint-Pierre,4506,2492,0.553,35.2,U,True,False,False
97416000CS1040,Saint-Pierre,3629,2879,0.793,12.0,A,True,True,False
97416000CS0648,Saint-Pierre,2151,1275,0.593,52.6,U,True,False,False
97416000CS0898,Saint-Pierre,4116,2750,0.668,28.3,A,True,True,False
97416000CS0720,Saint-Pierre,3421,2250,0.657,33.3,U,True,False,False
97416000CS0721,Saint-Pierre,3448,2154,0.625,46.4,U,True,False,False
97416000CS0061,Saint-Pierre,3112,2132,0.685,78.3,U,True,False,False
97416000CS1227,Saint-Pierre,1166,736,0.631,20.3,U,True,False,False
97416000CS0685,Saint-Pierre,1666,890,0.534,26.2,U,True,False,False
97416000CT0216,Saint-Pierre,2300,787,0.342,40.6,U,False,False,False
97416000CT0651,Saint-Pierre,1883,1314,0.698,72.2,U,True,False,False
97416000CT0325,Saint-Pierre,1430,878,0.614,27.7,U,True,False,False
97416000CT1263,Saint-Pierre,2090,1019,0.487,21.4,U,False,False,False
97416000CT0175,Saint-Pierre,2217,999,0.451,80.8,U,False,False,False
97416000CT0178,Saint-Pierre,1917,1332,0.695,17.5,U,True,False,False
97416000CT0179,Saint-Pierre,1704,1127,0.661,21.8,U,True,False,False
97416000CT1179,Saint-Pierre,2114,1446,0.684,51.8,U,True,False,False
97416000CT1121,Saint-Pierre,2005,1291,0.644,47.0,U,True,False,False
97416000CT0705,Saint-Pierre,1348,812,0.602,17.1,U,True,False,False
97416000CT0682,Saint-Pierre,1556,925,0.595,77.9,U,True,False,False
97416000CV0574,Saint-Pierre,2248,1397,0.622,24.3,A,True,True,False
97416000CV1885,Saint-Pierre,3288,2431,0.739,17.3,U,True,False,False
97416000CV0654,Saint-Pierre,4003,3404,0.850,123.6,A,True,True,False
97416000CV1433,Saint-Pierre,1342,780,0.581,30.8,A,True,True,False
97416000CV1218,Saint-Pierre,1685,1257,0.746,12.0,A,True,True,False
97416000CV0988,Saint-Pierre,1441,990,0.687,137.6,A,True,True,False
97416000CV0338,Saint-Pierre,4617,3825,0.828,37.9,A,True,True,False
97416000CV1278,Saint-Pierre,3913,2959,0.756,87.8,U,True,False,False
97416000CV1589,Saint-Pierre,1655,1060,0.641,97.9,U,True,False,False
97416000CV0397,Saint-Pierre,1528,999,0.654,98.1,A,True,True,False
97416000CV0983,Saint-Pierre,1998,1551,0.776,12.1,A,True,True,False
97416000CV1469,Saint-Pierre,2801,2358,0.842,82.2,A,True,True,False
97416000CV2298,Saint-Pierre,2004,1575,0.786,12.2,A,True,True,False
97416000CV1548,Saint-Pierre,4043,3402,0.841,80.6,A,True,True,False
97416000CV0904,Saint-Pierre,2430,1745,0.718,38.5,U,True,False,False
97416000CV1616,Saint-Pierre,2558,1669,0.652,12.0,U,True,False,False
97416000CV1954,Saint-Pierre,2390,1701,0.712,104.0,U,True,False,False
97416000CV1953,Saint-Pierre,1916,1389,0.725,62.6,U,True,False,False
97416000CV1189,Saint-Pierre,2809,2181,0.777,18.2,A,True,True,False
97416000CV0378,Saint-Pierre,2121,1383,0.652,88.9,U,True,False,False
97416000CV2000,Saint-Pierre,1521,1053,0.693,19.3,A,True,True,False
97416000CV1974,Saint-Pierre,2396,1787,0.746,18.5,A,True,True,False
97416000CW2986,Saint-Pierre,4006,3497,0.873,104.8,U,True,False,False
97416000CW1923,Saint-Pierre,2421,1796,0.742,17.8,U,True,False,False
97416000CW1582,Saint-Pierre,1787,1212,0.678,105.8,U,True,False,False
97416000CW0724,Saint-Pierre,1192,724,0.607,57.8,U,True,False,False
97416000CW0341,Saint-Pierre,2410,1956,0.811,12.1,U,True,False,False
97416000CW2505,Saint-Pierre,1890,1213,0.642,24.7,U,True,False,False
97416000CW0516,Saint-Pierre,2535,1393,0.549,101.7,U,True,False,False
97416000CW0954,Saint-Pierre,1277,851,0.667,95.2,U,True,False,False
97416000CW2523,Saint-Pierre,1236,799,0.647,19.0,U,True,False,False
97416000CW1180,Saint-Pierre,2757,2219,0.805,70.8,U,True,False,False
97416000CW1043,Saint-Pierre,1725,1324,0.768,38.6,U,True,False,False
97416000CW0955,Saint-Pierre,1367,935,0.684,51.4,U,True,False,False
97416000CW0246,Saint-Pierre,1661,1154,0.694,35.8,U,True,False,False
97416000CW1177,Saint-Pierre,1593,1164,0.731,17.7,U,True,False,False
97416000CW0163,Saint-Pierre,3870,2550,0.659,237.2,U,True,False,False
97416000CW1573,Saint-Pierre,1200,721,0.601,36.7,N,True,True,False
97416000CW0760,Saint-Pierre,1771,1189,0.671,66.3,U,True,False,False
97416000CW0771,Saint-Pierre,1437,999,0.695,57.4,U,True,False,False
97416000CW0900,Saint-Pierre,2441,1931,0.791,93.7,U,True,False,False
97416000CW1488,Saint-Pierre,1751,1201,0.686,61.9,U,True,False,False
97416000CW2119,Saint-Pierre,1710,1248,0.730,50.9,U,True,False,False
97416000CW1989,Saint-Pierre,1482,1039,0.701,12.1,U,True,False,False
97416000CX0510,Saint-Pierre,5571,3980,0.714,327.2,U,True,False,False
97416000CX1253,Saint-Pierre,2836,2265,0.799,45.9,A,True,True,False
97416000CX0185,Saint-Pierre,2493,1290,0.518,15.0,U,True,False,False
97416000CX0347,Saint-Pierre,2958,1875,0.634,45.8,U,True,False,False
97416000CX0214,Saint-Pierre,2854,2389,0.837,189.8,U,True,False,False
97416000CX0663,Saint-Pierre,1695,1099,0.648,46.4,U,True,False,False
97416000CX0153,Saint-Pierre,2742,1887,0.688,53.5,U,True,False,False
97416000CX0175,Saint-Pierre,1274,850,0.667,70.1,U,True,False,False
97416000CX0114,Saint-Pierre,1687,1068,0.633,75.3,U,True,False,False
97416000CX0422,Saint-Pierre,2320,1449,0.625,78.3,U,True,False,False
97416000CY0360,Saint-Pierre,1946,1412,0.726,15.3,U,True,False,False
97416000CY0660,Saint-Pierre,2904,1781,0.613,56.4,A,True,True,False
97416000CY0658,Saint-Pierre,1445,1030,0.713,31.9,A,True,True,False
97416000CY0662,Saint-Pierre,3311,1795,0.542,61.8,A,True,True,False
97416000CY0113,Saint-Pierre,1461,938,0.642,18.1,U,True,False,False
97416000CY0043,Saint-Pierre,4127,2423,0.587,33.3,U,True,False,False
97416000CZ1897,Saint-Pierre,2169,1334,0.615,21.9,N,True,True,False
97416000CZ1358,Saint-Pierre,2427,2008,0.827,12.0,A,True,True,False
97416000CZ2183,Saint-Pierre,3141,2019,0.643,21.1,U,True,False,False
97416000CZ1123,Saint-Pierre,1440,873,0.606,15.9,U,True,False,False
97416000CZ2059,Saint-Pierre,2493,1492,0.598,117.5,A,True,True,False
97416000CZ1407,Saint-Pierre,1487,1044,0.702,45.8,U,True,False,False
97416000CZ1228,Saint-Pierre,2073,1336,0.644,25.9,U,True,False,False
97416000CZ1640,Saint-Pierre,2050,1471,0.718,89.9,U,True,False,False
97416000CZ1967,Saint-Pierre,1415,1009,0.713,88.6,U,True,False,False
97416000CZ1182,Saint-Pierre,2315,1846,0.797,106.4,U,True,False,False
97416000CZ2225,Saint-Pierre,2859,2141,0.749,94.7,U,True,False,False
97416000CZ2174,Saint-Pierre,2219,1760,0.793,106.9,U,True,False,False
97416000CZ1889,Saint-Pierre,2408,1853,0.769,72.2,N,True,True,False
97416000CZ1232,Saint-Pierre,1526,967,0.633,108.8,U,True,False,False
97416000CZ1382,Saint-Pierre,2218,1476,0.665,124.2,U,True,False,False
97416000CZ1819,Saint-Pierre,1336,851,0.637,46.3,U,True,False,False
97416000CZ0601,Saint-Pierre,1395,952,0.682,13.6,U,True,False,False
97416000CZ1114,Saint-Pierre,1586,1041,0.656,92.2,A,True,True,False
97416000CZ0751,Saint-Pierre,1172,762,0.650,54.9,U,True,False,False
97416000CZ1413,Saint-Pierre,1295,743,0.574,39.6,U,True,False,False
97416000CZ0705,Saint-Pierre,1277,868,0.680,12.0,U,True,False,False
97416000CZ0589,Saint-Pierre,1429,1013,0.709,35.7,U,True,False,False
97416000CZ0408,Saint-Pierre,2349,1799,0.766,60.6,U,True,False,False
97416000CZ0843,Saint-Pierre,1505,1015,0.675,71.2,U,True,False,False
97416000CZ0842,Saint-Pierre,1113,541,0.486,51.9,U,False,False,False
97416000DE0152,Saint-Pierre,2520,1612,0.640,24.8,U,True,False,False
97416000DE1855,Saint-Pierre,3656,2448,0.670,26.7,U,True,False,False
97416000DE1857,Saint-Pierre,4291,2942,0.686,16.3,U,True,False,False
97416000DE0950,Saint-Pierre,2202,1742,0.791,18.7,U,True,False,False
97416000DE1160,Saint-Pierre,2573,1340,0.521,47.8,U,True,False,False
97416000DE1572,Saint-Pierre,1367,926,0.678,56.0,U,True,False,False
97416000DE0446,Saint-Pierre,1341,888,0.662,46.9,U,True,False,False
97416000DE0587,Saint-Pierre,2829,1251,0.442,70.6,U,False,False,False
97416000DE1146,Saint-Pierre,1432,935,0.653,160.5,A,True,True,False
97416000DE1604,Saint-Pierre,3421,2808,0.821,35.2,A,True,True,False
97416000DH1875,Saint-Pierre,3456,2045,0.592,35.0,U,True,False,False
97416000DH1055,Saint-Pierre,4231,3082,0.728,12.6,U,True,False,False
97416000DH1868,Saint-Pierre,2615,1840,0.704,39.8,U,True,False,False
97416000DI0193,Saint-Pierre,5145,3592,0.698,102.9,U,True,False,False
97416000DI0182,Saint-Pierre,5513,4421,0.802,66.1,U,True,False,False
97416000DI0153,Saint-Pierre,3777,2917,0.772,35.0,A,True,True,False
97416000DI0038,Saint-Pierre,1985,924,0.465,18.9,U,False,False,False
97416000DK0074,Saint-Pierre,4115,2100,0.510,54.5,U,True,False,False
97416000DK0154,Saint-Pierre,2498,1668,0.667,84.2,U,True,False,False
97416000DL0142,Saint-Pierre,4806,3392,0.706,12.6,U,True,False,False
97416000DL0235,Saint-Pierre,2045,1021,0.499,21.5,U,False,False,False
97416000DM0986,Saint-Pierre,5793,2339,0.404,23.2,U,False,False,False
97416000DM0990,Saint-Pierre,1741,678,0.390,33.6,U,False,False,False
97416000DM0702,Saint-Pierre,4196,2356,0.562,76.3,U,True,False,False
97416000DM0665,Saint-Pierre,1267,598,0.472,55.0,U,False,False,False
97416000DM0281,Saint-Pierre,3656,2106,0.576,49.4,U,True,False,False
97416000DM0562,Saint-Pierre,1738,872,0.502,50.3,U,True,False,False
97416000DN0091,Saint-Pierre,3041,2465,0.811,40.7,U,True,False,False
97416000DN0478,Saint-Pierre,2507,1565,0.624,27.5,U,True,False,False
97416000DN0598,Saint-Pierre,3306,1771,0.536,67.6,U,True,False,False
97416000DO0062,Saint-Pierre,3155,1875,0.594,49.1,U,True,False,False
97416000DO0197,Saint-Pierre,5979,3698,0.618,17.5,U,True,False,False
97416000DO0297,Saint-Pierre,4513,2747,0.609,25.3,U,True,False,False
97416000DO0032,Saint-Pierre,2466,1546,0.627,16.6,U,True,False,False
97416000DO0299,Saint-Pierre,2720,1719,0.632,58.1,U,True,False,False
97416000DO0194,Saint-Pierre,1912,731,0.382,27.1,U,False,False,False
97416000DR0452,Saint-Pierre,4116,2295,0.558,18.7,U,True,False,False
97416000DR0312,Saint-Pierre,2556,1344,0.526,44.4,U,True,False,False
97416000DR0343,Saint-Pierre,3980,1000,0.251,14.7,U,False,False,False
97416000DR0495,Saint-Pierre,3891,2005,0.515,24.7,U,True,False,False
97416000DT0539,Saint-Pierre,1814,1247,0.688,31.0,U,True,False,False
97416000DV0127,Saint-Pierre,3605,1899,0.527,49.4,U,True,False,False
97416000DW0440,Saint-Pierre,5559,1994,0.359,36.2,U,False,False,False
97416000DX0077,Saint-Pierre,2805,1987,0.708,23.3,U,True,False,False
97416000DY0530,Saint-Pierre,5640,2564,0.455,20.5,U,False,False,False
97416000DZ0014,Saint-Pierre,5453,4461,0.818,14.0,A,True,True,False
97416000DZ0541,Saint-Pierre,5918,4996,0.844,12.0,A,True,True,False
97416000DZ0548,Saint-Pierre,5322,4288,0.806,15.1,A,True,True,False
97416000DZ0114,Saint-Pierre,3344,2136,0.639,36.9,A,True,True,False
97416000EH0975,Saint-Pierre,5417,4749,0.877,50.0,N,True,True,False
97416000EH0614,Saint-Pierre,2215,1270,0.574,81.3,U,True,False,False
97416000EH0957,Saint-Pierre,2143,1396,0.651,30.6,U,True,False,False
97416000EH0681,Saint-Pierre,1608,932,0.580,205.6,U,True,False,False
97416000EH1293,Saint-Pierre,1959,1317,0.672,65.2,U,True,False,False
97416000EH0108,Saint-Pierre,2276,1508,0.663,26.6,A,True,True,False
97416000EH0974,Saint-Pierre,1531,1000,0.653,44.5,U,True,False,False
97416000EH0358,Saint-Pierre,1217,796,0.653,73.1,U,True,False,False
97416000EI0996,Saint-Pierre,3127,893,0.286,27.5,U,False,False,False
97416000EI0435,Saint-Pierre,4523,2362,0.522,52.6,U,True,False,False
97416000EI1426,Saint-Pierre,1283,732,0.570,23.0,U,True,False,False
97416000EI0425,Saint-Pierre,1890,1308,0.692,34.5,U,True,False,False
97416000EN1223,Saint-Pierre,4379,1087,0.248,17.8,U,False,False,False
97416000EO0149,Saint-Pierre,5214,2701,0.518,21.6,A,True,True,False
97416000EO0191,Saint-Pierre,3517,2023,0.575,14.5,A,True,True,False
97416000EO0138,Saint-Pierre,2495,1812,0.726,12.9,A,True,True,False
97416000EP0082,Saint-Pierre,1698,1242,0.732,15.9,N,True,True,False
97416000EP1064,Saint-Pierre,2117,1186,0.560,20.9,A,True,True,False
97416000ER0622,Saint-Pierre,4317,2222,0.515,107.9,U,True,False,False
97416000ER0413,Saint-Pierre,1705,1234,0.724,28.0,U,True,False,False
97416000ER0513,Saint-Pierre,2011,1519,0.755,66.8,U,True,False,False
97416000ER0553,Saint-Pierre,4819,3773,0.783,68.3,A,True,True,False
97416000ER0362,Saint-Pierre,2416,686,0.284,34.7,U,False,False,False
97416000ER0471,Saint-Pierre,2949,1790,0.607,65.0,U,True,False,False
97416000ER0136,Saint-Pierre,1902,1241,0.652,45.3,A,True,True,False
97416000ES0333,Saint-Pierre,4986,3796,0.761,59.5,A,True,True,False
97416000ES1890,Saint-Pierre,3806,1963,0.516,96.9,U,True,False,False
97416000ES0281,Saint-Pierre,2634,1746,0.663,71.0,U,True,False,False
97416000ES0119,Saint-Pierre,2247,1571,0.699,30.0,N,True,True,False
97416000ES0264,Saint-Pierre,1355,940,0.694,12.9,N,True,True,False
97416000ES1907,Saint-Pierre,2291,1506,0.657,83.5,U,True,False,False
97416000ES2106,Saint-Pierre,1134,671,0.592,17.9,U,True,False,False
97416000ES0477,Saint-Pierre,1225,607,0.496,32.0,U,False,False,False
97416000ES1729,Saint-Pierre,1972,947,0.480,61.7,U,False,False,False
97416000ES2077,Saint-Pierre,1678,1211,0.722,48.1,N,True,True,False
97416000ES0592,Saint-Pierre,2770,1928,0.696,44.2,N,True,True,False
97416000ES0885,Saint-Pierre,2663,1329,0.499,21.8,U,False,False,False
97416000ES1945,Saint-Pierre,1379,671,0.487,45.9,U,False,False,False
97416000ES1371,Saint-Pierre,1515,1113,0.734,94.4,U,True,False,False
97416000ES1722,Saint-Pierre,2934,1672,0.570,26.1,U,True,False,False
97416000ES1905,Saint-Pierre,4160,2766,0.665,91.5,U,True,False,False
97416000ET0452,Saint-Pierre,4093,1846,0.451,44.6,U,False,False,False
97416000ET2226,Saint-Pierre,4528,2315,0.511,22.5,U,True,False,False
97416000ET1082,Saint-Pierre,2055,1527,0.743,51.1,U,True,False,False
97416000ET1081,Saint-Pierre,3098,2239,0.723,40.5,N,True,True,False
97416000ET1887,Saint-Pierre,2503,1797,0.718,30.6,N,True,True,False
97416000ET2004,Saint-Pierre,2287,1321,0.578,15.8,U,True,False,False
97416000ET0217,Saint-Pierre,1576,970,0.616,37.0,U,True,False,False
97416000ET0062,Saint-Pierre,1981,1483,0.749,40.5,U,True,False,False
97416000ET0055,Saint-Pierre,1410,953,0.676,27.1,U,True,False,False
97416000ET0081,Saint-Pierre,1439,1015,0.705,35.0,U,True,False,False
97416000ET0439,Saint-Pierre,1303,893,0.686,29.5,A,True,True,False
97416000ET0873,Saint-Pierre,4666,2402,0.515,48.8,U,True,False,False
97416000ET0663,Saint-Pierre,1544,911,0.590,27.7,U,True,False,False
97416000EV1546,Saint-Pierre,2632,1670,0.634,81.0,U,True,False,False
97416000EV1544,Saint-Pierre,1933,1495,0.774,30.4,A,True,True,False
97416000EV1574,Saint-Pierre,2772,2049,0.739,38.4,A,True,True,False
97416000EV1408,Saint-Pierre,2429,1825,0.752,14.5,A,True,True,False
97416000EV1680,Saint-Pierre,2321,1501,0.646,104.7,A,True,True,False
97416000EV0182,Saint-Pierre,3109,2503,0.805,13.1,A,True,True,False
97416000EV0255,Saint-Pierre,2577,1831,0.710,25.2,A,True,True,False
97416000EV0354,Saint-Pierre,2645,2092,0.791,15.7,A,True,True,False
97416000EV0173,Saint-Pierre,2116,1556,0.735,20.2,A,True,True,False
97416000EV0085,Saint-Pierre,5592,4144,0.741,64.3,N,True,True,False
97416000EV1197,Saint-Pierre,2307,1720,0.745,54.4,U,True,False,False
97416000EV1771,Saint-Pierre,2159,1383,0.641,51.8,U,True,False,False
97416000EW0374,Saint-Pierre,4047,1615,0.399,37.4,U,False,False,False
97416000EW0780,Saint-Pierre,5985,4408,0.737,39.2,N,True,True,False
97416000EW0577,Saint-Pierre,2375,1590,0.669,28.9,N,True,True,False
97416000EW0636,Saint-Pierre,3425,2491,0.727,20.1,N,True,True,False
97416000EW0702,Saint-Pierre,3536,2696,0.762,27.0,U,True,False,False
97416000EW0645,Saint-Pierre,2184,1775,0.813,25.3,A,True,True,False
97416000EW1098,Saint-Pierre,1408,939,0.667,26.2,A,True,True,False
97416000EW0042,Saint-Pierre,2472,1720,0.696,43.9,U,True,False,False
97416000EW0637,Saint-Pierre,3197,2532,0.792,18.8,N,True,True,False
97416000EW0638,Saint-Pierre,2047,1572,0.768,23.4,N,True,True,False
97416000EW0611,Saint-Pierre,2756,2219,0.805,33.0,U,True,False,False
97416000EW0769,Saint-Pierre,2216,1804,0.814,13.9,U,True,False,False
97416000EW1267,Saint-Pierre,1823,1379,0.757,33.4,U,True,False,False
97416000EW1046,Saint-Pierre,2386,1704,0.714,44.9,U,True,False,False
97416000EW0161,Saint-Pierre,1878,1371,0.730,25.2,N,True,True,False
97416000EX0315,Saint-Pierre,3925,3094,0.788,47.5,N,True,True,False
97416000EX0314,Saint-Pierre,4180,3299,0.789,20.7,N,True,True,False
97416000EX1084,Saint-Pierre,2188,1158,0.529,27.8,U,True,False,False
97416000EX0067,Saint-Pierre,1188,609,0.512,12.2,U,True,False,False
97416000EX1315,Saint-Pierre,2334,1583,0.678,36.9,U,True,False,False
97416000EX0581,Saint-Pierre,1129,710,0.629,22.6,U,True,False,False
97416000EX1182,Saint-Pierre,2134,1471,0.689,26.8,U,True,False,False
97416000EX0429,Saint-Pierre,1661,1158,0.697,16.6,U,True,False,False
97416000EX1036,Saint-Pierre,1269,863,0.680,26.5,U,True,False,False
97416000EX1215,Saint-Pierre,2750,2031,0.739,38.9,N,True,True,False
97416000EX0468,Saint-Pierre,2390,1935,0.810,15.3,U,True,False,False
97416000EX0821,Saint-Pierre,3220,2591,0.805,45.4,U,True,False,False
97416000EY0708,Saint-Pierre,4921,4138,0.841,78.6,A,True,True,False
97416000EY1250,Saint-Pierre,4927,4312,0.875,16.1,N,True,True,False
97416000EY0558,Saint-Pierre,3208,2801,0.873,39.0,N,True,True,False
97416000EY1220,Saint-Pierre,4010,2840,0.708,61.8,A,True,True,False
97416000EY0726,Saint-Pierre,1479,1015,0.686,54.9,U,True,False,False
97416000EY1238,Saint-Pierre,5157,4651,0.902,67.0,A,True,True,False
97416000EY0648,Saint-Pierre,1842,1401,0.761,81.0,U,True,False,False
97416000EY0270,Saint-Pierre,1881,1296,0.689,106.5,U,True,False,False
97416000EY0353,Saint-Pierre,3757,2849,0.758,63.8,N,True,True,False
97416000EY1314,Saint-Pierre,4020,2586,0.643,117.7,U,True,False,False
97416000EY0929,Saint-Pierre,3528,3116,0.883,216.8,A,True,True,False
97416000EY0720,Saint-Pierre,3536,3054,0.864,40.3,N,True,True,False
97416000EZ0238,Saint-Pierre,1779,1144,0.643,52.4,U,True,False,False
97416000EZ0445,Saint-Pierre,2625,2091,0.796,111.2,U,True,False,False
97416000EZ0264,Saint-Pierre,2184,1739,0.796,66.4,A,True,True,False
97416000EZ0305,Saint-Pierre,1389,908,0.654,51.9,A,True,True,False
97416000EZ0300,Saint-Pierre,1556,1107,0.711,18.8,U,True,False,False
97416000EZ0230,Saint-Pierre,1287,853,0.662,24.1,A,True,True,False
97416000HI0733,Saint-Pierre,1398,805,0.576,37.8,U,True,False,False
97416000HI0844,Saint-Pierre,1483,1052,0.709,52.9,A,True,True,False
97416000HI1111,Saint-Pierre,4660,4096,0.879,71.7,A,True,True,False
97416000HI0699,Saint-Pierre,3977,3454,0.869,52.3,A,True,True,False
97416000HI1087,Saint-Pierre,1982,1430,0.721,21.8,A,True,True,False
97416000HI0173,Saint-Pierre,4372,2982,0.682,245.9,U,True,False,False
97416000HI0175,Saint-Pierre,1771,1155,0.652,67.7,U,True,False,False
97416000HI0436,Saint-Pierre,1520,1003,0.660,14.2,U,True,False,False
97416000HI0138,Saint-Pierre,2184,1674,0.766,145.4,U,True,False,False
97416000HI0671,Saint-Pierre,3203,2621,0.818,105.0,A,True,True,False
97416000HI0879,Saint-Pierre,2818,2317,0.822,51.5,N,True,True,False
97416000HI0413,Saint-Pierre,2533,2008,0.793,41.5,A,True,True,False
97416000HI0416,Saint-Pierre,2767,2332,0.843,51.3,A,True,True,False
97416000HI0978,Saint-Pierre,1677,1038,0.619,131.4,U,True,False,False
97416000HI0903,Saint-Pierre,3806,2751,0.723,241.1,A,True,True,False
97416000HM0352,Saint-Pierre,1625,1133,0.697,99.6,U,True,False,False
97416000HM0136,Saint-Pierre,4554,3513,0.772,35.4,U,True,False,False
97416000HM0422,Saint-Pierre,2105,1692,0.804,126.9,U,True,False,False
97416000HM0414,Saint-Pierre,2480,1847,0.745,143.9,A,True,True,False
97416000HM0420,Saint-Pierre,1433,1025,0.716,18.1,A,True,True,False
97416000HM0435,Saint-Pierre,2513,2097,0.834,220.6,A,True,True,False
97416000HM0208,Saint-Pierre,1956,1439,0.736,94.7,A,True,True,False
97416000HM0442,Saint-Pierre,1746,1233,0.706,262.9,A,True,True,False
97416000HM0195,Saint-Pierre,1644,1172,0.713,67.5,A,True,True,False
97416000HN0244,Saint-Pierre,5737,4880,0.851,33.4,A,True,True,False
97416000HN0843,Saint-Pierre,4432,3707,0.836,14.4,A,True,True,False
97416000HN0034,Saint-Pierre,2484,1820,0.733,153.1,U,True,False,False
97416000HN0044,Saint-Pierre,2705,2051,0.758,155.4,U,True,False,False
97416000HN0916,Saint-Pierre,1685,1091,0.647,75.0,A,True,True,False
97416000HN0823,Saint-Pierre,2518,1970,0.782,81.2,U,True,False,False
97416000HN1473,Saint-Pierre,4086,3045,0.745,147.0,U,True,False,False
97416000HO0693,Saint-Pierre,1603,1168,0.729,44.7,U,True,False,False
97416000HO0217,Saint-Pierre,3895,3270,0.840,216.0,A,True,True,False
97416000HO0287,Saint-Pierre,2380,1710,0.718,61.1,U,True,False,False
97416000HO0602,Saint-Pierre,3040,2113,0.695,287.0,U,True,False,False
97416000HO0569,Saint-Pierre,3544,2929,0.827,62.2,A,True,True,False
97416000HO0514,Saint-Pierre,5364,4696,0.875,12.2,A,True,True,False
97416000HO0706,Saint-Pierre,1622,997,0.614,38.2,N,True,True,False
97416000HO0525,Saint-Pierre,1144,718,0.627,12.5,N,True,True,False
97416000HO0196,Saint-Pierre,2261,1188,0.525,61.0,A,True,True,False
97416000HO0957,Saint-Pierre,4348,2978,0.685,18.3,A,True,True,False
97416000HO0103,Saint-Pierre,1852,1391,0.751,20.2,A,True,True,False
97416000HP0407,Saint-Pierre,3591,3160,0.880,58.9,A,True,True,False
97416000HP0004,Saint-Pierre,2245,1660,0.739,57.4,U,True,False,False
97416000HP0845,Saint-Pierre,2845,2345,0.824,25.1,U,True,False,False
97416000HP0629,Saint-Pierre,4330,3878,0.896,246.7,A,True,True,False
97416000HP0596,Saint-Pierre,2670,2158,0.808,95.3,A,True,True,False
97416000HP0498,Saint-Pierre,4129,3283,0.795,22.0,A,True,True,False
97416000HP0062,Saint-Pierre,1809,1106,0.611,67.0,U,True,False,False
97416000HR0432,Saint-Pierre,1945,1396,0.718,69.9,U,True,False,False
97416000HR0214,Saint-Pierre,1611,1044,0.648,14.3,U,True,False,False
97416000HS0573,Saint-Pierre,3541,3080,0.870,48.2,A,True,True,False
97416000HS0497,Saint-Pierre,1814,1192,0.657,24.1,A,True,True,False
97416000HT0272,Saint-Pierre,2742,2099,0.766,71.1,U,True,False,False
97416000HT0369,Saint-Pierre,1730,1190,0.688,130.8,U,True,False,False
97416000HT0067,Saint-Pierre,5286,3194,0.604,12.5,U,True,False,False
97416000HT0052,Saint-Pierre,2170,1558,0.718,12.0,U,True,False,False
97416000HV0247,Saint-Pierre,1711,903,0.528,28.9,U,True,False,False
97416000HV0031,Saint-Pierre,1396,702,0.503,20.5,U,True,False,False
97416000HW0202,Saint-Pierre,1700,1198,0.704,23.6,N,True,True,False
97416000HW0170,Saint-Pierre,2436,989,0.406,15.4,U,False,False,False
97416000HX1065,Saint-Pierre,1305,626,0.480,33.6,U,False,False,False
97416000HX0891,Saint-Pierre,1123,629,0.560,25.0,U,True,False,False
97416000HX0270,Saint-Pierre,4231,2948,0.697,25.0,U,True,False,False
97416000HX1490,Saint-Pierre,3275,2050,0.626,32.5,U,True,False,False
97416000HX0052,Saint-Pierre,2134,1622,0.760,27.3,U,True,False,False
97416000HX0678,Saint-Pierre,1577,985,0.624,89.0,U,True,False,False
97416000HX0545,Saint-Pierre,1608,1069,0.665,91.5,U,True,False,False
97416000HX1447,Saint-Pierre,2478,1813,0.732,56.2,U,True,False,False
97416000HX0442,Saint-Pierre,1836,1401,0.763,17.2,U,True,False,False
97416000HX0399,Saint-Pierre,2298,1549,0.674,39.8,U,True,False,False
97416000HX0146,Saint-Pierre,1406,939,0.668,81.2,U,True,False,False
97416000HX0161,Saint-Pierre,1675,989,0.590,165.7,U,True,False,False
97416000HX0990,Saint-Pierre,1470,700,0.476,53.1,U,False,False,False
97416000HX1144,Saint-Pierre,1662,1031,0.620,39.1,U,True,False,False
97416000HY1747,Saint-Pierre,5871,2399,0.409,49.6,U,False,False,False
97416000HY0337,Saint-Pierre,3795,2315,0.610,214.5,U,True,False,False
97416000HY1195,Saint-Pierre,4328,2527,0.584,79.8,U,True,False,False
97416000HY0775,Saint-Pierre,1828,1342,0.734,49.7,A,True,True,False
97416000HY0133,Saint-Pierre,2043,1631,0.798,15.8,U,True,False,False
97416000HY0129,Saint-Pierre,2047,1642,0.802,111.2,U,True,False,False
97416000HY0091,Saint-Pierre,2202,1441,0.655,16.1,U,True,False,False
97416000HY1652,Saint-Pierre,2138,1709,0.799,50.6,U,True,False,False
97416000HY0065,Saint-Pierre,3071,2249,0.732,37.1,U,True,False,False
97416000HZ0355,Saint-Pierre,1314,837,0.637,55.7,U,True,False,False
97416000HZ0042,Saint-Pierre,1772,1340,0.757,144.0,U,True,False,False
97416000HZ0075,Saint-Pierre,2272,1501,0.661,28.2,U,True,False,False
97416000HZ0272,Saint-Pierre,2266,1837,0.811,83.2,U,True,False,False
97416000HZ0827,Saint-Pierre,1388,879,0.634,75.5,U,True,False,False
97416000HZ0230,Saint-Pierre,1146,665,0.580,45.1,U,True,False,False
97416000HZ0194,Saint-Pierre,1103,646,0.586,49.5,U,True,False,False
97416000IA1595,Saint-Pierre,3352,2897,0.864,18.1,U,True,False,False
97416000IA1200,Saint-Pierre,2904,2193,0.755,40.5,U,True,False,False
97416000IA0828,Saint-Pierre,2650,2155,0.813,73.1,N,True,True,False
97416000IA0361,Saint-Pierre,3378,2575,0.762,42.5,N,True,True,False
97416000IA0138,Saint-Pierre,2561,1889,0.738,30.4,U,True,False,False
97416000IA0171,Saint-Pierre,3101,1745,0.563,53.3,U,True,False,False
97416000IB0588,Saint-Pierre,5686,3984,0.701,146.5,AUc,True,False,False
97416000IB0427,Saint-Pierre,1567,1091,0.696,15.2,U,True,False,False
97416000IB0585,Saint-Pierre,3176,2195,0.691,179.3,AUc,True,False,False
97416000IB0061,Saint-Pierre,1956,1422,0.727,94.4,U,True,False,False
97416000IB0359,Saint-Pierre,4539,3588,0.790,40.5,U,True,False,False
97416000ID0454,Saint-Pierre,3554,1283,0.361,22.0,U,False,False,False
97416000ID0098,Saint-Pierre,4300,3247,0.755,16.2,N,True,True,False
97416000ID0756,Saint-Pierre,2868,2019,0.704,119.0,U,True,False,False
97416000ID0005,Saint-Pierre,5332,4206,0.789,48.5,U,True,False,False
97416000ID0210,Saint-Pierre,2364,1787,0.756,55.5,U,True,False,False
97416000ID0882,Saint-Pierre,1814,1021,0.563,62.4,U,True,False,False
97416000ID0208,Saint-Pierre,2209,1447,0.655,38.3,U,True,False,False
97416000IE1912,Saint-Pierre,4911,3220,0.656,46.7,U,True,False,False
97416000IE0111,Saint-Pierre,4646,3022,0.650,42.0,U,True,False,False
97416000IE1723,Saint-Pierre,1062,625,0.589,16.1,U,True,False,False
97416000IE0484,Saint-Pierre,2788,1491,0.535,57.9,U,True,False,False
97416000IE1372,Saint-Pierre,2954,1994,0.675,58.7,U,True,False,False
97416000IK0076,Saint-Pierre,3136,2169,0.692,20.4,U,True,False,False
97416000IK0071,Saint-Pierre,2227,923,0.414,14.9,U,False,False,False
97416000IK0385,Saint-Pierre,3508,2151,0.613,14.0,U,True,False,False
97416000IL0243,Saint-Pierre,3376,2160,0.640,18.2,U,True,False,False
97416000IL0230,Saint-Pierre,3660,1645,0.450,57.0,U,False,False,False
97416000IL0234,Saint-Pierre,3913,2559,0.654,17.7,U,True,False,False
97416000IM0019,Saint-Pierre,5102,3913,0.767,81.9,U,True,False,False
97416000IM0806,Saint-Pierre,1286,850,0.662,40.4,U,True,False,False
97411000AD0009,Saint-Denis,5445,2572,0.472,53.9,U,False,False,False
97411000AH0321,Saint-Denis,2902,1052,0.362,16.9,U,False,False,False
97411000AK0023,Saint-Denis,2330,1157,0.497,69.2,U,False,False,False
97411000AO0511,Saint-Denis,5413,3588,0.663,60.7,U,True,False,False
97411000AO0541,Saint-Denis,2852,1648,0.578,57.2,U,True,False,False
97411000AP0508,Saint-Denis,5443,3796,0.697,15.0,U,True,False,False
97411000AP0518,Saint-Denis,4541,1007,0.222,23.9,U,False,False,False
97411000AR0129,Saint-Denis,5295,3345,0.632,16.5,U,True,False,False
97411000AS0666,Saint-Denis,2198,1578,0.718,16.4,U,True,False,False
97411000AS0756,Saint-Denis,4444,2764,0.622,57.7,U,True,False,False
97411000AS0672,Saint-Denis,3212,2193,0.683,16.8,U,True,False,False
97411000AS0235,Saint-Denis,2422,993,0.410,14.3,U,False,False,False
97411000AS0041,Saint-Denis,4167,2441,0.586,58.5,U,True,False,False
97411000AS0550,Saint-Denis,4380,2994,0.684,12.9,U,True,False,False
97411000AT0704,Saint-Denis,5519,4129,0.748,75.5,U,True,False,False
97411000AV0138,Saint-Denis,3429,2991,0.872,91.8,N,True,True,False
97411000AV0129,Saint-Denis,5290,4730,0.894,108.7,N,True,True,False
97411000AV0131,Saint-Denis,3550,2465,0.694,65.5,N,True,True,False
97411000AV0196,Saint-Denis,5092,4640,0.911,53.6,N,True,True,False
97411000AV0582,Saint-Denis,5220,3901,0.747,101.1,U,True,False,False
97411000AV0045,Saint-Denis,2410,1877,0.779,43.5,U,True,False,False
97411000AV0047,Saint-Denis,5323,3672,0.690,45.4,U,True,False,False
97411000AV0036,Saint-Denis,1699,1239,0.729,70.5,U,True,False,False
97411000AV0033,Saint-Denis,1417,876,0.618,52.6,U,True,False,False
97411000AW0620,Saint-Denis,4751,3111,0.655,214.4,U,True,False,False
97411000AW0977,Saint-Denis,4350,2576,0.592,181.1,U,True,False,False
97411000AW0343,Saint-Denis,2155,1661,0.771,13.5,U,True,False,False
97411000AY0450,Saint-Denis,3538,2978,0.842,34.8,U,True,False,False
97411000AY0340,Saint-Denis,1958,1298,0.663,34.0,U,True,False,False
97411000BC0317,Saint-Denis,4406,3307,0.751,252.3,U,True,False,False
97411000BD1094,Saint-Denis,2231,1640,0.735,38.3,U,True,False,False
97411000BH0547,Saint-Denis,1076,536,0.498,29.1,U,False,False,False
97411000BH0146,Saint-Denis,4335,3195,0.737,98.4,U,True,False,False
97411000BK0509,Saint-Denis,5340,4403,0.825,18.6,U,True,False,False
97411000BK0385,Saint-Denis,1818,1326,0.729,26.9,U,True,False,False
97411000BL0224,Saint-Denis,5829,3880,0.666,17.2,U,True,False,False
97411000BL0414,Saint-Denis,3345,2735,0.818,55.7,U,True,False,False
97411000BN0119,Saint-Denis,4731,4135,0.874,25.9,U,True,False,False
97411000BP0363,Saint-Denis,2171,898,0.413,15.0,U,False,False,False
97411000BP0870,Saint-Denis,3096,1799,0.581,116.0,U,True,False,False
97411000BX0354,Saint-Denis,3542,2598,0.734,45.2,U,True,False,False
97411000BX0011,Saint-Denis,1895,1355,0.715,14.6,U,True,False,False
97411000BZ0789,Saint-Denis,4975,4113,0.827,38.2,U,True,False,False
97411000BZ0730,Saint-Denis,4796,3547,0.740,15.0,U,True,False,False
97411000BZ1553,Saint-Denis,2022,1312,0.649,37.6,U,True,False,False
97411000BZ0023,Saint-Denis,3356,1919,0.572,17.8,U,True,False,False
97411000BZ0043,Saint-Denis,1954,1291,0.661,74.5,U,True,False,False
97411000BZ0039,Saint-Denis,1644,1169,0.711,30.7,U,True,False,False
97411000BZ0257,Saint-Denis,2737,1932,0.706,17.5,U,True,False,False
97411000BZ0020,Saint-Denis,1407,927,0.659,68.2,U,True,False,False
97411000BZ0162,Saint-Denis,2596,1948,0.750,44.3,U,True,False,False
97411000BZ1305,Saint-Denis,3496,2285,0.653,22.3,U,True,False,False
97411000BZ0776,Saint-Denis,1236,769,0.623,30.6,U,True,False,False
97411000BZ0574,Saint-Denis,3822,2650,0.693,36.7,U,True,False,False
97411000BZ1493,Saint-Denis,3132,2577,0.823,43.0,U,True,False,False
97411000BZ1102,Saint-Denis,2498,1545,0.618,44.6,U,True,False,False
97411000BZ0219,Saint-Denis,1316,878,0.667,12.3,U,True,False,False
97411000BZ0287,Saint-Denis,1311,737,0.562,25.9,U,True,False,False
97411000BZ0426,Saint-Denis,1826,1133,0.621,47.9,U,True,False,False
97411000BZ1017,Saint-Denis,2755,2199,0.798,22.5,U,True,False,False
97411000BZ0391,Saint-Denis,1950,1324,0.679,40.5,U,True,False,False
97411000BZ1636,Saint-Denis,2239,1316,0.588,12.6,U,True,False,False
97411000BZ0668,Saint-Denis,1674,1133,0.677,24.7,U,True,False,False
97411000CD0316,Saint-Denis,3545,3103,0.875,30.0,U,True,False,False
97411000CD1377,Saint-Denis,3258,2546,0.782,18.4,U,True,False,False
97411000CD1319,Saint-Denis,5967,4309,0.722,127.9,U,True,False,False
97411000CD1039,Saint-Denis,3963,3443,0.869,41.9,U,True,False,False
97411000CD0165,Saint-Denis,5550,4383,0.790,28.1,U,True,False,False
97411000CD0517,Saint-Denis,3022,2512,0.831,29.1,U,True,False,False
97411000CD0336,Saint-Denis,3031,2353,0.776,58.8,U,True,False,False
97411000CD0330,Saint-Denis,2425,1936,0.798,13.6,U,True,False,False
97411000CD0835,Saint-Denis,1312,905,0.690,13.9,U,True,False,False
97411000CD0306,Saint-Denis,2029,1602,0.789,16.0,U,True,False,False
97411000CD0204,Saint-Denis,3158,2400,0.760,55.8,U,True,False,False
97411000CD0271,Saint-Denis,2810,2087,0.743,56.1,U,True,False,False
97411000CD1280,Saint-Denis,4588,3187,0.695,36.5,U,True,False,False
97411000CD0169,Saint-Denis,1363,957,0.702,81.8,U,True,False,False
97411000CD0202,Saint-Denis,2022,1444,0.714,84.7,U,True,False,False
97411000CD0215,Saint-Denis,2863,2182,0.762,46.2,U,True,False,False
97411000CD0261,Saint-Denis,1148,715,0.623,60.5,U,True,False,False
97411000CD0185,Saint-Denis,2761,2225,0.806,170.2,U,True,False,False
97411000CD0603,Saint-Denis,1427,886,0.621,41.9,N,True,True,False
97411000CD0616,Saint-Denis,3206,2353,0.734,22.7,U,True,False,False
97411000CD0495,Saint-Denis,1385,979,0.707,41.4,U,True,False,False
97411000CD0240,Saint-Denis,1638,1235,0.754,60.4,U,True,False,False
97411000CD0241,Saint-Denis,1441,932,0.647,46.1,U,True,False,False
97411000CD0458,Saint-Denis,1234,728,0.590,56.1,U,True,False,False
97411000CD0795,Saint-Denis,1336,845,0.632,28.6,U,True,False,False
97411000CD1050,Saint-Denis,2310,1813,0.785,26.5,U,True,False,False
97411000CD0454,Saint-Denis,1121,563,0.502,24.8,U,True,False,False
97411000CD0107,Saint-Denis,1899,1269,0.668,35.0,U,True,False,False
97411000CD0951,Saint-Denis,1710,1083,0.633,110.2,U,True,False,False
97411000CD1169,Saint-Denis,2695,1891,0.702,50.8,U,True,False,False
97411000CD0012,Saint-Denis,1510,883,0.585,20.3,U,True,False,False
97411000CD1188,Saint-Denis,1810,1252,0.691,33.8,U,True,False,False
97411000CE0391,Saint-Denis,4404,3426,0.778,46.1,U,True,False,False
97411000CE0915,Saint-Denis,4732,4083,0.863,132.0,U,True,False,False
97411000CE0390,Saint-Denis,3477,3003,0.864,12.5,U,True,False,False
97411000CE0916,Saint-Denis,2566,2072,0.808,136.2,U,True,False,False
97411000CE0824,Saint-Denis,1345,895,0.665,12.6,U,True,False,False
97411000CE1148,Saint-Denis,1374,958,0.697,32.5,AUc,True,False,False
97411000CE1204,Saint-Denis,1761,1094,0.621,28.3,AUc,True,False,False
97411000CE0807,Saint-Denis,1752,1341,0.765,25.0,AUc,True,False,False
97411000CE1244,Saint-Denis,1418,1006,0.709,12.9,AUc,True,False,False
97411000CE0804,Saint-Denis,1726,1208,0.700,23.8,AUc,True,False,False
97411000CE0468,Saint-Denis,2990,2571,0.860,38.5,N,True,True,False
97411000CE0901,Saint-Denis,3025,2447,0.809,87.9,N,True,True,False
97411000CE0993,Saint-Denis,3557,2805,0.789,50.4,N,True,True,False
97411000CE0018,Saint-Denis,2589,2172,0.839,66.3,N,True,True,False
97411000CE1210,Saint-Denis,1558,1011,0.648,67.5,U,True,False,False
97411000CE0938,Saint-Denis,2652,2056,0.775,13.5,U,True,False,False
97411000CE1312,Saint-Denis,1790,1224,0.684,12.1,U,True,False,False
97411000CE0856,Saint-Denis,2029,1054,0.519,56.7,U,True,False,False
97411000CE0134,Saint-Denis,4557,3448,0.757,58.5,U,True,False,False
97411000CE0865,Saint-Denis,1653,1159,0.701,12.1,U,True,False,False
97411000CE0864,Saint-Denis,1503,955,0.636,18.6,U,True,False,False
97411000CH0691,Saint-Denis,5499,4579,0.833,749.0,N,True,True,False
97411000CH0454,Saint-Denis,3122,2557,0.819,34.1,U,True,False,False
97411000CH0212,Saint-Denis,3303,2560,0.775,87.4,U,True,False,False
97411000CH0266,Saint-Denis,5037,3561,0.707,39.9,AUc,True,False,False
97411000CH0045,Saint-Denis,2208,1416,0.641,27.1,U,True,False,False
97411000CH0622,Saint-Denis,1775,792,0.446,63.1,U,False,False,False
97411000CH0621,Saint-Denis,1928,1372,0.712,63.2,U,True,False,False
97411000CH0709,Saint-Denis,2576,2094,0.813,220.3,U,True,False,False
97411000CH0654,Saint-Denis,1681,1193,0.710,12.7,N,True,True,False
97411000CH0164,Saint-Denis,1848,1417,0.767,63.5,U,True,False,False
97411000CH0520,Saint-Denis,5560,4180,0.752,68.5,U,True,False,False
97411000CH0531,Saint-Denis,2073,1296,0.625,53.0,U,True,False,False
97411000CH0515,Saint-Denis,2098,1615,0.770,31.7,U,True,False,False
97411000CH0210,Saint-Denis,2189,1652,0.755,78.1,U,True,False,False
97411000CH0596,Saint-Denis,4670,3637,0.779,109.6,U,True,False,False
97411000CH0325,Saint-Denis,3183,1988,0.625,20.1,U,True,False,False
97411000CH0327,Saint-Denis,1586,1144,0.721,34.7,U,True,False,False
97411000CH0324,Saint-Denis,2595,2057,0.793,62.6,U,True,False,False
97411000CH0416,Saint-Denis,1967,1377,0.700,27.9,U,True,False,False
97411000CH0323,Saint-Denis,1619,1118,0.690,86.8,U,True,False,False
97411000CH0320,Saint-Denis,5368,4903,0.913,126.5,N,True,True,False
97411000CH0319,Saint-Denis,4859,4141,0.852,204.2,U,True,False,False
97411000CH0082,Saint-Denis,1756,1336,0.761,72.2,N,True,True,False
97411000CH0328,Saint-Denis,2126,1492,0.702,21.0,N,True,True,False
97411000CH0317,Saint-Denis,2892,2338,0.808,32.2,U,True,False,False
97411000CH0199,Saint-Denis,3114,2618,0.841,22.9,U,True,False,False
97411000CH0290,Saint-Denis,2333,1854,0.795,46.5,U,True,False,False
97411000CH0733,Saint-Denis,2096,1374,0.656,21.7,U,True,False,False
97411000CI0119,Saint-Denis,3385,2942,0.869,13.4,AUc,True,False,False
97411000CI0238,Saint-Denis,4336,3845,0.887,94.2,A,True,True,False
97411000CI0209,Saint-Denis,1835,793,0.432,15.0,AUc,False,False,False
97411000CI0243,Saint-Denis,3439,3003,0.873,12.1,AUc,True,False,False
97411000CI0302,Saint-Denis,2292,1866,0.814,92.4,A,True,True,False
97411000CI0301,Saint-Denis,2134,1704,0.799,76.2,A,True,True,False
97411000CI0084,Saint-Denis,3114,2617,0.840,79.1,U,True,False,False
97411000CI0069,Saint-Denis,2395,1280,0.534,75.6,U,True,False,False
97411000CI0068,Saint-Denis,2508,1993,0.795,14.5,U,True,False,False
97411000CI0148,Saint-Denis,3761,3233,0.860,18.7,U,True,False,False
97411000CI0039,Saint-Denis,2437,1901,0.780,73.1,U,True,False,False
97411000CI0174,Saint-Denis,2336,1903,0.815,92.4,U,True,False,False
97411000CI0314,Saint-Denis,1171,767,0.655,19.3,U,True,False,False
97411000CI0145,Saint-Denis,1885,1461,0.775,80.6,U,True,False,False
97411000CI0131,Saint-Denis,2200,1740,0.791,60.4,U,True,False,False
97411000CI0287,Saint-Denis,3464,2969,0.857,30.7,U,True,False,False
97411000CI0234,Saint-Denis,5913,4852,0.821,182.5,U,True,False,False
97411000CI0189,Saint-Denis,3934,3477,0.884,194.2,U,True,False,False
97411000CI0190,Saint-Denis,3553,2784,0.784,74.0,U,True,False,False
97411000CK0062,Saint-Denis,3741,3218,0.860,24.0,N,True,True,False
97411000CL0077,Saint-Denis,5074,3550,0.700,284.2,U,True,False,False
97411000CL0229,Saint-Denis,4700,4119,0.876,87.7,N,True,True,False
97411000CL0051,Saint-Denis,2473,2003,0.810,55.9,U,True,False,False
97411000CL0047,Saint-Denis,2865,2331,0.814,16.2,U,True,False,False
97411000CL0048,Saint-Denis,3877,3321,0.856,77.4,U,True,False,False
97411000CL0198,Saint-Denis,3223,2483,0.770,15.0,N,True,True,False
97411000CL0196,Saint-Denis,2026,1475,0.728,71.4,N,True,True,False
97411000CL0028,Saint-Denis,1964,1540,0.784,74.1,U,True,False,False
97411000CM0872,Saint-Denis,4682,4150,0.886,89.3,N,True,True,False
97411000CM0097,Saint-Denis,3647,2780,0.762,48.2,N,True,True,False
97411000CM0230,Saint-Denis,2833,2208,0.779,33.4,U,True,False,False
97411000CM0312,Saint-Denis,1442,986,0.684,75.9,U,True,False,False
97411000CM0837,Saint-Denis,1392,986,0.708,16.7,U,True,False,False
97411000CM0014,Saint-Denis,1821,1309,0.719,29.7,U,True,False,False
97411000CM0318,Saint-Denis,1792,1373,0.766,47.9,U,True,False,False
97411000CM0028,Saint-Denis,3528,3056,0.866,12.5,N,True,True,False
97411000CM0326,Saint-Denis,3882,3256,0.839,38.4,U,True,False,False
97411000CM0327,Saint-Denis,2155,1721,0.799,59.9,U,True,False,False
97411000CM0735,Saint-Denis,3619,3180,0.879,23.2,U,True,False,False
97411000CM0788,Saint-Denis,1208,798,0.660,23.4,U,True,False,False
97411000CM0586,Saint-Denis,2740,2227,0.813,71.2,U,True,False,False
97411000CM0426,Saint-Denis,2854,2121,0.743,22.2,N,True,True,False
97411000CM0036,Saint-Denis,4597,3648,0.793,26.7,N,True,True,False
97411000CM0674,Saint-Denis,1917,1413,0.737,16.8,N,True,True,False
97411000CM0547,Saint-Denis,2634,1927,0.731,133.5,U,True,False,False
97411000CM0922,Saint-Denis,2316,1782,0.770,29.5,U,True,False,False
97411000CM0150,Saint-Denis,1532,1056,0.689,40.4,U,True,False,False
97411000CM0116,Saint-Denis,3309,2888,0.873,12.2,N,True,True,False
97411000CM0117,Saint-Denis,1621,990,0.611,25.1,N,True,True,False
97411000CM0920,Saint-Denis,3074,2654,0.863,84.3,N,True,True,False
97411000CM0202,Saint-Denis,1678,1014,0.605,143.6,U,True,False,False
97411000CM0220,Saint-Denis,4842,3187,0.658,83.2,U,True,False,False
97411000CM0728,Saint-Denis,2396,1981,0.827,26.8,U,True,False,False
97411000CM0177,Saint-Denis,2845,1814,0.638,98.5,U,True,False,False
97411000CP0293,Saint-Denis,2790,2207,0.791,162.4,N,True,True,False
97411000CP0352,Saint-Denis,4205,3754,0.893,137.2,U,True,False,False
97411000CP0042,Saint-Denis,4656,4156,0.893,83.7,N,True,True,False
97411000CP0130,Saint-Denis,5585,4873,0.873,176.8,N,True,True,False
97411000CP0082,Saint-Denis,1476,977,0.662,134.4,U,True,False,False
97411000CP0201,Saint-Denis,3749,2688,0.717,22.6,AUc,True,False,False
97411000CP0149,Saint-Denis,5090,3380,0.664,13.7,U,True,False,False
97411000CP0024,Saint-Denis,3997,3431,0.858,92.6,U,True,False,False
97411000CP0187,Saint-Denis,1859,1428,0.768,13.6,U,True,False,False
97411000CP0320,Saint-Denis,2834,1759,0.621,46.4,N,True,True,False
97411000CP0325,Saint-Denis,3229,2728,0.845,23.0,N,True,True,False
97411000CR0266,Saint-Denis,4789,4218,0.881,130.9,N,True,True,False
97411000CR0199,Saint-Denis,3601,3033,0.842,236.8,U,True,False,False
97411000CR0642,Saint-Denis,3255,2653,0.815,156.4,U,True,False,False
97411000CR0599,Saint-Denis,5753,4722,0.821,56.3,U,True,False,False
97411000CR0127,Saint-Denis,1268,762,0.601,82.0,U,True,False,False
97411000CR0132,Saint-Denis,1446,897,0.620,51.2,U,True,False,False
97411000CR0269,Saint-Denis,4024,3374,0.838,147.5,N,True,True,False
97411000CR0553,Saint-Denis,3993,3538,0.886,207.6,U,True,False,False
97411000CR0578,Saint-Denis,2694,2215,0.822,79.0,U,True,False,False
97411000CR0220,Saint-Denis,4838,4248,0.878,42.7,N,True,True,False
97411000CR0037,Saint-Denis,3912,3127,0.799,214.1,U,True,False,False
97411000CR0509,Saint-Denis,1382,910,0.659,107.0,U,True,False,False
97411000CR0440,Saint-Denis,2995,2565,0.857,24.3,U,True,False,False
97411000CR0250,Saint-Denis,4732,4294,0.907,50.4,U,True,False,False
97411000CR0565,Saint-Denis,2043,1555,0.761,28.9,U,True,False,False
97411000CR0434,Saint-Denis,2729,1705,0.625,95.4,U,True,False,False
97411000CT1192,Saint-Denis,3263,2855,0.875,82.8,N,True,True,False
97411000CT1360,Saint-Denis,1353,938,0.693,61.2,N,True,True,False
97411000CT1524,Saint-Denis,2333,1898,0.813,35.9,N,True,True,False
97411000CT1326,Saint-Denis,4423,3285,0.743,54.9,A,True,True,False
97411000CT1548,Saint-Denis,1638,1065,0.650,42.2,U,True,False,False
97411000CT0503,Saint-Denis,3363,2514,0.747,22.8,U,True,False,False
97411000CT0305,Saint-Denis,1870,1292,0.691,45.0,U,True,False,False
97411000CT0516,Saint-Denis,1904,1227,0.644,125.7,U,True,False,False
97411000CT1509,Saint-Denis,5266,3203,0.608,36.0,N,True,True,False
97411000CT0149,Saint-Denis,5403,3708,0.686,45.2,N,True,True,False
97411000CV0030,Saint-Denis,3052,1815,0.595,87.3,A,True,True,False
97411000CV0274,Saint-Denis,4809,4079,0.848,155.4,N,True,True,False
97411000CV0094,Saint-Denis,1437,550,0.383,20.3,U,False,False,False
97411000CV0666,Saint-Denis,2205,1777,0.806,51.5,AUc,True,False,False
97411000CV0591,Saint-Denis,1962,1517,0.773,81.2,U,True,False,False
97411000CV0698,Saint-Denis,1858,786,0.423,39.9,AUc,False,False,False
97411000CV0667,Saint-Denis,1674,1113,0.665,80.5,AUc,True,False,False
97411000CV0412,Saint-Denis,1940,1497,0.772,127.1,U,True,False,False
97411000CV0581,Saint-Denis,2752,1424,0.518,35.3,U,True,False,False
97411000CV0386,Saint-Denis,1853,1451,0.783,47.3,U,True,False,False
97411000CV0285,Saint-Denis,1510,961,0.637,24.9,U,True,False,False
97411000CV0284,Saint-Denis,2679,1740,0.650,39.4,U,True,False,False
97411000CV0047,Saint-Denis,2157,1452,0.673,149.7,U,True,False,False
97411000CV0427,Saint-Denis,4917,4442,0.903,103.0,A,True,True,False
97411000CV0150,Saint-Denis,4259,3572,0.839,187.5,N,True,True,False
97411000CV0218,Saint-Denis,1397,987,0.707,54.1,A,True,True,False
97411000CV0681,Saint-Denis,2388,1971,0.825,63.6,A,True,True,False
97411000CV0136,Saint-Denis,1802,1374,0.763,15.4,N,True,True,False
97411000CV0137,Saint-Denis,1529,876,0.573,38.3,N,True,True,False
97411000CV0010,Saint-Denis,2810,1764,0.628,64.0,N,True,True,False
97411000CX1241,Saint-Denis,4536,3376,0.744,12.9,U,True,False,False
97411000CX0849,Saint-Denis,1949,1396,0.716,28.9,U,True,False,False
97411000CX1861,Saint-Denis,2418,1688,0.698,101.9,A,True,True,False
97411000CX1569,Saint-Denis,5159,4289,0.831,112.7,A,True,True,False
97411000CX1531,Saint-Denis,1588,1136,0.716,19.7,U,True,False,False
97411000CX0841,Saint-Denis,1669,1170,0.701,67.0,U,True,False,False
97411000CX1075,Saint-Denis,2300,805,0.350,65.8,A,False,True,False
97411000CX1362,Saint-Denis,4998,3901,0.781,89.6,A,True,True,False
97411000CX1574,Saint-Denis,3127,2668,0.853,14.9,N,True,True,False
97411000CX1825,Saint-Denis,4511,3960,0.878,14.8,A,True,True,False
97411000CX1727,Saint-Denis,2398,1829,0.763,41.9,U,True,False,False
97411000CX1733,Saint-Denis,2103,1571,0.747,24.3,A,True,True,False
97411000CX1271,Saint-Denis,1303,871,0.668,12.0,A,True,True,False
97411000CX1870,Saint-Denis,3402,2458,0.722,48.8,A,True,True,False
97411000CX0923,Saint-Denis,2689,2241,0.833,29.8,N,True,True,False
97411000CX1549,Saint-Denis,2437,1941,0.797,43.8,A,True,True,False
97411000CX1755,Saint-Denis,2210,1355,0.613,31.3,A,True,True,False
97411000CX1869,Saint-Denis,1700,1172,0.689,34.8,A,True,True,False
97411000CX0157,Saint-Denis,2581,1452,0.562,69.7,N,True,True,False
97411000CX0392,Saint-Denis,3858,3324,0.862,191.9,A,True,True,False
97411000CY0941,Saint-Denis,5429,4998,0.921,56.3,N,True,True,False
97411000CY0427,Saint-Denis,2952,2497,0.846,268.5,A,True,True,False
97411000CY0221,Saint-Denis,2888,2347,0.813,102.4,A,True,True,False
97411000CY0865,Saint-Denis,4436,3712,0.837,90.7,U,True,False,False
97411000CY0563,Saint-Denis,4826,4246,0.880,104.0,A,True,True,False
97411000CY0433,Saint-Denis,3665,3159,0.862,173.5,N,True,True,False
97411000CY0561,Saint-Denis,1970,1529,0.777,47.2,A,True,True,False
97411000CY0842,Saint-Denis,3064,2659,0.868,35.8,N,True,True,False
97411000CY0668,Saint-Denis,2813,1971,0.701,12.8,A,True,True,False
97411000CY0431,Saint-Denis,1888,1050,0.557,58.6,A,True,True,False
97411000CY0369,Saint-Denis,1885,1434,0.761,23.4,A,True,True,False
97411000CY0344,Saint-Denis,3713,3215,0.866,42.4,A,True,True,False
97411000CY0239,Saint-Denis,1662,864,0.520,41.2,A,True,True,False
97411000CY0409,Saint-Denis,5645,4244,0.752,120.6,A,True,True,False
97411000CY0677,Saint-Denis,1905,1411,0.740,17.8,A,True,True,False
97411000CY0826,Saint-Denis,2242,1507,0.672,143.1,U,True,False,False
97411000CY0848,Saint-Denis,2089,1307,0.626,14.3,U,True,False,False
97411000CY0200,Saint-Denis,1692,990,0.585,79.7,A,True,True,False
97411000CY0768,Saint-Denis,5615,4273,0.761,15.1,A,True,True,False
97411000CY0958,Saint-Denis,2911,2487,0.854,35.7,A,True,True,False
97411000CY0550,Saint-Denis,1711,1283,0.750,77.0,A,True,True,False
97411000CY0551,Saint-Denis,1569,960,0.612,68.3,A,True,True,False
97411000CY0992,Saint-Denis,3008,2122,0.705,31.7,A,True,True,False
97411000CY0298,Saint-Denis,1860,1212,0.652,13.2,A,True,True,False
97411000CY0758,Saint-Denis,3474,2725,0.784,33.1,U,True,False,False
97411000CY0588,Saint-Denis,1650,1094,0.663,66.4,A,True,True,False
97411000CY0469,Saint-Denis,5246,4753,0.906,82.9,A,True,True,False
97411000CY0854,Saint-Denis,1802,1291,0.716,15.2,A,True,True,False
97411000CY0115,Saint-Denis,1671,1240,0.742,24.3,U,True,False,False
97411000CY0606,Saint-Denis,4422,3647,0.825,35.9,U,True,False,False
97411000CY0490,Saint-Denis,3970,3309,0.833,21.7,A,True,True,False
97411000CY0779,Saint-Denis,3934,3089,0.785,53.3,U,True,False,False
97411000CY0445,Saint-Denis,1418,978,0.690,69.6,U,True,False,False
97411000CY0733,Saint-Denis,5013,3971,0.792,126.0,A,True,True,False
97411000CY0525,Saint-Denis,4148,3361,0.810,28.9,A,True,True,False
97411000CY0654,Saint-Denis,2637,2070,0.785,12.5,A,True,True,False
97411000CY0253,Saint-Denis,1353,852,0.630,54.2,U,True,False,False
97411000CY0131,Saint-Denis,2098,1524,0.727,70.0,U,True,False,False
97411000CY0322,Saint-Denis,2028,1619,0.798,111.4,U,True,False,False
97411000CY0524,Saint-Denis,2075,1488,0.717,16.8,A,True,True,False
97411000CZ0137,Saint-Denis,3522,2928,0.831,21.5,N,True,True,False
97411000CZ0135,Saint-Denis,4896,4452,0.909,240.1,N,True,True,False
97411000DE0389,Saint-Denis,4549,3428,0.754,34.4,U,True,False,False
97411000DE0095,Saint-Denis,1370,845,0.617,67.1,U,True,False,False
97411000DE0286,Saint-Denis,5687,3407,0.599,57.2,U,True,False,False
97411000DE0017,Saint-Denis,1187,552,0.465,45.5,U,False,False,False
97411000DH0171,Saint-Denis,4021,2105,0.524,67.1,U,True,False,False
97411000DH0168,Saint-Denis,4051,2500,0.617,294.0,U,True,False,False
97411000DH0037,Saint-Denis,1993,1455,0.730,13.7,U,True,False,False
97411000DK0210,Saint-Denis,5213,4481,0.859,33.0,U,True,False,False
97411000DK0427,Saint-Denis,4901,3288,0.671,27.1,U,True,False,False
97411000DK0047,Saint-Denis,4381,2862,0.653,40.8,U,True,False,False
97411000DK0268,Saint-Denis,2108,1647,0.782,14.5,U,True,False,False
97411000DL0613,Saint-Denis,1837,973,0.530,51.9,U,True,False,False
97411000DM0800,Saint-Denis,5205,2641,0.508,20.9,U,True,False,False
97411000DN0295,Saint-Denis,4456,3172,0.712,36.8,U,True,False,False
97411000DN0297,Saint-Denis,4310,2997,0.695,31.5,U,True,False,False
97411000DN0092,Saint-Denis,3721,2756,0.741,71.3,U,True,False,False
97411000DO0050,Saint-Denis,3762,2814,0.748,149.7,U,True,False,False
97411000DR0433,Saint-Denis,3200,2563,0.801,12.0,U,True,False,False
97411000DS0694,Saint-Denis,4676,4139,0.885,119.4,U,True,False,False
97411000DS0693,Saint-Denis,5468,4812,0.880,177.4,U,True,False,False
97411000DS0309,Saint-Denis,2663,1775,0.666,94.4,U,True,False,False
97411000DS0372,Saint-Denis,1942,1404,0.723,62.0,U,True,False,False
97411000DS0866,Saint-Denis,4031,1463,0.363,164.2,U,False,False,False
97411000DS0858,Saint-Denis,2199,1264,0.575,32.9,U,True,False,False
97411000DS0438,Saint-Denis,1961,1168,0.596,27.3,U,True,False,False
97411000DT0080,Saint-Denis,4354,2550,0.586,97.8,U,True,False,False
97411000DT0153,Saint-Denis,3145,2301,0.732,247.8,U,True,False,False
97411000DT0079,Saint-Denis,2508,2089,0.833,94.6,U,True,False,False
97411000DT0019,Saint-Denis,1251,845,0.675,20.0,U,True,False,False
97411000DT0034,Saint-Denis,3409,1989,0.583,14.0,U,True,False,False
97411000DT0033,Saint-Denis,1511,939,0.622,15.1,U,True,False,False
97411000DT0048,Saint-Denis,2093,1335,0.638,23.8,U,True,False,False
97411000DW0226,Saint-Denis,2334,1748,0.749,15.6,U,True,False,False
97411000DW0002,Saint-Denis,5202,3868,0.744,27.3,U,True,False,False
97411000DX0014,Saint-Denis,3095,2318,0.749,15.0,U,True,False,False
97411000DY0137,Saint-Denis,2214,1654,0.747,88.4,U,True,False,False
97411000EI0088,Saint-Denis,5041,3814,0.757,120.1,N,True,True,False
97411000EK0043,Saint-Denis,1532,1091,0.713,36.5,U,True,False,False
97411000EK0066,Saint-Denis,2471,1998,0.808,25.2,U,True,False,False
97411000EK0196,Saint-Denis,2421,1985,0.820,23.4,U,True,False,False
97411000EK0202,Saint-Denis,1900,1451,0.764,36.1,U,True,False,False
97411000EL0185,Saint-Denis,1796,1365,0.760,13.0,U,True,False,False
97411000EL0496,Saint-Denis,1643,1003,0.610,53.0,U,True,False,False
97411000EM0297,Saint-Denis,2345,1604,0.684,16.2,U,True,False,False
97411000EN0156,Saint-Denis,1610,1098,0.682,65.0,U,True,False,False
97411000EN0155,Saint-Denis,2796,2235,0.799,128.7,U,True,False,False
97411000EN0201,Saint-Denis,1425,1019,0.715,24.9,U,True,False,False
97411000EN0066,Saint-Denis,3378,2523,0.747,17.1,U,True,False,False
97411000EN0583,Saint-Denis,4013,2595,0.647,63.2,U,True,False,False
97411000EN0027,Saint-Denis,2959,2406,0.813,90.6,U,True,False,False
97411000EN0049,Saint-Denis,2001,1327,0.663,27.1,U,True,False,False
97411000EN0570,Saint-Denis,3513,1903,0.542,21.6,U,True,False,False
97411000EP0348,Saint-Denis,2945,2203,0.748,39.5,U,True,False,False
97411000ES0131,Saint-Denis,4350,3286,0.756,26.1,U,True,False,False
97411000ES0135,Saint-Denis,2656,1836,0.691,15.6,U,True,False,False
97411000ES0056,Saint-Denis,4792,3973,0.829,22.4,U,True,False,False
97411000ET0086,Saint-Denis,4580,3913,0.854,20.5,N,True,True,False
97411000ET0111,Saint-Denis,3321,2824,0.850,33.6,U,True,False,False
97411000ET0002,Saint-Denis,2484,2071,0.833,66.4,U,True,False,False
97411000ET0112,Saint-Denis,2742,1765,0.644,38.1,U,True,False,False
97411000ET0293,Saint-Denis,2180,1708,0.783,26.8,N,True,True,False
97411000ET0305,Saint-Denis,3157,1980,0.627,15.1,U,True,False,False
97411000EV0251,Saint-Denis,5062,2642,0.522,58.7,U,True,False,False
97411000EV0010,Saint-Denis,1728,1320,0.764,39.8,N,True,True,False
97411000EV0361,Saint-Denis,1645,1095,0.665,44.8,U,True,False,False
97411000EV0109,Saint-Denis,3043,2386,0.784,43.7,U,True,False,False
97411000EW0050,Saint-Denis,1268,822,0.648,19.9,U,True,False,False
97411000EX0133,Saint-Denis,4717,3103,0.658,62.3,N,True,True,False
97411000EX0123,Saint-Denis,1833,1367,0.746,111.3,U,True,False,False
97411000EX0028,Saint-Denis,1765,1265,0.717,73.0,U,True,False,False
97411000EY0044,Saint-Denis,3500,1852,0.529,235.1,U,True,False,False
97411000EY0002,Saint-Denis,5158,3979,0.771,26.6,U,True,False,False
97411000EZ0279,Saint-Denis,1866,1421,0.762,20.1,U,True,False,False
97411000EZ0383,Saint-Denis,3368,2842,0.844,33.0,N,True,True,False
97411000HA0126,Saint-Denis,5669,3314,0.585,92.8,U,True,False,False
97411000HA0093,Saint-Denis,3981,2101,0.528,14.1,U,True,False,False
97411000HA0127,Saint-Denis,5025,1739,0.346,44.4,U,False,False,False
97411000HA0019,Saint-Denis,4404,3876,0.880,21.8,N,True,True,False
97411000HA0113,Saint-Denis,4117,2170,0.527,40.2,U,True,False,False
97411000HA0114,Saint-Denis,3257,1557,0.478,62.3,U,False,False,False
97411000HB0229,Saint-Denis,1997,1445,0.724,17.6,U,True,False,False
97411000HB0525,Saint-Denis,3933,2247,0.571,46.8,U,True,False,False
97411000HC0095,Saint-Denis,5278,3458,0.655,44.8,U,True,False,False
97411000HD0126,Saint-Denis,1793,1031,0.575,13.5,U,True,False,False
97411000HD0308,Saint-Denis,2716,2168,0.798,72.7,U,True,False,False
97411000HE0469,Saint-Denis,4754,4055,0.853,38.1,U,True,False,False
97411000HE0468,Saint-Denis,1814,932,0.514,25.5,U,True,False,False
97411000HE0561,Saint-Denis,1726,1134,0.657,81.0,U,True,False,False
97411000HE0083,Saint-Denis,3159,1703,0.539,36.3,U,True,False,False
97411000HH0014,Saint-Denis,1790,1331,0.743,24.8,U,True,False,False
97411000HH0139,Saint-Denis,2096,1624,0.775,217.1,U,True,False,False
97411000HH0079,Saint-Denis,1208,800,0.662,52.2,U,True,False,False
97411000HI0451,Saint-Denis,4322,2522,0.583,30.8,U,True,False,False
97411000HI0204,Saint-Denis,1559,888,0.570,103.9,U,True,False,False
97411000HI0208,Saint-Denis,1099,603,0.548,12.0,U,True,False,False
97411000HI0077,Saint-Denis,1581,1078,0.682,32.5,U,True,False,False
97411000HK0102,Saint-Denis,1821,1253,0.688,41.4,U,True,False,False
97411000HK0082,Saint-Denis,3976,3127,0.786,12.4,U,True,False,False
97411000HK0193,Saint-Denis,3732,3009,0.806,59.0,U,True,False,False
97411000HL0015,Saint-Denis,4906,2310,0.471,76.9,U,False,False,False
97411000HM0291,Saint-Denis,4956,3992,0.805,121.9,U,True,False,False
97411000HN0508,Saint-Denis,1687,1264,0.749,25.9,U,True,False,False
97411000HN0167,Saint-Denis,2128,1702,0.800,39.6,U,True,False,False
97411000HO0874,Saint-Denis,2281,1233,0.541,86.5,U,True,False,False
97411000HO0103,Saint-Denis,1170,748,0.639,61.7,U,True,False,False
97411000HP0127,Saint-Denis,1772,1233,0.696,12.0,U,True,False,False
97411000HS0067,Saint-Denis,3002,2054,0.684,13.6,U,True,False,False
97411000HS0342,Saint-Denis,3144,2147,0.683,38.7,U,True,False,False
97411000HS0322,Saint-Denis,1743,1339,0.769,69.8,U,True,False,False
97411000HW0207,Saint-Denis,1508,1071,0.711,53.9,U,True,False,False
97411000HW0031,Saint-Denis,4147,2185,0.527,172.1,U,True,False,False
97411000HW0285,Saint-Denis,1893,1230,0.650,113.6,U,True,False,False
97411000HX0075,Saint-Denis,4216,3767,0.893,305.4,U,True,False,False
97411000HX0294,Saint-Denis,4176,3719,0.891,68.9,U,True,False,False
97411000HX0374,Saint-Denis,1486,1080,0.727,23.4,N,True,True,False
97411000HZ0329,Saint-Denis,2507,1718,0.685,56.5,AUc,True,False,False
97411000HZ0035,Saint-Denis,1655,1213,0.733,73.1,U,True,False,False
97411000IA0086,Saint-Denis,1893,1387,0.732,75.1,U,True,False,False
97411000IA0034,Saint-Denis,1544,1088,0.704,66.8,U,True,False,False
97411000IA0171,Saint-Denis,2572,1993,0.775,13.3,U,True,False,False
97411000IB0118,Saint-Denis,4988,4265,0.855,197.6,U,True,False,False
97411000IB0002,Saint-Denis,4810,4197,0.873,126.3,U,True,False,False
97411000IB0290,Saint-Denis,1199,783,0.653,71.7,U,True,False,False
97411000IC0152,Saint-Denis,2764,1655,0.599,27.4,U,True,False,False
97411000IC0090,Saint-Denis,1788,1349,0.754,90.2,U,True,False,False
97411000IC0211,Saint-Denis,1913,1097,0.574,19.0,U,True,False,False
97411000ID0108,Saint-Denis,1247,804,0.645,83.1,U,True,False,False
97411000ID0028,Saint-Denis,1927,1509,0.783,13.7,U,True,False,False
97411000IE0212,Saint-Denis,1957,1406,0.719,44.0,U,True,False,False
97411000IE0426,Saint-Denis,1445,994,0.688,18.9,U,True,False,False
97411000IE0197,Saint-Denis,2140,1378,0.644,29.8,U,True,False,False
97411000IE0745,Saint-Denis,2972,2267,0.763,80.3,U,True,False,False
97411000IE0798,Saint-Denis,2333,1878,0.805,13.5,U,True,False,False
97411000IE0416,Saint-Denis,1679,891,0.531,33.7,U,True,False,False
97411000IE0004,Saint-Denis,1906,1471,0.772,16.3,U,True,False,False
97411000IE0415,Saint-Denis,1605,1155,0.719,61.4,U,True,False,False
97411000IH0109,Saint-Denis,4505,3397,0.754,38.3,U,True,False,False
97411000IH0060,Saint-Denis,3529,2948,0.835,35.4,N,True,True,False
97411000IH0353,Saint-Denis,2724,2075,0.762,18.1,U,True,False,False
97411000IK0277,Saint-Denis,1782,1151,0.646,25.9,N,True,True,False
97411000IK0473,Saint-Denis,2409,803,0.333,14.3,N,False,True,False
97411000IK0258,Saint-Denis,2426,1984,0.818,35.7,U,True,False,False
97411000IL0382,Saint-Denis,2468,1977,0.801,21.6,U,True,False,False
97411000IL0185,Saint-Denis,2078,1374,0.662,19.7,U,True,False,False
97411000IL0373,Saint-Denis,4166,3751,0.900,47.8,N,True,True,False
97411000IL0172,Saint-Denis,1834,1146,0.625,13.8,U,True,False,False
97411000IL0460,Saint-Denis,1635,1234,0.755,88.9,U,True,False,False
97411000IM0160,Saint-Denis,2513,2042,0.813,76.7,U,True,False,False
97411000IN0180,Saint-Denis,5819,4360,0.749,23.0,A,True,True,False
97411000IN0183,Saint-Denis,3675,3184,0.866,36.7,U,True,False,False
97411000IN0005,Saint-Denis,1879,1310,0.697,31.8,U,True,False,False
97411000IR0173,Saint-Denis,4255,2216,0.521,32.3,U,True,False,False
97411000IR0176,Saint-Denis,5679,3058,0.538,15.1,N,True,True,False
97411000IR0111,Saint-Denis,5674,2705,0.477,22.1,U,False,False,False
97411000IR0447,Saint-Denis,2281,1117,0.490,25.1,N,False,True,False
97411000IR0174,Saint-Denis,4324,3633,0.840,24.7,N,True,True,False
97411000IR0229,Saint-Denis,3617,3131,0.866,102.7,U,True,False,False
97411000IR0612,Saint-Denis,3495,2893,0.828,13.3,U,True,False,False
97411000IR0091,Saint-Denis,5314,4334,0.816,153.8,AUs,True,False,False
97411000IR0583,Saint-Denis,2807,2355,0.839,85.2,U,True,False,False
97411000IR0582,Saint-Denis,2772,2321,0.837,34.0,N,True,True,False
97411000IR0318,Saint-Denis,5098,4459,0.875,155.9,AUs,True,False,False
97411000IR0367,Saint-Denis,2457,2021,0.823,104.5,U,True,False,False
97411000IR0565,Saint-Denis,3413,2966,0.869,42.6,U,True,False,False
97411000IR0607,Saint-Denis,4081,3520,0.863,132.5,U,True,False,False
97411000IR0618,Saint-Denis,1388,932,0.672,17.4,U,True,False,False
97411000IS0423,Saint-Denis,2744,2032,0.741,24.5,U,True,False,False
97411000IS0432,Saint-Denis,2923,1632,0.558,16.1,U,True,False,False
97411000IS0232,Saint-Denis,3893,2925,0.752,63.8,N,True,True,False
97411000IS0602,Saint-Denis,2090,1574,0.753,60.2,U,True,False,False
97411000IS0043,Saint-Denis,2252,1398,0.621,94.5,U,True,False,False
97411000IS0040,Saint-Denis,1310,895,0.683,18.4,U,True,False,False
97411000IS0041,Saint-Denis,1600,1189,0.743,58.1,U,True,False,False
97411000IT0009,Saint-Denis,5831,1924,0.330,89.1,U,False,False,False
97411000IT0082,Saint-Denis,3798,2016,0.531,58.3,U,True,False,False
97411000IT0479,Saint-Denis,2804,2043,0.729,58.7,U,True,False,False
97411000IT0121,Saint-Denis,1712,1219,0.712,12.3,U,True,False,False
97411000IT0001,Saint-Denis,2068,1658,0.802,201.0,U,True,False,False
97411000IT0002,Saint-Denis,2141,1714,0.801,41.8,U,True,False,False
97411000IT0106,Saint-Denis,4761,2714,0.570,73.2,U,True,False,False
97411000IV0008,Saint-Denis,5312,4848,0.913,130.2,A,True,True,False
97411000IW0036,Saint-Denis,1349,939,0.696,62.6,U,True,False,False
97411000IW0294,Saint-Denis,2514,1782,0.709,16.8,A,True,True,False
97411000IW0100,Saint-Denis,3522,2343,0.665,27.4,U,True,False,False
97411000IY0018,Saint-Denis,5094,4276,0.839,184.8,AUs,True,False,False
97411000IY0016,Saint-Denis,3977,3416,0.859,182.9,AUs,True,False,False
97411000IY0020,Saint-Denis,4590,3604,0.785,300.0,AUs,True,False,False
97411000IY0021,Saint-Denis,3938,2261,0.574,140.9,AUs,True,False,False
97411000IY0015,Saint-Denis,4376,2600,0.594,12.1,AUs,True,False,False
97411000IY0027,Saint-Denis,5270,3545,0.673,198.3,AUs,True,False,False
97411000IY0029,Saint-Denis,2974,2538,0.853,130.9,AUs,True,False,False
97411000IY0038,Saint-Denis,2911,1838,0.632,27.6,AUs,True,False,False
97411000IY0034,Saint-Denis,3140,2736,0.871,320.5,AUs,True,False,False
97411000IZ0002,Saint-Denis,5043,3514,0.697,251.6,U,True,False,False
97411000IZ0100,Saint-Denis,1491,1027,0.689,115.6,U,True,False,False
97411000IZ0099,Saint-Denis,1788,1195,0.668,237.7,U,True,False,False
97411000IZ0011,Saint-Denis,2360,1639,0.695,39.9,N,True,True,False
97411000IZ0012,Saint-Denis,2182,1624,0.744,53.1,U,True,False,False
97411000IZ0119,Saint-Denis,2734,1722,0.630,47.0,U,True,False,False
97411000IZ0003,Saint-Denis,4922,3826,0.777,12.0,U,True,False,False
97411000IZ0009,Saint-Denis,1737,1324,0.762,21.9,N,True,True,False
97411000IZ0159,Saint-Denis,1941,1380,0.711,170.6,U,True,False,False
97411000IZ0058,Saint-Denis,2963,1971,0.665,45.7,U,True,False,False
97411000IZ0059,Saint-Denis,1546,1146,0.741,156.1,U,True,False,False
97411000KA0119,Saint-Denis,2173,1618,0.744,29.5,N,True,True,False
97411000KA0041,Saint-Denis,1846,1402,0.759,37.9,U,True,False,False
97411000KA0042,Saint-Denis,1847,1272,0.689,64.1,U,True,False,False
97411000KA0034,Saint-Denis,1291,727,0.563,134.9,U,True,False,False
97411000KA0003,Saint-Denis,4250,3680,0.866,96.0,AUc,True,False,False
97411000KA0038,Saint-Denis,1847,1300,0.704,12.8,U,True,False,False
97411000KA0006,Saint-Denis,5235,3901,0.745,125.5,AUc,True,False,False
97411000KA0278,Saint-Denis,2860,1780,0.622,195.5,AUc,True,False,False
97411000KB0009,Saint-Denis,3727,3084,0.827,12.7,N,True,True,False
97411000KB0020,Saint-Denis,4025,2616,0.650,81.3,U,True,False,False
97411000KB0112,Saint-Denis,3218,1985,0.617,131.3,U,True,False,False
97411000KB0056,Saint-Denis,1780,1171,0.658,12.2,U,True,False,False
97411000KC0229,Saint-Denis,1913,1302,0.681,89.7,U,True,False,False
97411000KC0408,Saint-Denis,2895,2179,0.753,47.8,U,True,False,False
97411000KC0259,Saint-Denis,1620,1186,0.732,172.0,U,True,False,False
97411000KD0078,Saint-Denis,1323,784,0.592,12.3,AUc,True,False,False
97411000KD0055,Saint-Denis,2777,2161,0.778,43.3,AUc,True,False,False
97411000KD0040,Saint-Denis,2419,1940,0.802,18.4,N,True,True,False
97411000KD0015,Saint-Denis,1442,869,0.603,67.5,U,True,False,False
97411000KE0134,Saint-Denis,1671,960,0.574,20.6,U,True,False,False
97411000KE0366,Saint-Denis,2767,1877,0.678,140.2,U,True,False,False
97411000KE0269,Saint-Denis,1790,1275,0.712,20.0,U,True,False,False
97411000KE0020,Saint-Denis,1477,926,0.627,36.3,U,True,False,False
97411000KE0404,Saint-Denis,1980,1290,0.652,19.0,U,True,False,False
97414000CE0253,Saint-Louis,2885,1949,0.675,12.3,A,True,True,False
97414000CE0257,Saint-Louis,2594,2170,0.837,17.5,A,True,True,False
97414000CE0226,Saint-Louis,5941,4678,0.788,26.0,A,True,True,False
97414000CE0215,Saint-Louis,1343,670,0.499,53.7,A,False,True,False
97414000CH0838,Saint-Louis,3085,2386,0.774,95.0,N,True,True,False
97414000CH1735,Saint-Louis,2970,2225,0.749,168.2,U,True,False,False
97414000CH1734,Saint-Louis,2820,2284,0.810,118.3,U,True,False,False
97414000CH1659,Saint-Louis,5421,4880,0.900,131.5,N,True,True,False
97414000CH0377,Saint-Louis,2851,2217,0.778,146.4,U,True,False,False
97414000CH0895,Saint-Louis,3176,2636,0.830,29.5,N,True,True,False
97414000CH0992,Saint-Louis,1243,792,0.637,53.1,U,True,False,False
97414000CH0748,Saint-Louis,2663,2209,0.829,66.4,U,True,False,False
97414000CH1674,Saint-Louis,3821,2993,0.783,258.2,U,True,False,False
97414000CH0336,Saint-Louis,1622,1178,0.726,30.7,U,True,False,False
97414000CH1370,Saint-Louis,2874,2338,0.814,172.5,N,True,True,False
97414000CH1298,Saint-Louis,1694,1291,0.762,57.4,U,True,False,False
97414000CH1672,Saint-Louis,2107,1528,0.725,71.1,U,True,False,False
97414000CH0281,Saint-Louis,3183,1903,0.598,86.3,U,True,False,False
97414000CH0777,Saint-Louis,2507,2059,0.821,117.3,U,True,False,False
97414000CH1122,Saint-Louis,1528,1061,0.694,37.3,U,True,False,False
97414000CH1417,Saint-Louis,1516,892,0.589,57.8,U,True,False,False
97414000CH0273,Saint-Louis,4073,3558,0.873,51.9,A,True,True,False
97414000CH1063,Saint-Louis,3175,2758,0.869,28.8,U,True,False,False
97414000CH1204,Saint-Louis,1244,789,0.635,65.6,U,True,False,False
97414000CH0699,Saint-Louis,2713,2281,0.841,17.2,A,True,True,False
97414000CH1307,Saint-Louis,3511,2794,0.796,134.8,A,True,True,False
97414000CH0562,Saint-Louis,5091,4171,0.819,184.1,U,True,False,False
97414000CH0564,Saint-Louis,3790,3308,0.873,62.8,N,True,True,False
97414000CH1116,Saint-Louis,3595,2995,0.833,74.5,U,True,False,False
97414000CH0903,Saint-Louis,3152,2206,0.700,23.2,A,True,True,False
97414000CH0636,Saint-Louis,2029,1573,0.775,49.0,U,True,False,False
97414000CH0638,Saint-Louis,2136,1306,0.611,221.3,U,True,False,False
97414000CH1293,Saint-Louis,2831,2320,0.820,144.8,U,True,False,False
97414000CH0975,Saint-Louis,2434,1463,0.601,44.8,U,True,False,False
97414000CI0051,Saint-Louis,1573,1138,0.724,30.8,U,True,False,False
97414000CI0472,Saint-Louis,4036,3617,0.896,51.0,U,True,False,False
97414000CI0522,Saint-Louis,2305,975,0.423,25.9,U,False,False,False
97414000CI0182,Saint-Louis,3004,2534,0.843,72.9,AUc,True,False,False
97414000CI0233,Saint-Louis,2703,2258,0.835,92.0,U,True,False,False
97414000CI0309,Saint-Louis,2125,1655,0.779,115.3,U,True,False,False
97414000CI0192,Saint-Louis,2071,1580,0.763,45.1,U,True,False,False
97414000CI0185,Saint-Louis,3091,2144,0.694,33.7,U,True,False,False
97414000CI0905,Saint-Louis,1724,960,0.557,23.1,U,True,False,False
97414000CI0799,Saint-Louis,2414,1944,0.805,170.9,U,True,False,False
97414000CI0280,Saint-Louis,2194,1569,0.715,247.8,U,True,False,False
97414000CI0483,Saint-Louis,1884,1378,0.731,158.2,U,True,False,False
97414000CI0482,Saint-Louis,3277,2876,0.878,267.5,U,True,False,False
97414000CL0401,Saint-Louis,1493,1028,0.688,15.0,A,True,True,False
97414000CL0206,Saint-Louis,3004,2405,0.801,14.4,N,True,True,False
97414000CL0058,Saint-Louis,2463,1736,0.705,94.3,U,True,False,False
97414000CL0239,Saint-Louis,3017,2172,0.720,55.2,U,True,False,False
97414000CL0551,Saint-Louis,1908,1504,0.788,50.9,U,True,False,False
97414000CM0379,Saint-Louis,3005,2517,0.838,101.2,A,True,True,False
97414000CM0234,Saint-Louis,3806,3117,0.819,18.2,A,True,True,False
97414000CM0166,Saint-Louis,2473,1741,0.704,26.5,A,True,True,False
97414000CM0287,Saint-Louis,5026,3380,0.673,40.5,A,True,True,False
97414000CM0278,Saint-Louis,2428,1254,0.517,27.0,A,True,True,False
97414000CM0359,Saint-Louis,1705,1218,0.714,34.7,A,True,True,False
97414000CN0444,Saint-Louis,1403,906,0.646,30.8,U,True,False,False
97414000CN0949,Saint-Louis,2395,1659,0.693,18.7,U,True,False,False
97414000CN0228,Saint-Louis,2141,1699,0.794,73.5,N,True,True,False
97414000CN0463,Saint-Louis,1311,885,0.675,13.5,A,True,True,False
97414000CN0658,Saint-Louis,1518,1036,0.683,75.6,A,True,True,False
97414000CN0367,Saint-Louis,2620,2172,0.829,30.1,A,True,True,False
97414000CN0215,Saint-Louis,2308,1161,0.503,22.5,A,True,True,False
97414000CN0412,Saint-Louis,2208,1416,0.641,29.3,A,True,True,False
97414000CN0907,Saint-Louis,1599,1064,0.666,30.0,A,True,True,False
97414000CN0688,Saint-Louis,2137,1305,0.611,56.4,A,True,True,False
97414000CN0641,Saint-Louis,2250,1391,0.618,93.1,A,True,True,False
97414000CN0643,Saint-Louis,2180,1569,0.720,12.3,A,True,True,False
97414000CO0536,Saint-Louis,3085,1552,0.503,76.0,A,True,True,False
97414000CO0294,Saint-Louis,3787,2187,0.577,17.3,A,True,True,False
97414000CO0225,Saint-Louis,4012,1974,0.492,85.0,A,False,True,False
97414000CO1455,Saint-Louis,2675,2117,0.792,113.3,A,True,True,False
97414000CO1310,Saint-Louis,1755,1351,0.770,25.4,A,True,True,False
97414000CO1311,Saint-Louis,1689,1148,0.680,15.3,A,True,True,False
97414000CO1040,Saint-Louis,4978,2454,0.493,65.1,U,False,False,False
97414000CO1224,Saint-Louis,2243,1555,0.693,18.4,A,True,True,False
97414000CO0905,Saint-Louis,2373,1654,0.697,53.4,A,True,True,False
97414000CO1041,Saint-Louis,3856,2918,0.757,26.9,A,True,True,False
97414000CO0933,Saint-Louis,2002,1354,0.676,38.2,A,True,True,False
97414000CO0922,Saint-Louis,2043,1626,0.796,33.4,A,True,True,False
97414000CO0868,Saint-Louis,3099,2384,0.769,28.7,A,True,True,False
97414000CO0901,Saint-Louis,1359,837,0.616,18.2,A,True,True,False
97414000CO0881,Saint-Louis,1506,770,0.512,47.8,U,True,False,False
97414000CO0103,Saint-Louis,1416,1014,0.716,32.2,U,True,False,False
97414000CO0857,Saint-Louis,1550,1123,0.725,24.0,N,True,True,False
97414000CP0482,Saint-Louis,4650,3446,0.741,57.7,U,True,False,False
97414000CP0225,Saint-Louis,4465,3694,0.827,18.4,A,True,True,False
97414000CP0736,Saint-Louis,3772,3078,0.816,23.2,A,True,True,False
97414000CP0100,Saint-Louis,2089,1475,0.706,70.8,A,True,True,False
97414000CP0751,Saint-Louis,1362,938,0.688,20.7,A,True,True,False
97414000CP0251,Saint-Louis,2568,2067,0.805,22.0,U,True,False,False
97414000CP0439,Saint-Louis,1304,754,0.579,91.4,U,True,False,False
97414000CP0258,Saint-Louis,1843,1322,0.717,14.7,A,True,True,False
97414000CR0133,Saint-Louis,2694,2032,0.754,65.3,A,True,True,False
97414000CS0852,Saint-Louis,4954,3802,0.767,79.7,A,True,True,False
97414000CS0857,Saint-Louis,1364,786,0.577,37.1,A,True,True,False
97414000CS0436,Saint-Louis,2267,1758,0.776,26.6,A,True,True,False
97414000CS0497,Saint-Louis,1502,992,0.661,50.2,A,True,True,False
97414000CS0498,Saint-Louis,1510,1091,0.722,32.3,A,True,True,False
97414000CS0164,Saint-Louis,1494,947,0.634,22.5,N,True,True,False
97414000CS0183,Saint-Louis,1399,982,0.702,36.0,U,True,False,False
97414000CT1400,Saint-Louis,4043,3109,0.769,22.2,A,True,True,False
97414000CT1320,Saint-Louis,5506,2367,0.430,64.5,A,False,True,False
97414000CT0988,Saint-Louis,2525,2003,0.793,49.6,A,True,True,False
97414000CT1473,Saint-Louis,1889,1406,0.744,80.2,U,True,False,False
97414000CT0521,Saint-Louis,5440,4616,0.849,74.3,A,True,True,False
97414000CT0617,Saint-Louis,2751,1975,0.718,33.8,U,True,False,False
97414000CT0307,Saint-Louis,2835,2358,0.832,50.7,A,True,True,False
97414000CT0649,Saint-Louis,1809,1338,0.740,24.9,A,True,True,False
97414000CV0989,Saint-Louis,3800,2654,0.699,76.3,N,True,True,False
97414000CV0255,Saint-Louis,2325,1711,0.736,69.4,U,True,False,False
97414000CV0878,Saint-Louis,4754,3753,0.790,37.1,A,True,True,False
97414000CV0617,Saint-Louis,1658,1240,0.748,18.7,A,True,True,False
97414000CV0919,Saint-Louis,2422,1593,0.658,36.8,U,True,False,False
97414000CV0877,Saint-Louis,2210,1242,0.562,52.3,A,True,True,False
97414000CV0029,Saint-Louis,3328,2616,0.786,49.2,U,True,False,False
97414000CV0800,Saint-Louis,4183,3404,0.814,69.1,A,True,True,False
97414000CV0264,Saint-Louis,3137,1952,0.622,61.0,U,True,False,False
97414000CV0475,Saint-Louis,1852,997,0.538,27.4,U,True,False,False
97414000CV0776,Saint-Louis,1623,1198,0.738,32.6,U,True,False,False
97414000CW0217,Saint-Louis,2629,2223,0.845,12.8,N,True,True,False
97414000CW0352,Saint-Louis,4155,3026,0.728,43.3,A,True,True,False
97414000CW0345,Saint-Louis,2453,1991,0.812,20.3,A,True,True,False
97414000CW0347,Saint-Louis,2416,1847,0.765,12.0,A,True,True,False
97414000CW0177,Saint-Louis,1780,1305,0.733,100.9,A,True,True,False
97414000CW0152,Saint-Louis,2326,1900,0.817,38.7,A,True,True,False
97414000CW0139,Saint-Louis,1958,1402,0.716,90.0,A,True,True,False
97414000CW0154,Saint-Louis,3105,2570,0.828,12.0,A,True,True,False
97414000CW0355,Saint-Louis,3205,2695,0.841,17.1,AUc,True,False,False
97414000CW0359,Saint-Louis,2549,2123,0.833,112.0,AUc,True,False,False
97414000CW0354,Saint-Louis,2712,2081,0.767,59.8,AUc,True,False,False
97414000CX0412,Saint-Louis,2897,2193,0.757,22.8,A,True,True,False
97414000CX0172,Saint-Louis,1687,1172,0.695,16.3,A,True,True,False
97414000CX0259,Saint-Louis,2940,2476,0.842,61.0,A,True,True,False
97414000CX0177,Saint-Louis,3698,3121,0.844,54.4,A,True,True,False
97414000CY0462,Saint-Louis,3679,2764,0.751,61.1,A,True,True,False
97414000CY0349,Saint-Louis,1403,933,0.665,134.6,U,True,False,False
97414000CY0265,Saint-Louis,4999,3723,0.745,129.2,U,True,False,False
97414000CY0172,Saint-Louis,5346,4303,0.805,56.7,U,True,False,False
97414000CY0331,Saint-Louis,2578,1725,0.669,120.2,U,True,False,False
97414000CZ0124,Saint-Louis,1620,1081,0.668,52.7,A,True,True,False
97414000DE0478,Saint-Louis,3904,2018,0.517,16.9,U,True,False,False
97414000DE0475,Saint-Louis,3960,1743,0.440,39.9,U,False,False,False
97414000DH0717,Saint-Louis,5612,3221,0.574,23.1,U,True,False,False
97414000DH0201,Saint-Louis,5312,3371,0.635,47.9,U,True,False,False
97414000DH0893,Saint-Louis,5101,2668,0.523,65.6,U,True,False,False
97414000DH1080,Saint-Louis,4312,2262,0.524,15.2,U,True,False,False
97414000DH1553,Saint-Louis,5801,3602,0.621,127.0,U,True,False,False
97414000DH0204,Saint-Louis,3563,2000,0.561,29.5,U,True,False,False
97414000DH0903,Saint-Louis,4310,2171,0.504,66.7,U,True,False,False
97414000DH0765,Saint-Louis,1619,992,0.613,21.1,U,True,False,False
97414000DH0932,Saint-Louis,4443,1869,0.421,30.0,U,False,False,False
97414000DH0847,Saint-Louis,4824,3818,0.791,59.0,U,True,False,False
97414000DH0939,Saint-Louis,5976,2407,0.403,103.1,AUc,False,False,False
97414000DH1233,Saint-Louis,2992,1643,0.549,31.8,U,True,False,False
97414000DH1343,Saint-Louis,2566,1438,0.561,83.4,U,True,False,False
97414000DH0699,Saint-Louis,3240,2204,0.680,23.7,U,True,False,False
97414000DI0619,Saint-Louis,1725,930,0.539,18.9,U,True,False,False
97414000DI0617,Saint-Louis,2258,1250,0.554,15.4,U,True,False,False
97414000DI0804,Saint-Louis,5442,2809,0.516,43.0,U,True,False,False
97414000DI0063,Saint-Louis,1511,947,0.627,16.7,U,True,False,False
97414000DK0832,Saint-Louis,5479,3880,0.708,81.9,U,True,False,False
97414000DL0366,Saint-Louis,2241,1714,0.765,105.3,U,True,False,False
97414000DM0398,Saint-Louis,4856,2297,0.473,28.4,U,False,False,False
97414000DM0360,Saint-Louis,3004,1855,0.618,55.1,U,True,False,False
97414000DM0359,Saint-Louis,1428,914,0.641,20.9,U,True,False,False
97414000DN0385,Saint-Louis,5596,3175,0.567,113.9,U,True,False,False
97414000DO0142,Saint-Louis,1732,1279,0.739,24.9,U,True,False,False
97414000DR0295,Saint-Louis,2278,1309,0.575,46.3,N,True,True,False
97414000DR0303,Saint-Louis,2340,1715,0.733,66.5,U,True,False,False
97414000DR0298,Saint-Louis,3246,2339,0.721,147.0,U,True,False,False
97414000DR0615,Saint-Louis,2222,1514,0.681,94.9,N,True,True,False
97414000DS0250,Saint-Louis,2018,1599,0.793,12.7,U,True,False,False
97414000DS0244,Saint-Louis,3165,2050,0.648,22.4,U,True,False,False
97414000DT0342,Saint-Louis,5549,4884,0.880,16.1,A,True,True,False
97414000DT0155,Saint-Louis,1634,1226,0.751,12.7,U,True,False,False
97414000DT0187,Saint-Louis,2202,1531,0.695,30.4,U,True,False,False
97414000DT0430,Saint-Louis,1971,1537,0.780,40.4,U,True,False,False
97414000DT0441,Saint-Louis,2282,1645,0.721,14.9,N,True,True,False
97414000DT0322,Saint-Louis,3514,2944,0.838,71.0,U,True,False,False
97414000DT0319,Saint-Louis,1862,1284,0.690,89.7,U,True,False,False
97414000DT0291,Saint-Louis,5716,4911,0.859,121.8,N,True,True,False
97414000DV0118,Saint-Louis,3785,3311,0.875,150.5,U,True,False,False
97414000DV0172,Saint-Louis,1936,1499,0.774,104.1,U,True,False,False
97414000DV0588,Saint-Louis,2400,1775,0.740,64.1,A,True,True,False
97414000DV0452,Saint-Louis,1579,938,0.594,20.5,U,True,False,False
97414000DV0354,Saint-Louis,2782,2211,0.795,66.0,A,True,True,False
97414000DY0436,Saint-Louis,2567,2072,0.807,157.6,A,True,True,False
97414000DY0452,Saint-Louis,4130,3505,0.849,14.0,A,True,True,False
97414000EK0119,Saint-Louis,4306,3582,0.832,177.4,U,True,False,False
97414000EK0148,Saint-Louis,3247,2501,0.770,14.8,N,True,True,False
97414000EK0083,Saint-Louis,2536,1796,0.708,80.3,U,True,False,False
97414000EK0146,Saint-Louis,1640,1158,0.706,139.5,U,True,False,False
97414000EK0461,Saint-Louis,1057,645,0.610,27.1,U,True,False,False
97414000EK0210,Saint-Louis,2153,1538,0.714,86.9,U,True,False,False
97414000EK0211,Saint-Louis,2745,2204,0.803,107.9,U,True,False,False
97414000EK0224,Saint-Louis,1138,678,0.596,76.8,U,True,False,False
97414000EL1763,Saint-Louis,5318,3500,0.658,55.1,U,True,False,False
97414000EL2183,Saint-Louis,5971,2557,0.428,518.3,U,False,False,False
97414000EL0409,Saint-Louis,2382,1036,0.435,24.2,U,False,False,False
97414000EL1625,Saint-Louis,1309,874,0.667,37.0,U,True,False,False
97414000EL2344,Saint-Louis,2062,1393,0.675,26.4,U,True,False,False
97414000EL1313,Saint-Louis,2841,2375,0.836,125.0,A,True,True,False
97414000EL0865,Saint-Louis,3507,2867,0.818,12.0,U,True,False,False
97414000EL0939,Saint-Louis,3244,1010,0.311,44.2,U,False,False,False
97414000EM0744,Saint-Louis,1330,802,0.603,46.7,AUc,True,False,False
97414000EM0828,Saint-Louis,1340,849,0.633,14.3,AUc,True,False,False
97414000EM0468,Saint-Louis,2257,1429,0.633,187.9,A,True,True,False
97414000EM0750,Saint-Louis,1510,1082,0.717,100.1,A,True,True,False
97414000EM0066,Saint-Louis,2187,1051,0.481,68.5,U,False,False,False
97414000EM0650,Saint-Louis,2665,1722,0.646,18.0,A,True,True,False
97414000EM0691,Saint-Louis,2358,1867,0.792,38.6,A,True,True,False
97414000EM0642,Saint-Louis,2142,1587,0.741,43.4,A,True,True,False
97414000EM0219,Saint-Louis,2581,1807,0.700,27.9,U,True,False,False
97414000EM0925,Saint-Louis,1419,808,0.570,31.8,U,True,False,False
97414000EN0963,Saint-Louis,2982,2159,0.724,56.9,A,True,True,False
97414000EN2366,Saint-Louis,3791,2887,0.761,17.6,U,True,False,False
97414000EN0964,Saint-Louis,2672,2193,0.821,37.7,A,True,True,False
97414000EN1536,Saint-Louis,2874,2105,0.732,14.9,U,True,False,False
97414000EN0799,Saint-Louis,5791,5191,0.896,182.0,N,True,True,False
97414000EN0659,Saint-Louis,3774,3324,0.881,68.0,AUs,True,False,False
97414000EN1176,Saint-Louis,3857,3032,0.786,107.2,A,True,True,False
97414000EN1177,Saint-Louis,3627,2300,0.634,223.3,A,True,True,False
97414000EN1175,Saint-Louis,2865,2315,0.808,29.7,A,True,True,False
97414000EN1321,Saint-Louis,2837,2137,0.753,131.6,A,True,True,False
97414000EN1174,Saint-Louis,3677,3273,0.890,129.2,A,True,True,False
97414000EN2404,Saint-Louis,4164,3759,0.903,329.1,A,True,True,False
97414000EN3422,Saint-Louis,3379,2572,0.761,157.3,A,True,True,False
97414000EN2043,Saint-Louis,1598,1012,0.633,36.1,A,True,True,False
97414000EN1319,Saint-Louis,1682,1207,0.718,22.2,A,True,True,False
97414000EN0433,Saint-Louis,1436,842,0.586,213.2,U,True,False,False
97414000EN0545,Saint-Louis,1440,871,0.605,54.1,A,True,True,False
97414000EN2923,Saint-Louis,5301,4377,0.826,64.1,A,True,True,False
97414000EN4174,Saint-Louis,1939,1272,0.656,31.2,U,True,False,False
97414000EN1442,Saint-Louis,1433,978,0.682,69.3,U,True,False,False
97414000EN0910,Saint-Louis,3701,2645,0.715,121.6,A,True,True,False
97414000EN1363,Saint-Louis,1956,1552,0.794,49.8,A,True,True,False
97414000EN1701,Saint-Louis,2251,1645,0.730,28.6,A,True,True,False
97414000EN1415,Saint-Louis,1246,823,0.661,44.8,A,True,True,False
97414000EN1829,Saint-Louis,2190,1765,0.806,48.3,A,True,True,False
97414000EN1828,Saint-Louis,1533,989,0.645,58.2,A,True,True,False
97414000EN2117,Saint-Louis,1522,1022,0.671,109.5,AUs,True,False,False
97414000EN0982,Saint-Louis,1337,750,0.560,43.2,U,True,False,False
97414000EN1378,Saint-Louis,2003,1329,0.663,49.1,U,True,False,False
97414000EN3053,Saint-Louis,1436,999,0.696,41.3,U,True,False,False
97414000EN1529,Saint-Louis,2369,1640,0.692,152.2,U,True,False,False
97414000EN0073,Saint-Louis,1339,924,0.690,40.5,U,True,False,False
97414000EN3641,Saint-Louis,1836,1268,0.690,49.7,U,True,False,False
97414000EN0844,Saint-Louis,1508,857,0.568,21.9,U,True,False,False
97414000EN3624,Saint-Louis,1972,1560,0.791,72.3,AUc,True,False,False
97414000EN3623,Saint-Louis,2001,1412,0.706,23.9,AUc,True,False,False
97414000EN4158,Saint-Louis,1947,1503,0.772,55.8,U,True,False,False
97414000EN4021,Saint-Louis,3482,3020,0.867,225.9,A,True,True,False
97414000EN4199,Saint-Louis,1746,1325,0.759,56.3,AUc,True,False,False
97414000EN3636,Saint-Louis,2407,2001,0.831,58.7,N,True,True,False
97414000EN0737,Saint-Louis,4811,4222,0.878,97.2,A,True,True,False
97414000EN3024,Saint-Louis,2396,1677,0.700,123.9,A,True,True,False
97414000EN2253,Saint-Louis,1744,1136,0.651,93.2,U,True,False,False
97414000EO0658,Saint-Louis,4441,3696,0.832,102.1,A,True,True,False
97414000EO0865,Saint-Louis,3974,3478,0.875,249.6,A,True,True,False
97414000EO0269,Saint-Louis,5319,4766,0.896,63.1,U,True,False,False
97414000EO0223,Saint-Louis,4831,3278,0.679,21.2,AUc,True,False,False
97414000EO0386,Saint-Louis,4457,3900,0.875,172.4,A,True,True,False
97414000EO0457,Saint-Louis,1690,1174,0.694,51.8,A,True,True,False
97414000EO0659,Saint-Louis,4708,3569,0.758,160.2,A,True,True,False
97414000EO0660,Saint-Louis,4184,3524,0.842,166.2,A,True,True,False
97414000EO0846,Saint-Louis,2667,2253,0.845,64.6,A,True,True,False
97414000EO1183,Saint-Louis,2247,1814,0.807,79.4,AUs,True,False,False
97414000EO0717,Saint-Louis,3418,2741,0.802,33.6,A,True,True,False
97414000EO0576,Saint-Louis,3531,2779,0.787,18.5,A,True,True,False
97414000EO0575,Saint-Louis,3114,2523,0.810,14.0,A,True,True,False
97414000EO0291,Saint-Louis,4126,3436,0.833,167.6,A,True,True,False
97414000EO0587,Saint-Louis,2541,1901,0.748,21.9,A,True,True,False
97414000EO0280,Saint-Louis,3161,2541,0.804,94.6,A,True,True,False
97414000EO0361,Saint-Louis,1716,1231,0.718,46.3,A,True,True,False
97414000EO0573,Saint-Louis,2370,1920,0.810,182.5,A,True,True,False
97414000EO0574,Saint-Louis,2170,1712,0.789,89.3,A,True,True,False
97414000EO0062,Saint-Louis,1325,872,0.658,19.2,U,True,False,False
97414000EO1139,Saint-Louis,1566,958,0.612,88.3,U,True,False,False
97414000EO0725,Saint-Louis,1285,838,0.652,59.1,U,True,False,False
97414000EO0397,Saint-Louis,2163,1734,0.802,66.9,A,True,True,False
97414000EO0476,Saint-Louis,1896,714,0.377,74.8,U,False,False,False
97414000EO0334,Saint-Louis,1406,931,0.662,92.6,U,True,False,False
97414000EO0840,Saint-Louis,1239,736,0.595,87.4,U,True,False,False
97414000EO1061,Saint-Louis,5030,4265,0.848,73.5,A,True,True,False
97414000ER0656,Saint-Louis,4251,3798,0.893,141.6,A,True,True,False
97414000ER0675,Saint-Louis,4527,3903,0.862,53.3,U,True,False,False
97414000ER0820,Saint-Louis,1326,837,0.631,109.4,U,True,False,False
97414000ES0032,Saint-Louis,2380,1973,0.829,18.8,U,True,False,False
97414000ES0370,Saint-Louis,1339,913,0.682,100.6,U,True,False,False
97414000ES0625,Saint-Louis,1218,813,0.667,50.4,U,True,False,False
97414000ES0073,Saint-Louis,3578,2426,0.678,133.6,U,True,False,False
97414000ES0422,Saint-Louis,1328,711,0.536,12.8,U,True,False,False
97414000ES0169,Saint-Louis,1345,881,0.655,31.2,U,True,False,False
97414000ET0921,Saint-Louis,4028,3414,0.847,84.5,A,True,True,False
97414000ET0586,Saint-Louis,4350,3052,0.702,244.0,U,True,False,False
97414000ET0383,Saint-Louis,4531,3930,0.867,24.8,AUc,True,False,False
97414000ET1478,Saint-Louis,2216,1635,0.738,122.2,A,True,True,False
97414000ET0344,Saint-Louis,5354,4621,0.863,14.9,A,True,True,False
97414000ET0620,Saint-Louis,2376,1637,0.689,73.2,A,True,True,False
97414000ET0621,Saint-Louis,2599,1818,0.699,82.9,A,True,True,False
97414000ET0354,Saint-Louis,2259,1667,0.738,216.5,A,True,True,False
97414000ET0600,Saint-Louis,1678,1140,0.680,20.0,A,True,True,False
97414000ET1866,Saint-Louis,3320,2750,0.828,42.6,A,True,True,False
97414000ET0324,Saint-Louis,2208,1767,0.800,173.3,U,True,False,False
97414000ET0325,Saint-Louis,2629,1850,0.704,63.7,U,True,False,False
97414000ET1174,Saint-Louis,1243,804,0.647,93.3,U,True,False,False
97414000ET2142,Saint-Louis,1225,745,0.608,31.1,U,True,False,False
97414000ET1583,Saint-Louis,1399,978,0.699,98.9,U,True,False,False
97414000ET1216,Saint-Louis,2229,1500,0.673,97.2,U,True,False,False
97414000ET1177,Saint-Louis,1195,733,0.613,56.3,U,True,False,False
97414000ET1496,Saint-Louis,2133,1592,0.746,28.0,U,True,False,False
97414000ET1170,Saint-Louis,1576,1124,0.713,70.0,U,True,False,False
97414000ET1584,Saint-Louis,1374,944,0.687,51.3,U,True,False,False
97414000ET1999,Saint-Louis,1585,1154,0.728,36.2,AUc,True,False,False
97414000ET0543,Saint-Louis,1673,1131,0.676,41.8,U,True,False,False
97414000ET0293,Saint-Louis,3430,2265,0.660,47.6,U,True,False,False
97414000ET1852,Saint-Louis,1434,922,0.643,65.8,U,True,False,False
97414000ET0070,Saint-Louis,2378,1456,0.612,38.7,U,True,False,False
97414000ET0949,Saint-Louis,1674,1111,0.664,164.1,U,True,False,False
97414000ET0945,Saint-Louis,1505,1000,0.665,122.4,U,True,False,False
97414000EV0136,Saint-Louis,4683,3104,0.663,25.1,U,True,False,False
97414000EV0032,Saint-Louis,1882,1216,0.646,34.3,U,True,False,False
97414000EV0502,Saint-Louis,2013,1533,0.761,31.0,N,True,True,False
97414000EW0202,Saint-Louis,1690,1080,0.639,27.0,U,True,False,False
97414000EX0547,Saint-Louis,1312,909,0.692,88.6,U,True,False,False
97414000EX0874,Saint-Louis,2770,979,0.353,116.3,U,False,False,False
97414000EX0229,Saint-Louis,2220,1670,0.752,12.2,U,True,False,False
97414000EY0265,Saint-Louis,3204,2707,0.845,19.2,A,True,True,False
97414000EY0022,Saint-Louis,2037,1603,0.787,35.1,U,True,False,False
97414000EY0201,Saint-Louis,1727,1149,0.665,31.6,U,True,False,False
97414000EZ0207,Saint-Louis,1480,820,0.554,15.9,U,True,False,False
97414000EZ0047,Saint-Louis,4260,3766,0.884,80.4,U,True,False,False
97414000EZ0218,Saint-Louis,1432,978,0.683,49.4,N,True,True,False
97414000EZ0015,Saint-Louis,3314,2383,0.719,56.7,A,True,True,False
97414000HA0042,Saint-Louis,3687,2611,0.708,71.6,U,True,False,False
97414000HB0095,Saint-Louis,1572,892,0.568,52.3,U,True,False,False
97414000HB0094,Saint-Louis,2247,1558,0.694,31.9,U,True,False,False
97414000HB0419,Saint-Louis,2074,1627,0.784,57.8,U,True,False,False
97414000HC0215,Saint-Louis,2429,1502,0.618,14.3,A,True,True,False
97414000HC0055,Saint-Louis,1562,830,0.532,12.1,U,True,False,False
97414000HC0032,Saint-Louis,1077,659,0.612,32.3,U,True,False,False
97414000HC0301,Saint-Louis,1127,698,0.620,57.4,U,True,False,False
97414000HD0232,Saint-Louis,1858,925,0.498,29.7,U,False,False,False
97414000HD0109,Saint-Louis,2431,1922,0.791,89.3,U,True,False,False
97414000HD0266,Saint-Louis,1453,1022,0.704,67.8,U,True,False,False
97414000HD0089,Saint-Louis,4569,3238,0.709,17.3,A,True,True,False
97414000HE0002,Saint-Louis,1599,1070,0.669,68.4,U,True,False,False
97414000HE0031,Saint-Louis,4407,2576,0.584,18.6,N,True,True,False
97414000HE0164,Saint-Louis,3197,1595,0.499,112.9,U,False,False,False
97414000HE0059,Saint-Louis,3705,2992,0.808,68.8,N,True,True,False
97414000HE0054,Saint-Louis,2946,2507,0.851,46.6,U,True,False,False
97414000HE0344,Saint-Louis,1031,623,0.604,37.4,U,True,False,False
97414000HE0270,Saint-Louis,2970,2219,0.747,97.4,U,True,False,False
97414000HE0150,Saint-Louis,2760,2349,0.851,66.5,U,True,False,False
97414000HE0293,Saint-Louis,2971,2252,0.758,28.7,N,True,True,False
97414000HE0431,Saint-Louis,2141,1467,0.685,12.1,U,True,False,False
97414000HE0267,Saint-Louis,1593,1077,0.676,47.2,U,True,False,False
97414000HE0095,Saint-Louis,1433,903,0.631,18.0,U,True,False,False
97414000HE0265,Saint-Louis,1536,1060,0.690,28.1,U,True,False,False
97414000HH0306,Saint-Louis,2705,1599,0.591,108.1,U,True,False,False
97414000HH0302,Saint-Louis,4108,3346,0.815,23.6,U,True,False,False
97414000HH0528,Saint-Louis,2496,1796,0.719,12.5,U,True,False,False
97414000HH0067,Saint-Louis,2435,1832,0.753,66.0,U,True,False,False
97414000HH0025,Saint-Louis,2101,1635,0.778,158.8,U,True,False,False
97414000HI0597,Saint-Louis,1872,1122,0.600,34.4,A,True,True,False
97414000HI0419,Saint-Louis,2646,1600,0.605,44.8,A,True,True,False
97414000HI0707,Saint-Louis,1731,1207,0.697,26.4,A,True,True,False
97414000HI0007,Saint-Louis,1652,980,0.593,37.5,A,True,True,False
97414000HI1181,Saint-Louis,4674,3723,0.796,131.2,AUc,True,False,False
97414000HI0345,Saint-Louis,2691,2179,0.810,16.6,U,True,False,False
97414000HI0036,Saint-Louis,3619,2147,0.593,42.5,U,True,False,False
97414000HI0504,Saint-Louis,4969,4536,0.913,28.7,A,True,True,False
97414000HI1106,Saint-Louis,2451,1973,0.805,65.0,A,True,True,False
97414000HI1633,Saint-Louis,2018,1527,0.757,18.3,U,True,False,False
97414000HI0129,Saint-Louis,1178,744,0.632,64.2,U,True,False,False
97414000HI0456,Saint-Louis,2972,2391,0.804,15.9,A,True,True,False
97414000HI1218,Saint-Louis,1487,1053,0.708,97.7,U,True,False,False
97414000HI0061,Saint-Louis,2720,2234,0.821,51.6,N,True,True,False
97414000HK0224,Saint-Louis,5708,4817,0.844,40.9,N,True,True,False
97414000HK0659,Saint-Louis,3956,2791,0.705,254.3,U,True,False,False
97414000HK0186,Saint-Louis,1116,710,0.637,95.8,U,True,False,False
97414000HK0660,Saint-Louis,1474,955,0.648,34.3,N,True,True,False
97414000HK0019,Saint-Louis,3215,2223,0.691,264.1,A,True,True,False
97414000HK0413,Saint-Louis,4124,3670,0.890,62.5,N,True,True,False
97414000HK0232,Saint-Louis,1913,1348,0.705,88.6,N,True,True,False
97414000HK0640,Saint-Louis,2381,1963,0.825,127.8,N,True,True,False
97414000HK0034,Saint-Louis,3448,2875,0.834,20.3,A,True,True,False
97414000HK0254,Saint-Louis,1361,946,0.695,22.6,U,True,False,False
97414000HL0663,Saint-Louis,2156,1187,0.551,40.6,U,True,False,False
97414000HL0329,Saint-Louis,2035,1553,0.763,65.8,U,True,False,False
97414000HL0177,Saint-Louis,4008,3263,0.814,62.4,A,True,True,False
97414000HL0008,Saint-Louis,3305,2769,0.838,78.9,U,True,False,False
97412000AH0140,Saint-Joseph,5668,5096,0.899,23.0,A,True,True,False
97412000AH0682,Saint-Joseph,3353,2742,0.818,69.2,U,True,False,False
97412000AH1207,Saint-Joseph,5718,5203,0.910,12.6,A,True,True,False
97412000AH0584,Saint-Joseph,3641,2549,0.700,103.1,A,True,True,False
97412000AH1325,Saint-Joseph,4112,3684,0.896,154.8,A,True,True,False
97412000AH0400,Saint-Joseph,2240,1766,0.789,107.1,U,True,False,False
97412000AH0429,Saint-Joseph,2363,1631,0.690,106.4,U,True,False,False
97412000AH0449,Saint-Joseph,2414,1738,0.720,150.9,U,True,False,False
97412000AH0464,Saint-Joseph,3109,1907,0.613,51.6,U,True,False,False
97412000AH0602,Saint-Joseph,3171,2713,0.856,46.0,A,True,True,False
97412000AH0275,Saint-Joseph,3976,3165,0.796,13.6,A,True,True,False
97412000AH0696,Saint-Joseph,2026,1314,0.648,88.0,U,True,False,False
97412000AH1270,Saint-Joseph,4403,2087,0.474,62.3,U,False,False,False
97412000AH0973,Saint-Joseph,1930,1054,0.546,15.3,U,True,False,False
97412000AL0296,Saint-Joseph,2207,1642,0.744,28.3,N,True,True,False
97412000AL0244,Saint-Joseph,1687,1165,0.691,46.6,N,True,True,False
97412000AM1404,Saint-Joseph,3508,2815,0.802,51.1,U,True,False,False
97412000AM0628,Saint-Joseph,3700,3003,0.811,15.0,A,True,True,False
97412000AM0657,Saint-Joseph,1224,798,0.652,12.6,U,True,False,False
97412000AM0973,Saint-Joseph,1852,1340,0.724,72.8,A,True,True,False
97412000AM0946,Saint-Joseph,1191,576,0.484,27.0,U,False,False,False
97412000AM0462,Saint-Joseph,3680,1739,0.472,29.4,U,False,False,False
97412000AM0461,Saint-Joseph,2389,1461,0.611,90.0,U,True,False,False
97412000AM0403,Saint-Joseph,2193,1705,0.777,47.7,U,True,False,False
97412000AM0612,Saint-Joseph,1444,948,0.656,30.7,U,True,False,False
97412000AM0284,Saint-Joseph,2272,1373,0.604,23.5,U,True,False,False
97412000AM0275,Saint-Joseph,1695,1162,0.685,23.1,U,True,False,False
97412000AM1841,Saint-Joseph,1882,948,0.504,17.6,N,True,True,False
97412000AM0273,Saint-Joseph,1134,651,0.574,19.5,U,True,False,False
97412000AM0254,Saint-Joseph,1201,769,0.640,39.5,U,True,False,False
97412000AM0256,Saint-Joseph,3484,2408,0.691,78.9,U,True,False,False
97412000AM1659,Saint-Joseph,4622,2210,0.478,163.3,U,False,False,False
97412000AN0243,Saint-Joseph,5379,4014,0.746,49.0,U,True,False,False
97412000AN0239,Saint-Joseph,4184,2882,0.689,48.8,U,True,False,False
97412000AN0369,Saint-Joseph,3158,2373,0.752,122.2,A,True,True,False
97412000AN0169,Saint-Joseph,3290,2636,0.801,42.3,A,True,True,False
97412000AN0488,Saint-Joseph,1576,1005,0.638,36.0,U,True,False,False
97412000AN0444,Saint-Joseph,1515,1088,0.718,37.3,U,True,False,False
97412000AN0522,Saint-Joseph,1167,673,0.577,27.4,U,True,False,False
97412000AN0079,Saint-Joseph,1686,1110,0.659,82.0,A,True,True,False
97412000AN0424,Saint-Joseph,2365,1749,0.740,12.8,A,True,True,False
97412000AN0348,Saint-Joseph,5778,4460,0.772,44.9,A,True,True,False
97412000AN0596,Saint-Joseph,2435,1704,0.700,21.2,A,True,True,False
97412000AO0062,Saint-Joseph,5722,4388,0.767,28.4,AUc,True,False,False
97412000AO0865,Saint-Joseph,2095,1582,0.755,21.8,A,True,True,False
97412000AO0118,Saint-Joseph,4042,3021,0.748,105.2,A,True,True,False
97412000AO0119,Saint-Joseph,3689,3003,0.814,23.1,A,True,True,False
97412000AO0508,Saint-Joseph,3697,2679,0.725,19.7,U,True,False,False
97412000AO0580,Saint-Joseph,1194,666,0.558,34.0,U,True,False,False
97412000AO0314,Saint-Joseph,1531,1067,0.697,92.8,U,True,False,False
97412000AO0396,Saint-Joseph,3873,2928,0.756,26.4,A,True,True,False
97412000AO0397,Saint-Joseph,2724,2040,0.749,95.3,N,True,True,False
97412000AO0044,Saint-Joseph,1743,1262,0.724,12.2,U,True,False,False
97412000AO0043,Saint-Joseph,4060,1639,0.404,29.4,U,False,False,False
97412000AO0496,Saint-Joseph,2464,1768,0.718,12.8,U,True,False,False
97412000AP0075,Saint-Joseph,3185,2760,0.866,80.4,N,True,True,False
97412000AP0111,Saint-Joseph,4458,3776,0.847,44.2,A,True,True,False
97412000AP0025,Saint-Joseph,4169,3657,0.877,27.1,A,True,True,False
97412000AP0432,Saint-Joseph,2098,1518,0.724,23.5,A,True,True,False
97412000AP0601,Saint-Joseph,2483,2024,0.815,63.8,A,True,True,False
97412000AP0340,Saint-Joseph,2452,1250,0.510,29.9,A,True,True,False
97412000AP0341,Saint-Joseph,2439,1708,0.700,43.2,A,True,True,False
97412000AP0554,Saint-Joseph,1947,1531,0.786,76.8,A,True,True,False
97412000AP0532,Saint-Joseph,1802,1306,0.725,17.6,U,True,False,False
97412000AP0514,Saint-Joseph,1688,1083,0.641,67.8,A,True,True,False
97412000AP0206,Saint-Joseph,2356,1621,0.688,13.5,A,True,True,False
97412000AP0344,Saint-Joseph,2946,1687,0.573,17.1,N,True,True,False
97412000AP0343,Saint-Joseph,1814,1280,0.706,48.6,N,True,True,False
97412000AP0353,Saint-Joseph,1411,940,0.666,70.4,A,True,True,False
97412000AR0285,Saint-Joseph,5934,4538,0.765,18.2,N,True,True,False
97412000AR0246,Saint-Joseph,2683,2173,0.810,188.7,A,True,True,False
97412000AR0281,Saint-Joseph,4104,3116,0.759,29.0,N,True,True,False
97412000AR0305,Saint-Joseph,2780,2250,0.810,13.5,A,True,True,False
97412000AS0175,Saint-Joseph,5548,5090,0.917,34.1,A,True,True,False
97412000AS0336,Saint-Joseph,4122,3375,0.819,21.4,A,True,True,False
97412000AS0402,Saint-Joseph,2193,1782,0.813,113.6,A,True,True,False
97412000AS0510,Saint-Joseph,1270,772,0.608,94.5,A,True,True,False
97412000AS0464,Saint-Joseph,2530,1359,0.537,37.9,A,True,True,False
97412000AS0545,Saint-Joseph,4688,4038,0.861,265.5,A,True,True,False
97412000AS0382,Saint-Joseph,2698,2112,0.783,71.9,A,True,True,False
97412000AS0356,Saint-Joseph,5236,4385,0.837,29.3,A,True,True,False
97412000AS0323,Saint-Joseph,5165,4433,0.858,30.4,A,True,True,False
97412000AS0028,Saint-Joseph,2668,2042,0.765,45.0,A,True,True,False
97412000AS0427,Saint-Joseph,4283,3457,0.807,134.8,U,True,False,False
97412000AT0296,Saint-Joseph,5529,4829,0.873,458.1,A,True,True,False
97412000AT0692,Saint-Joseph,4985,4405,0.884,76.2,A,True,True,False
97412000AT0481,Saint-Joseph,5609,4929,0.879,182.3,A,True,True,False
97412000AT0928,Saint-Joseph,5943,4703,0.791,92.5,A,True,True,False
97412000AT0137,Saint-Joseph,4271,3749,0.878,47.3,A,True,True,False
97412000AT0530,Saint-Joseph,5795,4653,0.803,223.6,A,True,True,False
97412000AT0478,Saint-Joseph,5579,4994,0.895,202.3,A,True,True,False
97412000AT1041,Saint-Joseph,4054,3608,0.890,43.2,A,True,True,False
97412000AT0044,Saint-Joseph,4940,4069,0.824,148.4,N,True,True,False
97412000AT0826,Saint-Joseph,2614,2212,0.846,116.1,A,True,True,False
97412000AT0580,Saint-Joseph,3202,2553,0.797,14.0,A,True,True,False
97412000AT0523,Saint-Joseph,2647,1748,0.660,129.0,N,True,True,False
97412000AT0444,Saint-Joseph,5322,4120,0.774,140.5,A,True,True,False
97412000AT0984,Saint-Joseph,1871,1405,0.751,107.8,A,True,True,False
97412000AT0441,Saint-Joseph,2280,1680,0.737,21.8,A,True,True,False
97412000AT0564,Saint-Joseph,2541,2113,0.832,111.2,A,True,True,False
97412000AT0384,Saint-Joseph,3075,2417,0.786,72.4,A,True,True,False
97412000AT0728,Saint-Joseph,2562,2141,0.836,154.8,A,True,True,False
97412000AT0429,Saint-Joseph,2151,1746,0.812,20.1,A,True,True,False
97412000AT1112,Saint-Joseph,2780,2255,0.811,72.6,A,True,True,False
97412000AV0943,Saint-Joseph,3147,2505,0.796,152.8,A,True,True,False
97412000AV0332,Saint-Joseph,2874,2156,0.750,94.9,A,True,True,False
97412000AV0913,Saint-Joseph,5736,4143,0.722,161.4,A,True,True,False
97412000AV0520,Saint-Joseph,2287,1373,0.600,26.2,A,True,True,False
97412000AV0531,Saint-Joseph,1457,1016,0.697,107.6,U,True,False,False
97412000AV0097,Saint-Joseph,1902,1085,0.571,14.2,U,True,False,False
97412000AV0749,Saint-Joseph,2118,1359,0.642,54.8,U,True,False,False
97412000AV0073,Saint-Joseph,1377,867,0.629,22.8,U,True,False,False
97412000AV0941,Saint-Joseph,4126,3326,0.806,18.0,A,True,True,False
97412000AW0024,Saint-Joseph,5987,4610,0.770,30.2,A,True,True,False
97412000AW0423,Saint-Joseph,1843,1295,0.702,50.0,A,True,True,False
97412000AW0057,Saint-Joseph,2465,2001,0.812,61.3,A,True,True,False
97412000AW0321,Saint-Joseph,2126,1478,0.695,82.2,A,True,True,False
97412000AW0498,Saint-Joseph,2271,1776,0.782,75.1,A,True,True,False
97412000AW0576,Saint-Joseph,2409,1482,0.615,16.3,A,True,True,False
97412000AW0622,Saint-Joseph,1448,1013,0.700,29.8,A,True,True,False
97412000AW0639,Saint-Joseph,3340,2668,0.799,66.4,A,True,True,False
97412000AW0546,Saint-Joseph,1292,865,0.669,24.3,A,True,True,False
97412000AW0199,Saint-Joseph,3282,2644,0.806,51.2,A,True,True,False
97412000AX0628,Saint-Joseph,5530,4813,0.870,34.5,A,True,True,False
97412000AX0201,Saint-Joseph,4315,3392,0.786,96.0,N,True,True,False
97412000AX0326,Saint-Joseph,5643,4827,0.855,371.0,A,True,True,False
97412000AX0511,Saint-Joseph,3157,2486,0.788,84.5,A,True,True,False
97412000AX0182,Saint-Joseph,5335,4924,0.923,78.1,N,True,True,False
97412000AX0450,Saint-Joseph,4953,2898,0.585,98.4,N,True,True,False
97412000AX0223,Saint-Joseph,2613,2076,0.794,33.4,A,True,True,False
97412000AX0446,Saint-Joseph,1599,1149,0.718,18.0,U,True,False,False
97412000AX0297,Saint-Joseph,3229,2825,0.875,192.7,U,True,False,False
97412000AX0048,Saint-Joseph,3738,2687,0.719,74.7,A,True,True,False
97412000AX0420,Saint-Joseph,1856,1390,0.749,59.8,A,True,True,False
97412000AX0588,Saint-Joseph,1831,1413,0.771,26.5,A,True,True,False
97412000AX0449,Saint-Joseph,2141,1556,0.727,51.7,A,True,True,False
97412000AX0991,Saint-Joseph,2728,2235,0.819,123.7,A,True,True,False
97412000AX0550,Saint-Joseph,2075,1503,0.724,86.4,U,True,False,False
97412000AX0474,Saint-Joseph,5088,4050,0.796,94.1,A,True,True,False
97412000AX0753,Saint-Joseph,2643,2121,0.803,67.3,U,True,False,False
97412000AX0412,Saint-Joseph,4602,3925,0.853,242.4,A,True,True,False
97412000AY0174,Saint-Joseph,5394,4955,0.919,107.3,A,True,True,False
97412000AY0449,Saint-Joseph,4183,3601,0.861,284.7,N,True,True,False
97412000AY0185,Saint-Joseph,4067,3377,0.830,64.9,A,True,True,False
97412000AY0058,Saint-Joseph,3774,3293,0.873,135.6,A,True,True,False
97412000AY0404,Saint-Joseph,1971,1275,0.647,40.7,A,True,True,False
97412000AY0044,Saint-Joseph,2340,1903,0.813,74.0,U,True,False,False
97412000AZ0424,Saint-Joseph,3321,2612,0.787,26.4,AUc,True,False,False
97412000AZ0425,Saint-Joseph,3199,2781,0.869,80.8,AUc,True,False,False
97412000AZ0455,Saint-Joseph,3245,2546,0.784,74.5,U,True,False,False
97412000AZ0824,Saint-Joseph,2506,1992,0.795,151.4,U,True,False,False
97412000AZ0398,Saint-Joseph,2323,1682,0.724,74.4,U,True,False,False
97412000AZ0399,Saint-Joseph,2872,2226,0.775,195.2,U,True,False,False
97412000AZ0204,Saint-Joseph,2891,2386,0.825,22.8,U,True,False,False
97412000AZ0281,Saint-Joseph,2446,2016,0.824,149.9,U,True,False,False
97412000AZ0404,Saint-Joseph,1796,1267,0.706,19.7,N,True,True,False
97412000AZ0407,Saint-Joseph,3763,2852,0.758,12.4,N,True,True,False
97412000AZ0365,Saint-Joseph,4503,4086,0.907,65.5,N,True,True,False
97412000AZ0640,Saint-Joseph,1115,680,0.610,39.5,N,True,True,False
97412000BC0177,Saint-Joseph,3360,2523,0.751,62.1,A,True,True,False
97412000BC0483,Saint-Joseph,1877,1309,0.698,118.3,U,True,False,False
97412000BC0294,Saint-Joseph,2171,1314,0.605,48.2,A,True,True,False
97412000BC0384,Saint-Joseph,2574,1892,0.735,46.4,A,True,True,False
97412000BC0182,Saint-Joseph,1183,725,0.613,17.1,U,True,False,False
97412000BC0433,Saint-Joseph,1133,572,0.505,53.2,U,True,False,False
97412000BC0459,Saint-Joseph,1980,1445,0.730,49.7,U,True,False,False
97412000BC0482,Saint-Joseph,1950,1386,0.711,82.7,U,True,False,False
97412000BD0248,Saint-Joseph,2462,1695,0.689,68.1,A,True,True,False
97412000BE0032,Saint-Joseph,4945,3910,0.791,86.7,U,True,False,False
97412000BE0229,Saint-Joseph,2272,1753,0.771,68.7,U,True,False,False
97412000BE0231,Saint-Joseph,2714,2174,0.801,105.6,U,True,False,False
97412000BE0272,Saint-Joseph,2137,1518,0.710,212.1,A,True,True,False
97412000BE0072,Saint-Joseph,2220,1639,0.738,137.5,A,True,True,False
97412000BE0293,Saint-Joseph,2844,2379,0.836,84.9,A,True,True,False
97412000BE0209,Saint-Joseph,2476,1821,0.736,55.7,A,True,True,False
97412000BE0332,Saint-Joseph,1270,797,0.627,72.7,A,True,True,False
97412000BE0434,Saint-Joseph,3482,3061,0.879,18.0,N,True,True,False
97412000BE0307,Saint-Joseph,1980,1550,0.783,117.4,A,True,True,False
97412000BE0274,Saint-Joseph,2002,1523,0.760,39.6,N,True,True,False
97412000BE0333,Saint-Joseph,2477,2067,0.834,49.2,A,True,True,False
97412000BE0079,Saint-Joseph,2633,2199,0.835,88.0,A,True,True,False
97412000BH0055,Saint-Joseph,4852,3804,0.784,92.3,A,True,True,False
97412000BH0274,Saint-Joseph,5246,4700,0.896,19.0,A,True,True,False
97412000BH0255,Saint-Joseph,3439,2834,0.824,202.0,A,True,True,False
97412000BH0103,Saint-Joseph,3786,3149,0.832,69.7,N,True,True,False
97412000BH0052,Saint-Joseph,2574,1700,0.660,51.4,A,True,True,False
97412000BH0173,Saint-Joseph,2702,2175,0.805,80.4,A,True,True,False
97412000BH0203,Saint-Joseph,1524,943,0.619,39.9,A,True,True,False
97412000BH0335,Saint-Joseph,1959,1448,0.739,111.2,A,True,True,False
97412000BH0351,Saint-Joseph,1476,1071,0.726,119.0,U,True,False,False
97412000BH0319,Saint-Joseph,5088,4501,0.885,98.9,A,True,True,False
97412000BH0119,Saint-Joseph,3892,3377,0.868,18.4,A,True,True,False
97412000BH0734,Saint-Joseph,3027,2509,0.829,200.8,A,True,True,False
97412000BH0711,Saint-Joseph,4765,4307,0.904,37.9,A,True,True,False
97412000BH0420,Saint-Joseph,2995,2014,0.673,323.5,A,True,True,False
97412000BH0031,Saint-Joseph,3675,2863,0.779,18.0,A,True,True,False
97412000BH0699,Saint-Joseph,2709,1983,0.732,164.0,U,True,False,False
97412000BI0312,Saint-Joseph,2721,2274,0.836,38.2,N,True,True,False
97412000BI0387,Saint-Joseph,4532,3134,0.692,81.6,A,True,True,False
97412000BI0098,Saint-Joseph,1980,1402,0.708,61.1,U,True,False,False
97412000BI0424,Saint-Joseph,3013,2346,0.779,37.8,A,True,True,False
97412000BI0422,Saint-Joseph,3328,2502,0.752,27.6,A,True,True,False
97412000BI0304,Saint-Joseph,2094,1552,0.741,58.3,N,True,True,False
97412000BK1788,Saint-Joseph,5131,4195,0.818,67.2,U,True,False,False
97412000BK1678,Saint-Joseph,5206,4198,0.806,13.4,AUc,True,False,False
97412000BK0491,Saint-Joseph,3239,2746,0.848,28.7,N,True,True,False
97412000BK1012,Saint-Joseph,1760,1264,0.718,32.1,U,True,False,False
97412000BK0867,Saint-Joseph,1116,656,0.588,55.3,U,True,False,False
97412000BK1350,Saint-Joseph,1644,1230,0.748,72.3,N,True,True,False
97412000BK0652,Saint-Joseph,1140,701,0.615,78.6,U,True,False,False
97412000BK0209,Saint-Joseph,2045,1228,0.600,117.3,U,True,False,False
97412000BK1389,Saint-Joseph,1660,897,0.541,60.0,U,True,False,False
97412000BK0737,Saint-Joseph,1990,1566,0.787,69.8,U,True,False,False
97412000BK1680,Saint-Joseph,4899,4477,0.914,45.1,AUc,True,False,False
97412000BK1834,Saint-Joseph,2884,1950,0.676,41.1,AUc,True,False,False
97412000BK0461,Saint-Joseph,3838,3367,0.877,41.9,U,True,False,False
97412000BK1040,Saint-Joseph,1134,733,0.647,91.5,U,True,False,False
97412000BK1035,Saint-Joseph,5401,4872,0.902,130.6,A,True,True,False
97412000BK0439,Saint-Joseph,2433,1999,0.822,58.0,A,True,True,False
97412000BL0985,Saint-Joseph,3279,2773,0.846,18.0,N,True,True,False
97412000BL0504,Saint-Joseph,2376,1609,0.677,47.1,U,True,False,False
97412000BL1009,Saint-Joseph,1925,1104,0.573,18.5,U,True,False,False
97412000BL0532,Saint-Joseph,1855,1208,0.651,29.4,U,True,False,False
97412000BL0613,Saint-Joseph,2022,1583,0.783,25.9,U,True,False,False
97412000BL0553,Saint-Joseph,3243,2081,0.642,21.4,AUc,True,False,False
97412000BL0281,Saint-Joseph,1422,896,0.630,20.4,U,True,False,False
97412000BL0688,Saint-Joseph,1044,509,0.487,12.0,U,False,False,False
97412000BL0844,Saint-Joseph,1642,1148,0.699,14.1,U,True,False,False
97412000BL0026,Saint-Joseph,2712,1929,0.711,38.4,A,True,True,False
97412000BL0606,Saint-Joseph,2791,2120,0.760,14.1,A,True,True,False
97412000BM0595,Saint-Joseph,4793,3407,0.711,36.9,U,True,False,False
97412000BM1253,Saint-Joseph,3297,2626,0.797,87.0,U,True,False,False
97412000BM0149,Saint-Joseph,3160,780,0.247,26.1,U,False,False,False
97412000BM0794,Saint-Joseph,1667,1028,0.617,82.6,U,True,False,False
97412000BM1092,Saint-Joseph,1887,1371,0.726,15.4,U,True,False,False
97412000BM0301,Saint-Joseph,3165,1809,0.572,46.9,U,True,False,False
97412000BM1329,Saint-Joseph,2092,1684,0.805,95.9,N,True,True,False
97412000BM0315,Saint-Joseph,1492,988,0.662,64.9,U,True,False,False
97412000BM1372,Saint-Joseph,2820,1865,0.662,80.2,U,True,False,False
97412000BM1224,Saint-Joseph,2333,1852,0.794,51.8,U,True,False,False
97412000BM1250,Saint-Joseph,4429,2457,0.555,14.8,U,True,False,False
97412000BM0350,Saint-Joseph,1389,981,0.706,12.1,U,True,False,False
97412000BM0025,Saint-Joseph,1652,1246,0.754,150.2,U,True,False,False
97412000BM1352,Saint-Joseph,1892,1316,0.695,30.5,U,True,False,False
97412000BN1298,Saint-Joseph,4390,2442,0.556,66.2,U,True,False,False
97412000BO0287,Saint-Joseph,2762,1386,0.502,36.6,U,True,False,False
97412000BP0292,Saint-Joseph,4993,2310,0.463,69.6,U,False,False,False
97412000BP0380,Saint-Joseph,2571,2168,0.843,12.8,A,True,True,False
97412000BP0206,Saint-Joseph,1423,960,0.675,30.2,U,True,False,False
97412000BR0342,Saint-Joseph,1202,754,0.627,16.8,U,True,False,False
97412000BR0706,Saint-Joseph,2490,2050,0.824,22.0,N,True,True,False
97412000BR0580,Saint-Joseph,3063,2015,0.658,34.4,U,True,False,False
97412000BR0056,Saint-Joseph,1674,1221,0.729,20.3,N,True,True,False
97412000BS0374,Saint-Joseph,2815,1318,0.468,48.8,U,False,False,False
97412000BS0305,Saint-Joseph,2070,1133,0.548,24.2,U,True,False,False
97412000BS0518,Saint-Joseph,1141,735,0.644,30.6,U,True,False,False
97412000BT0106,Saint-Joseph,2714,2251,0.829,27.3,U,True,False,False
97412000BV0091,Saint-Joseph,2878,1540,0.535,51.0,U,True,False,False
97412000BV0142,Saint-Joseph,1934,1117,0.578,49.2,N,True,True,False
97412000BV0076,Saint-Joseph,2457,1018,0.414,15.9,U,False,False,False
97412000BV0162,Saint-Joseph,1335,712,0.533,19.0,U,True,False,False
97412000BW1847,Saint-Joseph,2109,1276,0.605,22.4,A,True,True,False
97412000BW0613,Saint-Joseph,3867,2972,0.769,13.5,A,True,True,False
97412000BW0936,Saint-Joseph,2615,963,0.368,75.0,U,False,False,False
97412000BW0933,Saint-Joseph,1891,763,0.403,21.8,U,False,False,False
97412000BW1860,Saint-Joseph,2119,1654,0.780,49.9,U,True,False,False
97412000BW0862,Saint-Joseph,2699,2258,0.837,20.7,U,True,False,False
97412000BW1805,Saint-Joseph,1501,1032,0.688,62.6,U,True,False,False
97412000BW1109,Saint-Joseph,1900,1273,0.670,32.8,U,True,False,False
97412000BW0766,Saint-Joseph,1213,693,0.571,16.4,U,True,False,False
97412000BW1352,Saint-Joseph,1151,719,0.625,27.4,U,True,False,False
97412000BW0123,Saint-Joseph,2325,1703,0.732,54.0,U,True,False,False
97412000BW0105,Saint-Joseph,1533,950,0.620,36.3,U,True,False,False
97412000BW0295,Saint-Joseph,3883,1292,0.333,227.1,U,False,False,False
97412000BW0808,Saint-Joseph,1223,734,0.600,41.7,U,True,False,False
97412000BX0411,Saint-Joseph,2517,1687,0.670,16.3,A,True,True,False
97412000BX1473,Saint-Joseph,5388,2887,0.536,121.6,A,True,True,False
97412000BX1689,Saint-Joseph,1342,888,0.661,13.8,U,True,False,False
97412000BX1086,Saint-Joseph,1231,713,0.579,26.0,U,True,False,False
97412000BX1123,Saint-Joseph,2610,1569,0.601,81.8,U,True,False,False
97412000BX1121,Saint-Joseph,2875,2195,0.763,12.7,U,True,False,False
97412000BX1799,Saint-Joseph,2214,1657,0.748,63.1,U,True,False,False
97412000BX0859,Saint-Joseph,1441,1031,0.715,35.5,N,True,True,False
97412000BX1357,Saint-Joseph,1203,754,0.627,44.8,U,True,False,False
97412000BX1019,Saint-Joseph,2140,1362,0.637,24.6,N,True,True,False
97412000BY0670,Saint-Joseph,5847,4931,0.843,97.8,U,True,False,False
97412000BY1785,Saint-Joseph,1469,1002,0.682,36.1,U,True,False,False
97412000BY1582,Saint-Joseph,2548,1925,0.755,19.6,A,True,True,False
97412000BY1645,Saint-Joseph,1462,694,0.475,29.9,U,False,False,False
97412000BY0294,Saint-Joseph,1486,810,0.545,23.1,U,True,False,False
97412000BY0589,Saint-Joseph,1506,1002,0.665,30.6,U,True,False,False
97412000BY0705,Saint-Joseph,2242,1675,0.747,24.2,U,True,False,False
97412000BY1821,Saint-Joseph,1563,812,0.520,32.3,U,True,False,False
97412000BY0995,Saint-Joseph,3471,2804,0.808,89.2,N,True,True,False
97412000BZ0347,Saint-Joseph,4670,3694,0.791,52.5,A,True,True,False
97412000BZ0635,Saint-Joseph,3873,2805,0.724,88.3,A,True,True,False
97412000BZ0256,Saint-Joseph,3572,1869,0.523,83.7,A,True,True,False
97412000BZ0047,Saint-Joseph,1403,908,0.647,24.3,A,True,True,False
97412000BZ0335,Saint-Joseph,2490,2031,0.816,43.1,A,True,True,False
97412000BZ0397,Saint-Joseph,2224,1521,0.684,43.3,N,True,True,False
97412000BZ0269,Saint-Joseph,2301,1682,0.731,35.4,A,True,True,False
97412000BZ0119,Saint-Joseph,5903,2273,0.385,97.2,A,False,True,False
97412000CD0441,Saint-Joseph,1577,1157,0.733,37.1,U,True,False,False
97412000CD0385,Saint-Joseph,5751,3444,0.599,140.8,U,True,False,False
97412000CD0827,Saint-Joseph,2017,1470,0.729,30.8,N,True,True,False
97412000CD0808,Saint-Joseph,3044,1959,0.644,33.3,A,True,True,False
97412000CE0768,Saint-Joseph,3577,2709,0.757,36.8,N,True,True,False
97412000CE1509,Saint-Joseph,1258,776,0.616,72.7,A,True,True,False
97412000CE2146,Saint-Joseph,1604,1138,0.709,18.7,A,True,True,False
97412000CE1961,Saint-Joseph,1462,1003,0.686,59.4,U,True,False,False
97412000CE1442,Saint-Joseph,2798,2249,0.804,34.5,U,True,False,False
97412000CE1640,Saint-Joseph,1830,962,0.525,29.2,A,True,True,False
97412000CE0254,Saint-Joseph,2706,2197,0.812,24.2,U,True,False,False
97412000CE1503,Saint-Joseph,1801,1218,0.676,24.0,U,True,False,False
97412000CE2060,Saint-Joseph,2438,1830,0.750,101.3,U,True,False,False
97412000CE2322,Saint-Joseph,1564,817,0.523,23.5,A,True,True,False
97412000CE2121,Saint-Joseph,1374,926,0.674,28.4,A,True,True,False
97412000CE1737,Saint-Joseph,1372,971,0.708,35.9,U,True,False,False
97412000CE1710,Saint-Joseph,3024,1968,0.651,26.5,A,True,True,False
97412000CE1711,Saint-Joseph,2873,2197,0.765,20.6,A,True,True,False
97412000CE1303,Saint-Joseph,1830,1091,0.596,16.8,A,True,True,False
97412000CE1667,Saint-Joseph,2345,1844,0.786,46.3,A,True,True,False
97412000CE1298,Saint-Joseph,4327,2830,0.654,17.5,A,True,True,False
97412000CE1302,Saint-Joseph,4803,2923,0.609,124.9,A,True,True,False
97412000CE2151,Saint-Joseph,4094,2666,0.651,22.8,U,True,False,False
97412000CE1296,Saint-Joseph,2597,1674,0.645,13.6,A,True,True,False
97412000CE2730,Saint-Joseph,2242,1796,0.801,112.6,U,True,False,False
97412000CE2425,Saint-Joseph,3281,2185,0.666,33.9,A,True,True,False
97412000CH0127,Saint-Joseph,2500,1849,0.740,31.0,A,True,True,False
97412000CH0150,Saint-Joseph,5939,4562,0.768,18.1,AUc,True,False,False
97412000CH0255,Saint-Joseph,1913,1031,0.539,16.8,A,True,True,False
97412000CH0047,Saint-Joseph,2907,2246,0.773,54.9,U,True,False,False
97412000CI0393,Saint-Joseph,4346,3466,0.798,138.6,U,True,False,False
97412000CI0268,Saint-Joseph,1940,1357,0.699,12.7,A,True,True,False
97412000CI0325,Saint-Joseph,1974,1487,0.753,41.6,U,True,False,False
97412000CI0202,Saint-Joseph,1725,1215,0.704,13.3,U,True,False,False
97412000CI0203,Saint-Joseph,1283,823,0.641,28.9,U,True,False,False
97412000CK0831,Saint-Joseph,2130,1539,0.723,18.9,U,True,False,False
97412000CK0696,Saint-Joseph,1075,660,0.614,24.0,U,True,False,False
97412000CK0552,Saint-Joseph,2034,1587,0.780,42.3,U,True,False,False
97412000CK0358,Saint-Joseph,1588,1103,0.694,24.4,U,True,False,False
97412000CK0520,Saint-Joseph,2574,1853,0.720,29.0,U,True,False,False
97412000CL0344,Saint-Joseph,5393,3993,0.740,51.9,A,True,True,False
97412000CL0183,Saint-Joseph,1189,655,0.551,21.1,U,True,False,False
97412000CL0111,Saint-Joseph,3148,2308,0.733,56.4,U,True,False,False
97412000CN0296,Saint-Joseph,3523,2653,0.753,69.7,A,True,True,False
97412000CN0152,Saint-Joseph,1927,1481,0.768,72.2,A,True,True,False
97412000CN0159,Saint-Joseph,2960,2088,0.705,14.4,U,True,False,False
97412000CO0291,Saint-Joseph,5323,4171,0.784,17.4,A,True,True,False
97412000CP0013,Saint-Joseph,2594,1518,0.585,25.6,A,True,True,False
97412000CP0213,Saint-Joseph,1814,1362,0.751,34.1,U,True,False,False
97412000CP0212,Saint-Joseph,2589,1981,0.765,35.3,U,True,False,False
97412000CP0239,Saint-Joseph,3356,2274,0.678,57.1,U,True,False,False
97412000CR0586,Saint-Joseph,1725,1244,0.721,18.6,U,True,False,False
97412000CR0357,Saint-Joseph,1321,600,0.455,49.8,U,False,False,False
97412000CR0468,Saint-Joseph,4171,3338,0.800,85.2,A,True,True,False
97412000CR0165,Saint-Joseph,2435,1743,0.716,55.1,A,True,True,False
97412000CR0715,Saint-Joseph,2171,984,0.453,28.4,U,False,False,False
97412000CR0186,Saint-Joseph,1256,634,0.505,22.2,U,True,False,False
97412000CR0659,Saint-Joseph,2150,1554,0.723,33.9,A,True,True,False
97412000CS0671,Saint-Joseph,5896,4353,0.738,47.5,A,True,True,False
97412000CS0397,Saint-Joseph,2141,1382,0.646,22.4,A,True,True,False
97412000CS0187,Saint-Joseph,3157,1931,0.612,18.1,A,True,True,False
97412000CS0529,Saint-Joseph,2060,1316,0.639,38.8,A,True,True,False
97412000CS0494,Saint-Joseph,2572,2032,0.790,63.8,A,True,True,False
97412000CS0625,Saint-Joseph,1975,1474,0.746,44.1,U,True,False,False
97412000CT0555,Saint-Joseph,2355,1856,0.788,52.2,A,True,True,False
97412000CT0701,Saint-Joseph,2889,2000,0.692,41.4,A,True,True,False
97412000CT0554,Saint-Joseph,2081,1626,0.782,20.6,A,True,True,False
97412000CT0522,Saint-Joseph,2757,2147,0.779,28.0,A,True,True,False
97412000CT0428,Saint-Joseph,1789,1010,0.565,34.3,A,True,True,False
97412000CT0431,Saint-Joseph,1874,1437,0.767,31.7,A,True,True,False
97412000CT0541,Saint-Joseph,5137,3022,0.588,23.8,A,True,True,False
97412000CT0351,Saint-Joseph,1355,897,0.662,74.3,U,True,False,False
97412000CT0628,Saint-Joseph,2034,1465,0.720,30.5,U,True,False,False
97412000CT0197,Saint-Joseph,1974,1526,0.773,30.2,U,True,False,False
97412000CV0932,Saint-Joseph,3492,2016,0.577,23.2,U,True,False,False
97412000CV0606,Saint-Joseph,2160,1656,0.767,13.4,N,True,True,False
97412000CV0279,Saint-Joseph,1717,1247,0.726,14.0,N,True,True,False
97412000CV0292,Saint-Joseph,1749,1211,0.693,53.8,A,True,True,False
97412000CV0345,Saint-Joseph,2851,2014,0.707,69.1,A,True,True,False
97412000CV0409,Saint-Joseph,3061,2191,0.716,13.3,AUc,True,False,False
97412000CV0483,Saint-Joseph,5156,3079,0.597,60.1,U,True,False,False
97412000CV0130,Saint-Joseph,2377,1698,0.715,12.1,A,True,True,False
97412000CV0542,Saint-Joseph,1713,1128,0.659,15.3,A,True,True,False
97412000CV0210,Saint-Joseph,2033,1614,0.794,23.4,U,True,False,False
97412000CV0541,Saint-Joseph,1847,1160,0.628,35.9,A,True,True,False
97412000CV0342,Saint-Joseph,2831,2149,0.759,15.8,A,True,True,False
97412000CW0333,Saint-Joseph,1939,1536,0.792,12.2,U,True,False,False
97412000CW1049,Saint-Joseph,2096,1626,0.776,13.3,A,True,True,False
97412000CW0685,Saint-Joseph,3007,1845,0.613,58.6,A,True,True,False
97412000CW0686,Saint-Joseph,2491,1927,0.774,98.5,A,True,True,False
97412000CW0541,Saint-Joseph,1926,1447,0.751,33.2,A,True,True,False
97412000CW0502,Saint-Joseph,3100,2594,0.837,23.4,A,True,True,False
97412000CW0169,Saint-Joseph,1503,1089,0.724,55.5,U,True,False,False
97412000CW0193,Saint-Joseph,2376,1684,0.709,39.9,A,True,True,False
97412000CX0107,Saint-Joseph,2943,2179,0.741,12.1,U,True,False,False
97412000CX0293,Saint-Joseph,1841,1405,0.763,24.1,U,True,False,False
97412000CX0299,Saint-Joseph,2145,1731,0.807,30.1,N,True,True,False
97412000CX0292,Saint-Joseph,2665,2130,0.799,28.3,N,True,True,False
97412000CX0349,Saint-Joseph,1369,610,0.445,17.1,U,False,False,False
97412000CX0311,Saint-Joseph,2376,1240,0.522,29.9,U,True,False,False
97412000CX0666,Saint-Joseph,1494,1051,0.703,19.4,U,True,False,False
97412000CX0465,Saint-Joseph,2637,2113,0.802,24.6,U,True,False,False
97412000CX0870,Saint-Joseph,1358,949,0.699,19.9,U,True,False,False
97412000CX0004,Saint-Joseph,1886,1330,0.705,23.1,U,True,False,False
97412000CY0264,Saint-Joseph,4135,3346,0.809,48.7,A,True,True,False
97412000CY0587,Saint-Joseph,2221,1527,0.687,38.8,A,True,True,False
97412000CY0371,Saint-Joseph,1724,1104,0.640,18.1,N,True,True,False
97412000CY0589,Saint-Joseph,5483,2724,0.497,96.8,A,False,True,False
97412000CY0564,Saint-Joseph,2945,1841,0.625,23.3,A,True,True,False
97412000CZ0366,Saint-Joseph,3144,2493,0.793,68.9,U,True,False,False
97412000CZ0242,Saint-Joseph,5286,3796,0.718,33.4,A,True,True,False
97412000CZ0831,Saint-Joseph,2720,2273,0.835,34.8,A,True,True,False
97412000CZ0471,Saint-Joseph,3907,3135,0.802,58.9,A,True,True,False
97412000CZ0035,Saint-Joseph,1988,1128,0.567,57.4,A,True,True,False
97412000CZ0330,Saint-Joseph,2527,1938,0.767,39.1,A,True,True,False
97412000CZ0260,Saint-Joseph,2506,1343,0.536,65.8,A,True,True,False
97412000CZ0935,Saint-Joseph,4334,3424,0.790,22.2,A,True,True,False
97412000CZ1197,Saint-Joseph,2294,1860,0.811,53.5,U,True,False,False
97412000CZ1196,Saint-Joseph,2093,1487,0.710,42.2,U,True,False,False
97412000CZ0218,Saint-Joseph,3131,2468,0.788,49.5,U,True,False,False
97412000CZ0851,Saint-Joseph,1299,708,0.545,14.3,A,True,True,False
97413000AC0507,Saint-Leu,5401,4609,0.853,99.2,N,True,True,False
97413000AC0505,Saint-Leu,4615,3670,0.795,85.8,U,True,False,False
97413000AC0506,Saint-Leu,5982,5301,0.886,94.9,U,True,False,False
97413000AC0318,Saint-Leu,2747,1665,0.606,12.3,U,True,False,False
97413000AC0257,Saint-Leu,3357,2571,0.766,26.6,U,True,False,False
97413000AC0304,Saint-Leu,2347,1938,0.826,46.4,U,True,False,False
97413000AC0455,Saint-Leu,1565,1084,0.693,56.3,N,True,True,False
97413000AC0673,Saint-Leu,3247,2681,0.826,90.7,A,True,True,False
97413000AC0716,Saint-Leu,2109,1626,0.771,50.6,N,True,True,False
97413000AC0370,Saint-Leu,1679,701,0.417,30.0,U,False,False,False
97413000AC0556,Saint-Leu,3970,3382,0.852,115.7,U,True,False,False
97413000AC0972,Saint-Leu,4555,4095,0.899,59.2,U,True,False,False
97413000AC0192,Saint-Leu,2206,1438,0.652,30.4,U,True,False,False
97413000AC0262,Saint-Leu,2827,2150,0.761,142.1,U,True,False,False
97413000AC0202,Saint-Leu,3884,3379,0.870,69.6,U,True,False,False
97413000AC0479,Saint-Leu,2688,1946,0.724,50.5,N,True,True,False
97413000AC0552,Saint-Leu,3981,3481,0.874,53.0,A,True,True,False
97413000AC0582,Saint-Leu,2068,1570,0.759,89.8,N,True,True,False
97413000AC0484,Saint-Leu,1802,1391,0.772,23.9,N,True,True,False
97413000AC0434,Saint-Leu,4278,3485,0.815,74.7,A,True,True,False
97413000AC0049,Saint-Leu,3123,2293,0.734,44.1,A,True,True,False
97413000AD0138,Saint-Leu,2249,1552,0.690,67.9,A,True,True,False
97413000AD0135,Saint-Leu,2309,1857,0.804,14.0,A,True,True,False
97413000AH0321,Saint-Leu,3123,2103,0.673,45.8,A,True,True,False
97413000AV1748,Saint-Leu,2097,1263,0.602,19.7,U,True,False,False
97413000AV1561,Saint-Leu,2468,1301,0.527,17.3,U,True,False,False
97413000BD0194,Saint-Leu,4624,4221,0.913,55.4,A,True,True,False
97413000BD0093,Saint-Leu,1404,985,0.701,12.8,N,True,True,False
97413000BD0128,Saint-Leu,1221,788,0.646,24.3,U,True,False,False
97413000BD0079,Saint-Leu,2234,1204,0.539,44.5,U,True,False,False
97413000BE0173,Saint-Leu,2034,1617,0.795,19.3,A,True,True,False
97413000BH0054,Saint-Leu,3643,3041,0.835,26.3,A,True,True,False
97413000BH0622,Saint-Leu,3512,2299,0.655,91.7,U,True,False,False
97413000BH0069,Saint-Leu,1864,1421,0.762,141.9,U,True,False,False
97413000BH0712,Saint-Leu,3062,2320,0.758,58.9,A,True,True,False
97413000BH0834,Saint-Leu,3371,2880,0.855,14.9,A,True,True,False
97413000BH0112,Saint-Leu,4051,3253,0.803,20.1,A,True,True,False
97413000BH0308,Saint-Leu,2619,2115,0.808,12.9,N,True,True,False
97413000BH1248,Saint-Leu,2507,2005,0.800,36.9,N,True,True,False
97413000BH0503,Saint-Leu,1620,1220,0.753,51.5,U,True,False,False
97413000BH0624,Saint-Leu,1467,1037,0.707,47.5,A,True,True,False
97413000BH0585,Saint-Leu,3342,2829,0.847,141.8,N,True,True,False
97413000BH0347,Saint-Leu,3286,2803,0.853,191.1,N,True,True,False
97413000BH0349,Saint-Leu,3299,2650,0.803,281.9,U,True,False,False
97413000BH0358,Saint-Leu,1606,1188,0.739,172.5,A,True,True,False
97413000BH0359,Saint-Leu,5980,5427,0.908,308.1,U,True,False,False
97413000BM0134,Saint-Leu,1713,1115,0.651,19.8,U,True,False,False
97413000BM0132,Saint-Leu,1841,1259,0.684,22.6,U,True,False,False
97413000BM0133,Saint-Leu,2217,1454,0.656,84.4,U,True,False,False
97413000BM0421,Saint-Leu,3103,2635,0.849,42.5,A,True,True,False
97413000BM0364,Saint-Leu,2041,1627,0.797,19.1,U,True,False,False
97413000BM0450,Saint-Leu,4360,3857,0.885,60.2,A,True,True,False
97413000BM0257,Saint-Leu,2370,1816,0.766,295.0,U,True,False,False
97413000BM0832,Saint-Leu,1543,1119,0.725,177.3,U,True,False,False
97413000BM0495,Saint-Leu,1533,1055,0.688,140.1,U,True,False,False
97413000BM0255,Saint-Leu,1675,1019,0.608,23.0,U,True,False,False
97413000BM0250,Saint-Leu,2752,2231,0.811,126.3,U,True,False,False
97413000BM0489,Saint-Leu,1704,1219,0.715,121.0,U,True,False,False
97413000BW0202,Saint-Leu,2058,1353,0.657,21.7,N,True,True,False
97413000BW0048,Saint-Leu,4772,3124,0.655,179.5,N,True,True,False
97413000BW0059,Saint-Leu,4157,3386,0.815,31.2,N,True,True,False
97413000CA0089,Saint-Leu,3213,1001,0.312,82.7,U,False,False,False
97413000CB0155,Saint-Leu,3460,2999,0.867,58.1,A,True,True,False
97413000CC0103,Saint-Leu,5645,4117,0.729,73.1,U,True,False,False
97413000CC0543,Saint-Leu,3867,2463,0.637,53.6,A,True,True,False
97413000CC0652,Saint-Leu,3577,2656,0.743,61.0,A,True,True,False
97413000CC0589,Saint-Leu,1076,653,0.607,31.4,U,True,False,False
97413000CC0788,Saint-Leu,1138,725,0.637,14.1,U,True,False,False
97413000CC0052,Saint-Leu,3921,2457,0.627,36.8,U,True,False,False
97413000CC0408,Saint-Leu,3000,2404,0.802,36.0,A,True,True,False
97413000CC0675,Saint-Leu,2860,2407,0.841,19.6,N,True,True,False
97413000CC0352,Saint-Leu,1444,1013,0.701,23.4,U,True,False,False
97413000CC0379,Saint-Leu,2365,1937,0.819,132.6,U,True,False,False
97413000CD0674,Saint-Leu,4749,2663,0.561,12.3,U,True,False,False
97413000CD0557,Saint-Leu,1497,779,0.520,36.6,U,True,False,False
97413000CF0174,Saint-Leu,5671,3842,0.677,46.5,U,True,False,False
97413000CF0287,Saint-Leu,2986,1996,0.668,15.5,U,True,False,False
97413000CF0280,Saint-Leu,5014,3420,0.682,20.5,A,True,True,False
97413000CF0350,Saint-Leu,1912,1496,0.782,50.3,U,True,False,False
97413000CG0166,Saint-Leu,4807,1991,0.414,40.1,U,False,False,False
97413000CG0059,Saint-Leu,4351,3023,0.695,25.5,N,True,True,False
97413000CG0457,Saint-Leu,5519,4566,0.827,107.9,N,True,True,False
97413000CG0434,Saint-Leu,2295,1018,0.443,73.6,U,False,False,False
97413000CG0480,Saint-Leu,2032,1487,0.732,21.9,A,True,True,False
97413000CG0885,Saint-Leu,1842,1378,0.748,22.4,U,True,False,False
97413000CG0966,Saint-Leu,1282,812,0.633,34.0,U,True,False,False
97413000CG0718,Saint-Leu,4111,3040,0.739,51.3,U,True,False,False
97413000CG0926,Saint-Leu,1246,816,0.655,41.0,U,True,False,False
97413000CG0842,Saint-Leu,2808,2340,0.833,22.9,N,True,True,False
97413000CG0268,Saint-Leu,5215,3808,0.730,40.3,U,True,False,False
97413000CG0307,Saint-Leu,3146,2362,0.751,16.1,U,True,False,False
97413000CG0854,Saint-Leu,1324,915,0.691,12.0,A,True,True,False
97413000CH0606,Saint-Leu,1901,1349,0.710,28.0,U,True,False,False
97413000CH0395,Saint-Leu,3162,2568,0.812,16.7,U,True,False,False
97413000CH0578,Saint-Leu,3020,1654,0.548,93.6,U,True,False,False
97413000CH0723,Saint-Leu,3658,2322,0.635,80.0,U,True,False,False
97413000CH0738,Saint-Leu,2445,1120,0.458,13.5,U,False,False,False
97413000CH0889,Saint-Leu,2393,1717,0.718,49.8,U,True,False,False
97413000CH0260,Saint-Leu,1596,1054,0.661,63.1,U,True,False,False
97413000CH0030,Saint-Leu,1535,1101,0.717,28.1,U,True,False,False
97413000CH0660,Saint-Leu,2585,1991,0.770,35.3,N,True,True,False
97413000CH0232,Saint-Leu,2455,1549,0.631,29.0,U,True,False,False
97413000CH0835,Saint-Leu,1179,771,0.654,42.1,U,True,False,False
97413000CH0329,Saint-Leu,2651,2113,0.797,73.9,A,True,True,False
97413000CH0024,Saint-Leu,2845,1795,0.631,40.2,U,True,False,False
97413000CH0599,Saint-Leu,2272,1518,0.668,68.8,U,True,False,False
97413000CH0369,Saint-Leu,1637,831,0.508,39.3,U,True,False,False
97413000CH0349,Saint-Leu,2371,1676,0.707,29.1,N,True,True,False
97413000CI0161,Saint-Leu,2708,1275,0.471,29.8,A,False,True,False
97413000CI0339,Saint-Leu,1823,1210,0.664,35.8,U,True,False,False
97413000CI0212,Saint-Leu,3238,2166,0.669,96.6,U,True,False,False
97413000CI0364,Saint-Leu,3113,2259,0.726,19.4,U,True,False,False
97413000CJ0248,Saint-Leu,2215,1461,0.660,17.0,AU,True,False,False
97413000CJ0310,Saint-Leu,2041,1336,0.654,13.7,U,True,False,False
97413000CJ0722,Saint-Leu,2734,2270,0.830,82.6,A,True,True,False
97413000CK0089,Saint-Leu,2168,1667,0.769,37.6,AU,True,False,False
97413000CL0882,Saint-Leu,1445,1022,0.708,36.1,U,True,False,False
97413000CL0237,Saint-Leu,3043,2314,0.760,42.4,U,True,False,False
97413000CL0241,Saint-Leu,2602,1914,0.736,24.3,U,True,False,False
97413000CL0628,Saint-Leu,1502,1086,0.723,76.8,A,True,True,False
97413000CL0721,Saint-Leu,3467,2832,0.817,30.5,U,True,False,False
97413000CL0403,Saint-Leu,1543,1092,0.708,23.7,U,True,False,False
97413000CL0373,Saint-Leu,1359,761,0.560,40.3,U,True,False,False
97413000CM0742,Saint-Leu,3979,3276,0.823,17.6,N,True,True,False
97413000CM0174,Saint-Leu,2969,2343,0.789,22.9,A,True,True,False
97413000CM0118,Saint-Leu,1887,1302,0.690,167.2,U,True,False,False
97413000CM0080,Saint-Leu,1689,1205,0.714,60.9,U,True,False,False
97413000CM0081,Saint-Leu,2514,1404,0.558,38.1,U,True,False,False
97413000CM0082,Saint-Leu,3033,2018,0.665,98.9,U,True,False,False
97413000CM0268,Saint-Leu,4900,4384,0.895,65.4,U,True,False,False
97413000CM0617,Saint-Leu,1374,906,0.660,37.0,U,True,False,False
97413000CM0272,Saint-Leu,2129,1405,0.660,91.4,U,True,False,False
97413000CM0065,Saint-Leu,2900,2055,0.708,111.6,U,True,False,False
97413000CM0623,Saint-Leu,1609,790,0.491,37.0,U,False,False,False
97413000CM0484,Saint-Leu,1419,1008,0.710,27.0,U,True,False,False
97413000CN0221,Saint-Leu,4935,4018,0.814,182.1,U,True,False,False
97413000CN0390,Saint-Leu,3844,3406,0.886,47.4,N,True,True,False
97413000CN0061,Saint-Leu,5416,4642,0.857,89.2,U,True,False,False
97413000CN1004,Saint-Leu,2097,1464,0.698,22.1,A,True,True,False
97413000CN1201,Saint-Leu,1813,1283,0.708,103.4,A,True,True,False
97413000CN0715,Saint-Leu,2117,1414,0.668,19.5,A,True,True,False
97413000CN0543,Saint-Leu,3891,3286,0.845,29.8,N,True,True,False
97413000CN0448,Saint-Leu,3169,2357,0.744,32.0,A,True,True,False
97413000CN0417,Saint-Leu,1587,1161,0.732,78.0,U,True,False,False
97413000CN1060,Saint-Leu,3269,2703,0.827,49.6,N,True,True,False
97413000CN0202,Saint-Leu,4501,3902,0.867,76.3,N,True,True,False
97413000CN0240,Saint-Leu,2228,1538,0.691,34.1,U,True,False,False
97413000CN0688,Saint-Leu,3003,2415,0.804,77.1,U,True,False,False
97413000CN0127,Saint-Leu,1149,702,0.611,106.4,U,True,False,False
97413000CN0128,Saint-Leu,1222,801,0.656,16.0,N,True,True,False
97413000CN0129,Saint-Leu,2345,1937,0.826,149.2,U,True,False,False
97413000CN0482,Saint-Leu,2370,1342,0.566,65.8,U,True,False,False
97413000CN0997,Saint-Leu,2330,1415,0.607,207.2,U,True,False,False
97413000CN0113,Saint-Leu,2309,1013,0.439,57.3,N,False,True,False
97413000CN0520,Saint-Leu,3055,2640,0.864,12.3,N,True,True,False
97413000CN0041,Saint-Leu,1260,703,0.558,25.5,U,True,False,False
97413000CN0063,Saint-Leu,2723,2007,0.737,48.5,U,True,False,False
97413000CN0981,Saint-Leu,1776,1106,0.623,32.4,U,True,False,False
97413000CN0050,Saint-Leu,1488,986,0.663,59.7,U,True,False,False
97413000CO0420,Saint-Leu,4903,4207,0.858,70.0,A,True,True,False
97413000CO0213,Saint-Leu,5247,4280,0.816,46.2,N,True,True,False
97413000CO0293,Saint-Leu,2168,1171,0.540,53.6,U,True,False,False
97413000CO0291,Saint-Leu,1854,1201,0.648,93.0,N,True,True,False
97413000CO0146,Saint-Leu,1125,610,0.542,55.0,U,True,False,False
97413000CO0266,Saint-Leu,1084,634,0.585,77.2,N,True,True,False
97413000CO0128,Saint-Leu,3108,2632,0.847,59.3,U,True,False,False
97413000CO0751,Saint-Leu,2491,2016,0.809,34.2,AU,True,False,False
97413000CO0753,Saint-Leu,5341,3534,0.662,69.0,AU,True,False,False
97413000CO0188,Saint-Leu,4421,3904,0.883,68.7,U,True,False,False
97413000CO0387,Saint-Leu,2284,1761,0.771,54.4,N,True,True,False
97413000CO0328,Saint-Leu,1507,978,0.649,28.1,U,True,False,False
97413000CP0045,Saint-Leu,5441,4552,0.837,64.9,A,True,True,False
97413000CQ0450,Saint-Leu,2235,1788,0.800,55.0,U,True,False,False
97413000CQ0221,Saint-Leu,1735,1316,0.758,13.4,U,True,False,False
97413000CQ0330,Saint-Leu,1411,911,0.645,37.8,U,True,False,False
97413000CQ0232,Saint-Leu,2312,1727,0.747,20.6,U,True,False,False
97413000CQ0254,Saint-Leu,2017,1126,0.558,67.1,U,True,False,False
97413000CQ0510,Saint-Leu,3816,2639,0.691,29.0,U,True,False,False
97413000CQ0363,Saint-Leu,1664,1213,0.729,86.0,U,True,False,False
97413000CQ0256,Saint-Leu,2321,1548,0.667,50.1,A,True,True,False
97413000CQ0011,Saint-Leu,5581,3644,0.653,22.5,N,True,True,False
97413000CQ0015,Saint-Leu,2623,1916,0.731,36.5,U,True,False,False
97413000CQ0412,Saint-Leu,1029,509,0.494,27.6,U,False,False,False
97413000CR0720,Saint-Leu,1369,851,0.622,155.4,U,True,False,False
97413000CR0307,Saint-Leu,1265,730,0.577,45.5,U,True,False,False
97413000CR0178,Saint-Leu,2630,1558,0.593,37.5,U,True,False,False
97413000CR0118,Saint-Leu,1562,941,0.602,49.8,U,True,False,False
97413000CR0898,Saint-Leu,2283,1673,0.733,47.3,U,True,False,False
97413000CR0021,Saint-Leu,2159,1514,0.701,98.6,U,True,False,False
97413000CR0068,Saint-Leu,1357,579,0.426,21.6,U,False,False,False
97413000CS0181,Saint-Leu,2524,1719,0.681,21.0,U,True,False,False
97413000CS1025,Saint-Leu,1766,1305,0.739,67.7,U,True,False,False
97413000CS0346,Saint-Leu,1453,912,0.628,37.4,U,True,False,False
97413000CT0126,Saint-Leu,2149,1656,0.771,23.3,U,True,False,False
97413000CT0192,Saint-Leu,1433,777,0.542,28.0,U,True,False,False
97413000CT0104,Saint-Leu,1160,667,0.575,22.4,U,True,False,False
97413000CT0009,Saint-Leu,1854,1191,0.642,100.3,U,True,False,False
97413000CU0888,Saint-Leu,2632,1147,0.436,43.9,AU,False,False,False
97413000CU0153,Saint-Leu,2458,1471,0.599,20.1,A,True,True,False
97413000CX0197,Saint-Leu,5910,4691,0.794,30.4,U,True,False,False
97413000CX0657,Saint-Leu,1837,1417,0.772,22.6,U,True,False,False
97413000CX1578,Saint-Leu,4373,1961,0.448,106.5,U,False,False,False
97413000CX0390,Saint-Leu,2310,1687,0.730,31.4,U,True,False,False
97413000CX1329,Saint-Leu,2706,1887,0.697,57.8,U,True,False,False
97413000CX0261,Saint-Leu,3738,2775,0.742,20.4,U,True,False,False
97413000CX0613,Saint-Leu,1468,785,0.535,26.5,U,True,False,False
97413000CX0372,Saint-Leu,1965,1530,0.779,102.7,U,True,False,False
97413000CX0585,Saint-Leu,1694,772,0.456,29.5,U,False,False,False
97413000CX0369,Saint-Leu,1607,680,0.423,12.3,U,False,False,False
97413000CX1222,Saint-Leu,2373,1533,0.646,28.5,U,True,False,False
97413000CX0161,Saint-Leu,1536,863,0.562,70.5,U,True,False,False
97413000CX1597,Saint-Leu,2084,1609,0.772,55.1,U,True,False,False
97413000CX2225,Saint-Leu,2042,954,0.467,25.7,AU,False,False,False
97413000CX1503,Saint-Leu,3685,2771,0.752,45.7,U,True,False,False
97413000CX0393,Saint-Leu,5086,4081,0.802,22.5,U,True,False,False
97413000CX0371,Saint-Leu,1234,709,0.574,44.0,U,True,False,False
97413000CY1525,Saint-Leu,3412,2738,0.802,33.0,U,True,False,False
97413000CY1105,Saint-Leu,3586,2168,0.605,23.3,U,True,False,False
97413000CY1380,Saint-Leu,1563,938,0.600,14.5,U,True,False,False
97413000CY0024,Saint-Leu,3251,1653,0.508,53.0,U,True,False,False
97413000CZ0120,Saint-Leu,2508,1796,0.716,24.2,N,True,True,False
97413000DB0023,Saint-Leu,1361,720,0.529,25.8,U,True,False,False
97413000DC1672,Saint-Leu,5426,4037,0.744,67.3,U,True,False,False
97413000DC1003,Saint-Leu,4126,2309,0.560,27.3,U,True,False,False
97413000DC0205,Saint-Leu,4395,2970,0.676,123.4,U,True,False,False
97413000DC0859,Saint-Leu,1560,1098,0.704,28.9,U,True,False,False
97413000DC1697,Saint-Leu,3954,2070,0.524,12.6,U,True,False,False
97413000DC0084,Saint-Leu,1688,1040,0.616,33.4,N,True,True,False
97413000DC0344,Saint-Leu,4960,3141,0.633,40.4,U,True,False,False
97413000DC1043,Saint-Leu,2705,1239,0.458,34.1,U,False,False,False
97413000DD1356,Saint-Leu,4677,3513,0.751,73.4,U,True,False,False
97413000DD0185,Saint-Leu,3850,2923,0.759,35.0,U,True,False,False
97413000DD1069,Saint-Leu,5382,4355,0.809,43.7,A,True,True,False
97413000DD0073,Saint-Leu,1528,958,0.627,23.6,AU,True,False,False
97413000DD1301,Saint-Leu,4818,2815,0.584,18.1,U,True,False,False
97413000DD1325,Saint-Leu,2756,1455,0.528,53.6,U,True,False,False
97413000DD0126,Saint-Leu,2455,1475,0.601,61.9,U,True,False,False
97413000DD0283,Saint-Leu,3006,1750,0.582,104.0,N,True,True,False
97413000DD0111,Saint-Leu,2915,2302,0.790,23.1,N,True,True,False
97413000DE0064,Saint-Leu,5037,2061,0.409,64.8,U,False,False,False
97413000DE0021,Saint-Leu,3848,1948,0.506,20.9,U,True,False,False
97413000DE0958,Saint-Leu,2411,997,0.413,65.6,A,False,True,False
97413000DE0983,Saint-Leu,2181,1634,0.749,19.7,U,True,False,False
97413000DE0429,Saint-Leu,1272,773,0.607,91.5,U,True,False,False
97413000DE0427,Saint-Leu,2581,1217,0.471,78.5,U,False,False,False
97413000DE1783,Saint-Leu,1605,1137,0.708,35.5,U,True,False,False
97413000DE0808,Saint-Leu,1696,1188,0.700,21.5,U,True,False,False
97413000DE0011,Saint-Leu,1046,559,0.535,59.1,U,True,False,False
97413000DE0656,Saint-Leu,2458,1494,0.608,85.7,U,True,False,False
97413000DE1720,Saint-Leu,5712,2354,0.412,206.3,U,False,False,False
97413000DE0388,Saint-Leu,2435,1924,0.790,14.7,U,True,False,False
97413000DE1226,Saint-Leu,1268,826,0.652,16.5,U,True,False,False
97413000DE2315,Saint-Leu,1803,1183,0.656,18.4,N,True,True,False
97413000DE0150,Saint-Leu,3054,2290,0.750,29.3,U,True,False,False
97413000DE1318,Saint-Leu,2323,1765,0.760,21.5,U,True,False,False
97413000DE0364,Saint-Leu,3005,2429,0.808,49.8,U,True,False,False
97413000DF0060,Saint-Leu,4416,3724,0.843,277.4,N,True,True,False
97413000DF0343,Saint-Leu,2174,1698,0.781,82.1,A,True,True,False
97413000DF0347,Saint-Leu,3289,2405,0.731,30.0,A,True,True,False
97413000DF0107,Saint-Leu,1505,1072,0.712,69.4,U,True,False,False
97413000DF0095,Saint-Leu,4960,4376,0.882,82.9,U,True,False,False
97413000DG0554,Saint-Leu,3139,2512,0.800,70.8,U,True,False,False
97413000DG0177,Saint-Leu,4206,3394,0.807,213.6,U,True,False,False
97413000DG0243,Saint-Leu,1741,1124,0.646,87.9,U,True,False,False
97413000DG0871,Saint-Leu,4030,3462,0.859,27.8,AU,True,False,False
97413000DG0268,Saint-Leu,2521,2098,0.832,89.3,U,True,False,False
97413000DG0290,Saint-Leu,2816,2206,0.783,16.5,U,True,False,False
97413000DH0048,Saint-Leu,2896,2427,0.838,52.6,A,True,True,False
97413000DH0013,Saint-Leu,1656,1086,0.656,15.6,A,True,True,False
97413000DH0017,Saint-Leu,2515,1957,0.778,46.3,A,True,True,False
97413000DI0329,Saint-Leu,1019,592,0.581,60.8,U,True,False,False
97413000DJ0080,Saint-Leu,4206,3094,0.736,139.4,U,True,False,False
97413000DJ0184,Saint-Leu,5386,3005,0.558,45.6,A,True,True,False
97413000DJ0331,Saint-Leu,1641,812,0.495,14.5,U,False,False,False
97413000DK0220,Saint-Leu,2574,2083,0.809,14.1,N,True,True,False
97413000DK0160,Saint-Leu,4215,3165,0.751,40.1,N,True,True,False
97413000DK0155,Saint-Leu,2901,2295,0.791,18.3,N,True,True,False
97413000DK0509,Saint-Leu,3042,2634,0.866,191.5,A,True,True,False
97413000DK0325,Saint-Leu,2805,2288,0.816,116.5,U,True,False,False
97413000DK0323,Saint-Leu,2690,2205,0.820,107.7,N,True,True,False
97413000DM0098,Saint-Leu,1707,1181,0.692,32.4,U,True,False,False
97413000DM0116,Saint-Leu,3460,1383,0.400,22.2,U,False,False,False
97413000ZA0236,Saint-Leu,3495,2740,0.784,48.1,A,True,True,False
97413000ZA0158,Saint-Leu,3295,2074,0.630,42.5,A,True,True,False
97409000AB0531,Saint-André,4511,3452,0.765,19.3,U,True,False,False
97409000AB0879,Saint-André,4069,2807,0.690,77.4,A,True,True,False
97409000AB0964,Saint-André,2773,1713,0.618,26.1,U,True,False,False
97409000AB0729,Saint-André,1604,1000,0.624,21.9,U,True,False,False
97409000AB0331,Saint-André,1897,1302,0.686,108.5,U,True,False,False
97409000AB0219,Saint-André,1740,911,0.524,62.5,U,True,False,False
97409000AB0186,Saint-André,2773,2135,0.770,74.2,A,True,True,False
97409000AB0167,Saint-André,1764,1154,0.655,30.3,A,True,True,False
97409000AB0751,Saint-André,3309,2598,0.785,12.3,U,True,False,False
97409000AC0317,Saint-André,2339,1931,0.826,31.4,U,True,False,False
97409000AC0804,Saint-André,1520,809,0.532,15.6,U,True,False,False
97409000AC0367,Saint-André,2461,1539,0.625,98.4,U,True,False,False
97409000AC0913,Saint-André,2069,908,0.439,65.0,U,False,False,False
97409000AC0914,Saint-André,2038,1582,0.776,28.4,U,True,False,False
97409000AC0675,Saint-André,2064,990,0.480,31.5,U,False,False,False
97409000AC0655,Saint-André,1363,958,0.703,75.9,U,True,False,False
97409000AD0596,Saint-André,1517,695,0.458,54.9,U,False,False,False
97409000AD0212,Saint-André,1395,785,0.562,57.2,U,True,False,False
97409000AE0206,Saint-André,1313,682,0.520,40.7,N,True,True,False
97409000AE0203,Saint-André,1720,1120,0.651,17.0,U,True,False,False
97409000AE0502,Saint-André,1935,1421,0.735,28.8,U,True,False,False
97409000AH0230,Saint-André,3557,2872,0.807,86.7,U,True,False,False
97409000AH0405,Saint-André,2246,1426,0.635,89.5,U,True,False,False
97409000AH0141,Saint-André,3290,1558,0.474,54.1,U,False,False,False
97409000AI1046,Saint-André,5528,4507,0.815,182.3,U,True,False,False
97409000AI0117,Saint-André,2009,1065,0.530,29.6,U,True,False,False
97409000AI1330,Saint-André,2530,1671,0.661,45.1,U,True,False,False
97409000AI0485,Saint-André,2042,1217,0.596,47.1,U,True,False,False
97409000AI1311,Saint-André,2213,523,0.236,60.9,U,False,False,False
97409000AI0599,Saint-André,2440,1707,0.700,43.4,U,True,False,False
97409000AI0641,Saint-André,2065,942,0.456,41.0,U,False,False,False
97409000AI0610,Saint-André,1636,1131,0.691,14.1,U,True,False,False
97409000AI1685,Saint-André,1754,1291,0.736,37.9,U,True,False,False
97409000AI1137,Saint-André,1949,1399,0.718,31.5,U,True,False,False
97409000AI0612,Saint-André,1719,1254,0.730,49.9,U,True,False,False
97409000AI1200,Saint-André,1613,1082,0.671,12.2,A,True,True,False
97409000AI0536,Saint-André,1727,1294,0.750,21.0,U,True,False,False
97409000AI0531,Saint-André,1726,1260,0.730,25.7,U,True,False,False
97409000AI1319,Saint-André,1393,976,0.701,26.8,A,True,True,False
97409000AI0530,Saint-André,1699,1172,0.690,44.2,U,True,False,False
97409000AK1181,Saint-André,2282,1675,0.734,19.8,A,True,True,False
97409000AK0426,Saint-André,1352,919,0.679,17.2,A,True,True,False
97409000AK1126,Saint-André,2161,1727,0.799,15.6,U,True,False,False
97409000AL2017,Saint-André,5848,2885,0.493,32.3,U,False,False,False
97409000AL0988,Saint-André,3186,2359,0.740,263.5,U,True,False,False
97409000AL2298,Saint-André,1395,887,0.636,30.9,U,True,False,False
97409000AL0653,Saint-André,2220,1459,0.657,53.9,U,True,False,False
97409000AL0581,Saint-André,2950,1167,0.396,46.9,U,False,False,False
97409000AL1985,Saint-André,4889,2682,0.549,32.1,U,True,False,False
97409000AL0944,Saint-André,1101,688,0.625,18.1,U,True,False,False
97409000AL1984,Saint-André,3799,1447,0.381,12.1,U,False,False,False
97409000AL0113,Saint-André,2243,1364,0.608,14.1,U,True,False,False
97409000AM0835,Saint-André,1744,1206,0.691,60.6,U,True,False,False
97409000AO0379,Saint-André,3114,1809,0.581,53.5,U,True,False,False
97409000AO0707,Saint-André,5221,4141,0.793,45.1,U,True,False,False
97409000AO0345,Saint-André,5033,2927,0.582,16.9,U,True,False,False
97409000AO0219,Saint-André,4132,2639,0.639,32.5,U,True,False,False
97409000AO0380,Saint-André,5062,2789,0.551,73.2,U,True,False,False
97409000AO0636,Saint-André,4386,2087,0.476,47.0,U,False,False,False
97409000AO0111,Saint-André,2748,1391,0.506,13.1,U,True,False,False
97409000AO0534,Saint-André,1703,773,0.454,32.0,U,False,False,False
97409000AP1506,Saint-André,2956,1392,0.471,60.3,U,False,False,False
97409000AP1773,Saint-André,1461,894,0.612,22.0,U,True,False,False
97409000AP1726,Saint-André,1314,839,0.639,14.4,U,True,False,False
97409000AP1647,Saint-André,3566,1990,0.558,43.7,U,True,False,False
97409000AP1873,Saint-André,3337,2596,0.778,18.0,U,True,False,False
97409000AR1776,Saint-André,5571,3381,0.607,98.2,U,True,False,False
97409000AR0875,Saint-André,1391,818,0.588,36.8,AU,True,False,False
97409000AR0927,Saint-André,4608,3014,0.654,73.1,U,True,False,False
97409000AR1208,Saint-André,3144,2384,0.758,37.1,U,True,False,False
97409000AR0666,Saint-André,2945,2364,0.803,72.8,U,True,False,False
97409000AR2367,Saint-André,2476,1979,0.799,77.2,U,True,False,False
97409000AR1104,Saint-André,3226,2536,0.786,38.1,U,True,False,False
97409000AR1956,Saint-André,2004,1337,0.667,14.6,U,True,False,False
97409000AR2164,Saint-André,1572,780,0.496,14.0,U,False,False,False
97409000AR2553,Saint-André,1413,910,0.644,31.4,U,True,False,False
97409000AR0861,Saint-André,1717,988,0.575,17.6,U,True,False,False
97409000AR2166,Saint-André,2957,2253,0.762,45.5,U,True,False,False
97409000AR0136,Saint-André,2753,1415,0.514,59.3,U,True,False,False
97409000AR2627,Saint-André,3613,2784,0.770,53.5,U,True,False,False
97409000AR1224,Saint-André,1730,1142,0.660,15.8,U,True,False,False
97409000AR1222,Saint-André,2367,1404,0.593,44.9,U,True,False,False
97409000AR1223,Saint-André,2048,1314,0.642,37.9,U,True,False,False
97409000AR0363,Saint-André,1670,1227,0.735,50.0,U,True,False,False
97409000AR0427,Saint-André,2489,2079,0.835,38.7,U,True,False,False
97409000AR2209,Saint-André,3140,1597,0.509,36.7,U,True,False,False
97409000AR1064,Saint-André,1467,797,0.543,13.1,U,True,False,False
97409000AR1541,Saint-André,3867,3021,0.781,29.5,U,True,False,False
97409000AR0488,Saint-André,3069,2520,0.821,20.9,U,True,False,False
97409000AR0486,Saint-André,3074,2298,0.748,46.1,U,True,False,False
97409000AR2131,Saint-André,1142,628,0.550,43.2,U,True,False,False
97409000AR0344,Saint-André,1197,777,0.649,12.4,U,True,False,False
97409000AR0052,Saint-André,2562,1229,0.479,39.6,U,False,False,False
97409000AR1277,Saint-André,1566,620,0.396,13.5,U,False,False,False
97409000AR1868,Saint-André,5154,2636,0.511,52.5,U,True,False,False
97409000AR0777,Saint-André,2026,1500,0.740,33.9,AU,True,False,False
97409000AS1299,Saint-André,5630,2635,0.468,12.5,U,False,False,False
97409000AS1376,Saint-André,4871,3875,0.796,55.2,A,True,True,False
97409000AS0596,Saint-André,2379,1840,0.774,26.7,A,True,True,False
97409000AS1377,Saint-André,4862,3960,0.815,40.8,A,True,True,False
97409000AS1426,Saint-André,5231,3394,0.649,43.9,A,True,True,False
97409000AS1656,Saint-André,2321,1695,0.730,30.6,A,True,True,False
97409000AS1657,Saint-André,2387,1739,0.729,16.4,A,True,True,False
97409000AS0926,Saint-André,2447,2008,0.820,36.5,U,True,False,False
97409000AS1059,Saint-André,3778,3134,0.829,58.2,A,True,True,False
97409000AS1392,Saint-André,1383,787,0.569,109.6,U,True,False,False
97409000AS1503,Saint-André,1156,754,0.653,50.1,U,True,False,False
97409000AS1852,Saint-André,1460,969,0.664,55.2,U,True,False,False
97409000AS0350,Saint-André,1697,688,0.405,19.2,U,False,False,False
97409000AS0121,Saint-André,2437,1644,0.675,35.3,U,True,False,False
97409000AS1729,Saint-André,2996,1955,0.652,78.5,U,True,False,False
97409000AT0220,Saint-André,2559,1473,0.576,60.9,U,True,False,False
97409000AT0831,Saint-André,2759,2160,0.783,16.5,N,True,True,False
97409000AT1320,Saint-André,1182,725,0.613,16.9,U,True,False,False
97409000AT1265,Saint-André,1105,518,0.468,13.7,AU,False,False,False
97409000AT0453,Saint-André,2517,1685,0.669,32.2,U,True,False,False
97409000AT0894,Saint-André,1327,816,0.614,40.7,U,True,False,False
97409000AT0039,Saint-André,3766,2152,0.571,115.2,U,True,False,False
97409000AT0783,Saint-André,2129,1397,0.656,26.6,U,True,False,False
97409000AT0427,Saint-André,1239,833,0.672,18.2,U,True,False,False
97409000AT0113,Saint-André,2375,1802,0.759,68.6,U,True,False,False
97409000AT0112,Saint-André,1276,625,0.490,40.3,U,False,False,False
97409000AV0318,Saint-André,4058,2578,0.635,32.3,U,True,False,False
97409000AV0564,Saint-André,1789,1132,0.633,42.9,A,True,True,False
97409000AV0689,Saint-André,3452,1695,0.491,78.4,A,False,True,False
97409000AV0040,Saint-André,5000,3001,0.600,53.1,A,True,True,False
97409000AV0637,Saint-André,2117,1153,0.545,41.9,U,True,False,False
97409000AV0830,Saint-André,3374,1914,0.567,86.5,U,True,False,False
97409000AV0449,Saint-André,1789,887,0.495,14.2,U,False,False,False
97409000AW1489,Saint-André,4532,2126,0.469,77.7,U,False,False,False
97409000AW0781,Saint-André,4601,3118,0.678,38.1,A,True,True,False
97409000AW0666,Saint-André,3633,2781,0.765,91.6,A,True,True,False
97409000AW0667,Saint-André,3183,1963,0.617,86.3,A,True,True,False
97409000AW0719,Saint-André,2429,1838,0.757,81.5,U,True,False,False
97409000AW0122,Saint-André,1608,690,0.429,17.5,U,False,False,False
97409000AW0008,Saint-André,4390,3443,0.784,31.7,U,True,False,False
97409000AW0730,Saint-André,5622,3359,0.598,79.9,U,True,False,False
97409000AW0042,Saint-André,1038,599,0.577,32.6,U,True,False,False
97409000AW0572,Saint-André,3594,2035,0.566,112.0,U,True,False,False
97409000AW0343,Saint-André,1915,1345,0.702,16.1,U,True,False,False
97409000AX1122,Saint-André,3707,2541,0.685,188.2,U,True,False,False
97409000AX0068,Saint-André,5695,4443,0.780,137.4,U,True,False,False
97409000AX0583,Saint-André,2666,816,0.306,31.2,A,False,True,False
97409000AX0632,Saint-André,1205,734,0.609,26.7,U,True,False,False
97409000AX0785,Saint-André,5146,4075,0.792,77.2,U,True,False,False
97409000AX0535,Saint-André,1129,616,0.546,21.1,U,True,False,False
97409000AX0289,Saint-André,2599,1852,0.713,42.6,U,True,False,False
97409000AY0788,Saint-André,3169,2485,0.784,22.3,U,True,False,False
97409000AY0709,Saint-André,1889,933,0.494,37.2,U,False,False,False
97409000AY0643,Saint-André,1629,1084,0.665,43.6,U,True,False,False
97409000AY1067,Saint-André,2330,1747,0.750,42.4,U,True,False,False
97409000AY0064,Saint-André,1714,1073,0.626,35.8,U,True,False,False
97409000AY0586,Saint-André,1950,1352,0.693,35.3,A,True,True,False
97409000AY1047,Saint-André,1369,783,0.572,18.5,U,True,False,False
97409000AZ0547,Saint-André,2650,2215,0.836,26.3,A,True,True,False
97409000AZ0268,Saint-André,5982,4580,0.766,17.9,A,True,True,False
97409000AZ0168,Saint-André,2801,2014,0.719,37.7,A,True,True,False
97409000AZ0053,Saint-André,1856,1453,0.783,30.2,A,True,True,False
97409000AZ0179,Saint-André,2151,1632,0.759,77.2,A,True,True,False
97409000AZ0263,Saint-André,4623,1984,0.429,19.9,A,False,True,False
97409000AZ0057,Saint-André,5508,4473,0.812,60.5,A,True,True,False
97409000AZ0095,Saint-André,1564,730,0.467,55.0,U,False,False,False
97409000AZ0646,Saint-André,1669,1263,0.756,40.0,U,True,False,False
97409000AZ0689,Saint-André,1451,1002,0.691,20.0,U,True,False,False
97409000AZ0701,Saint-André,2525,1517,0.601,43.2,U,True,False,False
97409000AZ1054,Saint-André,2727,1991,0.730,47.8,U,True,False,False
97409000AZ0541,Saint-André,2325,1680,0.722,16.0,U,True,False,False
97409000AZ0485,Saint-André,2266,1824,0.805,113.0,U,True,False,False
97409000BC0225,Saint-André,5206,4322,0.830,151.4,A,True,True,False
97409000BC0253,Saint-André,1353,818,0.605,26.3,AU,True,False,False
97409000BC0215,Saint-André,2151,1439,0.669,40.9,A,True,True,False
97409000BC0213,Saint-André,2252,1683,0.748,53.4,A,True,True,False
97409000BD1225,Saint-André,3078,2655,0.862,19.9,N,True,True,False
97409000BD0678,Saint-André,1992,1368,0.687,50.3,U,True,False,False
97409000BD0034,Saint-André,1276,781,0.612,39.3,U,True,False,False
97409000BD0520,Saint-André,1220,780,0.640,42.7,U,True,False,False
97409000BD1267,Saint-André,3345,1598,0.478,87.0,U,False,False,False
97409000BD1265,Saint-André,3851,2937,0.763,27.3,U,True,False,False
97409000BD1266,Saint-André,3875,3046,0.786,111.1,U,True,False,False
97409000BE2256,Saint-André,5725,2573,0.449,24.8,U,False,False,False
97409000BE2149,Saint-André,1872,1238,0.661,38.7,U,True,False,False
97409000BE2027,Saint-André,3274,2285,0.698,43.4,N,True,True,False
97409000BE0039,Saint-André,1611,884,0.549,16.1,U,True,False,False
97409000BE0042,Saint-André,2558,1668,0.652,83.8,U,True,False,False
97409000BE0044,Saint-André,2092,1348,0.644,106.2,U,True,False,False
97409000BE0110,Saint-André,4840,2541,0.525,39.9,U,True,False,False
97409000BE0336,Saint-André,2449,1613,0.659,39.9,U,True,False,False
97409000BE0390,Saint-André,1885,1131,0.600,14.0,U,True,False,False
97409000BH0092,Saint-André,2059,1652,0.802,75.6,U,True,False,False
97409000BH0326,Saint-André,1966,1401,0.713,168.5,U,True,False,False
97409000BI0755,Saint-André,2331,1162,0.499,42.9,U,False,False,False
97409000BI0284,Saint-André,1606,629,0.392,87.2,U,False,False,False
97409000BI0110,Saint-André,1275,607,0.476,32.9,U,False,False,False
97409000BK0534,Saint-André,4130,2583,0.625,13.5,U,True,False,False
97409000BK0736,Saint-André,5522,3053,0.553,116.4,U,True,False,False
97409000BK0528,Saint-André,3024,2018,0.667,37.9,U,True,False,False
97409000BK0086,Saint-André,1277,872,0.683,33.9,U,True,False,False
97409000BK0270,Saint-André,4961,3769,0.760,79.1,U,True,False,False
97409000BK0234,Saint-André,1008,603,0.599,33.1,U,True,False,False
97409000BM0249,Saint-André,2377,1527,0.642,169.5,U,True,False,False
97409000BM1504,Saint-André,2887,2268,0.786,18.1,U,True,False,False
97409000BM1248,Saint-André,5003,3860,0.772,51.8,U,True,False,False
97409000BM1397,Saint-André,1657,947,0.571,12.7,U,True,False,False
97409000BM0362,Saint-André,4282,3082,0.720,62.6,U,True,False,False
97409000BM0967,Saint-André,3050,2292,0.751,41.1,U,True,False,False
97409000BM1148,Saint-André,1566,1160,0.741,12.1,U,True,False,False
97409000BM0393,Saint-André,4995,3899,0.781,104.4,A,True,True,False
97409000BM0305,Saint-André,2439,1821,0.746,82.7,U,True,False,False
97409000BM0214,Saint-André,1750,1132,0.647,32.4,U,True,False,False
97409000BM0246,Saint-André,2517,2011,0.799,27.3,U,True,False,False
97409000BM0654,Saint-André,1420,985,0.694,54.1,U,True,False,False
97409000BM0446,Saint-André,1797,1374,0.765,39.9,U,True,False,False
97409000BM1503,Saint-André,2150,1494,0.695,79.2,U,True,False,False
97409000BM0170,Saint-André,2074,1480,0.714,106.4,U,True,False,False
97409000BM0549,Saint-André,2512,1976,0.787,107.2,U,True,False,False
97409000BM0554,Saint-André,2652,2176,0.820,142.1,U,True,False,False
97409000BM1058,Saint-André,1370,656,0.479,58.9,U,False,False,False
97409000BM1030,Saint-André,1360,852,0.626,44.4,U,True,False,False
97409000BM0020,Saint-André,2405,1470,0.611,58.0,U,True,False,False
97409000BM1018,Saint-André,2052,1513,0.737,65.3,U,True,False,False
97409000BM0627,Saint-André,2706,2238,0.827,12.1,U,True,False,False
97409000BN0510,Saint-André,5078,4574,0.901,48.1,A,True,True,False
97409000BN0275,Saint-André,1919,1423,0.741,48.0,A,True,True,False
97409000BN0243,Saint-André,4981,3367,0.676,12.7,A,True,True,False
97409000BN0182,Saint-André,4054,3249,0.802,152.9,U,True,False,False
97409000BN0501,Saint-André,2941,2395,0.814,115.9,U,True,False,False
97409000BN0298,Saint-André,2787,2133,0.765,34.3,A,True,True,False
97409000BN0299,Saint-André,2022,1515,0.749,13.4,A,True,True,False
97409000BN0439,Saint-André,1745,1245,0.714,33.1,A,True,True,False
97409000BO0477,Saint-André,5048,4579,0.907,47.8,A,True,True,False
97409000BO0075,Saint-André,2873,2278,0.793,151.0,U,True,False,False
97409000BO0248,Saint-André,1695,1253,0.739,18.6,U,True,False,False
97409000BO0575,Saint-André,2999,2556,0.852,130.2,A,True,True,False
97409000BO0136,Saint-André,1419,924,0.651,27.4,U,True,False,False
97409000BO0080,Saint-André,2221,1557,0.701,246.6,U,True,False,False
97409000BP0244,Saint-André,3638,2781,0.764,98.9,A,True,True,False
97409000BP0177,Saint-André,1729,1199,0.694,87.3,A,True,True,False
97409000BP0348,Saint-André,3746,3287,0.877,41.0,N,True,True,False
97409000BP0343,Saint-André,1780,1299,0.730,40.9,A,True,True,False
97409000BP0377,Saint-André,2141,1544,0.721,154.6,A,True,True,False
97409000BP0062,Saint-André,1919,1489,0.776,43.3,A,True,True,False
97409000BP0248,Saint-André,3655,2948,0.807,18.8,A,True,True,False
97409000BP0298,Saint-André,3076,2650,0.862,72.9,N,True,True,False
97409000BP0260,Saint-André,3489,2588,0.742,124.8,U,True,False,False
97409000BP0341,Saint-André,3400,2744,0.807,58.6,U,True,False,False
97409000BR0197,Saint-André,5975,5142,0.861,62.3,N,True,True,False
97409000BR0087,Saint-André,2375,1379,0.581,155.2,A,True,True,False
97409000BR0064,Saint-André,5094,4335,0.851,22.0,N,True,True,False
97409000BR0088,Saint-André,2355,1899,0.806,38.8,A,True,True,False
97409000BR0099,Saint-André,1753,675,0.385,25.4,A,False,True,False
97409000BR0115,Saint-André,2997,1933,0.645,60.0,U,True,False,False
97409000BS0105,Saint-André,5107,4070,0.797,182.1,A,True,True,False
97410000AB0976,Saint-Benoît,1349,827,0.614,12.0,U,True,False,False
97410000AB0924,Saint-Benoît,1255,736,0.587,55.9,U,True,False,False
97410000AB1168,Saint-Benoît,3367,2649,0.787,60.9,U,True,False,False
97410000AB0872,Saint-Benoît,1850,1410,0.762,126.5,U,True,False,False
97410000AB1111,Saint-Benoît,2293,1740,0.759,79.7,U,True,False,False
97410000AB0106,Saint-Benoît,3506,2805,0.800,12.8,A,True,True,False
97410000AB0677,Saint-Benoît,1106,629,0.569,33.2,U,True,False,False
97410000AB0003,Saint-Benoît,1845,1271,0.689,92.7,N,True,True,False
97410000AC0553,Saint-Benoît,4258,3187,0.748,139.8,A,True,True,False
97410000AC0443,Saint-Benoît,3083,2530,0.820,12.1,U,True,False,False
97410000AC0442,Saint-Benoît,3015,2478,0.822,12.1,U,True,False,False
97410000AC0380,Saint-Benoît,1492,897,0.601,49.4,N,True,True,False
97410000AC0251,Saint-Benoît,1620,994,0.614,12.7,A,True,True,False
97410000AC0340,Saint-Benoît,1560,1034,0.663,52.8,A,True,True,False
97410000AC0202,Saint-Benoît,1895,696,0.367,12.7,U,False,False,False
97410000AC0268,Saint-Benoît,1681,1201,0.715,12.3,U,True,False,False
97410000AD0040,Saint-Benoît,5384,3359,0.624,82.2,U,True,False,False
97410000AD0451,Saint-Benoît,2412,1961,0.813,19.7,N,True,True,False
97410000AD0124,Saint-Benoît,2860,2386,0.834,109.2,N,True,True,False
97410000AD0664,Saint-Benoît,1708,1147,0.671,23.4,N,True,True,False
97410000AD0696,Saint-Benoît,4202,1239,0.295,70.0,U,False,False,False
97410000AD0252,Saint-Benoît,3708,3110,0.839,155.5,U,True,False,False
97410000AD0078,Saint-Benoît,2602,1935,0.744,47.5,A,True,True,False
97410000AD0476,Saint-Benoît,1569,1074,0.684,46.5,A,True,True,False
97410000AE0439,Saint-Benoît,2012,1313,0.652,38.1,U,True,False,False
97410000AE0437,Saint-Benoît,3970,3046,0.767,215.3,U,True,False,False
97410000AE0585,Saint-Benoît,3114,2272,0.730,111.0,U,True,False,False
97410000AE1035,Saint-Benoît,3246,2521,0.777,42.0,U,True,False,False
97410000AE1328,Saint-Benoît,4115,3348,0.814,99.6,U,True,False,False
97410000AE0607,Saint-Benoît,5370,4492,0.836,21.2,A,True,True,False
97410000AE0259,Saint-Benoît,2529,2113,0.835,48.2,U,True,False,False
97410000AE1102,Saint-Benoît,2222,1412,0.636,30.0,U,True,False,False
97410000AH0129,Saint-Benoît,2505,1958,0.781,40.2,U,True,False,False
97410000AH0687,Saint-Benoît,1875,1132,0.604,44.3,U,True,False,False
97410000AH0677,Saint-Benoît,1890,1396,0.738,86.4,U,True,False,False
97410000AH0172,Saint-Benoît,2913,1959,0.673,79.1,U,True,False,False
97410000AH0302,Saint-Benoît,2429,1952,0.804,84.0,U,True,False,False
97410000AH0366,Saint-Benoît,1650,1186,0.719,32.6,U,True,False,False
97410000AH0363,Saint-Benoît,3219,2625,0.816,19.2,U,True,False,False
97410000AH0362,Saint-Benoît,4026,3350,0.832,71.6,U,True,False,False
97410000AI0425,Saint-Benoît,5070,2854,0.563,59.8,U,True,False,False
97410000AI1335,Saint-Benoît,3672,2684,0.731,15.1,U,True,False,False
97410000AI1179,Saint-Benoît,3073,2016,0.656,109.1,U,True,False,False
97410000AI1180,Saint-Benoît,1755,1167,0.665,54.8,U,True,False,False
97410000AI1289,Saint-Benoît,2641,1835,0.695,25.7,N,True,True,False
97410000AI0009,Saint-Benoît,2601,2178,0.837,66.7,U,True,False,False
97410000AI1344,Saint-Benoît,1554,1116,0.718,74.0,U,True,False,False
97410000AI0513,Saint-Benoît,1443,801,0.555,28.8,U,True,False,False
97410000AI1103,Saint-Benoît,4873,2339,0.480,14.7,U,False,False,False
97410000AK0481,Saint-Benoît,5893,3116,0.529,76.1,U,True,False,False
97410000AL0531,Saint-Benoît,4593,2477,0.539,68.0,U,True,False,False
97410000AL0533,Saint-Benoît,2563,1900,0.741,17.3,U,True,False,False
97410000AL0301,Saint-Benoît,2365,1774,0.750,56.7,U,True,False,False
97410000AM0200,Saint-Benoît,5619,3891,0.693,33.3,U,True,False,False
97410000AN0312,Saint-Benoît,4177,2229,0.534,32.8,U,True,False,False
97410000AO0461,Saint-Benoît,2650,1110,0.419,24.9,N,False,True,False
97410000AP0268,Saint-Benoît,2059,1450,0.704,34.6,U,True,False,False
97410000AR0736,Saint-Benoît,2215,1313,0.593,14.9,U,True,False,False
97410000AR0027,Saint-Benoît,4223,3543,0.839,19.5,A,True,True,False
97410000AR1660,Saint-Benoît,2614,2016,0.771,99.7,U,True,False,False
97410000AR0031,Saint-Benoît,2722,2098,0.771,25.7,A,True,True,False
97410000AS1189,Saint-Benoît,5094,1942,0.381,18.4,U,False,False,False
97410000AS0961,Saint-Benoît,4471,2153,0.482,75.8,U,False,False,False
97410000AS0506,Saint-Benoît,4835,1790,0.370,80.3,U,False,False,False
97410000AS0509,Saint-Benoît,4888,1447,0.296,22.4,U,False,False,False
97410000AS0960,Saint-Benoît,3498,1915,0.547,47.2,U,True,False,False
97410000AS0287,Saint-Benoît,3248,1952,0.601,62.9,U,True,False,False
97410000AS0357,Saint-Benoît,2036,1419,0.697,21.2,U,True,False,False
97410000AS0395,Saint-Benoît,1460,966,0.661,27.6,U,True,False,False
97410000AS1219,Saint-Benoît,4969,2844,0.572,19.2,U,True,False,False
97410000AS0879,Saint-Benoît,2723,2116,0.777,44.6,U,True,False,False
97410000AT0627,Saint-Benoît,4436,3857,0.870,12.2,N,True,True,False
97410000AT0413,Saint-Benoît,2853,2004,0.703,35.2,U,True,False,False
97410000AT0509,Saint-Benoît,3229,2325,0.720,114.0,U,True,False,False
97410000AT0854,Saint-Benoît,1342,795,0.592,26.6,U,True,False,False
97410000AT0466,Saint-Benoît,1858,1429,0.769,64.0,U,True,False,False
97410000AT0371,Saint-Benoît,2825,2377,0.841,18.8,U,True,False,False
97410000AT0045,Saint-Benoît,3785,3040,0.803,100.4,U,True,False,False
97410000AT0454,Saint-Benoît,2346,1763,0.752,67.8,U,True,False,False
97410000AT0455,Saint-Benoît,2615,1898,0.726,112.4,U,True,False,False
97410000AT0452,Saint-Benoît,1416,984,0.695,19.1,U,True,False,False
97410000AT1129,Saint-Benoît,1874,892,0.476,18.3,U,False,False,False
97410000AT0812,Saint-Benoît,1116,705,0.631,48.5,U,True,False,False
97410000AT0535,Saint-Benoît,2246,1628,0.725,18.2,U,True,False,False
97410000AT0638,Saint-Benoît,1782,1120,0.628,80.3,U,True,False,False
97410000AT0524,Saint-Benoît,5619,5035,0.896,12.1,A,True,True,False
97410000AV0571,Saint-Benoît,2701,2255,0.835,71.2,A,True,True,False
97410000AV0184,Saint-Benoît,2040,1398,0.686,35.9,U,True,False,False
97410000AV0519,Saint-Benoît,1871,1358,0.726,27.1,A,True,True,False
97410000AV0062,Saint-Benoît,2316,1620,0.699,94.5,U,True,False,False
97410000AV0360,Saint-Benoît,3127,2111,0.675,20.2,U,True,False,False
97410000AW0167,Saint-Benoît,4166,3419,0.821,53.3,N,True,True,False
97410000AW1058,Saint-Benoît,4628,3913,0.845,90.3,A,True,True,False
97410000AW0678,Saint-Benoît,5841,5240,0.897,51.7,A,True,True,False
97410000AW0823,Saint-Benoît,2642,1649,0.624,104.4,U,True,False,False
97410000AW0908,Saint-Benoît,1940,1257,0.648,12.0,U,True,False,False
97410000AW0473,Saint-Benoît,3018,2287,0.758,18.9,A,True,True,False
97410000AW0751,Saint-Benoît,3745,2619,0.699,119.3,U,True,False,False
97410000AW0949,Saint-Benoît,1941,1415,0.729,85.5,U,True,False,False
97410000AW0344,Saint-Benoît,4831,4296,0.889,71.0,A,True,True,False
97410000AW0499,Saint-Benoît,2422,1846,0.762,13.3,A,True,True,False
97410000AX0909,Saint-Benoît,2928,2181,0.745,194.9,U,True,False,False
97410000AX0724,Saint-Benoît,5275,4517,0.856,112.7,U,True,False,False
97410000AX0016,Saint-Benoît,4626,4133,0.893,22.5,A,True,True,False
97410000AX0007,Saint-Benoît,2186,1368,0.626,12.2,U,True,False,False
97410000AX0861,Saint-Benoît,3922,3338,0.851,12.1,A,True,True,False
97410000AX0286,Saint-Benoît,1551,1032,0.666,37.1,U,True,False,False
97410000AX0307,Saint-Benoît,2137,1517,0.710,35.3,U,True,False,False
97410000AX0695,Saint-Benoît,2400,1736,0.723,12.3,A,True,True,False
97410000AX0914,Saint-Benoît,2615,1464,0.560,58.6,U,True,False,False
97410000AX0076,Saint-Benoît,2523,2060,0.817,26.6,U,True,False,False
97410000AX0077,Saint-Benoît,2171,1607,0.740,71.0,U,True,False,False
97410000AX0525,Saint-Benoît,1061,643,0.606,35.5,U,True,False,False
97410000AY0386,Saint-Benoît,2479,2039,0.823,12.6,U,True,False,False
97410000AY0385,Saint-Benoît,2502,1949,0.779,12.2,U,True,False,False
97410000AY0222,Saint-Benoît,3740,2567,0.686,38.0,U,True,False,False
97410000AY0384,Saint-Benoît,2545,1814,0.713,54.7,U,True,False,False
97410000AY0288,Saint-Benoît,2177,1624,0.746,127.3,U,True,False,False
97410000AY0485,Saint-Benoît,2268,1721,0.759,87.3,U,True,False,False
97410000AY0427,Saint-Benoît,2812,1517,0.540,71.8,U,True,False,False
97410000AY0309,Saint-Benoît,1494,1083,0.725,44.7,U,True,False,False
97410000AY0310,Saint-Benoît,2898,2479,0.855,12.3,U,True,False,False
97410000BC0220,Saint-Benoît,1817,1220,0.672,18.8,A,True,True,False
97410000BC0226,Saint-Benoît,2354,1602,0.680,140.0,A,True,True,False
97410000BC0232,Saint-Benoît,2333,1478,0.634,12.1,A,True,True,False
97410000BC0283,Saint-Benoît,2964,2531,0.854,109.4,A,True,True,False
97410000BD0257,Saint-Benoît,5577,3610,0.647,41.7,U,True,False,False
97410000BD0287,Saint-Benoît,1982,1501,0.757,32.7,A,True,True,False
97410000BD0614,Saint-Benoît,3804,2983,0.784,100.5,A,True,True,False
97410000BD0381,Saint-Benoît,2563,1756,0.685,20.6,U,True,False,False
97410000BD0168,Saint-Benoît,1492,921,0.617,19.0,U,True,False,False
97410000BD0705,Saint-Benoît,5181,3084,0.595,16.7,U,True,False,False
97410000BD0677,Saint-Benoît,3624,2226,0.614,91.9,U,True,False,False
97410000BD0844,Saint-Benoît,4492,2169,0.483,47.1,U,False,False,False
97410000BD0191,Saint-Benoît,2363,986,0.417,37.2,U,False,False,False
97410000BD0200,Saint-Benoît,5055,2893,0.572,23.9,U,True,False,False
97410000BD0204,Saint-Benoît,2224,1694,0.762,22.9,U,True,False,False
97410000BD0171,Saint-Benoît,2728,1519,0.557,53.7,U,True,False,False
97410000BD0530,Saint-Benoît,3128,2031,0.649,44.4,U,True,False,False
97410000BD0853,Saint-Benoît,3968,2684,0.676,62.8,U,True,False,False
97410000BD0212,Saint-Benoît,3170,1686,0.532,15.2,A,True,True,False
97410000BD0531,Saint-Benoît,1607,792,0.493,15.3,U,False,False,False
97410000BE0317,Saint-Benoît,1368,548,0.401,20.3,U,False,False,False
97410000BE0357,Saint-Benoît,2146,1012,0.472,18.4,U,False,False,False
97410000BE0519,Saint-Benoît,3049,2626,0.861,28.9,A,True,True,False
97410000BE0521,Saint-Benoît,3015,2240,0.743,97.0,U,True,False,False
97410000BE0652,Saint-Benoît,1431,969,0.677,48.9,U,True,False,False
97410000BE0442,Saint-Benoît,1955,1134,0.580,29.3,U,True,False,False
97410000BH0539,Saint-Benoît,5091,4005,0.787,41.7,U,True,False,False
97410000BH0298,Saint-Benoît,2644,2117,0.801,71.8,A,True,True,False
97410000BH0412,Saint-Benoît,2297,1696,0.738,32.0,U,True,False,False
97410000BH0508,Saint-Benoît,1088,683,0.628,84.0,U,True,False,False
97410000BH0625,Saint-Benoît,2787,2303,0.826,75.9,A,True,True,False
97410000BH0610,Saint-Benoît,1927,1385,0.719,17.2,A,True,True,False
97410000BI0524,Saint-Benoît,4930,3856,0.782,27.9,A,True,True,False
97410000BI0641,Saint-Benoît,2695,1741,0.646,39.2,A,True,True,False
97410000BI0321,Saint-Benoît,5332,4335,0.813,18.0,N,True,True,False
97410000BI0425,Saint-Benoît,1422,824,0.579,18.2,N,True,True,False
97410000BI0274,Saint-Benoît,2028,1560,0.769,17.3,A,True,True,False
97410000BK0472,Saint-Benoît,2114,1236,0.584,48.7,U,True,False,False
97410000BK0498,Saint-Benoît,1016,565,0.557,34.3,U,True,False,False
97410000BK0233,Saint-Benoît,2287,1490,0.651,58.6,U,True,False,False
97410000BK0038,Saint-Benoît,1474,1033,0.701,50.7,U,True,False,False
97410000BK0136,Saint-Benoît,3269,1735,0.531,21.7,U,True,False,False
97410000BK0297,Saint-Benoît,1781,1151,0.647,20.3,U,True,False,False
97410000BK0046,Saint-Benoît,2959,2398,0.810,30.7,U,True,False,False
97410000BL0339,Saint-Benoît,2792,2109,0.756,35.7,A,True,True,False
97410000BL0129,Saint-Benoît,1702,1063,0.625,70.5,N,True,True,False
97410000BL0383,Saint-Benoît,1082,578,0.534,15.7,U,True,False,False
97410000BM0055,Saint-Benoît,3504,2947,0.841,24.5,U,True,False,False
97410000BM1144,Saint-Benoît,1590,1134,0.713,32.8,U,True,False,False
97410000BM1122,Saint-Benoît,2078,1642,0.790,41.1,U,True,False,False
97410000BM0306,Saint-Benoît,1079,658,0.610,18.2,U,True,False,False
97410000BM0312,Saint-Benoît,1379,776,0.562,39.6,U,True,False,False
97410000BM0626,Saint-Benoît,1607,1109,0.690,62.8,U,True,False,False
97410000BM1237,Saint-Benoît,1802,1263,0.701,25.5,U,True,False,False
97410000BM0669,Saint-Benoît,1633,1225,0.750,41.4,U,True,False,False
97410000BM0077,Saint-Benoît,3396,2654,0.781,30.2,A,True,True,False
97410000BM0567,Saint-Benoît,2782,2233,0.803,25.1,U,True,False,False
97410000BM0843,Saint-Benoît,2026,1480,0.730,12.4,A,True,True,False
97410000BM0200,Saint-Benoît,1887,1216,0.645,38.4,U,True,False,False
97410000BN0473,Saint-Benoît,5984,4896,0.818,68.0,N,True,True,False
97410000BN0532,Saint-Benoît,3071,2519,0.820,27.0,A,True,True,False
97410000BN0533,Saint-Benoît,3420,2470,0.722,121.4,A,True,True,False
97410000BN0758,Saint-Benoît,5295,4133,0.781,102.8,U,True,False,False
97410000BN0492,Saint-Benoît,3570,2959,0.829,87.7,A,True,True,False
97410000BN0586,Saint-Benoît,1184,768,0.649,43.9,A,True,True,False
97410000BN0721,Saint-Benoît,2339,986,0.422,15.6,U,False,False,False
97410000BN0128,Saint-Benoît,1625,1155,0.711,15.3,U,True,False,False
97410000BN0872,Saint-Benoît,1543,1123,0.728,12.2,U,True,False,False
97410000BN0536,Saint-Benoît,3325,2706,0.814,32.2,A,True,True,False
97410000BO0094,Saint-Benoît,5551,3811,0.687,23.2,A,True,True,False
97410000BO0302,Saint-Benoît,3034,904,0.298,42.5,A,False,True,False
97410000BO0308,Saint-Benoît,1796,1287,0.716,31.7,A,True,True,False
97410000BS0199,Saint-Benoît,5764,4975,0.863,108.2,A,True,True,False
97410000BS0225,Saint-Benoît,4597,3647,0.793,131.6,A,True,True,False
97410000BS0561,Saint-Benoît,4104,2420,0.590,58.4,A,True,True,False
97410000BS0379,Saint-Benoît,2211,1808,0.818,40.0,A,True,True,False
97410000BS0580,Saint-Benoît,2075,1537,0.741,31.7,A,True,True,False
97410000BS0157,Saint-Benoît,1849,1205,0.652,72.7,A,True,True,False
97410000BS0636,Saint-Benoît,2126,1449,0.681,67.2,A,True,True,False
97410000BS0412,Saint-Benoît,2108,1596,0.757,41.3,A,True,True,False
97410000BS0419,Saint-Benoît,3811,3138,0.823,16.2,A,True,True,False
97410000BS0522,Saint-Benoît,2352,1916,0.815,41.4,A,True,True,False
97410000BS0557,Saint-Benoît,2095,1545,0.738,17.1,A,True,True,False
97410000BS0674,Saint-Benoît,4448,3373,0.758,56.6,A,True,True,False
97410000BT0071,Saint-Benoît,3466,2251,0.649,29.9,A,True,True,False
97410000BT0081,Saint-Benoît,2515,2106,0.838,50.2,A,True,True,False
97410000BT0149,Saint-Benoît,3782,1707,0.451,112.2,U,False,False,False
97410000BV0409,Saint-Benoît,1755,1339,0.763,46.6,U,True,False,False
97410000BV0437,Saint-Benoît,1909,1380,0.722,26.9,U,True,False,False
97410000BV0593,Saint-Benoît,1428,916,0.642,23.5,U,True,False,False
97410000BV0224,Saint-Benoît,5747,3086,0.537,69.9,A,True,True,False
97410000BV0009,Saint-Benoît,2316,1886,0.814,27.2,A,True,True,False
97410000BV0103,Saint-Benoît,3303,2778,0.841,14.8,U,True,False,False
97410000BV0100,Saint-Benoît,2160,1670,0.773,85.8,U,True,False,False
97410000BW0933,Saint-Benoît,4697,3588,0.764,88.3,N,True,True,False
97410000BW0757,Saint-Benoît,1432,903,0.631,56.1,AUc,True,False,False
97410000BW0537,Saint-Benoît,2328,1912,0.821,34.3,U,True,False,False
97410000BW0756,Saint-Benoît,1237,747,0.604,23.9,AUc,True,False,False
97410000BW0899,Saint-Benoît,2996,2166,0.723,52.5,U,True,False,False
97410000BX1397,Saint-Benoît,1499,1095,0.731,90.7,U,True,False,False
97410000BX1395,Saint-Benoît,1521,1027,0.675,27.9,U,True,False,False
97410000BX1695,Saint-Benoît,2638,1443,0.547,58.8,U,True,False,False
97410000BX0978,Saint-Benoît,1183,741,0.626,22.3,U,True,False,False
97410000BX0561,Saint-Benoît,2170,1668,0.769,105.2,U,True,False,False
97410000BX0563,Saint-Benoît,2135,1380,0.646,23.0,U,True,False,False
97410000BX1962,Saint-Benoît,1794,854,0.476,39.0,U,False,False,False
97410000BX1191,Saint-Benoît,2823,2021,0.716,23.0,U,True,False,False
97410000BY0314,Saint-Benoît,2609,1731,0.664,26.6,A,True,True,False
97410000BY0316,Saint-Benoît,2914,1962,0.673,29.4,A,True,True,False
97410000BY0473,Saint-Benoît,1645,1140,0.693,39.2,A,True,True,False
97410000BZ0159,Saint-Benoît,4082,3376,0.827,664.0,A,True,True,False
97410000BZ0173,Saint-Benoît,3953,2528,0.640,62.5,A,True,True,False
97410000BZ0147,Saint-Benoît,2202,1620,0.735,67.9,A,True,True,False
97410000BZ0468,Saint-Benoît,1472,1067,0.725,54.4,A,True,True,False
97410000BZ0299,Saint-Benoît,1751,1064,0.608,25.2,U,True,False,False
97410000BZ0247,Saint-Benoît,1894,1339,0.707,79.7,U,True,False,False
97410000BZ0470,Saint-Benoît,5571,3908,0.701,28.4,A,True,True,False
97410000BZ0227,Saint-Benoît,3009,2440,0.811,89.7,A,True,True,False
97410000BZ0347,Saint-Benoît,1499,788,0.526,65.3,U,True,False,False
97410000BZ0186,Saint-Benoît,1682,1130,0.672,50.3,U,True,False,False
97410000BZ0088,Saint-Benoît,2315,1700,0.735,104.7,U,True,False,False
97410000CD0147,Saint-Benoît,4776,4005,0.839,152.5,A,True,True,False
97410000CD0544,Saint-Benoît,3499,1323,0.378,38.9,A,False,True,False
97410000CD0487,Saint-Benoît,4059,3348,0.825,113.2,A,True,True,False
97410000CD0402,Saint-Benoît,3025,2159,0.714,68.7,U,True,False,False
97410000CD0001,Saint-Benoît,3648,3123,0.856,17.8,U,True,False,False
97410000CD0601,Saint-Benoît,1931,1517,0.786,90.6,U,True,False,False
97410000CD0290,Saint-Benoît,1526,1095,0.718,17.9,U,True,False,False
97410000CD0118,Saint-Benoît,4338,3820,0.880,297.3,A,True,True,False
97410000CD0558,Saint-Benoît,4115,3712,0.902,71.9,A,True,True,False
97410000CD0797,Saint-Benoît,4413,4000,0.906,51.8,A,True,True,False
97410000CD0404,Saint-Benoît,1503,1041,0.693,50.8,U,True,False,False
97410000CD0480,Saint-Benoît,1849,1255,0.679,174.8,U,True,False,False
97410000CD0872,Saint-Benoît,1616,1160,0.718,60.3,U,True,False,False
97410000CD0048,Saint-Benoît,1320,799,0.605,29.8,U,True,False,False
97410000CI0152,Saint-Benoît,5373,4734,0.881,28.2,A,True,True,False
97410000CI0150,Saint-Benoît,4263,2884,0.676,31.5,A,True,True,False
97410000CK0249,Saint-Benoît,5562,4978,0.895,59.0,A,True,True,False
97410000CK0194,Saint-Benoît,5535,5114,0.924,48.2,A,True,True,False
97410000CK0271,Saint-Benoît,5510,4434,0.805,44.4,A,True,True,False
97410000CL0786,Saint-Benoît,3444,2552,0.741,103.7,A,True,True,False
97410000CL0417,Saint-Benoît,2534,1960,0.774,38.2,A,True,True,False
97410000CL0801,Saint-Benoît,5635,4140,0.735,40.6,A,True,True,False
97410000CL0544,Saint-Benoît,3986,3215,0.807,30.5,A,True,True,False
97410000CN0140,Saint-Benoît,4982,4504,0.904,63.2,N,True,True,False
97418000AC0999,Sainte-Marie,4940,3693,0.748,18.7,U,True,False,False
97418000AD0431,Sainte-Marie,4414,2618,0.593,86.1,U,True,False,False
97418000AD0076,Sainte-Marie,1326,906,0.683,42.7,U,True,False,False
97418000AD0052,Sainte-Marie,2173,1635,0.752,42.8,U,True,False,False
97418000AD0437,Sainte-Marie,5047,3695,0.732,52.8,U,True,False,False
97418000AE0243,Sainte-Marie,5655,4804,0.850,117.9,U,True,False,False
97418000AE0372,Sainte-Marie,5997,5353,0.892,26.2,U,True,False,False
97418000AE0264,Sainte-Marie,1992,1513,0.759,29.6,U,True,False,False
97418000AI0748,Sainte-Marie,5592,4544,0.813,258.9,U,True,False,False
97418000AI0303,Sainte-Marie,4481,3281,0.732,354.1,U,True,False,False
97418000AI0358,Sainte-Marie,2548,1723,0.676,16.2,U,True,False,False
97418000AI0437,Sainte-Marie,5225,4442,0.850,65.6,U,True,False,False
97418000AI0435,Sainte-Marie,3821,3294,0.862,54.5,U,True,False,False
97418000AI0433,Sainte-Marie,4330,3531,0.816,47.7,N,True,True,False
97418000AI0768,Sainte-Marie,1924,1496,0.778,74.9,U,True,False,False
97418000AI0827,Sainte-Marie,2388,965,0.404,103.0,U,False,False,False
97418000AL0115,Sainte-Marie,3171,2515,0.793,61.5,A,True,True,False
97418000AL0228,Sainte-Marie,4529,2699,0.596,32.2,A,True,True,False
97418000AN0211,Sainte-Marie,5797,2459,0.424,90.0,A,False,True,False
97418000AN0177,Sainte-Marie,2166,1633,0.754,44.8,A,True,True,False
97418000AN0224,Sainte-Marie,4985,1369,0.275,55.1,A,False,True,False
97418000AN0223,Sainte-Marie,1909,1095,0.574,36.5,A,True,True,False
97418000AN0200,Sainte-Marie,4169,1878,0.451,43.1,A,False,True,False
97418000AN0020,Sainte-Marie,3000,2244,0.748,68.4,A,True,True,False
97418000AO0982,Sainte-Marie,4379,3150,0.719,28.9,A,True,True,False
97418000AO0535,Sainte-Marie,4764,3866,0.812,21.0,U,True,False,False
97418000AO0360,Sainte-Marie,5544,2045,0.369,55.2,N,False,True,False
97418000AO0716,Sainte-Marie,5946,3226,0.543,146.8,A,True,True,False
97418000AO0531,Sainte-Marie,5777,3749,0.649,116.1,N,True,True,False
97418000AO0060,Sainte-Marie,5337,3962,0.742,36.7,U,True,False,False
97418000AO1646,Sainte-Marie,3133,2537,0.810,57.2,A,True,True,False
97418000AO1324,Sainte-Marie,1540,889,0.577,33.1,U,True,False,False
97418000AO1320,Sainte-Marie,3147,2335,0.742,38.2,U,True,False,False
97418000AO0887,Sainte-Marie,2483,1588,0.640,21.9,A,True,True,False
97418000AO1363,Sainte-Marie,2102,1298,0.618,55.0,A,True,True,False
97418000AO0888,Sainte-Marie,2084,783,0.376,17.5,A,False,True,False
97418000AO1366,Sainte-Marie,2071,1281,0.619,58.7,A,True,True,False
97418000AO2096,Sainte-Marie,1155,689,0.597,39.6,U,True,False,False
97418000AO2128,Sainte-Marie,3005,2277,0.758,13.8,U,True,False,False
97418000AO2167,Sainte-Marie,1705,1129,0.662,15.9,N,True,True,False
97418000AO0608,Sainte-Marie,3277,2572,0.785,16.2,N,True,True,False
97418000AO0844,Sainte-Marie,1713,885,0.516,30.6,U,True,False,False
97418000AO0847,Sainte-Marie,1520,862,0.567,24.3,U,True,False,False
97418000AO0978,Sainte-Marie,1985,1474,0.743,18.6,U,True,False,False
97418000AO0904,Sainte-Marie,3188,2168,0.680,54.5,U,True,False,False
97418000AO1437,Sainte-Marie,1733,1139,0.657,35.9,U,True,False,False
97418000AO2140,Sainte-Marie,1271,800,0.630,58.6,U,True,False,False
97418000AO0805,Sainte-Marie,1040,517,0.497,12.3,U,False,False,False
97418000AO0570,Sainte-Marie,3246,2547,0.785,74.8,U,True,False,False
97418000AO1269,Sainte-Marie,2461,1943,0.790,13.0,U,True,False,False
97418000AO1531,Sainte-Marie,1264,861,0.681,37.3,N,True,True,False
97418000AO0785,Sainte-Marie,2032,1190,0.586,20.2,N,True,True,False
97418000AO0352,Sainte-Marie,3524,2714,0.770,63.2,N,True,True,False
97418000AO0358,Sainte-Marie,1634,1019,0.623,55.7,U,True,False,False
97418000AO1014,Sainte-Marie,1664,978,0.588,79.7,U,True,False,False
97418000AO0527,Sainte-Marie,2029,1576,0.777,26.6,U,True,False,False
97418000AO0410,Sainte-Marie,5163,3886,0.753,18.6,U,True,False,False
97418000AO0962,Sainte-Marie,1565,1157,0.739,91.2,N,True,True,False
97418000AO0831,Sainte-Marie,1567,945,0.603,77.4,N,True,True,False
97418000AO2080,Sainte-Marie,2607,1754,0.673,16.4,U,True,False,False
97418000AO0081,Sainte-Marie,2910,1136,0.390,39.6,U,False,False,False
97418000AP3026,Sainte-Marie,5886,4738,0.805,259.6,U,True,False,False
97418000AP0194,Sainte-Marie,4868,3033,0.623,23.1,N,True,True,False
97418000AP3028,Sainte-Marie,4174,3093,0.741,80.4,N,True,True,False
97418000AP0288,Sainte-Marie,5351,3776,0.706,73.6,N,True,True,False
97418000AP2895,Sainte-Marie,2523,1753,0.695,24.4,U,True,False,False
97418000AP3823,Sainte-Marie,4848,3121,0.644,48.5,U,True,False,False
97418000AP3547,Sainte-Marie,3895,3071,0.788,44.2,A,True,True,False
97418000AP2669,Sainte-Marie,3034,2585,0.852,17.6,N,True,True,False
97418000AP3240,Sainte-Marie,2409,1896,0.787,31.3,A,True,True,False
97418000AP3897,Sainte-Marie,2103,1251,0.595,17.2,N,True,True,False
97418000AP2048,Sainte-Marie,3146,2308,0.734,22.1,A,True,True,False
97418000AP1167,Sainte-Marie,1182,662,0.560,16.1,N,True,True,False
97418000AP2629,Sainte-Marie,3983,2942,0.739,24.9,N,True,True,False
97418000AP0996,Sainte-Marie,2512,1522,0.606,66.9,U,True,False,False
97418000AP0033,Sainte-Marie,4912,3915,0.797,32.6,N,True,True,False
97418000AP1715,Sainte-Marie,3918,3100,0.791,40.4,U,True,False,False
97418000AP2979,Sainte-Marie,2139,1076,0.503,15.1,U,True,False,False
97418000AP4433,Sainte-Marie,1849,1162,0.629,32.9,U,True,False,False
97418000AP1714,Sainte-Marie,4624,3648,0.789,50.8,U,True,False,False
97418000AP3029,Sainte-Marie,2354,1721,0.731,24.9,U,True,False,False
97418000AP0282,Sainte-Marie,1365,954,0.699,59.8,U,True,False,False
97418000AP2785,Sainte-Marie,1441,1024,0.710,43.0,N,True,True,False
97418000AP1886,Sainte-Marie,4906,3575,0.729,22.4,U,True,False,False
97418000AP0286,Sainte-Marie,1773,1371,0.773,45.1,U,True,False,False
97418000AP2678,Sainte-Marie,1728,1223,0.708,23.0,U,True,False,False
97418000AP2007,Sainte-Marie,2484,1780,0.717,34.2,U,True,False,False
97418000AP2627,Sainte-Marie,3373,2637,0.782,14.5,U,True,False,False
97418000AP2625,Sainte-Marie,3160,2335,0.739,51.5,U,True,False,False
97418000AP2615,Sainte-Marie,2700,1716,0.635,35.5,U,True,False,False
97418000AP0195,Sainte-Marie,2638,1783,0.676,34.9,N,True,True,False
97418000AP2447,Sainte-Marie,2169,1585,0.731,28.1,A,True,True,False
97418000AP1487,Sainte-Marie,2573,2034,0.791,59.1,U,True,False,False
97418000AP1490,Sainte-Marie,2224,1550,0.697,37.7,U,True,False,False
97418000AP1102,Sainte-Marie,1672,905,0.541,18.4,U,True,False,False
97418000AP1396,Sainte-Marie,4412,3523,0.799,24.9,U,True,False,False
97418000AP4333,Sainte-Marie,2572,2138,0.831,63.9,A,True,True,False
97418000AP1883,Sainte-Marie,1523,1009,0.663,37.6,U,True,False,False
97418000AP2125,Sainte-Marie,1557,1071,0.688,41.9,U,True,False,False
97418000AP1068,Sainte-Marie,4283,2119,0.495,14.7,U,False,False,False
97418000AP0192,Sainte-Marie,2571,1569,0.610,28.5,N,True,True,False
97418000AP0193,Sainte-Marie,1444,574,0.398,12.3,N,False,True,False
97418000AP3363,Sainte-Marie,2636,1732,0.657,16.5,A,True,True,False
97418000AP4364,Sainte-Marie,3062,1999,0.653,24.8,N,True,True,False
97418000AP2567,Sainte-Marie,1237,808,0.653,41.8,A,True,True,False
97418000AP0750,Sainte-Marie,2118,1560,0.736,19.1,U,True,False,False
97418000AP0114,Sainte-Marie,4334,2991,0.690,74.8,U,True,False,False
97418000AP2729,Sainte-Marie,2137,1121,0.525,39.2,U,True,False,False
97418000AP2728,Sainte-Marie,2241,1700,0.759,53.8,U,True,False,False
97418000AP1203,Sainte-Marie,2786,1895,0.680,16.9,N,True,True,False
97418000AP3501,Sainte-Marie,2035,1240,0.609,20.5,U,True,False,False
97418000AP3502,Sainte-Marie,2022,1429,0.707,52.8,U,True,False,False
97418000AP3186,Sainte-Marie,3578,2350,0.657,44.9,U,True,False,False
97418000AP3183,Sainte-Marie,3274,2388,0.729,17.0,N,True,True,False
97418000AP3704,Sainte-Marie,1770,1325,0.748,23.8,N,True,True,False
97418000AP3393,Sainte-Marie,3698,2678,0.724,36.6,U,True,False,False
97418000AP3508,Sainte-Marie,1875,1241,0.662,51.1,A,True,True,False
97418000AP3326,Sainte-Marie,1487,963,0.648,36.0,A,True,True,False
97418000AP3724,Sainte-Marie,2082,1578,0.758,43.9,A,True,True,False
97418000AP0724,Sainte-Marie,2376,1277,0.537,35.1,U,True,False,False
97418000AP4321,Sainte-Marie,3483,2891,0.830,44.4,U,True,False,False
97418000AP4236,Sainte-Marie,2197,1355,0.617,15.9,N,True,True,False
97418000AP0124,Sainte-Marie,1676,1239,0.739,73.8,U,True,False,False
97418000AP0126,Sainte-Marie,4043,2414,0.597,54.9,U,True,False,False
97418000AP3816,Sainte-Marie,5055,4047,0.801,41.3,N,True,True,False
97418000AP2252,Sainte-Marie,1554,770,0.495,31.9,N,False,True,False
97418000AP0166,Sainte-Marie,1823,1238,0.679,23.9,U,True,False,False
97418000AP0740,Sainte-Marie,4872,3384,0.695,24.1,U,True,False,False
97418000AP0133,Sainte-Marie,3057,2306,0.754,36.8,U,True,False,False
97418000AP0161,Sainte-Marie,2318,1650,0.712,42.2,U,True,False,False
97418000AP0899,Sainte-Marie,1867,1226,0.657,45.0,U,True,False,False
97418000AP1325,Sainte-Marie,2234,1730,0.775,38.9,U,True,False,False
97418000AP3877,Sainte-Marie,2253,1502,0.667,30.1,N,True,True,False
97418000AP2571,Sainte-Marie,2137,1025,0.480,90.2,U,False,False,False
97418000AP3199,Sainte-Marie,4927,3913,0.794,61.9,A,True,True,False
97418000AP1448,Sainte-Marie,5246,3808,0.726,23.7,U,True,False,False
97418000AP3270,Sainte-Marie,1160,522,0.451,12.2,U,False,False,False
97418000AP3416,Sainte-Marie,1202,730,0.607,30.2,U,True,False,False
97418000AP1931,Sainte-Marie,4976,3986,0.801,18.1,A,True,True,False
97418000AP3633,Sainte-Marie,1820,1398,0.768,26.6,N,True,True,False
97418000AP4331,Sainte-Marie,2579,2110,0.818,37.6,U,True,False,False
97418000AP0320,Sainte-Marie,3022,2431,0.804,14.3,U,True,False,False
97418000AP2538,Sainte-Marie,3205,2204,0.688,12.4,U,True,False,False
97418000AP2675,Sainte-Marie,1928,1525,0.791,14.6,A,True,True,False
97418000AP2671,Sainte-Marie,1900,1192,0.627,43.5,A,True,True,False
97418000AP3942,Sainte-Marie,2565,1713,0.668,40.0,U,True,False,False
97418000AR1574,Sainte-Marie,5897,1933,0.328,41.3,U,False,False,False
97418000AR0111,Sainte-Marie,2393,1731,0.723,93.6,U,True,False,False
97418000AR0082,Sainte-Marie,2140,1608,0.751,45.5,U,True,False,False
97418000AR1448,Sainte-Marie,1434,989,0.690,28.8,N,True,True,False
97418000AR2117,Sainte-Marie,3686,2773,0.752,35.6,U,True,False,False
97418000AR1006,Sainte-Marie,1305,850,0.651,16.4,U,True,False,False
97418000AR1707,Sainte-Marie,1996,1471,0.737,38.0,U,True,False,False
97418000AR1320,Sainte-Marie,1960,1392,0.710,18.6,N,True,True,False
97418000AR0993,Sainte-Marie,1867,1434,0.768,34.1,N,True,True,False
97418000AR1610,Sainte-Marie,3349,1745,0.521,100.7,U,True,False,False
97418000AR0643,Sainte-Marie,4484,2787,0.621,71.4,U,True,False,False
97418000AS0973,Sainte-Marie,5487,2274,0.414,134.1,U,False,False,False
97418000AS0616,Sainte-Marie,1161,757,0.652,26.0,U,True,False,False
97418000AS0479,Sainte-Marie,4348,1428,0.328,50.0,U,False,False,False
97418000AS0818,Sainte-Marie,4680,2370,0.506,22.8,U,True,False,False
97418000AS0490,Sainte-Marie,1396,863,0.619,17.2,A,True,True,False
97418000AT2216,Sainte-Marie,4351,3179,0.731,48.5,U,True,False,False
97418000AT0983,Sainte-Marie,2781,1148,0.413,62.3,U,False,False,False
97418000AT2494,Sainte-Marie,4826,3575,0.741,19.3,U,True,False,False
97418000AT1410,Sainte-Marie,1716,1251,0.729,43.9,U,True,False,False
97418000AT1138,Sainte-Marie,4553,3687,0.810,318.6,U,True,False,False
97418000AT1020,Sainte-Marie,1528,1017,0.665,21.9,U,True,False,False
97418000AT1387,Sainte-Marie,5496,3629,0.660,75.5,A,True,True,False
97418000AT1594,Sainte-Marie,4389,2251,0.513,45.1,U,True,False,False
97418000AT0909,Sainte-Marie,3377,1635,0.484,110.0,U,False,False,False
97418000AT0788,Sainte-Marie,2470,1974,0.799,26.8,U,True,False,False
97418000AT0748,Sainte-Marie,3218,2506,0.779,49.3,U,True,False,False
97418000AT0750,Sainte-Marie,5596,4716,0.843,164.2,U,True,False,False
97418000AT0874,Sainte-Marie,1908,1491,0.781,47.8,U,True,False,False
97418000AT1223,Sainte-Marie,2046,1467,0.717,19.1,U,True,False,False
97418000AT0870,Sainte-Marie,2786,1594,0.572,48.0,U,True,False,False
97418000AT0869,Sainte-Marie,2691,1922,0.714,49.8,U,True,False,False
97418000AV2066,Sainte-Marie,2485,1124,0.452,77.0,U,False,False,False
97418000AV0946,Sainte-Marie,3323,2318,0.698,52.3,U,True,False,False
97418000AV0393,Sainte-Marie,1680,916,0.545,24.0,U,True,False,False
97418000AV2314,Sainte-Marie,3307,2268,0.686,63.1,N,True,True,False
97418000AV2321,Sainte-Marie,2426,1725,0.711,112.0,U,True,False,False
97418000AV0725,Sainte-Marie,1843,1182,0.641,26.2,U,True,False,False
97418000AV2092,Sainte-Marie,1206,535,0.444,19.3,U,False,False,False
97418000AV2530,Sainte-Marie,3828,1791,0.468,124.2,U,False,False,False
97418000AV1544,Sainte-Marie,3070,2227,0.725,59.4,U,True,False,False
97418000AV2753,Sainte-Marie,2651,1447,0.546,13.6,U,True,False,False
97418000AV2198,Sainte-Marie,2280,1854,0.813,37.7,N,True,True,False
97418000AV1626,Sainte-Marie,3026,2077,0.687,65.6,U,True,False,False
97418000AV0418,Sainte-Marie,2477,1778,0.718,83.9,U,True,False,False
97418000AV2215,Sainte-Marie,3630,2965,0.817,61.9,U,True,False,False
97418000AV2190,Sainte-Marie,1246,740,0.594,26.0,U,True,False,False
97418000AV1945,Sainte-Marie,4473,3312,0.741,113.5,U,True,False,False
97418000AV0326,Sainte-Marie,1070,572,0.534,17.3,U,True,False,False
97418000AV0425,Sainte-Marie,1884,1315,0.698,82.9,U,True,False,False
97418000AV1223,Sainte-Marie,1976,1384,0.700,44.3,U,True,False,False
97418000AV2425,Sainte-Marie,3932,3168,0.806,247.4,U,True,False,False
97418000AW0428,Sainte-Marie,3775,3328,0.882,74.4,U,True,False,False
97418000AW0834,Sainte-Marie,3781,2677,0.708,88.3,U,True,False,False
97418000AW0439,Sainte-Marie,1649,1143,0.693,222.6,U,True,False,False
97418000AW0235,Sainte-Marie,1965,1471,0.748,22.9,U,True,False,False
97418000AW0077,Sainte-Marie,2269,1440,0.634,102.6,U,True,False,False
97418000AW0833,Sainte-Marie,2498,1660,0.665,111.7,U,True,False,False
97418000AW0835,Sainte-Marie,2739,2065,0.754,33.6,U,True,False,False
97418000AW0647,Sainte-Marie,2759,2256,0.818,63.7,U,True,False,False
97418000AX0107,Sainte-Marie,2013,987,0.490,34.0,U,False,False,False
97418000AX0110,Sainte-Marie,1526,1099,0.720,99.0,U,True,False,False
97418000AX0025,Sainte-Marie,2427,1795,0.740,77.3,U,True,False,False
97418000AX0379,Sainte-Marie,3310,2559,0.773,46.7,U,True,False,False
97418000AX0257,Sainte-Marie,1647,1246,0.757,36.5,U,True,False,False
97418000AY0176,Sainte-Marie,2825,1711,0.606,18.3,U,True,False,False
97418000AY0334,Sainte-Marie,1535,1085,0.707,61.6,U,True,False,False
97418000AY0731,Sainte-Marie,2733,1897,0.694,20.8,U,True,False,False
97418000AY0835,Sainte-Marie,1327,901,0.679,76.1,U,True,False,False
97418000AY0575,Sainte-Marie,3108,2042,0.657,45.0,U,True,False,False
97418000AY0717,Sainte-Marie,3725,2520,0.676,40.6,U,True,False,False
97418000AY0073,Sainte-Marie,1304,851,0.652,37.9,U,True,False,False
97418000BC0277,Sainte-Marie,2065,1579,0.764,60.2,U,True,False,False
97418000BC0359,Sainte-Marie,2492,1964,0.788,16.7,U,True,False,False
97418000BE0011,Sainte-Marie,1220,577,0.473,61.2,U,False,False,False
97418000BK0081,Sainte-Marie,1891,1340,0.709,21.9,U,True,False,False
97418000BN0160,Sainte-Marie,1568,1125,0.717,53.6,U,True,False,False
97418000BP0190,Sainte-Marie,4816,3900,0.810,145.3,N,True,True,False
97418000BP0327,Sainte-Marie,1387,899,0.648,72.3,U,True,False,False
97418000BP0325,Sainte-Marie,1147,714,0.623,66.8,U,True,False,False
97418000BS0080,Sainte-Marie,2350,1724,0.734,35.6,N,True,True,False
97418000BS0025,Sainte-Marie,3392,2453,0.723,14.7,U,True,False,False
97418000BS0077,Sainte-Marie,2433,1699,0.698,59.3,N,True,True,False
97418000BS0074,Sainte-Marie,2414,1827,0.757,32.1,N,True,True,False
97418000BS0053,Sainte-Marie,1479,1028,0.695,74.1,U,True,False,False
97418000BT0162,Sainte-Marie,2411,2001,0.830,51.6,U,True,False,False
97418000BT0289,Sainte-Marie,4048,3622,0.895,13.7,N,True,True,False
97418000BT0329,Sainte-Marie,2162,1475,0.682,68.9,U,True,False,False
97418000BT0061,Sainte-Marie,1504,1095,0.728,17.9,N,True,True,False
97418000BT0066,Sainte-Marie,1567,1069,0.682,130.6,U,True,False,False
97418000BT0117,Sainte-Marie,1797,1382,0.769,82.5,U,True,False,False
97418000BT0681,Sainte-Marie,2905,2268,0.781,49.1,U,True,False,False
97418000BT0643,Sainte-Marie,1159,758,0.654,14.5,U,True,False,False
97418000BT0679,Sainte-Marie,2271,1791,0.789,21.4,N,True,True,False
97418000BT0485,Sainte-Marie,1995,1369,0.686,61.5,U,True,False,False
97418000BT0654,Sainte-Marie,2779,2280,0.820,124.2,U,True,False,False
97418000BT0156,Sainte-Marie,1417,932,0.658,23.3,U,True,False,False
97418000BT0046,Sainte-Marie,4215,2270,0.539,24.7,U,True,False,False
97418000BT0182,Sainte-Marie,3556,2835,0.797,91.6,U,True,False,False
97418000BT0383,Sainte-Marie,2726,1751,0.642,12.1,U,True,False,False
97418000BT0583,Sainte-Marie,1351,938,0.694,31.8,U,True,False,False
97418000BT0834,Sainte-Marie,1722,1205,0.700,129.1,U,True,False,False
97418000BT0183,Sainte-Marie,4426,3518,0.795,137.2,U,True,False,False
97418000BT0184,Sainte-Marie,4773,3210,0.673,88.4,U,True,False,False
97418000BT0229,Sainte-Marie,2881,1877,0.652,158.7,U,True,False,False
97418000BT0459,Sainte-Marie,1469,732,0.498,52.6,U,False,False,False
97418000BT0259,Sainte-Marie,5964,5449,0.914,45.0,N,True,True,False
97418000BT0639,Sainte-Marie,1940,1296,0.668,44.6,U,True,False,False
97418000BT0019,Sainte-Marie,3764,3149,0.837,251.8,U,True,False,False
97418000BT0244,Sainte-Marie,2285,1676,0.734,147.0,U,True,False,False
97418000BV0443,Sainte-Marie,4470,2089,0.467,33.9,U,False,False,False
97418000BV0127,Sainte-Marie,2086,1462,0.700,44.1,A,True,True,False
97418000BV0218,Sainte-Marie,1136,584,0.514,56.1,U,True,False,False
97418000BV0481,Sainte-Marie,1802,501,0.278,12.4,U,False,False,False
97418000BV0255,Sainte-Marie,5365,4309,0.803,31.1,A,True,True,False
97418000BV0026,Sainte-Marie,2426,1068,0.440,44.1,U,False,False,False
97418000BV0023,Sainte-Marie,2024,1241,0.613,44.8,U,True,False,False
97418000BV0298,Sainte-Marie,2685,2129,0.793,123.9,A,True,True,False
97418000BV0066,Sainte-Marie,2097,1604,0.765,22.6,U,True,False,False
97418000BV0063,Sainte-Marie,3273,2033,0.621,32.9,U,True,False,False
97418000BV0427,Sainte-Marie,2825,2129,0.754,32.7,N,True,True,False
97418000BV0214,Sainte-Marie,3209,2716,0.846,167.7,A,True,True,False
97418000BV0043,Sainte-Marie,2519,1959,0.778,106.0,U,True,False,False
97418000BW0057,Sainte-Marie,2617,2011,0.768,45.2,U,True,False,False
97418000BW0056,Sainte-Marie,2030,1551,0.764,20.3,U,True,False,False
97418000BW0053,Sainte-Marie,2064,1292,0.626,26.1,U,True,False,False
97418000BW0143,Sainte-Marie,1057,636,0.602,25.8,U,True,False,False
97418000BW0071,Sainte-Marie,2488,2040,0.820,76.1,N,True,True,False
97418000BW0026,Sainte-Marie,5542,4301,0.776,132.2,A,True,True,False
97418000BW0070,Sainte-Marie,3075,2308,0.750,133.3,U,True,False,False
97418000BW0011,Sainte-Marie,1476,1025,0.695,70.4,A,True,True,False
97418000BW0065,Sainte-Marie,1282,860,0.670,22.5,U,True,False,False
97408000AC3338,La Possession,2823,2016,0.714,28.3,N,True,True,False
97408000AC1697,La Possession,3347,1775,0.530,20.9,U,True,False,False
97408000AC3282,La Possession,1287,858,0.666,32.9,U,True,False,False
97408000AC1182,La Possession,1749,1254,0.717,29.8,U,True,False,False
97408000AC1186,La Possession,2098,1134,0.541,40.2,U,True,False,False
97408000AC0118,La Possession,2065,1522,0.737,46.1,U,True,False,False
97408000AC0381,La Possession,5515,3014,0.547,71.1,U,True,False,False
97408000AC1637,La Possession,1837,1301,0.708,25.2,U,True,False,False
97408000AC1115,La Possession,2342,1873,0.799,93.8,U,True,False,False
97408000AC2262,La Possession,1371,849,0.619,13.7,N,True,True,False
97408000AC1728,La Possession,1368,931,0.681,50.6,U,True,False,False
97408000AC0411,La Possession,1824,1396,0.765,17.8,N,True,True,False
97408000AM0486,La Possession,1265,836,0.661,28.9,U,True,False,False
97408000AN0518,La Possession,3264,2753,0.843,118.1,U,True,False,False
97408000AN0287,La Possession,3607,1841,0.510,47.2,U,True,False,False
97408000AN0627,La Possession,2710,2089,0.771,27.2,U,True,False,False
97408000AN1216,La Possession,5513,4053,0.735,28.5,U,True,False,False
97408000AN1959,La Possession,3916,2476,0.632,82.6,U,True,False,False
97408000AN0554,La Possession,3633,2393,0.659,43.2,U,True,False,False
97408000AN2045,La Possession,1903,1236,0.650,45.8,U,True,False,False
97408000AN1786,La Possession,2060,1506,0.731,31.9,U,True,False,False
97408000AN1383,La Possession,1240,544,0.439,17.6,U,False,False,False
97408000AN1000,La Possession,1608,1199,0.745,67.8,U,True,False,False
97408000AO0761,La Possession,4706,3438,0.731,46.8,U,True,False,False
97408000AO0295,La Possession,5002,2054,0.411,31.7,U,False,False,False
97408000AO0439,La Possession,2209,1383,0.626,18.7,U,True,False,False
97408000AO0128,La Possession,1422,946,0.665,37.0,U,True,False,False
97408000AO0616,La Possession,3785,1906,0.503,32.8,U,True,False,False
97408000AO0830,La Possession,2105,1405,0.668,49.3,U,True,False,False
97408000AO0219,La Possession,3401,2457,0.722,15.9,U,True,False,False
97408000AO0718,La Possession,2492,1624,0.651,23.7,U,True,False,False
97408000AP0617,La Possession,5003,4299,0.859,24.1,U,True,False,False
97408000AP1405,La Possession,2614,2011,0.769,37.1,AUc,True,False,False
97408000AP1585,La Possession,1949,1490,0.765,25.7,U,True,False,False
97408000AP1189,La Possession,1999,1073,0.537,58.7,N,True,True,False
97408000AP1227,La Possession,2528,2088,0.826,126.8,N,True,True,False
97408000AR0671,La Possession,5508,2973,0.540,98.3,U,True,False,False
97408000AR0310,La Possession,1409,947,0.672,131.1,U,True,False,False
97408000AR0516,La Possession,2088,1621,0.776,58.5,U,True,False,False
97408000AR0150,La Possession,2003,1491,0.744,19.1,U,True,False,False
97408000AS0257,La Possession,3339,2830,0.848,615.2,U,True,False,False
97408000AS0007,La Possession,4858,2509,0.516,160.8,U,True,False,False
97408000AS0089,La Possession,5405,4787,0.886,18.5,AUs,True,False,False
97408000AS0295,La Possession,2729,2316,0.849,12.8,AUs,True,False,False
97408000AS0350,La Possession,3634,1976,0.544,151.4,U,True,False,False
97408000AS0028,La Possession,1900,1207,0.635,64.1,AUc,True,False,False
97408000AT1239,La Possession,4428,2715,0.613,98.0,U,True,False,False
97408000AT0577,La Possession,2573,2048,0.796,13.7,U,True,False,False
97408000AT1098,La Possession,1742,1161,0.666,48.3,U,True,False,False
97408000AT1099,La Possession,1839,1363,0.741,111.2,U,True,False,False
97408000AT1100,La Possession,2014,1561,0.775,16.1,U,True,False,False
97408000AT1869,La Possession,1747,1320,0.756,29.6,U,True,False,False
97408000AT1091,La Possession,2147,1406,0.655,24.8,U,True,False,False
97408000AT0527,La Possession,1224,668,0.546,50.5,U,True,False,False
97408000AT0244,La Possession,4642,3396,0.732,25.6,U,True,False,False
97408000AT1802,La Possession,2081,1654,0.795,20.4,U,True,False,False
97408000AT1365,La Possession,2580,1957,0.759,54.3,U,True,False,False
97408000AT1364,La Possession,1070,595,0.556,111.9,U,True,False,False
97408000AT1478,La Possession,2237,1397,0.624,29.1,U,True,False,False
97408000AV0900,La Possession,2755,2080,0.755,30.9,A,True,True,False
97408000AV1127,La Possession,4127,3651,0.884,119.0,A,True,True,False
97408000AV1348,La Possession,5529,3996,0.723,297.0,U,True,False,False
97408000AV0924,La Possession,3178,2465,0.776,117.3,A,True,True,False
97408000AV0388,La Possession,4071,3470,0.852,16.2,AUc,True,False,False
97408000AV0451,La Possession,1375,934,0.679,40.2,N,True,True,False
97408000AV1131,La Possession,3618,3170,0.876,19.5,A,True,True,False
97408000AV1196,La Possession,4570,4122,0.902,18.5,A,True,True,False
97408000AV1133,La Possession,4573,3555,0.777,45.0,AUc,True,False,False
97408000AV1328,La Possession,1931,1482,0.768,143.9,U,True,False,False
97408000AV1086,La Possession,4449,3965,0.891,16.1,A,True,True,False
97408000AV0726,La Possession,1973,1438,0.729,53.7,U,True,False,False
97408000AV0527,La Possession,1758,1346,0.766,70.7,U,True,False,False
97408000AV0217,La Possession,1717,1154,0.672,52.5,A,True,True,False
97408000AV0598,La Possession,1416,999,0.706,44.4,U,True,False,False
97408000AV0667,La Possession,3474,2458,0.708,36.1,N,True,True,False
97408000AW0219,La Possession,4478,3966,0.886,107.5,A,True,True,False
97408000AW0218,La Possession,4482,3583,0.799,72.6,U,True,False,False
97408000AW0575,La Possession,4259,3647,0.856,18.9,A,True,True,False
97408000AW0314,La Possession,5455,4837,0.887,21.1,U,True,False,False
97408000AW0457,La Possession,3420,2742,0.802,63.8,U,True,False,False
97408000AW0643,La Possession,4492,4024,0.896,23.0,N,True,True,False
97408000AW0533,La Possession,1893,1355,0.716,25.9,U,True,False,False
97408000AW0340,La Possession,2641,2170,0.822,24.8,U,True,False,False
97408000AW0370,La Possession,1613,1135,0.703,108.6,U,True,False,False
97408000AW0775,La Possession,3158,2750,0.871,139.9,U,True,False,False
97408000AW0776,La Possession,4725,3473,0.735,173.8,U,True,False,False
97408000AW0768,La Possession,2744,2289,0.834,18.1,U,True,False,False
97408000AW1268,La Possession,3158,2297,0.727,31.9,U,True,False,False
97408000AW0325,La Possession,5256,3708,0.705,200.3,U,True,False,False
97408000AW0536,La Possession,4472,2796,0.625,119.1,U,True,False,False
97408000AW0191,La Possession,2895,2289,0.791,55.7,U,True,False,False
97408000AW0059,La Possession,2061,1621,0.787,193.2,N,True,True,False
97408000AW0025,La Possession,2190,1439,0.657,14.8,U,True,False,False
97408000AW0286,La Possession,2311,1428,0.618,18.0,A,True,True,False
97408000AW1075,La Possession,4479,3545,0.791,163.3,A,True,True,False
97408000AX0274,La Possession,3887,3238,0.833,25.7,U,True,False,False
97408000AX0243,La Possession,4599,3865,0.840,27.2,U,True,False,False
97408000AX0178,La Possession,1696,1194,0.704,23.8,A,True,True,False
97408000AY0145,La Possession,3340,2797,0.838,18.0,A,True,True,False
97408000BE0035,La Possession,5599,4828,0.862,20.1,N,True,True,False
97408000BE0062,La Possession,2834,2007,0.708,181.2,N,True,True,False
97408000BE0063,La Possession,2477,1686,0.681,37.7,N,True,True,False
97408000BL0031,La Possession,4071,3132,0.769,47.2,U,True,False,False
97408000BL0021,La Possession,1864,1107,0.594,16.6,U,True,False,False
97408000BN0242,La Possession,3751,3095,0.825,16.2,U,True,False,False
97408000BN3610,La Possession,1936,1488,0.769,46.8,U,True,False,False
97408000BN0146,La Possession,1496,906,0.606,27.8,U,True,False,False
97408000BN0147,La Possession,1513,949,0.627,36.8,U,True,False,False
97408000BN3617,La Possession,3103,1227,0.395,18.7,U,False,False,False
97408000BO0010,La Possession,1890,1213,0.642,23.4,U,True,False,False
97408000BO0107,La Possession,1491,869,0.583,56.5,AUc,True,False,False
97408000BO0505,La Possession,2794,1123,0.402,128.1,U,False,False,False
97408000BP0081,La Possession,4792,2398,0.500,13.6,U,True,False,False
97408000BP0008,La Possession,5507,1943,0.353,25.2,U,False,False,False
97408000BP0080,La Possession,4048,1215,0.300,31.8,U,False,False,False
97408000BP0090,La Possession,1661,1236,0.744,21.4,U,True,False,False
97408000BP0009,La Possession,3111,1328,0.427,158.3,U,False,False,False
97408000BR0013,La Possession,3000,2187,0.729,18.1,U,True,False,False
97408000AC2799,La Possession,1811,1281,0.707,26.9,U,True,False,False
97408000AC3037,La Possession,1955,1534,0.785,17.3,U,True,False,False
97408000AC1393,La Possession,2610,1912,0.732,24.1,U,True,False,False
97408000AC0171,La Possession,1399,730,0.522,17.3,U,True,False,False
97408000AC2221,La Possession,2864,1767,0.617,31.8,U,True,False,False
97408000AC2861,La Possession,1698,1073,0.632,14.5,U,True,False,False
97408000AH0078,La Possession,2801,2074,0.740,30.4,N,True,True,False
97408000AH0303,La Possession,3106,2307,0.743,18.2,N,True,True,False
97408000AH0300,La Possession,2493,2030,0.814,54.6,N,True,True,False
97408000AH0208,La Possession,1451,941,0.648,26.3,N,True,True,False
97408000AM0882,La Possession,3025,2059,0.681,28.0,U,True,False,False
97408000AM0680,La Possession,1532,715,0.467,32.0,U,False,False,False
97408000AM0467,La Possession,2509,2068,0.824,20.2,N,True,True,False
97408000AN1125,La Possession,2884,2278,0.790,92.0,U,True,False,False
97408000AN1009,La Possession,4327,2006,0.463,50.3,U,False,False,False
97408000AN1435,La Possession,5284,2559,0.484,23.6,U,False,False,False
97408000AN2062,La Possession,1690,1063,0.629,13.0,U,True,False,False
97408000AN0062,La Possession,3181,1925,0.605,17.8,U,True,False,False
97408000AN0862,La Possession,1840,1199,0.652,32.4,AUs,True,False,False
97408000AN2007,La Possession,1262,813,0.644,12.2,U,True,False,False
97408000AN1213,La Possession,2360,1781,0.755,59.9,U,True,False,False
97408000AO1922,La Possession,1632,985,0.604,75.8,U,True,False,False
97408000AB0212,La Possession,2041,1422,0.696,42.1,U,True,False,False
97408000AB0169,La Possession,2761,2122,0.769,43.8,N,True,True,False
97408000AC2244,La Possession,2353,1929,0.820,14.2,AUs,True,False,False
97408000AC2241,La Possession,1433,997,0.696,13.5,AUs,True,False,False
97408000AC1418,La Possession,2760,2127,0.771,12.4,A,True,True,False
97408000AC0389,La Possession,2596,2026,0.781,15.1,U,True,False,False
97405000AB0168,Petite-Île,4403,3774,0.857,44.3,A,True,True,False
97405000AE0152,Petite-Île,3350,2799,0.835,104.8,N,True,True,False
97405000AE0875,Petite-Île,1836,1057,0.576,84.1,U,True,False,False
97405000AE0655,Petite-Île,4545,3488,0.767,34.1,U,True,False,False
97405000AE0249,Petite-Île,1452,912,0.628,36.7,U,True,False,False
97405000AH0188,Petite-Île,5066,3733,0.737,32.1,A,True,True,False
97405000AE0435,Petite-Île,5094,4104,0.806,17.2,N,True,True,False
97405000AH0344,Petite-Île,2025,1283,0.634,32.4,A,True,True,False
97405000AH0029,Petite-Île,2981,2352,0.789,64.9,A,True,True,False
97405000AH0028,Petite-Île,2083,1455,0.698,27.5,A,True,True,False
97405000AH0026,Petite-Île,2884,2359,0.818,61.7,A,True,True,False
97405000AH0282,Petite-Île,2375,1523,0.641,43.4,U,True,False,False
97405000AH0529,Petite-Île,2232,1548,0.693,55.6,U,True,False,False
97405000AH0558,Petite-Île,2823,2084,0.738,100.4,N,True,True,False
97405000AH0299,Petite-Île,1427,997,0.699,44.6,U,True,False,False
97405000AH0112,Petite-Île,1740,1254,0.721,29.1,U,True,False,False
97405000AK1013,Petite-Île,1384,917,0.663,62.0,A,True,True,False
97405000AK1014,Petite-Île,2943,2361,0.802,12.0,A,True,True,False
97405000AK0897,Petite-Île,1586,1165,0.735,33.8,U,True,False,False
97405000AK0652,Petite-Île,1466,966,0.659,33.2,U,True,False,False
97405000AK0476,Petite-Île,1846,1438,0.779,13.1,U,True,False,False
97405000AK0770,Petite-Île,1530,925,0.605,48.4,U,True,False,False
97405000AK0725,Petite-Île,1177,739,0.627,78.1,U,True,False,False
97405000AK0817,Petite-Île,2431,1494,0.615,37.0,A,True,True,False
97405000AK0084,Petite-Île,3031,2470,0.815,89.9,U,True,False,False
97405000AK0485,Petite-Île,1849,1204,0.651,84.1,A,True,True,False
97405000AK0577,Petite-Île,2975,1989,0.669,93.5,A,True,True,False
97405000AK0575,Petite-Île,2164,1513,0.699,69.3,A,True,True,False
97405000AL0178,Petite-Île,3352,2145,0.640,128.1,U,True,False,False
97405000AL1215,Petite-Île,1445,987,0.683,44.2,A,True,True,False
97405000AL0384,Petite-Île,1468,979,0.667,37.2,U,True,False,False
97405000AL1142,Petite-Île,2054,1241,0.604,121.2,U,True,False,False
97405000AL1575,Petite-Île,1159,668,0.576,36.6,U,True,False,False
97405000AL0599,Petite-Île,2377,1850,0.779,51.5,U,True,False,False
97405000AL0161,Petite-Île,3407,2559,0.751,61.0,A,True,True,False
97405000AM0226,Petite-Île,4315,3792,0.879,86.2,A,True,True,False
97405000AM0198,Petite-Île,1766,1362,0.771,23.7,U,True,False,False
97405000AM0381,Petite-Île,1463,690,0.471,62.3,U,False,False,False
97405000AM0425,Petite-Île,4561,3806,0.834,14.3,A,True,True,False
97405000AM0235,Petite-Île,1916,1505,0.785,21.1,A,True,True,False
97405000AM0234,Petite-Île,2685,2170,0.808,56.6,A,True,True,False
97405000AM0155,Petite-Île,2738,2231,0.815,34.5,N,True,True,False
97405000AM0414,Petite-Île,1620,1047,0.646,37.7,A,True,True,False
97405000AM0644,Petite-Île,2367,1889,0.798,27.3,U,True,False,False
97405000AM0626,Petite-Île,1157,688,0.595,98.8,A,True,True,False
97405000AM0633,Petite-Île,1452,883,0.608,16.8,A,True,True,False
97405000AM0071,Petite-Île,1668,1085,0.650,79.3,U,True,False,False
97405000AI0226,Petite-Île,4052,3558,0.878,178.5,A,True,True,False
97405000AI0280,Petite-Île,2559,2113,0.826,12.8,U,True,False,False
97405000AI0808,Petite-Île,3472,2381,0.686,84.8,A,True,True,False
97405000AI0492,Petite-Île,4618,3920,0.849,103.5,A,True,True,False
97405000AI0689,Petite-Île,1761,1313,0.746,94.9,A,True,True,False
97405000AI0138,Petite-Île,2247,1835,0.817,122.9,U,True,False,False
97405000AI0192,Petite-Île,1303,752,0.577,160.8,U,True,False,False
97405000AI0714,Petite-Île,1141,722,0.632,71.1,A,True,True,False
97405000AI0125,Petite-Île,3139,2630,0.838,49.5,A,True,True,False
97405000AI0648,Petite-Île,2882,2436,0.845,21.0,N,True,True,False
97405000AI0255,Petite-Île,1841,1246,0.677,68.4,U,True,False,False
97405000AI0524,Petite-Île,2277,1422,0.624,14.0,A,True,True,False
97405000AI0059,Petite-Île,4482,3730,0.832,45.9,A,True,True,False
97405000AI0684,Petite-Île,1736,1215,0.700,14.6,A,True,True,False
97405000AI0813,Petite-Île,3317,2851,0.860,12.9,A,True,True,False
97405000AI0685,Petite-Île,2051,1170,0.571,18.8,N,True,True,False
97405000AI0070,Petite-Île,3799,3237,0.852,81.4,U,True,False,False
97405000AI1084,Petite-Île,2070,1565,0.756,25.0,U,True,False,False
97405000AI1041,Petite-Île,1790,1384,0.773,104.7,A,True,True,False
97405000AK1530,Petite-Île,2117,1366,0.645,30.8,U,True,False,False
97405000AK0144,Petite-Île,4304,3811,0.885,97.3,A,True,True,False
97405000AL1265,Petite-Île,1974,1387,0.703,76.8,U,True,False,False
97405000AL0785,Petite-Île,1893,1458,0.770,80.8,U,True,False,False
97405000AL0222,Petite-Île,1159,696,0.600,15.7,U,True,False,False
97405000AL1336,Petite-Île,1260,754,0.598,61.4,U,True,False,False
97405000AL0910,Petite-Île,4488,3936,0.877,117.8,U,True,False,False
97405000AN0160,Petite-Île,5691,4100,0.721,45.6,A,True,True,False
97405000AN0027,Petite-Île,4551,3858,0.848,27.6,A,True,True,False
97405000AN0029,Petite-Île,4408,3786,0.859,190.4,A,True,True,False
97405000AN0545,Petite-Île,2352,1906,0.810,14.3,A,True,True,False
97405000AN0546,Petite-Île,2908,2375,0.817,16.1,A,True,True,False
97405000AN0471,Petite-Île,4000,3242,0.810,325.6,N,True,True,False
97405000AN0178,Petite-Île,4324,3665,0.847,15.3,N,True,True,False
97405000AO0315,Petite-Île,4101,3134,0.764,55.5,A,True,True,False
97405000AO0554,Petite-Île,2404,1941,0.807,131.8,A,True,True,False
97405000AO0087,Petite-Île,2442,1798,0.736,160.1,A,True,True,False
97405000AO0083,Petite-Île,2598,2073,0.798,37.6,A,True,True,False
97405000AO0684,Petite-Île,1710,1307,0.765,18.4,N,True,True,False
97405000AO0491,Petite-Île,1243,836,0.673,19.1,U,True,False,False
97405000AP0114,Petite-Île,3872,3240,0.837,101.4,A,True,True,False
97405000AP0160,Petite-Île,3379,2396,0.709,30.3,A,True,True,False
97405000AP0313,Petite-Île,1762,1316,0.747,91.4,A,True,True,False
97405000AR0254,Petite-Île,3741,3207,0.857,40.3,A,True,True,False
97405000AR0474,Petite-Île,2789,1461,0.524,32.3,A,True,True,False
97405000AR1212,Petite-Île,5466,4869,0.891,184.0,A,True,True,False
97405000AR1121,Petite-Île,2887,2036,0.705,202.7,A,True,True,False
97405000AR1554,Petite-Île,2864,2450,0.855,40.7,U,True,False,False
97405000AR0938,Petite-Île,3044,2537,0.833,149.5,U,True,False,False
97405000AR0939,Petite-Île,2055,1613,0.785,23.8,U,True,False,False
97405000AR1299,Petite-Île,1341,590,0.440,75.7,U,False,False,False
97405000AR1297,Petite-Île,1463,1029,0.704,63.8,U,True,False,False
97405000AR1828,Petite-Île,1288,678,0.526,100.5,U,True,False,False
97405000AR0256,Petite-Île,2310,1883,0.815,29.1,A,True,True,False
97405000AR0211,Petite-Île,1517,1008,0.665,73.4,A,True,True,False
97405000AR1834,Petite-Île,2096,1540,0.735,37.6,A,True,True,False
97405000AR1290,Petite-Île,2842,1826,0.643,24.0,U,True,False,False
97405000AR0018,Petite-Île,1563,1081,0.691,89.4,U,True,False,False
97405000AR1024,Petite-Île,1434,885,0.617,50.6,U,True,False,False
97405000AR1524,Petite-Île,1119,577,0.516,57.3,U,True,False,False
97405000AR0653,Petite-Île,3349,2948,0.880,35.1,A,True,True,False
97405000AS0068,Petite-Île,1769,1003,0.567,20.8,A,True,True,False
97405000AS0468,Petite-Île,2092,1601,0.765,47.2,A,True,True,False
97405000AS0434,Petite-Île,5590,2383,0.426,19.9,N,False,True,False
97405000AN0159,Petite-Île,3751,3086,0.823,62.8,A,True,True,False
97405000AN0391,Petite-Île,2976,2503,0.841,77.4,A,True,True,False
97405000AN0026,Petite-Île,3271,2759,0.843,16.1,A,True,True,False
97405000AO0069,Petite-Île,4560,2988,0.655,115.0,A,True,True,False
97405000AO0205,Petite-Île,3456,2937,0.850,20.6,A,True,True,False
97405000AP0166,Petite-Île,3333,2865,0.860,148.5,A,True,True,False
97405000AR0457,Petite-Île,2955,2531,0.857,73.5,A,True,True,False
97405000AR0009,Petite-Île,2524,2068,0.819,17.3,A,True,True,False
97405000AS0296,Petite-Île,2862,1811,0.633,49.0,A,True,True,False
97405000AS0013,Petite-Île,1286,844,0.656,94.1,A,True,True,False
97405000AV0451,Petite-Île,3850,2495,0.648,18.8,U,True,False,False
97405000AW0821,Petite-Île,2009,1395,0.694,106.9,U,True,False,False
97405000AW0382,Petite-Île,1726,1293,0.749,50.2,U,True,False,False
97405000AW0246,Petite-Île,1586,1062,0.669,22.5,A,True,True,False
97405000AW1475,Petite-Île,3632,2659,0.732,58.4,U,True,False,False
97405000AW0467,Petite-Île,3265,2182,0.668,16.9,A,True,True,False
97405000AW1146,Petite-Île,2498,1555,0.622,40.5,U,True,False,False
97405000AW0266,Petite-Île,2410,1989,0.825,13.9,A,True,True,False
97405000AW1215,Petite-Île,2160,1379,0.639,23.0,U,True,False,False
97405000AW1527,Petite-Île,4062,1961,0.483,82.1,AUc,False,False,False
97405000AX0246,Petite-Île,2449,1625,0.664,12.2,U,True,False,False
97405000AY0568,Petite-Île,1305,769,0.589,12.0,A,True,True,False
97405000AY0630,Petite-Île,4545,3590,0.790,41.1,A,True,True,False
97405000AY0533,Petite-Île,4026,3153,0.783,82.4,A,True,True,False
97405000AT0236,Petite-Île,3595,3084,0.858,26.6,A,True,True,False
97405000AT0340,Petite-Île,2321,1715,0.739,58.3,A,True,True,False
97405000AW0576,Petite-Île,3931,3203,0.815,72.8,A,True,True,False
97405000AW1141,Petite-Île,1218,817,0.671,36.6,U,True,False,False
97405000AW1275,Petite-Île,1801,1123,0.624,33.5,U,True,False,False
97405000AW1279,Petite-Île,1908,1231,0.645,23.9,U,True,False,False
97405000AW0608,Petite-Île,1845,1364,0.739,27.9,A,True,True,False
97405000AW1421,Petite-Île,2412,1496,0.620,55.0,A,True,True,False
97405000AY0079,Petite-Île,2219,1187,0.535,18.5,U,True,False,False
97405000AY0474,Petite-Île,1597,1061,0.665,42.4,U,True,False,False
97405000AY0785,Petite-Île,2473,1850,0.748,51.8,A,True,True,False
97405000AY0786,Petite-Île,1752,1196,0.683,103.0,A,True,True,False
97405000AZ0480,Petite-Île,1817,1323,0.728,22.3,U,True,False,False
97405000AY0367,Petite-Île,1177,742,0.630,57.5,A,True,True,False
97405000AZ0479,Petite-Île,2621,2080,0.793,71.8,U,True,False,False
97405000AZ0838,Petite-Île,1795,1319,0.735,32.8,A,True,True,False
97405000AZ0979,Petite-Île,2010,1295,0.644,12.0,U,True,False,False
97405000AZ0702,Petite-Île,1403,996,0.709,12.0,U,True,False,False
97405000AZ0262,Petite-Île,3700,2921,0.789,48.0,A,True,True,False
97405000AZ0581,Petite-Île,1815,1232,0.679,14.8,U,True,False,False
97405000AZ0584,Petite-Île,1271,810,0.637,50.4,U,True,False,False
97405000AZ0034,Petite-Île,5086,3546,0.697,155.0,N,True,True,False
97405000AZ0718,Petite-Île,3717,3145,0.846,63.0,N,True,True,False
97405000BC0399,Petite-Île,4450,3848,0.865,58.7,A,True,True,False
97405000BE1349,Petite-Île,1357,896,0.660,68.9,U,True,False,False
97405000BE0997,Petite-Île,3083,2319,0.752,155.8,U,True,False,False
97405000BE0641,Petite-Île,2191,1774,0.810,39.7,U,True,False,False
97405000BE0642,Petite-Île,2247,1514,0.674,38.8,U,True,False,False
97405000BE1143,Petite-Île,1780,1292,0.726,106.2,U,True,False,False
97405000BE1558,Petite-Île,1098,616,0.561,66.8,U,True,False,False
97405000BE1387,Petite-Île,1510,1070,0.708,14.0,U,True,False,False
97405000BE1388,Petite-Île,1570,1031,0.657,66.7,U,True,False,False
97405000BE0030,Petite-Île,1332,724,0.544,22.3,U,True,False,False
97405000BH0423,Petite-Île,3486,3027,0.868,66.7,U,True,False,False
97405000BH0476,Petite-Île,3474,2542,0.732,56.8,U,True,False,False
97405000BI0299,Petite-Île,1924,718,0.373,24.5,N,False,True,False
97405000BI0734,Petite-Île,1137,601,0.529,53.6,U,True,False,False
97405000BI0822,Petite-Île,1636,969,0.592,93.8,U,True,False,False
97405000BI0556,Petite-Île,1234,707,0.573,123.4,U,True,False,False
97405000BI0760,Petite-Île,1679,1216,0.724,148.0,U,True,False,False
97405000BI0382,Petite-Île,2409,1996,0.829,39.8,N,True,True,False
97405000BI1045,Petite-Île,1569,1106,0.705,36.9,U,True,False,False
97405000BI0490,Petite-Île,2877,2006,0.697,16.9,U,True,False,False
97405000AZ0005,Petite-Île,3868,2563,0.663,50.3,A,True,True,False
97405000AZ0003,Petite-Île,1897,1079,0.568,96.1,U,True,False,False
97405000AZ0761,Petite-Île,1524,932,0.612,142.2,U,True,False,False
97405000BC0331,Petite-Île,1517,1115,0.735,146.7,N,True,True,False
97405000BC0304,Petite-Île,1479,1066,0.721,14.2,A,True,True,False
97405000BD0258,Petite-Île,2681,1861,0.694,125.0,N,True,True,False
97405000BD0108,Petite-Île,2144,1485,0.693,79.0,A,True,True,False
97405000BD0246,Petite-Île,2892,2409,0.833,34.2,N,True,True,False
97405000BD0130,Petite-Île,2560,2117,0.827,12.3,A,True,True,False
97405000BD0266,Petite-Île,1649,1131,0.686,12.3,A,True,True,False
97405000BE0990,Petite-Île,5170,3159,0.611,122.1,U,True,False,False
97405000BE1038,Petite-Île,1174,654,0.557,30.1,U,True,False,False
97405000BE0484,Petite-Île,1936,1361,0.703,30.4,A,True,True,False
97405000BE0348,Petite-Île,3454,2585,0.748,27.1,A,True,True,False
97405000BE1067,Petite-Île,2236,1260,0.564,32.0,N,True,True,False
97405000BE1360,Petite-Île,1411,945,0.669,12.1,A,True,True,False
97405000BE1549,Petite-Île,2950,2504,0.849,17.0,A,True,True,False
97405000BI0037,Petite-Île,2352,1697,0.722,20.7,N,True,True,False
97405000AC0174,Petite-Île,1643,1125,0.684,126.1,A,True,True,False
97405000AD0132,Petite-Île,4720,3600,0.763,12.4,A,True,True,False
97405000AD0251,Petite-Île,1539,986,0.641,56.8,U,True,False,False
97405000AD0017,Petite-Île,1854,1196,0.645,117.2,A,True,True,False
97405000AD0252,Petite-Île,1453,974,0.671,44.3,U,True,False,False
97405000AD0693,Petite-Île,3533,2975,0.842,12.3,A,True,True,False
97405000AD0307,Petite-Île,1295,728,0.562,46.0,A,True,True,False
97405000AK0830,Petite-Île,1650,1003,0.608,140.3,A,True,True,False
97405000AK0632,Petite-Île,1271,845,0.664,35.2,A,True,True,False
97420000AC0560,Sainte-Suzanne,3619,1136,0.314,55.8,U,False,False,False
97420000AC1040,Sainte-Suzanne,3544,2462,0.695,50.7,U,True,False,False
97420000AC0751,Sainte-Suzanne,1665,865,0.520,34.8,U,True,False,False
97420000AC1152,Sainte-Suzanne,2174,924,0.425,28.6,U,False,False,False
97420000AC1064,Sainte-Suzanne,2174,1322,0.608,76.4,U,True,False,False
97420000AC0918,Sainte-Suzanne,2128,1176,0.552,35.7,U,True,False,False
97420000AD0160,Sainte-Suzanne,2925,1735,0.593,29.8,U,True,False,False
97420000AE0280,Sainte-Suzanne,1595,763,0.478,19.2,U,False,False,False
97420000AM0139,Sainte-Suzanne,2143,1505,0.702,57.9,N,True,True,False
97420000AM0149,Sainte-Suzanne,3019,2319,0.768,21.1,A,True,True,False
97420000AN0199,Sainte-Suzanne,1845,656,0.356,40.3,U,False,False,False
97420000AN0158,Sainte-Suzanne,1616,980,0.606,109.5,U,True,False,False
97420000AN0101,Sainte-Suzanne,3467,2401,0.692,131.4,N,True,True,False
97420000AO0520,Sainte-Suzanne,3517,2674,0.760,182.0,A,True,True,False
97420000AO0074,Sainte-Suzanne,3319,2758,0.831,22.2,A,True,True,False
97420000AP0088,Sainte-Suzanne,2765,2185,0.790,328.6,A,True,True,False
97420000AP0217,Sainte-Suzanne,5857,4663,0.796,291.3,A,True,True,False
97420000AR0728,Sainte-Suzanne,3053,2556,0.837,48.5,A,True,True,False
97420000AR1030,Sainte-Suzanne,1562,1086,0.695,103.1,U,True,False,False
97420000AR0310,Sainte-Suzanne,2633,1579,0.600,43.3,U,True,False,False
97420000AR0375,Sainte-Suzanne,5911,5369,0.908,152.1,A,True,True,False
97420000AR0166,Sainte-Suzanne,2347,1384,0.590,35.9,U,True,False,False
97420000AR0759,Sainte-Suzanne,1153,736,0.638,15.6,U,True,False,False
97420000AS0330,Sainte-Suzanne,5921,4947,0.836,250.2,A,True,True,False
97420000AT0025,Sainte-Suzanne,5007,4306,0.860,114.2,A,True,True,False
97420000AT0171,Sainte-Suzanne,1472,984,0.669,41.5,A,True,True,False
97420000AT0179,Sainte-Suzanne,2466,1966,0.797,21.6,A,True,True,False
97420000AV0252,Sainte-Suzanne,4850,4077,0.841,34.6,N,True,True,False
97420000AV0225,Sainte-Suzanne,1888,1223,0.648,12.0,U,True,False,False
97420000AV0386,Sainte-Suzanne,2281,1090,0.478,52.0,U,False,False,False
97420000AV0471,Sainte-Suzanne,3024,2337,0.773,19.4,N,True,True,False
97420000AV0463,Sainte-Suzanne,1775,1271,0.716,27.2,N,True,True,False
97420000AV0628,Sainte-Suzanne,1440,1001,0.696,61.5,U,True,False,False
97420000AV0367,Sainte-Suzanne,2143,1673,0.781,84.3,A,True,True,False
97420000AV0299,Sainte-Suzanne,1938,1426,0.736,78.2,N,True,True,False
97420000AV0201,Sainte-Suzanne,2554,1499,0.587,84.3,N,True,True,False
97420000AV0259,Sainte-Suzanne,4552,3923,0.862,116.1,N,True,True,False
97420000AV0489,Sainte-Suzanne,2605,1924,0.739,12.1,A,True,True,False
97420000AX0185,Sainte-Suzanne,5730,5005,0.874,170.1,A,True,True,False
97420000AX0278,Sainte-Suzanne,1703,1189,0.698,132.0,U,True,False,False
97420000AX0142,Sainte-Suzanne,4766,3986,0.836,30.2,A,True,True,False
97420000AX0515,Sainte-Suzanne,2957,2151,0.727,43.3,A,True,True,False
97420000AX0473,Sainte-Suzanne,3234,2235,0.691,120.7,A,True,True,False
97420000AY0234,Sainte-Suzanne,1679,1107,0.660,52.1,U,True,False,False
97420000AY0496,Sainte-Suzanne,3715,3123,0.841,24.1,A,True,True,False
97420000AY0326,Sainte-Suzanne,1410,951,0.675,49.9,A,True,True,False
97420000AY0518,Sainte-Suzanne,2549,1959,0.769,34.8,A,True,True,False
97420000AY0517,Sainte-Suzanne,5692,4615,0.811,327.0,A,True,True,False
97420000AZ0165,Sainte-Suzanne,3263,2048,0.628,121.8,U,True,False,False
97420000AZ0678,Sainte-Suzanne,1196,739,0.618,14.7,U,True,False,False
97420000AZ0347,Sainte-Suzanne,4463,3979,0.892,54.3,U,True,False,False
97420000AZ0066,Sainte-Suzanne,2086,1645,0.789,46.4,U,True,False,False
97420000AZ0266,Sainte-Suzanne,2179,1533,0.704,12.0,U,True,False,False
97420000AZ0264,Sainte-Suzanne,1738,1262,0.726,19.2,U,True,False,False
97420000AZ0470,Sainte-Suzanne,2415,1716,0.711,119.3,U,True,False,False
97420000AZ0472,Sainte-Suzanne,2505,2051,0.819,17.5,U,True,False,False
97420000AZ0471,Sainte-Suzanne,2506,2075,0.828,99.4,U,True,False,False
97420000AZ0432,Sainte-Suzanne,2079,1389,0.668,16.4,N,True,True,False
97420000BC1184,Sainte-Suzanne,2226,1674,0.752,147.6,U,True,False,False
97420000BC1563,Sainte-Suzanne,1514,856,0.566,27.5,U,True,False,False
97420000BC1750,Sainte-Suzanne,3512,2375,0.676,140.9,U,True,False,False
97420000BC0949,Sainte-Suzanne,5001,4240,0.848,196.4,A,True,True,False
97420000BC1578,Sainte-Suzanne,4748,4147,0.873,137.8,A,True,True,False
97420000BC0159,Sainte-Suzanne,2328,1637,0.703,101.1,U,True,False,False
97420000BD0609,Sainte-Suzanne,4692,3634,0.774,24.2,N,True,True,False
97420000BD0302,Sainte-Suzanne,1781,1060,0.595,145.1,U,True,False,False
97420000BD0037,Sainte-Suzanne,1605,1201,0.749,111.3,U,True,False,False
97420000BD0572,Sainte-Suzanne,1528,1095,0.717,18.6,U,True,False,False
97420000BD0534,Sainte-Suzanne,1967,1123,0.571,23.8,U,True,False,False
97420000BD0233,Sainte-Suzanne,1290,676,0.524,35.7,U,True,False,False
97420000BD1002,Sainte-Suzanne,4338,2693,0.621,179.5,A,True,True,False
97420000BD0583,Sainte-Suzanne,1470,1013,0.689,45.2,A,True,True,False
97420000BD0502,Sainte-Suzanne,3015,2554,0.847,60.0,A,True,True,False
97420000BD0300,Sainte-Suzanne,2669,1826,0.684,152.2,U,True,False,False
97420000BD0849,Sainte-Suzanne,1602,1193,0.745,85.3,U,True,False,False
97420000BE0424,Sainte-Suzanne,2644,2233,0.845,12.8,N,True,True,False
97420000BE0697,Sainte-Suzanne,3826,3378,0.883,32.9,N,True,True,False
97420000BE0307,Sainte-Suzanne,2011,1211,0.602,151.0,U,True,False,False
97420000BE0347,Sainte-Suzanne,1720,1136,0.661,38.8,U,True,False,False
97420000BE0403,Sainte-Suzanne,1430,784,0.548,34.1,U,True,False,False
97420000BE0401,Sainte-Suzanne,1848,1071,0.579,27.6,U,True,False,False
97420000BE0471,Sainte-Suzanne,1334,864,0.648,67.6,U,True,False,False
97420000BE0132,Sainte-Suzanne,1345,925,0.688,51.0,U,True,False,False
97420000BE0134,Sainte-Suzanne,1583,1130,0.714,12.0,U,True,False,False
97420000BE0020,Sainte-Suzanne,2398,1634,0.682,61.8,U,True,False,False
97420000BH1762,Sainte-Suzanne,5763,4749,0.824,169.4,A,True,True,False
97420000BH1441,Sainte-Suzanne,1970,850,0.431,30.6,A,False,True,False
97420000BH0207,Sainte-Suzanne,3783,2779,0.735,80.4,A,True,True,False
97420000BH0277,Sainte-Suzanne,4486,3381,0.754,108.6,A,True,True,False
97420000BH0315,Sainte-Suzanne,4295,3665,0.853,50.6,A,True,True,False
97420000BH1821,Sainte-Suzanne,5242,1788,0.341,97.5,U,False,False,False
97420000BH1679,Sainte-Suzanne,3591,3106,0.865,198.4,N,True,True,False
97420000BH0731,Sainte-Suzanne,2381,1930,0.810,58.5,A,True,True,False
97420000BH0610,Sainte-Suzanne,2430,1435,0.591,27.5,A,True,True,False
97420000BH0379,Sainte-Suzanne,2963,2114,0.713,27.2,A,True,True,False
97420000BH0372,Sainte-Suzanne,3247,2651,0.816,42.9,A,True,True,False
97420000BH0360,Sainte-Suzanne,3169,2312,0.729,64.0,A,True,True,False
97420000BH0782,Sainte-Suzanne,2549,1323,0.519,35.2,A,True,True,False
97420000BH0629,Sainte-Suzanne,5413,4395,0.812,45.1,A,True,True,False
97420000BH1286,Sainte-Suzanne,3901,2340,0.600,40.7,A,True,True,False
97420000BH0657,Sainte-Suzanne,1659,1104,0.665,32.3,U,True,False,False
97420000BH0517,Sainte-Suzanne,4337,3294,0.760,20.5,U,True,False,False
97420000BH1397,Sainte-Suzanne,1789,1365,0.763,12.0,A,True,True,False
97420000BH0637,Sainte-Suzanne,1783,1193,0.669,33.8,A,True,True,False
97420000BH1112,Sainte-Suzanne,2719,2260,0.831,38.9,A,True,True,False
97420000BH0618,Sainte-Suzanne,1215,614,0.505,13.4,U,True,False,False
97420000BH0244,Sainte-Suzanne,1859,1400,0.753,27.6,U,True,False,False
97420000BH0343,Sainte-Suzanne,5645,4723,0.837,82.6,A,True,True,False
97420000BH0789,Sainte-Suzanne,1718,1318,0.767,95.4,A,True,True,False
97420000BH1040,Sainte-Suzanne,2380,1591,0.668,45.4,A,True,True,False
97420000BH0860,Sainte-Suzanne,1285,703,0.547,32.2,A,True,True,False
97420000BH0084,Sainte-Suzanne,4655,3799,0.816,74.1,A,True,True,False
97420000BH0233,Sainte-Suzanne,2318,1263,0.545,100.3,U,True,False,False
97420000BH0232,Sainte-Suzanne,2249,1801,0.801,14.0,U,True,False,False
97420000BH0885,Sainte-Suzanne,1506,944,0.627,12.2,U,True,False,False
97420000BH0881,Sainte-Suzanne,1489,1083,0.728,100.2,U,True,False,False
97420000BH0957,Sainte-Suzanne,4806,3394,0.706,24.2,A,True,True,False
97420000BH1653,Sainte-Suzanne,1769,1253,0.708,17.0,A,True,True,False
97420000BH1342,Sainte-Suzanne,3395,2108,0.621,84.7,A,True,True,False
97420000BH0265,Sainte-Suzanne,1552,1027,0.662,31.2,A,True,True,False
97420000BH0504,Sainte-Suzanne,5714,5057,0.885,19.8,A,True,True,False
97420000BH1036,Sainte-Suzanne,1955,883,0.452,40.2,U,False,False,False
97420000BH1463,Sainte-Suzanne,2173,1640,0.755,98.1,A,True,True,False
97420000BH0316,Sainte-Suzanne,5878,4745,0.807,44.7,A,True,True,False
97420000BH1259,Sainte-Suzanne,1324,871,0.658,48.7,U,True,False,False
97420000BH0166,Sainte-Suzanne,5505,4547,0.826,94.7,N,True,True,False
97420000BH0572,Sainte-Suzanne,2637,2195,0.832,12.2,A,True,True,False
97420000BH0571,Sainte-Suzanne,1776,1300,0.732,40.2,A,True,True,False
97420000BI0521,Sainte-Suzanne,4706,3896,0.828,17.0,A,True,True,False
97420000BI0425,Sainte-Suzanne,3131,2562,0.818,12.3,A,True,True,False
97420000BI0439,Sainte-Suzanne,3153,2503,0.794,78.9,A,True,True,False
97420000BI0466,Sainte-Suzanne,2206,1777,0.806,62.2,A,True,True,False
97420000BI0295,Sainte-Suzanne,3641,2396,0.658,23.4,U,True,False,False
97420000BI0037,Sainte-Suzanne,5457,4822,0.884,84.7,A,True,True,False
97420000BI0379,Sainte-Suzanne,2362,1831,0.775,92.7,A,True,True,False
97420000BI0128,Sainte-Suzanne,4143,3501,0.845,244.1,A,True,True,False
97420000BI0543,Sainte-Suzanne,2267,1191,0.525,88.1,U,True,False,False
97420000BI0510,Sainte-Suzanne,4084,3308,0.810,26.0,A,True,True,False
97420000BI0461,Sainte-Suzanne,3599,3057,0.849,115.1,A,True,True,False
97420000BI0326,Sainte-Suzanne,5188,4651,0.897,107.1,A,True,True,False
97420000BI0469,Sainte-Suzanne,1609,1184,0.736,96.0,A,True,True,False
97420000AE0254,Sainte-Suzanne,2782,1736,0.624,18.9,N,True,True,False
97420000AE0257,Sainte-Suzanne,3880,3103,0.800,113.4,N,True,True,False
97420000AE0255,Sainte-Suzanne,4248,3448,0.812,33.6,N,True,True,False
97420000AH0432,Sainte-Suzanne,3618,2799,0.774,89.1,A,True,True,False
97420000AH0330,Sainte-Suzanne,2668,2172,0.814,24.9,A,True,True,False
97420000AH0125,Sainte-Suzanne,1165,717,0.615,85.9,A,True,True,False
97420000AH0277,Sainte-Suzanne,2555,749,0.293,39.0,U,False,False,False
97420000AI0300,Sainte-Suzanne,4839,2617,0.541,122.8,U,True,False,False
97420000AI0687,Sainte-Suzanne,4953,3972,0.802,119.7,U,True,False,False
97420000AI0481,Sainte-Suzanne,3918,2918,0.745,13.4,U,True,False,False
97420000AI0359,Sainte-Suzanne,2260,1471,0.651,12.0,U,True,False,False
97420000AI0355,Sainte-Suzanne,2124,1401,0.660,12.0,U,True,False,False
97420000AI0413,Sainte-Suzanne,1804,947,0.525,68.0,U,True,False,False
97420000AI0688,Sainte-Suzanne,4720,3892,0.825,328.8,U,True,False,False
97420000AI0376,Sainte-Suzanne,2837,1967,0.693,108.7,U,True,False,False
97420000AI0575,Sainte-Suzanne,1510,938,0.621,165.8,N,True,True,False
97420000AL0237,Sainte-Suzanne,2065,1414,0.685,12.1,U,True,False,False
97420000AL0039,Sainte-Suzanne,4948,3251,0.657,61.2,U,True,False,False
97420000AL0040,Sainte-Suzanne,1343,792,0.590,12.0,U,True,False,False
97420000AN0090,Sainte-Suzanne,2318,1389,0.599,62.2,U,True,False,False
97420000AN0096,Sainte-Suzanne,1972,1548,0.785,22.6,U,True,False,False
97420000AO0191,Sainte-Suzanne,2592,1851,0.714,15.2,A,True,True,False
97420000AO0525,Sainte-Suzanne,1973,1370,0.694,201.6,U,True,False,False
97420000AP0233,Sainte-Suzanne,3915,3419,0.873,207.4,A,True,True,False
97420000AP0175,Sainte-Suzanne,1607,1117,0.695,12.2,A,True,True,False
97420000AP0179,Sainte-Suzanne,2428,1940,0.799,202.3,A,True,True,False
97420000AP0254,Sainte-Suzanne,2587,2009,0.776,50.8,A,True,True,False
97420000AS1332,Sainte-Suzanne,1428,914,0.640,141.4,U,True,False,False
97420000AB0626,Sainte-Suzanne,3433,2764,0.805,483.3,U,True,False,False
97420000AB0660,Sainte-Suzanne,2735,2102,0.768,112.2,A,True,True,False
97420000AB1722,Sainte-Suzanne,3068,2610,0.851,13.1,U,True,False,False
97420000AB0211,Sainte-Suzanne,2350,1865,0.794,122.2,U,True,False,False
97420000AB1562,Sainte-Suzanne,2944,2083,0.708,108.8,A,True,True,False
97420000AB1541,Sainte-Suzanne,2114,1480,0.700,27.9,U,True,False,False
97420000AB1535,Sainte-Suzanne,2371,867,0.366,16.5,U,False,False,False
97420000AB2015,Sainte-Suzanne,3149,2625,0.834,25.0,U,True,False,False
97420000AB1576,Sainte-Suzanne,1978,1573,0.795,12.0,U,True,False,False
97420000AB1567,Sainte-Suzanne,3535,2731,0.773,14.5,U,True,False,False
97420000AC1043,Sainte-Suzanne,5013,2435,0.486,21.5,U,False,False,False
97407000AB0078,Le Port,4371,2885,0.660,29.8,U,True,False,False
97407000AI0670,Le Port,2972,1427,0.480,26.0,U,False,False,False
97407000AI1764,Le Port,4580,1758,0.384,38.3,U,False,False,False
97407000AL1511,Le Port,2992,1441,0.481,64.6,U,False,False,False
97407000AL1553,Le Port,2856,1036,0.363,17.5,U,False,False,False
97407000AL0736,Le Port,5780,2303,0.398,21.7,U,False,False,False
97407000AO1058,Le Port,2026,914,0.451,14.1,U,False,False,False
97407000AS1206,Le Port,5329,4448,0.835,12.2,U,True,False,False
97407000AS0189,Le Port,2442,735,0.301,30.8,U,False,False,False
97407000AS0181,Le Port,3227,1764,0.547,31.4,U,True,False,False
97407000AV0106,Le Port,2965,1822,0.615,22.3,U,True,False,False
97407000AX0079,Le Port,4732,2711,0.573,15.0,U,True,False,False
97407000AY0145,Le Port,3456,2469,0.714,231.0,U,True,False,False
97407000BE0118,Le Port,4956,1936,0.391,37.9,U,False,False,False
97407000BE0001,Le Port,4882,2113,0.433,162.1,U,False,False,False
97407000BI0222,Le Port,5056,2333,0.461,48.1,U,False,False,False
97407000AH0489,Le Port,2996,1524,0.509,40.8,U,True,False,False
97407000AK1480,Le Port,4330,2263,0.523,52.7,U,True,False,False
97407000AO1254,Le Port,4086,3634,0.889,18.3,U,True,False,False
97407000AY0092,Le Port,4931,3365,0.682,12.0,U,True,False,False
97407000AY0002,Le Port,3830,3219,0.841,13.7,U,True,False,False
97407000BC0485,Le Port,4272,1707,0.400,17.7,U,False,False,False
97407000AH0961,Le Port,2194,1132,0.516,30.0,U,True,False,False
97407000AK1479,Le Port,4976,3447,0.693,198.3,U,True,False,False
97404000AC0662,L'Étang-Salé,4221,3475,0.823,115.8,A,True,True,False
97404000AC1007,L'Étang-Salé,5061,4486,0.886,64.6,A,True,True,False
97404000AC1200,L'Étang-Salé,5395,4065,0.754,66.6,A,True,True,False
97404000AD0535,L'Étang-Salé,3285,2495,0.760,96.3,A,True,True,False
97404000AD0675,L'Étang-Salé,3089,2562,0.829,59.0,A,True,True,False
97404000AD0874,L'Étang-Salé,1719,1169,0.680,78.7,A,True,True,False
97404000AD1532,L'Étang-Salé,3176,2713,0.854,56.1,N,True,True,False
97404000AD0965,L'Étang-Salé,2388,1941,0.813,134.4,A,True,True,False
97404000AD1221,L'Étang-Salé,3039,2635,0.867,70.6,A,True,True,False
97404000AD0302,L'Étang-Salé,1966,1486,0.756,142.1,U,True,False,False
97404000AD1162,L'Étang-Salé,3045,2300,0.755,162.9,U,True,False,False
97404000AD0498,L'Étang-Salé,1403,997,0.710,31.2,U,True,False,False
97404000AD1025,L'Étang-Salé,1357,957,0.705,41.5,U,True,False,False
97404000AE0876,L'Étang-Salé,4140,3677,0.888,142.5,U,True,False,False
97404000AE0751,L'Étang-Salé,3084,2423,0.786,32.8,U,True,False,False
97404000AE0046,L'Étang-Salé,2909,2214,0.761,30.3,N,True,True,False
97404000AE0997,L'Étang-Salé,1361,925,0.680,47.0,A,True,True,False
97404000AE0157,L'Étang-Salé,1677,1273,0.759,49.9,U,True,False,False
97404000AE1495,L'Étang-Salé,1612,1000,0.620,64.1,U,True,False,False
97404000AE0305,L'Étang-Salé,1560,1065,0.682,64.6,U,True,False,False
97404000AE0306,L'Étang-Salé,1483,1059,0.714,25.4,U,True,False,False
97404000AE0121,L'Étang-Salé,2509,1984,0.791,42.3,U,True,False,False
97404000AD0277,L'Étang-Salé,4707,4188,0.890,17.8,A,True,True,False
97404000AD0350,L'Étang-Salé,3838,3084,0.804,29.5,N,True,True,False
97404000AD0803,L'Étang-Salé,3348,2937,0.877,82.3,A,True,True,False
97404000AD1296,L'Étang-Salé,5807,4925,0.848,34.5,U,True,False,False
97404000AD0585,L'Étang-Salé,5887,4779,0.812,25.4,A,True,True,False
97404000AD0652,L'Étang-Salé,4486,2984,0.665,35.1,A,True,True,False
97404000AD0486,L'Étang-Salé,1154,587,0.509,15.4,A,True,True,False
97404000AD0653,L'Étang-Salé,2518,1974,0.784,23.4,A,True,True,False
97404000AD0890,L'Étang-Salé,1987,1485,0.748,20.5,A,True,True,False
97404000AD1274,L'Étang-Salé,1577,1128,0.716,42.1,A,True,True,False
97404000AD0646,L'Étang-Salé,4732,4168,0.881,119.8,A,True,True,False
97404000AD1007,L'Étang-Salé,2277,1755,0.771,81.5,U,True,False,False
97404000AE1375,L'Étang-Salé,2742,1902,0.694,250.1,U,True,False,False
97404000AE1206,L'Étang-Salé,2977,2500,0.840,101.4,U,True,False,False
97404000AH0385,L'Étang-Salé,1259,640,0.508,129.1,U,True,False,False
97404000AH0550,L'Étang-Salé,4261,3739,0.878,130.2,N,True,True,False
97404000AH0159,L'Étang-Salé,1332,926,0.695,91.1,U,True,False,False
97404000AI2350,L'Étang-Salé,3097,2457,0.793,41.0,U,True,False,False
97404000AI0343,L'Étang-Salé,4605,3543,0.769,49.1,A,True,True,False
97404000AI2121,L'Étang-Salé,1232,699,0.567,18.9,U,True,False,False
97404000AI0368,L'Étang-Salé,1529,1049,0.686,47.5,U,True,False,False
97404000AI0413,L'Étang-Salé,1379,977,0.709,86.1,U,True,False,False
97404000AI2090,L'Étang-Salé,1584,1083,0.684,12.1,U,True,False,False
97404000AI2079,L'Étang-Salé,1732,1064,0.614,12.0,U,True,False,False
97404000AI0392,L'Étang-Salé,2956,2331,0.788,106.8,U,True,False,False
97404000AL1456,L'Étang-Salé,3173,2534,0.799,19.0,A,True,True,False
97404000AL0155,L'Étang-Salé,4177,3061,0.733,14.7,A,True,True,False
97404000AL0519,L'Étang-Salé,1832,1241,0.677,12.0,U,True,False,False
97404000AM1017,L'Étang-Salé,3100,1822,0.588,52.4,A,True,True,False
97404000AM0778,L'Étang-Salé,3771,2990,0.793,44.1,U,True,False,False
97404000AM0993,L'Étang-Salé,3086,2531,0.820,42.8,A,True,True,False
97404000AM1154,L'Étang-Salé,1999,1590,0.796,17.5,A,True,True,False
97404000AM0895,L'Étang-Salé,2472,1676,0.678,37.3,A,True,True,False
97404000AM0728,L'Étang-Salé,1573,1140,0.725,34.7,A,True,True,False
97404000AM0267,L'Étang-Salé,5055,2839,0.562,22.8,U,True,False,False
97404000AM0612,L'Étang-Salé,1410,1005,0.713,15.9,U,True,False,False
97404000AT0042,L'Étang-Salé,1704,1002,0.588,31.4,U,True,False,False
97404000AV0460,L'Étang-Salé,1247,639,0.513,14.6,U,True,False,False
97404000AV0290,L'Étang-Salé,1323,824,0.622,27.2,U,True,False,False
97404000AV0138,L'Étang-Salé,3290,2140,0.650,34.0,U,True,False,False
97404000AV0200,L'Étang-Salé,1375,973,0.707,94.4,U,True,False,False
97404000AW0108,L'Étang-Salé,1821,1341,0.736,54.8,U,True,False,False
97404000AW0571,L'Étang-Salé,1420,964,0.678,15.0,U,True,False,False
97404000AX0536,L'Étang-Salé,4173,3111,0.745,15.0,U,True,False,False
97404000AX0324,L'Étang-Salé,1717,590,0.344,16.6,U,False,False,False
97404000AX0147,L'Étang-Salé,1888,1005,0.533,61.7,U,True,False,False
97404000AY0462,L'Étang-Salé,3909,946,0.242,22.1,U,False,False,False
97404000AY0423,L'Étang-Salé,4875,966,0.198,37.7,U,False,False,False
97404000AY0105,L'Étang-Salé,5693,2663,0.468,54.4,U,False,False,False
97404000AY0420,L'Étang-Salé,1966,1371,0.698,54.4,U,True,False,False
97404000AY0056,L'Étang-Salé,2174,1650,0.759,52.3,U,True,False,False
97404000AY0457,L'Étang-Salé,4391,2026,0.461,18.7,U,False,False,False
97404000BA0134,L'Étang-Salé,2800,1151,0.411,38.0,U,False,False,False
97404000AH0031,L'Étang-Salé,2978,2152,0.723,74.4,A,True,True,False
97404000AH0014,L'Étang-Salé,4475,3865,0.864,154.1,A,True,True,False
97404000AH0901,L'Étang-Salé,1460,702,0.481,14.6,A,False,True,False
97404000AH0690,L'Étang-Salé,1683,1133,0.673,45.6,U,True,False,False
97404000AH0640,L'Étang-Salé,2469,1679,0.680,146.8,U,True,False,False
97404000AH0153,L'Étang-Salé,1976,1454,0.736,27.6,U,True,False,False
97404000AH0937,L'Étang-Salé,2388,1958,0.820,52.2,N,True,True,False
97404000AH0736,L'Étang-Salé,2600,1944,0.747,233.7,U,True,False,False
97404000AL1621,L'Étang-Salé,5633,4586,0.814,31.0,A,True,True,False
97404000AL0827,L'Étang-Salé,3076,2358,0.767,26.0,A,True,True,False
97404000AL1350,L'Étang-Salé,1869,1221,0.654,29.7,A,True,True,False
97404000AL1102,L'Étang-Salé,4361,3142,0.720,17.6,A,True,True,False
97404000AL1101,L'Étang-Salé,1543,736,0.477,23.6,A,False,True,False
97404000AL1260,L'Étang-Salé,1121,707,0.631,12.3,A,True,True,False
97404000AM0894,L'Étang-Salé,2461,1712,0.696,76.8,A,True,True,False
97404000AM0608,L'Étang-Salé,3866,3020,0.781,41.5,A,True,True,False
97404000AM0724,L'Étang-Salé,4836,3406,0.704,24.1,U,True,False,False
97404000AM0716,L'Étang-Salé,3168,1913,0.604,21.1,U,True,False,False
97404000AM1140,L'Étang-Salé,2659,1874,0.705,107.6,AUc,True,False,False
97404000AM0486,L'Étang-Salé,4672,3575,0.765,22.2,AUc,True,False,False
97404000AM0721,L'Étang-Salé,4270,1916,0.449,57.8,U,False,False,False
97404000AM0689,L'Étang-Salé,3266,2535,0.776,55.9,U,True,False,False
97404000AM0649,L'Étang-Salé,1815,1219,0.672,25.9,A,True,True,False
97404000AM0147,L'Étang-Salé,1658,616,0.371,23.6,A,False,True,False
97404000AN0316,L'Étang-Salé,4151,2771,0.668,125.1,U,True,False,False
97404000AR0371,L'Étang-Salé,3703,3156,0.852,28.9,N,True,True,False
97404000AR0166,L'Étang-Salé,1321,785,0.594,46.7,N,True,True,False
97404000AS0082,L'Étang-Salé,1334,926,0.694,54.9,U,True,False,False
97404000AT0122,L'Étang-Salé,1915,1476,0.771,15.0,U,True,False,False
97404000AV0016,L'Étang-Salé,4421,3501,0.792,78.2,U,True,False,False
97404000AV0031,L'Étang-Salé,1068,651,0.609,37.1,U,True,False,False
97404000AC0519,L'Étang-Salé,4275,3628,0.849,93.2,A,True,True,False
97404000AC0255,L'Étang-Salé,4961,4210,0.849,77.3,N,True,True,False
97404000AC0942,L'Étang-Salé,1774,1261,0.711,30.8,A,True,True,False
97404000AC0858,L'Étang-Salé,1708,1289,0.755,12.2,A,True,True,False
97404000AC1298,L'Étang-Salé,4537,3873,0.854,118.3,A,True,True,False
97404000AC0300,L'Étang-Salé,1896,1376,0.726,20.2,U,True,False,False
97404000AC0769,L'Étang-Salé,1961,1544,0.788,323.3,U,True,False,False
97404000AC0295,L'Étang-Salé,2758,1980,0.718,151.0,U,True,False,False
97404000AC0423,L'Étang-Salé,3233,2763,0.855,70.8,A,True,True,False
97404000AC0528,L'Étang-Salé,1642,1242,0.756,87.3,U,True,False,False
97404000AC1268,L'Étang-Salé,2199,1521,0.692,56.5,A,True,True,False
97404000AC0532,L'Étang-Salé,2614,1854,0.710,90.2,U,True,False,False
97404000AC0083,L'Étang-Salé,1550,1145,0.739,65.3,A,True,True,False
97404000AC0264,L'Étang-Salé,3690,3012,0.816,125.1,A,True,True,False
97404000AC1213,L'Étang-Salé,5332,4658,0.874,71.2,A,True,True,False
97404000AC0206,L'Étang-Salé,3461,3038,0.878,78.3,A,True,True,False
97404000AC0679,L'Étang-Salé,2424,1996,0.823,71.9,A,True,True,False
97404000AD1283,L'Étang-Salé,4978,4279,0.860,88.5,A,True,True,False
97404000AD0896,L'Étang-Salé,1783,1350,0.757,60.0,U,True,False,False
97404000AD1262,L'Étang-Salé,2452,1945,0.793,122.1,A,True,True,False
97404000AD0962,L'Étang-Salé,2188,1577,0.721,105.9,U,True,False,False
97404000AE0737,L'Étang-Salé,4115,3550,0.863,213.8,A,True,True,False
97404000AE0744,L'Étang-Salé,2193,1741,0.794,18.1,U,True,False,False
97401000AI0643,Les Avirons,4184,2801,0.670,150.9,A,True,True,False
97401000AI1046,Les Avirons,5308,4447,0.838,13.1,U,True,False,False
97401000AI0392,Les Avirons,2579,2169,0.841,23.4,A,True,True,False
97401000AH0168,Les Avirons,5756,5234,0.909,551.0,A,True,True,False
97401000AH0208,Les Avirons,5884,5297,0.900,141.1,A,True,True,False
97401000AH0034,Les Avirons,3286,2712,0.825,24.5,A,True,True,False
97401000AH0232,Les Avirons,2789,2371,0.850,18.1,A,True,True,False
97401000AI0581,Les Avirons,3907,3136,0.803,273.2,U,True,False,False
97401000AI0635,Les Avirons,2554,2141,0.838,163.8,AUc,True,False,False
97401000AI1133,Les Avirons,2654,2058,0.775,204.0,U,True,False,False
97401000AI0424,Les Avirons,2603,2022,0.777,56.0,A,True,True,False
97401000AI0527,Les Avirons,1719,1193,0.694,226.5,U,True,False,False
97401000AI0980,Les Avirons,1512,1033,0.683,48.7,U,True,False,False
97401000AI0990,Les Avirons,1779,1297,0.729,76.9,U,True,False,False
97401000AM0836,Les Avirons,3237,2555,0.789,79.3,U,True,False,False
97401000AM1044,Les Avirons,2229,1608,0.722,136.9,N,True,True,False
97401000AM1166,Les Avirons,1768,1354,0.766,131.6,N,True,True,False
97401000AM1640,Les Avirons,1699,1173,0.690,116.1,U,True,False,False
97401000AN0819,Les Avirons,1200,798,0.665,38.4,U,True,False,False
97401000AN1047,Les Avirons,2831,2317,0.818,88.0,N,True,True,False
97401000AN0985,Les Avirons,1522,1043,0.685,74.9,U,True,False,False
97401000AN1282,Les Avirons,2941,2219,0.754,233.0,A,True,True,False
97401000AN0593,Les Avirons,2651,2089,0.788,18.9,AUc,True,False,False
97401000AN1077,Les Avirons,1662,1262,0.759,51.2,A,True,True,False
97401000AN1287,Les Avirons,2007,1594,0.794,28.0,N,True,True,False
97401000AO0858,Les Avirons,3816,3321,0.870,119.6,U,True,False,False
97401000AO0765,Les Avirons,2610,1979,0.758,29.4,U,True,False,False
97401000AO0486,Les Avirons,2915,2115,0.726,19.4,A,True,True,False
97401000AO0655,Les Avirons,2265,1777,0.785,27.0,A,True,True,False
97401000AO0484,Les Avirons,2727,1983,0.727,21.2,A,True,True,False
97401000AO0279,Les Avirons,2022,1481,0.732,336.4,A,True,True,False
97401000AP0177,Les Avirons,3763,2727,0.725,13.7,A,True,True,False
97401000AP0574,Les Avirons,1672,1179,0.705,71.5,A,True,True,False
97401000AP0971,Les Avirons,2124,1504,0.708,27.3,N,True,True,False
97401000AP1020,Les Avirons,1753,1334,0.761,18.5,A,True,True,False
97401000AP1043,Les Avirons,3587,3071,0.856,189.9,A,True,True,False
97401000AP0316,Les Avirons,2472,2033,0.822,54.8,A,True,True,False
97401000AI0503,Les Avirons,3186,2760,0.866,67.1,A,True,True,False
97401000AL0367,Les Avirons,5693,5076,0.892,79.8,A,True,True,False
97401000AL0208,Les Avirons,5604,5001,0.892,183.4,A,True,True,False
97401000AL0003,Les Avirons,5465,4853,0.888,52.4,N,True,True,False
97401000AL0472,Les Avirons,4082,3366,0.825,259.2,A,True,True,False
97401000AL0189,Les Avirons,5008,3920,0.783,18.4,U,True,False,False
97401000AL0398,Les Avirons,2119,1620,0.764,72.1,A,True,True,False
97401000AL0528,Les Avirons,3413,2740,0.803,77.6,U,True,False,False
97401000AL0625,Les Avirons,1884,1439,0.764,35.3,U,True,False,False
97401000AL0624,Les Avirons,1843,1393,0.755,379.2,U,True,False,False
97401000AM0772,Les Avirons,3780,3108,0.822,278.5,U,True,False,False
97401000AM1706,Les Avirons,2852,2323,0.815,123.4,U,True,False,False
97401000AM0536,Les Avirons,1523,1063,0.698,21.9,U,True,False,False
97401000AM0029,Les Avirons,4081,3437,0.842,13.9,U,True,False,False
97401000AM0550,Les Avirons,1345,892,0.663,56.7,U,True,False,False
97401000AM0359,Les Avirons,1110,703,0.633,103.6,U,True,False,False
97401000AM1420,Les Avirons,3705,2856,0.771,96.6,A,True,True,False
97401000AR0483,Les Avirons,5466,4262,0.780,20.6,A,True,True,False
97401000AR0392,Les Avirons,3597,2917,0.811,64.7,A,True,True,False
97401000AR0240,Les Avirons,3775,2517,0.667,135.7,U,True,False,False
97401000AR0177,Les Avirons,4045,3451,0.853,74.4,N,True,True,False
97401000AR1033,Les Avirons,3382,2674,0.791,265.1,A,True,True,False
97401000AR0589,Les Avirons,2558,2035,0.795,216.5,U,True,False,False
97401000AR1456,Les Avirons,1614,1110,0.688,113.1,A,True,True,False
97401000AR1196,Les Avirons,2083,1654,0.794,18.4,U,True,False,False
97401000AR1194,Les Avirons,2474,2038,0.824,60.0,U,True,False,False
97401000AR1110,Les Avirons,5695,5223,0.917,469.1,A,True,True,False
97401000AR0588,Les Avirons,3580,2535,0.708,177.8,A,True,True,False
97401000AR0179,Les Avirons,4882,3409,0.698,402.8,N,True,True,False
97401000AR1386,Les Avirons,1532,1079,0.704,87.8,N,True,True,False
97401000AS0235,Les Avirons,1802,1207,0.670,17.1,U,True,False,False
97401000AS0696,Les Avirons,2281,1712,0.750,27.6,U,True,False,False
97401000AS0684,Les Avirons,2421,1737,0.717,46.5,A,True,True,False
97401000AS0813,Les Avirons,2084,1642,0.788,27.2,U,True,False,False
97401000AS0839,Les Avirons,1925,1396,0.725,103.5,U,True,False,False
97401000AS0956,Les Avirons,3794,2870,0.756,106.2,U,True,False,False
97401000AS0109,Les Avirons,1691,1042,0.616,51.9,U,True,False,False
97401000AS0802,Les Avirons,1760,1296,0.737,77.6,U,True,False,False
97401000AS0804,Les Avirons,2071,1637,0.790,135.5,U,True,False,False
97401000AT0710,Les Avirons,5971,5198,0.871,131.4,U,True,False,False
97401000AT0540,Les Avirons,5385,4165,0.773,49.2,U,True,False,False
97401000AT0721,Les Avirons,2356,1666,0.707,76.0,U,True,False,False
97401000AT0105,Les Avirons,3079,2665,0.866,19.4,N,True,True,False
97401000AT0256,Les Avirons,2767,2299,0.831,19.1,N,True,True,False
97401000AT0024,Les Avirons,3287,2762,0.840,129.3,N,True,True,False
97401000AN0601,Les Avirons,2146,1603,0.747,45.0,N,True,True,False
97401000AO0451,Les Avirons,3697,2997,0.811,86.0,A,True,True,False
97401000AO0514,Les Avirons,3627,3124,0.861,32.6,A,True,True,False
97401000AO0515,Les Avirons,3380,2930,0.867,44.8,A,True,True,False
97401000AO0467,Les Avirons,2164,1693,0.783,58.7,A,True,True,False
97401000AP1241,Les Avirons,5080,3539,0.697,56.7,A,True,True,False
97401000AP0690,Les Avirons,4289,3879,0.905,21.2,A,True,True,False
97401000AP0161,Les Avirons,4674,4095,0.876,90.1,A,True,True,False
97401000AP0158,Les Avirons,4526,3888,0.859,108.1,A,True,True,False
97401000AP0425,Les Avirons,3583,2562,0.715,71.3,A,True,True,False
97401000AP0414,Les Avirons,3592,3057,0.851,32.7,A,True,True,False
97401000AP0951,Les Avirons,1462,924,0.632,23.2,N,True,True,False
97401000AP0970,Les Avirons,3302,2314,0.701,55.4,U,True,False,False
97401000AP0870,Les Avirons,1969,1512,0.768,160.8,U,True,False,False
97401000AP0438,Les Avirons,3591,3158,0.879,37.3,A,True,True,False
97401000AP0833,Les Avirons,2264,1828,0.807,170.2,A,True,True,False
97401000AP0832,Les Avirons,2121,1664,0.785,81.5,A,True,True,False
97401000AP1084,Les Avirons,3195,2153,0.674,181.5,A,True,True,False
97401000AP0845,Les Avirons,3133,2452,0.783,140.5,N,True,True,False
97401000AP1082,Les Avirons,2506,1981,0.790,110.6,A,True,True,False
97401000AP1081,Les Avirons,2584,2160,0.836,232.5,A,True,True,False
97401000AP0555,Les Avirons,3766,2489,0.661,138.9,A,True,True,False
97401000AP0267,Les Avirons,2958,2271,0.768,47.3,U,True,False,False
97401000AP0923,Les Avirons,3419,2741,0.802,18.2,U,True,False,False
97401000AD0875,Les Avirons,3380,2781,0.823,200.0,A,True,True,False
97401000AD0237,Les Avirons,4834,4174,0.863,255.0,A,True,True,False
97401000AD1006,Les Avirons,1780,1311,0.736,121.7,U,True,False,False
97401000AD0880,Les Avirons,3444,2634,0.765,84.1,A,True,True,False
97401000AD1211,Les Avirons,2997,2566,0.856,216.2,A,True,True,False
97401000AD1310,Les Avirons,1475,1069,0.724,158.0,U,True,False,False
97401000AD1051,Les Avirons,1509,1067,0.707,125.9,U,True,False,False
97401000AD0016,Les Avirons,5013,4493,0.896,96.0,A,True,True,False
97421000AB0212,Salazie,1965,1558,0.793,15.0,A,True,True,False
97421000AZ0218,Salazie,1448,814,0.562,16.6,U,True,False,False
97421000AE0065,Salazie,5750,4828,0.840,275.3,N,True,True,False
97421000AB0109,Salazie,4580,4100,0.895,24.9,A,True,True,False
97421000AB0361,Salazie,3766,3034,0.806,55.8,N,True,True,False
97421000AB0359,Salazie,2261,1765,0.781,13.3,N,True,True,False
97421000AB0210,Salazie,1944,1380,0.710,15.8,A,True,True,False
97421000AB0387,Salazie,3017,2547,0.844,19.2,A,True,True,False
97421000AB0018,Salazie,5579,4842,0.868,33.5,A,True,True,False
97421000AB0336,Salazie,1732,1220,0.704,42.1,A,True,True,False
97421000AC0007,Salazie,5985,5107,0.853,28.7,N,True,True,False
97421000AC0264,Salazie,5457,3235,0.593,125.1,A,True,True,False
97421000AC0122,Salazie,3880,3073,0.792,15.7,N,True,True,False
97421000AC0047,Salazie,5080,4100,0.807,88.2,A,True,True,False
97421000AC0151,Salazie,1551,1024,0.660,33.9,N,True,True,False
97421000AC0251,Salazie,3178,2483,0.781,25.7,U,True,False,False
97421000AE0230,Salazie,3482,3040,0.873,42.0,N,True,True,False
97421000AI0147,Salazie,2011,1465,0.729,22.4,U,True,False,False
97421000AI0214,Salazie,1936,1507,0.779,50.1,U,True,False,False
97421000AI0475,Salazie,1829,1114,0.609,32.2,U,True,False,False
97421000AI0209,Salazie,1658,799,0.482,13.5,U,False,False,False
97421000AI0213,Salazie,1511,711,0.471,13.2,U,False,False,False
97421000AK0271,Salazie,3764,2942,0.782,61.0,U,True,False,False
97421000AK0204,Salazie,2763,2312,0.837,56.0,N,True,True,False
97421000AK0155,Salazie,2866,2017,0.704,17.5,N,True,True,False
97421000AK0198,Salazie,2039,1306,0.641,35.9,N,True,True,False
97421000AK0266,Salazie,2393,1898,0.793,15.8,A,True,True,False
97421000AK0043,Salazie,4181,3579,0.856,40.1,N,True,True,False
97421000AK0466,Salazie,2331,1926,0.826,19.5,N,True,True,False
97421000AK0243,Salazie,1300,887,0.682,20.3,U,True,False,False
97421000AK0244,Salazie,1616,1155,0.715,145.8,AUc,True,False,False
97421000AK0403,Salazie,2958,2250,0.761,69.7,A,True,True,False
97421000AK0411,Salazie,1715,1251,0.729,48.9,A,True,True,False
97421000AL0361,Salazie,5411,4371,0.808,51.3,U,True,False,False
97421000AL0262,Salazie,1995,1570,0.787,70.3,U,True,False,False
97421000AL0238,Salazie,1502,976,0.650,55.8,U,True,False,False
97421000AL0430,Salazie,5021,4144,0.825,14.1,U,True,False,False
97421000AL0313,Salazie,2151,1727,0.803,17.9,U,True,False,False
97421000AL0322,Salazie,5161,4525,0.877,33.0,N,True,True,False
97421000AL0622,Salazie,1215,701,0.577,35.7,U,True,False,False
97421000AL0312,Salazie,2999,2270,0.757,99.7,U,True,False,False
97421000AL0602,Salazie,2176,1589,0.730,146.3,N,True,True,False
97421000AL0023,Salazie,2212,1666,0.753,173.2,AUc,True,False,False
97421000AL0349,Salazie,2550,1757,0.689,72.5,U,True,False,False
97421000AL0215,Salazie,3169,2469,0.779,12.1,A,True,True,False
97421000AL0625,Salazie,1696,1185,0.699,173.4,AUc,True,False,False
97421000AL0007,Salazie,3373,2837,0.841,12.0,A,True,True,False
97421000AL0278,Salazie,4289,3734,0.871,24.0,A,True,True,False
97421000AL0152,Salazie,3330,2209,0.663,225.6,AUc,True,False,False
97421000AL0580,Salazie,1803,1309,0.726,12.0,AUc,True,False,False
97421000AN0173,Salazie,3354,2882,0.859,19.0,A,True,True,False
97421000AN0177,Salazie,3935,1836,0.466,25.4,A,False,True,False
97421000AN0169,Salazie,2042,1495,0.732,69.8,A,True,True,False
97421000AN0165,Salazie,1943,1169,0.602,63.7,A,True,True,False
97421000AN0458,Salazie,2016,943,0.468,41.4,A,False,True,False
97421000AN0459,Salazie,4976,3604,0.724,98.0,A,True,True,False
97421000AN0395,Salazie,5498,4711,0.857,24.1,A,True,True,False
97421000AN0393,Salazie,2099,1485,0.707,12.3,N,True,True,False
97421000AP0441,Salazie,1214,767,0.632,49.8,U,True,False,False
97421000AP0170,Salazie,3506,2225,0.635,31.8,A,True,True,False
97421000AP0134,Salazie,3519,2685,0.763,87.3,N,True,True,False
97421000AP0228,Salazie,2273,1593,0.701,34.7,U,True,False,False
97421000AP0133,Salazie,2828,1957,0.692,20.9,U,True,False,False
97421000AT0110,Salazie,2186,1605,0.734,158.2,A,True,True,False
97421000AV0459,Salazie,1318,831,0.631,49.3,U,True,False,False
97421000AV0807,Salazie,1665,1168,0.701,57.1,U,True,False,False
97421000AV0856,Salazie,1410,953,0.676,58.5,U,True,False,False
97421000AV0961,Salazie,2234,1376,0.616,144.7,U,True,False,False
97421000AV0126,Salazie,3877,2622,0.676,40.6,U,True,False,False
97421000AV0283,Salazie,1444,902,0.625,38.8,U,True,False,False
97421000AY0030,Salazie,3950,2599,0.658,154.9,U,True,False,False
97421000AY0142,Salazie,2818,2344,0.832,51.4,N,True,True,False
97421000AY0224,Salazie,4553,4033,0.886,136.5,U,True,False,False
97421000AY0319,Salazie,3286,2736,0.833,32.7,AUc,True,False,False
97421000AY0199,Salazie,3144,2370,0.754,16.1,N,True,True,False
97421000AZ0096,Salazie,3432,2912,0.848,71.5,N,True,True,False
97421000AZ0023,Salazie,4026,2534,0.629,132.8,N,True,True,False
97421000AZ0091,Salazie,3439,2673,0.777,32.5,A,True,True,False
97421000AZ0219,Salazie,1828,1353,0.740,61.9,A,True,True,False
97421000AZ0123,Salazie,1569,1003,0.639,38.0,N,True,True,False
97421000AZ0239,Salazie,2656,2127,0.801,69.7,A,True,True,False
97421000AZ0238,Salazie,2965,1610,0.543,12.5,A,True,True,False
97421000AZ0117,Salazie,3705,2548,0.688,31.6,A,True,True,False
97421000AZ0052,Salazie,3910,2764,0.707,16.3,A,True,True,False
97421000BC0311,Salazie,2045,1273,0.623,177.4,U,True,False,False
97421000BC0192,Salazie,3612,2280,0.631,35.9,U,True,False,False
97421000BC0140,Salazie,3491,2700,0.773,53.4,U,True,False,False
97421000BC0353,Salazie,3588,2258,0.629,22.9,U,True,False,False
97421000BC0101,Salazie,3458,2382,0.689,42.9,U,True,False,False
97421000BC0212,Salazie,4555,3938,0.865,89.6,U,True,False,False
97421000BC0423,Salazie,4677,3962,0.847,67.1,A,True,True,False
97421000BC0248,Salazie,1073,614,0.572,45.0,U,True,False,False
97421000BC0375,Salazie,1676,1249,0.745,13.4,U,True,False,False
97421000BC0147,Salazie,2126,1431,0.673,13.8,U,True,False,False
97421000BC0155,Salazie,2014,1568,0.778,12.0,N,True,True,False
97421000BD0327,Salazie,2483,1890,0.761,21.4,A,True,True,False
97421000BD0233,Salazie,4605,4130,0.897,49.2,A,True,True,False
97421000BD0057,Salazie,5098,4039,0.792,140.9,N,True,True,False
97421000BD0002,Salazie,3199,2760,0.863,22.9,U,True,False,False
97421000BD0303,Salazie,1923,624,0.324,17.1,U,False,False,False
97421000BD0009,Salazie,3416,2934,0.859,12.8,AUc,True,False,False
97421000BD0389,Salazie,2469,1590,0.644,78.8,U,True,False,False
97421000BD0238,Salazie,2132,1473,0.691,14.4,U,True,False,False
97421000BD0347,Salazie,1198,751,0.627,109.6,U,True,False,False
97421000BD0476,Salazie,2473,1614,0.653,55.9,U,True,False,False
97421000BD0421,Salazie,2147,1254,0.584,64.2,A,True,True,False
97421000BD0430,Salazie,3902,2870,0.736,39.8,A,True,True,False
97421000BD0490,Salazie,4998,4286,0.858,48.3,A,True,True,False
97421000BD0487,Salazie,1319,816,0.618,19.2,A,True,True,False
97421000BE0126,Salazie,2844,2369,0.833,79.4,U,True,False,False
97421000BE0201,Salazie,2901,2494,0.860,26.8,N,True,True,False
97421000BE0124,Salazie,3681,3049,0.828,55.4,U,True,False,False
97421000BE0125,Salazie,4385,2849,0.650,51.5,U,True,False,False
97421000BE0180,Salazie,4358,3295,0.756,14.5,A,True,True,False
97421000BE0082,Salazie,1229,739,0.601,68.2,AUc,True,False,False
97421000BE0045,Salazie,3981,3383,0.850,36.8,AUc,True,False,False
97421000BE0210,Salazie,5442,4632,0.851,59.1,A,True,True,False
97421000BM0035,Salazie,2669,1943,0.728,49.9,A,True,True,False
97421000BM0150,Salazie,4755,3895,0.819,13.6,A,True,True,False
97421000BM0341,Salazie,5599,3951,0.706,69.9,A,True,True,False
97421000BM0573,Salazie,3115,2085,0.669,24.5,A,True,True,False
97421000BM0541,Salazie,1519,1024,0.674,23.2,A,True,True,False
97421000BM0195,Salazie,2453,2002,0.816,60.0,A,True,True,False
97421000BM0583,Salazie,3265,2432,0.745,61.1,U,True,False,False
97421000BM0584,Salazie,2681,2177,0.812,47.9,A,True,True,False
97421000BM0381,Salazie,5676,3980,0.701,52.2,A,True,True,False
97421000BM0605,Salazie,1483,1079,0.727,37.6,U,True,False,False
97421000BM0521,Salazie,1564,908,0.581,28.9,A,True,True,False
97421000BM0478,Salazie,1659,1152,0.695,20.5,A,True,True,False
97421000BM0348,Salazie,3197,2325,0.727,18.8,A,True,True,False
97421000BN0231,Salazie,4650,2328,0.501,17.8,A,True,True,False
97421000BN0131,Salazie,2775,1620,0.584,103.1,A,True,True,False
97421000BN0524,Salazie,2879,2247,0.781,42.2,AUc,True,False,False
97421000BN0320,Salazie,2312,1778,0.769,31.0,A,True,True,False
97421000BN0311,Salazie,3111,2368,0.761,50.6,A,True,True,False
97421000BN0306,Salazie,4199,3248,0.773,25.4,A,True,True,False
97421000BN0437,Salazie,1725,981,0.569,31.7,A,True,True,False
97421000BN0313,Salazie,3153,1870,0.593,31.5,A,True,True,False
97421000BN0332,Salazie,1695,1080,0.637,35.1,A,True,True,False
97421000BN0258,Salazie,4905,3913,0.798,64.2,A,True,True,False
97421000BN0406,Salazie,4781,3101,0.649,39.3,A,True,True,False
97421000BN0483,Salazie,2441,1565,0.641,49.2,A,True,True,False
97421000BN0376,Salazie,5413,3880,0.717,50.1,A,True,True,False
97421000BN0117,Salazie,3198,1612,0.504,21.6,A,True,True,False
97421000BN0080,Salazie,2879,1703,0.591,62.4,A,True,True,False
97421000BN0300,Salazie,2471,1350,0.547,83.8,A,True,True,False
97421000BN0272,Salazie,4824,3380,0.701,35.1,A,True,True,False
97421000BN0228,Salazie,3633,2788,0.767,29.9,A,True,True,False
97421000BN0144,Salazie,3513,2801,0.797,38.8,N,True,True,False
97421000BN0240,Salazie,2232,1459,0.654,28.7,A,True,True,False
97421000BN0234,Salazie,2382,1579,0.663,18.2,A,True,True,False
97421000BO0551,Salazie,4201,3717,0.885,35.4,U,True,False,False
97421000BO0263,Salazie,4014,3290,0.820,20.6,AUc,True,False,False
97421000BO0105,Salazie,5679,4538,0.799,57.0,U,True,False,False
97421000BO0182,Salazie,2276,1688,0.741,104.0,N,True,True,False
97421000BO0372,Salazie,2674,1806,0.675,145.4,U,True,False,False
97421000BO0296,Salazie,1392,981,0.705,65.5,U,True,False,False
97421000BO0277,Salazie,2694,1799,0.668,118.2,N,True,True,False
97421000BO0198,Salazie,5328,4439,0.833,66.3,N,True,True,False
97421000BO0196,Salazie,2540,1719,0.677,74.7,N,True,True,False
97421000BO0297,Salazie,2097,1692,0.807,49.5,U,True,False,False
97421000BO0298,Salazie,1817,1253,0.690,90.2,U,True,False,False
97421000BO0653,Salazie,1853,1393,0.752,203.3,U,True,False,False
97421000BO0081,Salazie,4105,3669,0.894,68.9,A,True,True,False
97421000BO0173,Salazie,4161,3665,0.881,41.0,U,True,False,False
97421000BO0270,Salazie,5023,1634,0.325,109.8,A,False,True,False
97421000BO0707,Salazie,1729,1182,0.684,16.0,U,True,False,False
97421000BO0659,Salazie,3354,2236,0.667,19.9,U,True,False,False
97421000BO0267,Salazie,3946,2770,0.702,13.4,U,True,False,False
97421000BO0228,Salazie,3065,2181,0.712,68.2,A,True,True,False
97421000BO0302,Salazie,2060,1540,0.748,79.9,A,True,True,False
97421000BP0011,Salazie,5022,4224,0.841,98.7,A,True,True,False
97421000BP0200,Salazie,2856,2164,0.758,21.6,A,True,True,False
97421000BP0210,Salazie,5866,5246,0.894,291.5,A,True,True,False
97421000BP0130,Salazie,4929,1964,0.399,83.8,A,False,True,False
97421000BP0065,Salazie,3550,2787,0.785,36.9,A,True,True,False
97421000AC0154,Salazie,5213,1865,0.358,37.4,U,False,False,False
97421000AC0071,Salazie,2947,2382,0.808,41.4,A,True,True,False
97421000AC0058,Salazie,3818,3145,0.824,19.6,A,True,True,False
97421000AC0259,Salazie,4160,2908,0.699,32.1,A,True,True,False
97421000AC0398,Salazie,2086,1431,0.686,33.5,A,True,True,False
97421000AC0374,Salazie,3418,2821,0.825,13.5,N,True,True,False
97421000AC0209,Salazie,3266,2818,0.863,47.7,N,True,True,False
97421000AC0272,Salazie,2578,1933,0.750,19.4,A,True,True,False
97421000AC0270,Salazie,2453,1831,0.746,18.8,A,True,True,False
97421000AC0265,Salazie,3223,2531,0.785,41.3,A,True,True,False
97421000AE0221,Salazie,5558,4958,0.892,16.2,A,True,True,False
97421000AM0235,Salazie,4010,3581,0.893,53.3,N,True,True,False
97421000AM0250,Salazie,2584,2183,0.845,22.7,N,True,True,False
97421000AN0345,Salazie,3296,2682,0.814,63.1,A,True,True,False
97421000AN0346,Salazie,3621,2582,0.713,231.3,A,True,True,False
97421000AP0232,Salazie,4342,3092,0.712,22.1,U,True,False,False
97421000AP0051,Salazie,5840,4357,0.746,61.3,AUc,True,False,False
97421000AP0128,Salazie,4848,3821,0.788,28.2,A,True,True,False
97421000AP0046,Salazie,2295,1279,0.557,69.3,A,True,True,False
97421000AP0022,Salazie,4762,4167,0.875,115.1,U,True,False,False
97421000AP0510,Salazie,2179,1519,0.697,66.4,AUc,True,False,False
97421000AR0047,Salazie,4205,2996,0.712,18.9,A,True,True,False
97421000AR0021,Salazie,4640,3925,0.846,18.1,A,True,True,False
97421000AR0094,Salazie,4011,2311,0.576,67.5,A,True,True,False
97421000AS0146,Salazie,3469,3010,0.868,22.0,A,True,True,False
97421000AT0030,Salazie,4376,3879,0.886,169.0,A,True,True,False
97421000AT0154,Salazie,3373,2298,0.681,105.3,A,True,True,False
97421000AT0192,Salazie,1493,889,0.596,98.0,A,True,True,False
97421000AT0243,Salazie,5456,4955,0.908,17.8,A,True,True,False
97421000AT0016,Salazie,4775,3799,0.796,62.7,A,True,True,False
97421000AT0017,Salazie,1595,1145,0.717,17.6,A,True,True,False
97421000AT0151,Salazie,5606,4886,0.872,118.8,A,True,True,False
97421000AT0051,Salazie,2920,2066,0.708,14.6,N,True,True,False
97421000AV0604,Salazie,3919,3107,0.793,166.5,A,True,True,False
97421000AV1044,Salazie,3574,3026,0.847,30.9,A,True,True,False
97421000AV1321,Salazie,2040,1257,0.616,41.7,A,True,True,False
97421000AV0981,Salazie,5027,3386,0.674,74.7,U,True,False,False
97421000AV0980,Salazie,3753,2719,0.724,74.1,U,True,False,False
97421000AV0835,Salazie,1670,1161,0.695,16.4,A,True,True,False
97421000AV0259,Salazie,3104,2531,0.815,26.7,U,True,False,False
97421000AV0364,Salazie,1703,1138,0.668,93.0,U,True,False,False
97421000AV0268,Salazie,2453,1940,0.791,50.2,A,True,True,False
97421000AV0385,Salazie,1484,987,0.665,24.5,U,True,False,False
97421000AX0138,Salazie,4351,3531,0.812,67.3,N,True,True,False
97421000AX0068,Salazie,1307,862,0.660,30.9,A,True,True,False
97421000AX0071,Salazie,4180,3197,0.765,16.8,A,True,True,False
97421000AX0094,Salazie,3251,2222,0.683,23.0,A,True,True,False
97421000AX0175,Salazie,1355,864,0.638,65.5,A,True,True,False
97421000AY0157,Salazie,3979,2558,0.643,90.7,U,True,False,False
97421000AY0084,Salazie,1713,1006,0.587,78.3,U,True,False,False
97421000AZ0167,Salazie,2179,1722,0.790,83.7,U,True,False,False
97421000AZ0223,Salazie,1489,777,0.522,30.5,U,True,False,False
97421000AZ0113,Salazie,1891,1416,0.749,66.5,U,True,False,False
97421000AZ0109,Salazie,3096,1786,0.577,118.3,N,True,True,False
97421000AZ0270,Salazie,1970,1259,0.639,58.5,N,True,True,False
97421000AE0030,Salazie,3173,2694,0.849,139.7,N,True,True,False
97421000AE0269,Salazie,2784,2327,0.836,49.3,N,True,True,False
97421000AE0107,Salazie,3374,2626,0.778,15.4,A,True,True,False
97421000AE0274,Salazie,2453,1937,0.790,159.0,A,True,True,False
97421000AH0537,Salazie,2960,2092,0.707,12.8,U,True,False,False
97421000AH0133,Salazie,2622,2142,0.817,41.6,N,True,True,False
97421000AH0181,Salazie,3298,2363,0.716,19.9,A,True,True,False
97421000AH0182,Salazie,3080,2623,0.852,24.7,A,True,True,False
97421000AH0070,Salazie,3733,2941,0.788,21.9,U,True,False,False
97421000AH0035,Salazie,3149,2470,0.785,89.1,N,True,True,False
97421000AH0505,Salazie,2813,1773,0.630,64.0,U,True,False,False
97421000AH0517,Salazie,2371,1931,0.814,74.3,U,True,False,False
97421000AH0125,Salazie,2639,1916,0.726,27.9,N,True,True,False
97421000AH0255,Salazie,3995,3333,0.834,72.5,N,True,True,False
97421000AH0028,Salazie,5861,4968,0.848,26.3,N,True,True,False
97421000AH0442,Salazie,2796,1951,0.698,122.5,U,True,False,False
97421000AH0443,Salazie,2423,1718,0.709,50.2,U,True,False,False
97421000AH0350,Salazie,3644,2880,0.790,94.3,U,True,False,False
97421000AH0582,Salazie,1826,1319,0.722,99.5,U,True,False,False
97421000AI0093,Salazie,4258,3194,0.750,44.7,N,True,True,False
97421000AI0095,Salazie,3718,3039,0.817,12.3,N,True,True,False
97421000AI0092,Salazie,4033,3469,0.860,12.4,N,True,True,False
97421000AI0096,Salazie,3328,2598,0.781,12.3,N,True,True,False
97421000AI0097,Salazie,3088,2290,0.742,12.0,N,True,True,False
97421000AI0098,Salazie,4439,3619,0.815,12.1,N,True,True,False
97421000AI0090,Salazie,4531,4097,0.904,12.3,N,True,True,False
97421000AI0310,Salazie,2234,1312,0.587,41.5,U,True,False,False
97421000AI0409,Salazie,1593,1167,0.732,131.7,U,True,False,False
97421000AI0107,Salazie,1415,615,0.435,54.9,U,False,False,False
97421000AI0324,Salazie,2675,1922,0.719,20.2,U,True,False,False
97421000AI0325,Salazie,1958,1420,0.725,28.7,U,True,False,False
97421000AI0413,Salazie,1242,823,0.663,80.7,U,True,False,False
97421000AM0272,Salazie,2621,2215,0.845,17.7,N,True,True,False
97421000AM0305,Salazie,2224,1781,0.800,18.5,N,True,True,False
97424000AC0350,Cilaos,3702,2616,0.707,90.2,U,True,False,False
97424000AC0877,Cilaos,2803,2331,0.831,93.6,U,True,False,False
97424000AC0780,Cilaos,1826,1350,0.740,126.3,A,True,True,False
97424000AD0069,Cilaos,2446,1689,0.690,158.6,N,True,True,False
97424000AE2403,Cilaos,4064,3605,0.887,16.8,AUc,True,False,False
97424000AE0753,Cilaos,3151,2112,0.670,170.3,U,True,False,False
97424000AE0121,Cilaos,4799,4327,0.902,150.8,U,True,False,False
97424000AE2203,Cilaos,4033,3426,0.849,21.9,U,True,False,False
97424000AE2230,Cilaos,2757,2214,0.803,165.0,U,True,False,False
97424000AE0191,Cilaos,1296,532,0.410,61.4,U,False,False,False
97424000AE1780,Cilaos,1442,840,0.582,26.8,U,True,False,False
97424000AH0773,Cilaos,2084,1277,0.612,21.1,U,True,False,False
97424000AH0293,Cilaos,3101,2354,0.759,50.6,U,True,False,False
97424000AI1132,Cilaos,1408,950,0.675,82.7,U,True,False,False
97424000AI0686,Cilaos,4314,2376,0.551,32.1,U,True,False,False
97424000AI1560,Cilaos,1743,1209,0.694,20.2,U,True,False,False
97424000AI2095,Cilaos,1456,996,0.684,42.5,U,True,False,False
97424000AI1670,Cilaos,1397,897,0.642,18.1,U,True,False,False
97424000AL0191,Cilaos,5520,5118,0.927,240.7,U,True,False,False
97424000AL0619,Cilaos,1451,1034,0.712,60.8,U,True,False,False
97424000AL0719,Cilaos,3355,2811,0.838,118.5,U,True,False,False
97424000AL0053,Cilaos,2328,1896,0.814,26.8,N,True,True,False
97424000AL0756,Cilaos,2864,1386,0.484,329.0,U,False,False,False
97424000AL0247,Cilaos,4761,4017,0.844,24.4,A,True,True,False
97424000AL0688,Cilaos,1541,1074,0.697,12.3,U,True,False,False
97424000AL0373,Cilaos,3278,2700,0.824,172.9,U,True,False,False
97424000AL0518,Cilaos,2395,1618,0.676,113.1,U,True,False,False
97424000AL0372,Cilaos,3443,2518,0.731,94.9,U,True,False,False
97424000AL0399,Cilaos,2366,1889,0.799,12.1,A,True,True,False
97424000AL0026,Cilaos,2630,2130,0.810,53.1,A,True,True,False
97424000AM0384,Cilaos,3443,1913,0.556,26.7,A,True,True,False
97424000AM0541,Cilaos,5363,4824,0.899,12.2,A,True,True,False
97424000AM0506,Cilaos,2321,1377,0.593,19.1,U,True,False,False
97424000AM0150,Cilaos,2471,1960,0.793,18.5,A,True,True,False
97424000AM0054,Cilaos,3709,2932,0.791,179.6,A,True,True,False
97424000AM0055,Cilaos,3979,2419,0.608,103.5,U,True,False,False
97424000AM0071,Cilaos,2398,1821,0.759,13.9,U,True,False,False
97424000AN0135,Cilaos,5853,5317,0.908,206.2,U,True,False,False
97424000AN0236,Cilaos,1885,1326,0.703,86.0,U,True,False,False
97424000AN0034,Cilaos,4194,3686,0.879,27.0,U,True,False,False
97424000AO1204,Cilaos,2503,2044,0.817,65.9,U,True,False,False
97424000AO0693,Cilaos,2864,2093,0.731,113.9,U,True,False,False
97424000AO0594,Cilaos,1016,544,0.536,57.7,U,True,False,False
97424000AO1142,Cilaos,3911,3312,0.847,37.7,U,True,False,False
97424000AO1086,Cilaos,5730,5200,0.907,62.3,A,True,True,False
97424000AO0945,Cilaos,2069,1377,0.666,136.9,AUc,True,False,False
97424000AC0732,Cilaos,1453,885,0.609,25.1,U,True,False,False
97424000AC0907,Cilaos,1982,1472,0.743,36.6,U,True,False,False
97424000AE2225,Cilaos,2436,1837,0.754,40.6,U,True,False,False
97424000AE0932,Cilaos,2034,1474,0.725,32.0,U,True,False,False
97424000AE0173,Cilaos,2052,1161,0.566,29.5,U,True,False,False
97424000AH0579,Cilaos,3395,1951,0.575,47.8,U,True,False,False
97424000AH0040,Cilaos,4081,2821,0.691,166.1,U,True,False,False
97424000AH0865,Cilaos,1361,802,0.589,15.8,U,True,False,False
97424000AH0688,Cilaos,2341,1067,0.456,99.0,U,False,False,False
97424000AI0107,Cilaos,4642,3907,0.842,29.3,A,True,True,False
97424000AI1954,Cilaos,1580,1003,0.635,60.2,U,True,False,False
97424000AI0439,Cilaos,1382,969,0.701,18.2,U,True,False,False
97424000AI0788,Cilaos,1887,1429,0.758,24.0,U,True,False,False
97424000AI0249,Cilaos,1526,1067,0.700,20.0,U,True,False,False
97424000AI1119,Cilaos,2300,1188,0.516,15.4,U,True,False,False
97424000AI1330,Cilaos,2424,1854,0.765,43.7,U,True,False,False
97424000AI1380,Cilaos,2056,1540,0.749,22.9,U,True,False,False
97424000AL0337,Cilaos,5063,4035,0.797,114.9,U,True,False,False
97424000AL0100,Cilaos,2548,1868,0.733,65.0,U,True,False,False
97424000AL0415,Cilaos,3093,2175,0.703,32.2,A,True,True,False
97424000AL0872,Cilaos,3834,2975,0.776,303.0,U,True,False,False
97424000AL1063,Cilaos,1948,1377,0.707,18.5,A,True,True,False
97424000AL0497,Cilaos,4435,4021,0.907,78.5,AUc,True,False,False
97424000AL0494,Cilaos,1968,1478,0.751,112.6,AUc,True,False,False
97424000AL0391,Cilaos,1364,944,0.692,207.3,U,True,False,False
97424000AL0669,Cilaos,3666,3146,0.858,58.3,U,True,False,False
97424000AL0475,Cilaos,4177,3585,0.858,116.6,A,True,True,False
97424000AL1070,Cilaos,4945,4119,0.833,403.9,A,True,True,False
97424000AO0091,Cilaos,1872,1458,0.779,19.7,U,True,False,False
97424000AO0601,Cilaos,1234,716,0.580,59.5,U,True,False,False
97424000AO1308,Cilaos,1960,1558,0.795,57.8,U,True,False,False
97424000AO0121,Cilaos,3981,3248,0.816,153.4,U,True,False,False
97424000AP0482,Cilaos,3621,3135,0.866,50.0,A,True,True,False
97424000AP0226,Cilaos,3594,3068,0.854,165.3,N,True,True,False
97424000AP0487,Cilaos,2055,1563,0.761,25.6,A,True,True,False
97424000AP0486,Cilaos,2568,2025,0.789,26.1,A,True,True,False
97424000AP0433,Cilaos,1560,1159,0.743,33.8,U,True,False,False
97424000AC0883,Cilaos,3185,2691,0.845,46.1,U,True,False,False
97424000AC0734,Cilaos,1935,1504,0.778,22.6,A,True,True,False
97424000AC0704,Cilaos,1452,1014,0.698,14.3,U,True,False,False
97424000AC0939,Cilaos,1250,789,0.631,49.6,U,True,False,False
97424000AC0750,Cilaos,1405,916,0.652,37.8,U,True,False,False
97424000AC0511,Cilaos,1862,1366,0.733,27.7,U,True,False,False
97424000AC0694,Cilaos,1908,1386,0.727,40.3,U,True,False,False
97424000AC0771,Cilaos,1776,1076,0.606,23.6,U,True,False,False
97424000AC0526,Cilaos,1974,1533,0.777,19.6,U,True,False,False
97424000AC0527,Cilaos,2028,1615,0.796,21.8,U,True,False,False
97424000AD0362,Cilaos,2226,1670,0.750,58.5,A,True,True,False
97424000AE1893,Cilaos,2807,1431,0.510,38.4,U,True,False,False
97424000AE0785,Cilaos,2976,2519,0.846,63.2,A,True,True,False
97424000AH0560,Cilaos,1921,1323,0.688,25.8,U,True,False,False
97406000AE0276,La Plaine-des-Palmistes,1154,556,0.481,18.7,U,False,False,False
97406000AE0877,La Plaine-des-Palmistes,2933,2502,0.853,89.9,AUc,True,False,False
97406000AE0278,La Plaine-des-Palmistes,4676,3970,0.849,279.9,U,True,False,False
97406000AE0480,La Plaine-des-Palmistes,1940,1533,0.790,51.3,A,True,True,False
97406000AH0267,La Plaine-des-Palmistes,2173,1707,0.786,20.0,U,True,False,False
97406000AH0104,La Plaine-des-Palmistes,3492,2651,0.759,15.9,U,True,False,False
97406000AI0605,La Plaine-des-Palmistes,5015,3197,0.637,901.1,U,True,False,False
97406000AM0031,La Plaine-des-Palmistes,3349,2865,0.855,299.1,U,True,False,False
97406000AM0269,La Plaine-des-Palmistes,5403,4513,0.835,224.3,U,True,False,False
97406000AM0087,La Plaine-des-Palmistes,2313,1906,0.824,82.3,U,True,False,False
97406000AM0088,La Plaine-des-Palmistes,2732,2304,0.843,61.9,U,True,False,False
97406000AM0190,La Plaine-des-Palmistes,3023,2522,0.834,222.1,U,True,False,False
97406000AM0664,La Plaine-des-Palmistes,4179,3468,0.830,52.0,AUc,True,False,False
97406000AM0137,La Plaine-des-Palmistes,1632,1163,0.713,93.3,U,True,False,False
97406000AN0077,La Plaine-des-Palmistes,5436,4834,0.889,12.3,A,True,True,False
97406000AO0333,La Plaine-des-Palmistes,4206,3542,0.842,68.6,A,True,True,False
97406000AO0332,La Plaine-des-Palmistes,5801,4949,0.853,103.7,A,True,True,False
97406000AP0153,La Plaine-des-Palmistes,2137,1352,0.633,98.3,U,True,False,False
97406000AP0154,La Plaine-des-Palmistes,2687,1823,0.679,148.4,U,True,False,False
97406000AR0150,La Plaine-des-Palmistes,4480,4048,0.903,78.6,U,True,False,False
97406000AR0238,La Plaine-des-Palmistes,3329,2686,0.807,203.5,U,True,False,False
97406000AR0020,La Plaine-des-Palmistes,3890,3449,0.886,27.8,U,True,False,False
97406000AT0845,La Plaine-des-Palmistes,3186,2786,0.874,331.8,U,True,False,False
97406000AT0299,La Plaine-des-Palmistes,2573,2125,0.826,123.8,U,True,False,False
97406000AT0227,La Plaine-des-Palmistes,2441,2007,0.822,104.3,N,True,True,False
97406000AT0304,La Plaine-des-Palmistes,1714,1285,0.750,16.1,U,True,False,False
97406000AT0826,La Plaine-des-Palmistes,1742,1231,0.707,106.3,U,True,False,False
97406000AT0131,La Plaine-des-Palmistes,1951,1510,0.774,72.5,U,True,False,False
97406000AV0725,La Plaine-des-Palmistes,2835,2268,0.800,18.3,U,True,False,False
97406000AV1213,La Plaine-des-Palmistes,3160,2591,0.820,21.6,U,True,False,False
97406000AV1226,La Plaine-des-Palmistes,3363,2442,0.726,169.8,U,True,False,False
97406000AV0018,La Plaine-des-Palmistes,1605,1006,0.627,67.1,U,True,False,False
97406000AV0180,La Plaine-des-Palmistes,4175,3439,0.824,213.3,U,True,False,False
97406000AV0324,La Plaine-des-Palmistes,2063,1597,0.774,69.2,U,True,False,False
97406000AW1071,La Plaine-des-Palmistes,4942,4341,0.878,18.1,U,True,False,False
97406000AW1072,La Plaine-des-Palmistes,5219,4707,0.902,32.7,U,True,False,False
97406000AW0394,La Plaine-des-Palmistes,4827,3596,0.745,34.9,U,True,False,False
97406000AW1074,La Plaine-des-Palmistes,4651,3958,0.851,40.9,U,True,False,False
97406000AW0344,La Plaine-des-Palmistes,3504,3074,0.877,51.3,U,True,False,False
97406000AW0970,La Plaine-des-Palmistes,1338,899,0.672,15.1,U,True,False,False
97406000AW0879,La Plaine-des-Palmistes,2417,1954,0.809,24.5,N,True,True,False
97406000AW0952,La Plaine-des-Palmistes,3353,2839,0.847,162.6,A,True,True,False
97406000AW1115,La Plaine-des-Palmistes,3344,2780,0.831,68.6,U,True,False,False
97406000AW0714,La Plaine-des-Palmistes,2821,2036,0.722,56.3,A,True,True,False
97406000AW0481,La Plaine-des-Palmistes,3540,2907,0.821,59.0,U,True,False,False
97406000AW0939,La Plaine-des-Palmistes,1635,1214,0.742,18.2,U,True,False,False
97406000AW1081,La Plaine-des-Palmistes,1459,1027,0.704,18.2,U,True,False,False
97406000AW0511,La Plaine-des-Palmistes,4520,3167,0.701,107.4,A,True,True,False
97406000AW0966,La Plaine-des-Palmistes,2295,1619,0.705,62.1,A,True,True,False
97406000AW0191,La Plaine-des-Palmistes,1560,1100,0.705,92.6,U,True,False,False
97406000AW0603,La Plaine-des-Palmistes,5270,4614,0.876,40.1,U,True,False,False
97406000AW0938,La Plaine-des-Palmistes,2171,1647,0.759,163.4,A,True,True,False
97406000AW0192,La Plaine-des-Palmistes,1555,988,0.635,54.0,U,True,False,False
97406000AW1106,La Plaine-des-Palmistes,3540,3009,0.850,28.9,A,True,True,False
97406000AW1002,La Plaine-des-Palmistes,4043,3465,0.857,54.1,N,True,True,False
97406000AX0010,La Plaine-des-Palmistes,5973,5272,0.883,23.3,A,True,True,False
97406000AX0102,La Plaine-des-Palmistes,5038,4550,0.903,130.4,A,True,True,False
97406000AE0950,La Plaine-des-Palmistes,2644,2240,0.847,173.2,N,True,True,False
97406000AE0468,La Plaine-des-Palmistes,3156,2482,0.787,12.0,U,True,False,False
97406000AE0467,La Plaine-des-Palmistes,3224,1957,0.607,12.0,U,True,False,False
97406000AE0663,La Plaine-des-Palmistes,3913,3491,0.892,18.0,AUc,True,False,False
97406000AE0243,La Plaine-des-Palmistes,1351,902,0.668,18.0,U,True,False,False
97406000AE0420,La Plaine-des-Palmistes,1878,1379,0.734,51.6,U,True,False,False
97406000AE0140,La Plaine-des-Palmistes,1547,609,0.394,15.3,U,False,False,False
97406000AI0379,La Plaine-des-Palmistes,1853,1377,0.743,25.3,U,True,False,False
97406000AI0831,La Plaine-des-Palmistes,4700,4233,0.901,163.7,A,True,True,False
97406000AI0832,La Plaine-des-Palmistes,4848,4376,0.903,239.2,A,True,True,False
97406000AI0250,La Plaine-des-Palmistes,5327,4397,0.825,77.2,N,True,True,False
97406000AI0980,La Plaine-des-Palmistes,1896,1431,0.755,29.6,N,True,True,False
97406000AI0093,La Plaine-des-Palmistes,3286,2142,0.652,20.8,U,True,False,False
97406000AI0277,La Plaine-des-Palmistes,2939,1958,0.666,31.6,U,True,False,False
97406000AI0107,La Plaine-des-Palmistes,1499,1055,0.704,77.7,U,True,False,False
97406000AI0773,La Plaine-des-Palmistes,1445,1029,0.712,12.0,U,True,False,False
97406000AL0178,La Plaine-des-Palmistes,1958,1474,0.753,175.3,U,True,False,False
97406000AL0454,La Plaine-des-Palmistes,2387,1860,0.779,129.7,U,True,False,False
97406000AL0170,La Plaine-des-Palmistes,2688,2228,0.829,103.1,U,True,False,False
97406000AL0161,La Plaine-des-Palmistes,2614,1958,0.749,135.4,U,True,False,False
97406000AL0158,La Plaine-des-Palmistes,5240,4641,0.886,138.3,U,True,False,False
97406000AL0602,La Plaine-des-Palmistes,3271,2565,0.784,26.5,U,True,False,False
97406000AO0070,La Plaine-des-Palmistes,4486,3781,0.843,264.6,U,True,False,False
97406000AO0360,La Plaine-des-Palmistes,2332,1903,0.816,32.0,U,True,False,False
97406000AO0382,La Plaine-des-Palmistes,1765,1336,0.757,168.1,U,True,False,False
97406000AO0162,La Plaine-des-Palmistes,2482,2072,0.835,58.4,U,True,False,False
97406000AP0236,La Plaine-des-Palmistes,4732,4038,0.853,87.7,U,True,False,False
97406000AP0316,La Plaine-des-Palmistes,2281,1860,0.815,65.6,A,True,True,False
97406000AP0147,La Plaine-des-Palmistes,2501,2098,0.839,18.0,U,True,False,False
97406000AP0366,La Plaine-des-Palmistes,1507,1045,0.694,95.8,U,True,False,False
97406000AP0446,La Plaine-des-Palmistes,1801,996,0.553,18.2,U,True,False,False
97406000AP0265,La Plaine-des-Palmistes,5418,4558,0.841,37.8,U,True,False,False
97406000AP0087,La Plaine-des-Palmistes,1547,1136,0.734,18.1,U,True,False,False
97406000AP0437,La Plaine-des-Palmistes,4156,3648,0.878,104.3,A,True,True,False
97406000AR0131,La Plaine-des-Palmistes,1769,1366,0.772,113.3,U,True,False,False
97406000AR0311,La Plaine-des-Palmistes,1445,1014,0.701,31.4,U,True,False,False
97406000AS0276,La Plaine-des-Palmistes,5679,5220,0.919,183.1,U,True,False,False
97406000AS0116,La Plaine-des-Palmistes,3774,2970,0.787,219.1,A,True,True,False
97406000AS0117,La Plaine-des-Palmistes,4936,4250,0.861,154.2,A,True,True,False
97406000AS0228,La Plaine-des-Palmistes,2540,1958,0.771,53.0,A,True,True,False
97406000AT0400,La Plaine-des-Palmistes,5788,4708,0.813,25.9,U,True,False,False
97406000AT0333,La Plaine-des-Palmistes,2687,2071,0.771,44.1,U,True,False,False
97406000AT0436,La Plaine-des-Palmistes,2109,1679,0.796,27.0,U,True,False,False
97406000AC0626,La Plaine-des-Palmistes,3383,2780,0.822,13.0,A,True,True,False
97406000AC0226,La Plaine-des-Palmistes,4102,3490,0.851,72.0,U,True,False,False
97406000AD0144,La Plaine-des-Palmistes,4932,4412,0.895,14.9,A,True,True,False
97406000AD0601,La Plaine-des-Palmistes,3760,3030,0.806,99.9,A,True,True,False
97406000AD0837,La Plaine-des-Palmistes,4885,3729,0.763,140.3,AUs,True,False,False
97406000AD0300,La Plaine-des-Palmistes,4877,3770,0.773,13.0,U,True,False,False
97406000AD0459,La Plaine-des-Palmistes,1505,1012,0.673,52.0,U,True,False,False
97406000AD0690,La Plaine-des-Palmistes,1578,1092,0.692,107.4,A,True,True,False
97406000AE0163,La Plaine-des-Palmistes,2656,1983,0.747,46.6,U,True,False,False
97406000AE0247,La Plaine-des-Palmistes,4838,2812,0.581,135.2,U,True,False,False
97403000AM0305,Entre-Deux,3664,3245,0.886,55.8,A,True,True,False
97403000AM0133,Entre-Deux,3083,2438,0.791,117.4,N,True,True,False
97403000AM0644,Entre-Deux,2159,1331,0.616,44.4,U,True,False,False
97403000AO0843,Entre-Deux,1862,1462,0.785,62.8,A,True,True,False
97403000AP1966,Entre-Deux,4943,2886,0.584,126.1,A,True,True,False
97403000AP0671,Entre-Deux,3759,1460,0.388,67.4,U,False,False,False
97403000AP0941,Entre-Deux,3021,2568,0.850,69.9,A,True,True,False
97403000AP0865,Entre-Deux,2070,1487,0.718,41.1,N,True,True,False
97403000AP1102,Entre-Deux,2806,1901,0.678,107.3,U,True,False,False
97403000AP1400,Entre-Deux,1022,514,0.503,47.2,U,True,False,False
97403000AP2265,Entre-Deux,2640,1895,0.718,100.0,U,True,False,False
97403000AP2219,Entre-Deux,1259,678,0.538,18.2,U,True,False,False
97403000AP1955,Entre-Deux,1460,1049,0.719,55.0,U,True,False,False
97403000AP2213,Entre-Deux,5433,4748,0.874,203.3,U,True,False,False
97403000AP1787,Entre-Deux,1866,1015,0.544,42.4,U,True,False,False
97403000AP0710,Entre-Deux,1555,1071,0.689,20.0,N,True,True,False
97403000AR0553,Entre-Deux,5711,4950,0.867,27.8,A,True,True,False
97403000AR0816,Entre-Deux,3069,2200,0.717,22.9,U,True,False,False
97403000AR0637,Entre-Deux,3205,1737,0.542,43.1,U,True,False,False
97403000AR0301,Entre-Deux,1792,1268,0.708,36.9,AUc,True,False,False
97403000AR1521,Entre-Deux,2275,1543,0.678,92.6,U,True,False,False
97403000AR0605,Entre-Deux,2536,1922,0.758,13.5,A,True,True,False
97403000AR0831,Entre-Deux,1846,1324,0.717,39.9,U,True,False,False
97403000AS1354,Entre-Deux,3167,2536,0.801,24.1,U,True,False,False
97403000AS0721,Entre-Deux,3371,2764,0.820,19.3,N,True,True,False
97403000AS1478,Entre-Deux,2485,1450,0.584,63.5,U,True,False,False
97403000AS0567,Entre-Deux,1712,1151,0.672,24.1,U,True,False,False
97403000AS0570,Entre-Deux,1559,1014,0.651,23.2,U,True,False,False
97403000AS1571,Entre-Deux,1715,1304,0.760,46.5,U,True,False,False
97403000AS1933,Entre-Deux,1556,1131,0.726,56.2,U,True,False,False
97403000AM0515,Entre-Deux,2226,1822,0.819,91.6,N,True,True,False
97403000AN0053,Entre-Deux,4922,3838,0.780,37.2,A,True,True,False
97403000AN0023,Entre-Deux,4036,1876,0.465,76.6,A,False,True,False
97403000AN0067,Entre-Deux,1938,1302,0.672,23.9,A,True,True,False
97403000AO0291,Entre-Deux,4579,4101,0.896,15.4,N,True,True,False
97403000AO0218,Entre-Deux,1747,1340,0.767,33.1,U,True,False,False
97403000AO0321,Entre-Deux,3615,1725,0.477,20.6,A,False,True,False
97403000AS1546,Entre-Deux,1819,1381,0.759,23.1,N,True,True,False
97403000AS1022,Entre-Deux,1637,1205,0.736,19.2,U,True,False,False
97403000AS0858,Entre-Deux,3492,2593,0.743,64.7,U,True,False,False
97403000AS1297,Entre-Deux,2065,1598,0.774,41.4,U,True,False,False
97403000AS1143,Entre-Deux,1762,1071,0.608,17.6,U,True,False,False
97403000AS1270,Entre-Deux,2882,2037,0.707,48.0,U,True,False,False
97403000AS1250,Entre-Deux,2020,1291,0.639,34.5,U,True,False,False
97403000AS0857,Entre-Deux,1593,1032,0.648,60.6,U,True,False,False
97403000AS2052,Entre-Deux,2651,2063,0.778,37.0,N,True,True,False
97403000AS1881,Entre-Deux,1233,644,0.523,35.4,U,True,False,False
97403000AV0315,Entre-Deux,2157,1592,0.738,56.6,AUc,True,False,False
97403000AT0514,Entre-Deux,4034,3338,0.827,56.6,A,True,True,False
97403000AT0154,Entre-Deux,3924,3174,0.809,28.0,A,True,True,False
97403000AT0511,Entre-Deux,2963,2251,0.760,153.7,A,True,True,False
97403000AT0070,Entre-Deux,1794,1326,0.739,12.2,A,True,True,False
97403000AT0486,Entre-Deux,1617,1173,0.725,102.8,A,True,True,False
97403000AT0255,Entre-Deux,1841,1378,0.748,13.9,A,True,True,False
97403000AT0390,Entre-Deux,3211,2390,0.745,78.9,A,True,True,False
97403000AT0386,Entre-Deux,1981,754,0.381,82.9,U,False,False,False
97403000AV0442,Entre-Deux,5213,4269,0.819,30.9,AUc,True,False,False
97403000AL0476,Entre-Deux,4334,3788,0.874,40.9,N,True,True,False
97403000AL0179,Entre-Deux,4505,3874,0.860,36.1,A,True,True,False
97403000AL0367,Entre-Deux,2680,2123,0.792,56.6,N,True,True,False
97403000AL0100,Entre-Deux,2864,2461,0.859,47.4,N,True,True,False
97403000AL0486,Entre-Deux,3916,3429,0.875,187.1,N,True,True,False
97403000AL0509,Entre-Deux,1701,1123,0.660,31.4,N,True,True,False
97403000AM0313,Entre-Deux,5249,4216,0.803,126.1,U,True,False,False
97403000AO0446,Entre-Deux,2406,1909,0.794,30.1,A,True,True,False
97403000AO0809,Entre-Deux,3348,2569,0.767,13.0,A,True,True,False
97403000AO0875,Entre-Deux,1522,1031,0.677,28.1,U,True,False,False
97403000AO0650,Entre-Deux,1148,735,0.640,49.4,A,True,True,False
97403000AP1856,Entre-Deux,2286,1574,0.689,23.2,U,True,False,False
97403000AP1902,Entre-Deux,1881,1312,0.698,14.9,N,True,True,False
97403000AP0095,Entre-Deux,2983,2061,0.691,15.5,A,True,True,False
97403000AR0330,Entre-Deux,3803,3130,0.823,46.3,A,True,True,False
97419000AC0142,Sainte-Rose,1815,1363,0.751,14.9,A,True,True,False
97419000AC0296,Sainte-Rose,1610,1019,0.633,15.4,U,True,False,False
97419000AE0211,Sainte-Rose,4704,3625,0.771,85.6,U,True,False,False
97419000AE0299,Sainte-Rose,4892,3941,0.806,129.6,A,True,True,False
97419000AL0241,Sainte-Rose,4416,1675,0.379,17.2,N,False,True,False
97419000AL0053,Sainte-Rose,4331,3542,0.818,17.9,U,True,False,False
97419000AL1158,Sainte-Rose,5228,3814,0.729,17.7,U,True,False,False
97419000AL0378,Sainte-Rose,3872,3246,0.838,17.7,N,True,True,False
97419000AL0181,Sainte-Rose,1823,1111,0.610,42.5,U,True,False,False
97419000AL0263,Sainte-Rose,3013,2387,0.792,90.0,U,True,False,False
97419000AL0817,Sainte-Rose,1363,895,0.656,29.3,U,True,False,False
97419000AL0185,Sainte-Rose,4150,2891,0.697,26.7,U,True,False,False
97419000AL0007,Sainte-Rose,2020,1288,0.638,22.5,U,True,False,False
97419000AM0562,Sainte-Rose,1818,1163,0.640,65.6,A,True,True,False
97419000AM0490,Sainte-Rose,2331,1839,0.789,20.2,U,True,False,False
97419000AD0250,Sainte-Rose,2034,1617,0.795,39.5,A,True,True,False
97419000AE0262,Sainte-Rose,2639,2150,0.815,74.0,U,True,False,False
97419000AE0279,Sainte-Rose,3393,1762,0.519,28.1,U,True,False,False
97419000AI0524,Sainte-Rose,2068,1565,0.757,79.5,U,True,False,False
97419000AK0321,Sainte-Rose,2769,1884,0.680,13.5,U,True,False,False
97419000AN0409,Sainte-Rose,2826,1984,0.702,28.7,U,True,False,False
97419000AN0185,Sainte-Rose,1684,859,0.510,42.3,U,True,False,False
97419000AN0259,Sainte-Rose,5104,3054,0.598,45.5,U,True,False,False
97419000AS0222,Sainte-Rose,2396,1869,0.780,19.9,U,True,False,False
97419000AS0469,Sainte-Rose,1931,1122,0.581,45.4,U,True,False,False
97419000AS0666,Sainte-Rose,3357,2785,0.830,61.0,A,True,True,False
97419000AS0268,Sainte-Rose,3750,2316,0.618,26.8,U,True,False,False
97419000AS0800,Sainte-Rose,2940,1957,0.666,13.0,A,True,True,False
97419000AX0405,Sainte-Rose,1326,926,0.698,14.4,U,True,False,False
97419000AX0179,Sainte-Rose,1669,867,0.520,12.7,U,True,False,False
97419000AX0174,Sainte-Rose,2181,1561,0.716,18.1,A,True,True,False
97419000AX0217,Sainte-Rose,2380,1682,0.706,13.5,U,True,False,False
97419000AX0287,Sainte-Rose,4437,3624,0.817,54.8,U,True,False,False
97419000AY0218,Sainte-Rose,1400,899,0.642,13.0,N,True,True,False
97419000AY0216,Sainte-Rose,1316,820,0.623,12.9,N,True,True,False
97419000AY0161,Sainte-Rose,2193,1425,0.650,36.0,A,True,True,False
97419000AY0215,Sainte-Rose,1465,984,0.672,32.3,N,True,True,False
97419000AO0525,Sainte-Rose,1665,1129,0.678,57.9,A,True,True,False
97419000AO0447,Sainte-Rose,2058,1527,0.742,57.4,A,True,True,False
97419000AP0440,Sainte-Rose,2491,1580,0.634,30.2,A,True,True,False
97419000AP0441,Sainte-Rose,2694,1635,0.607,42.8,A,True,True,False
97419000AR0757,Sainte-Rose,2746,1685,0.614,32.7,U,True,False,False
97419000AR0252,Sainte-Rose,2518,1720,0.683,43.7,U,True,False,False
97419000AR0675,Sainte-Rose,2137,1183,0.553,40.5,U,True,False,False
97419000AR0168,Sainte-Rose,1419,1007,0.710,24.7,N,True,True,False
97419000AW0097,Sainte-Rose,2594,1992,0.768,52.0,U,True,False,False
97419000AW0122,Sainte-Rose,1904,1461,0.767,34.3,A,True,True,False
97419000AX0104,Sainte-Rose,1849,1430,0.773,19.7,U,True,False,False
97419000AX0713,Sainte-Rose,2304,1682,0.730,25.1,U,True,False,False
97419000AX0063,Sainte-Rose,1462,675,0.462,22.2,A,False,True,False
97419000AD0256,Sainte-Rose,4270,3011,0.705,12.4,A,True,True,False
97419000AD0185,Sainte-Rose,1858,1240,0.668,23.8,A,True,True,False
97419000AK0165,Sainte-Rose,3933,2469,0.628,57.8,U,True,False,False
97419000AK0768,Sainte-Rose,2795,2057,0.736,37.8,U,True,False,False
97419000AK1098,Sainte-Rose,1639,1202,0.734,59.9,AUc,True,False,False
97419000AK0602,Sainte-Rose,1272,865,0.680,33.9,U,True,False,False
97402000AB1050,Bras-Panon,3286,2873,0.874,39.7,A,True,True,False
97402000AB0683,Bras-Panon,1996,1544,0.773,18.7,A,True,True,False
97402000AB1199,Bras-Panon,3046,2544,0.835,212.5,N,True,True,False
97402000AC0483,Bras-Panon,5851,4653,0.795,108.8,A,True,True,False
97402000AC0488,Bras-Panon,3413,2636,0.772,141.4,A,True,True,False
97402000AC0352,Bras-Panon,2926,2329,0.796,100.5,A,True,True,False
97402000AC0354,Bras-Panon,2880,2334,0.810,40.0,A,True,True,False
97402000AC0137,Bras-Panon,2317,1836,0.792,20.7,A,True,True,False
97402000AC0277,Bras-Panon,5239,4816,0.919,214.2,A,True,True,False
97402000AC0238,Bras-Panon,4165,3353,0.805,120.9,A,True,True,False
97402000AC0281,Bras-Panon,1694,1218,0.719,101.5,A,True,True,False
97402000AC0227,Bras-Panon,3477,2460,0.708,43.7,N,True,True,False
97402000AD0769,Bras-Panon,3880,2127,0.548,59.3,N,True,True,False
97402000AH1571,Bras-Panon,2012,1275,0.634,18.3,U,True,False,False
97402000AH0621,Bras-Panon,2723,2287,0.840,68.1,U,True,False,False
97402000AI1198,Bras-Panon,1604,1080,0.673,12.2,U,True,False,False
97402000AI0822,Bras-Panon,2759,1897,0.688,27.7,AUc,True,False,False
97402000AI0803,Bras-Panon,2407,1579,0.656,66.4,U,True,False,False
97402000AK0873,Bras-Panon,5964,5399,0.905,465.5,U,True,False,False
97402000AK1238,Bras-Panon,5022,4123,0.821,30.8,U,True,False,False
97402000AK1236,Bras-Panon,2439,1454,0.596,66.1,U,True,False,False
97402000AK1488,Bras-Panon,1923,1329,0.691,136.2,U,True,False,False
97402000AK1270,Bras-Panon,1220,811,0.665,18.0,U,True,False,False
97402000AK1778,Bras-Panon,2865,1473,0.514,15.8,U,True,False,False
97402000AK0822,Bras-Panon,1150,748,0.651,17.0,U,True,False,False
97402000AK2140,Bras-Panon,4927,2472,0.502,21.8,U,True,False,False
97402000AK0799,Bras-Panon,1637,1169,0.714,13.5,U,True,False,False
97402000AK0745,Bras-Panon,2339,1672,0.715,13.9,U,True,False,False
97402000AK2042,Bras-Panon,3059,2039,0.667,12.1,U,True,False,False
97402000AN0082,Bras-Panon,2223,1700,0.765,12.0,N,True,True,False
97402000AN0219,Bras-Panon,1703,1075,0.631,28.0,N,True,True,False
97402000AN0087,Bras-Panon,1969,1459,0.741,99.8,U,True,False,False
97402000AD0929,Bras-Panon,4186,3450,0.824,85.7,AUc,True,False,False
97402000AD0320,Bras-Panon,2075,1554,0.749,53.7,U,True,False,False
97402000AD1016,Bras-Panon,2392,1618,0.676,79.3,U,True,False,False
97402000AD0809,Bras-Panon,1167,661,0.566,56.0,A,True,True,False
97402000AD0843,Bras-Panon,1082,545,0.504,50.8,A,True,True,False
97402000AE0072,Bras-Panon,2095,1444,0.689,165.7,U,True,False,False
97402000AH0846,Bras-Panon,3126,2556,0.817,192.1,U,True,False,False
97402000AH1346,Bras-Panon,2250,963,0.428,27.6,U,False,False,False
97402000AH0962,Bras-Panon,1416,991,0.700,12.1,U,True,False,False
97402000AH0331,Bras-Panon,3797,2814,0.741,21.7,U,True,False,False
97402000AI0944,Bras-Panon,3449,3018,0.875,107.3,AUc,True,False,False
97402000AI0333,Bras-Panon,2070,1533,0.741,145.0,A,True,True,False
97402000AK0262,Bras-Panon,2764,1662,0.601,12.0,U,True,False,False
97402000AK0807,Bras-Panon,1678,1176,0.701,76.2,U,True,False,False
97402000AN0171,Bras-Panon,2715,2089,0.769,127.6,A,True,True,False
97402000AL0165,Bras-Panon,3828,3011,0.787,36.0,A,True,True,False
97402000AL0183,Bras-Panon,3010,2453,0.815,82.5,A,True,True,False
97402000AC0365,Bras-Panon,3709,3163,0.853,152.3,A,True,True,False
97402000AC0360,Bras-Panon,5910,5208,0.881,168.7,A,True,True,False
97423000AB1358,Les Trois-Bassins,4679,2658,0.568,63.3,AUc,True,False,False
97423000AB1357,Les Trois-Bassins,3198,2143,0.670,61.8,AUc,True,False,False
97423000AB1350,Les Trois-Bassins,2332,1611,0.691,34.1,AUc,True,False,False
97423000AB1381,Les Trois-Bassins,4889,3037,0.621,110.1,AUc,True,False,False
97423000AB1938,Les Trois-Bassins,1685,999,0.592,33.3,AUc,True,False,False
97423000AB1144,Les Trois-Bassins,4149,3667,0.884,29.7,N,True,True,False
97423000AB1276,Les Trois-Bassins,4170,3421,0.820,14.9,AUc,True,False,False
97423000AB1874,Les Trois-Bassins,2085,1560,0.749,16.8,N,True,True,False
97423000AD0353,Les Trois-Bassins,2409,1986,0.824,46.4,N,True,True,False
97423000AD0457,Les Trois-Bassins,2896,2376,0.820,13.8,N,True,True,False
97423000AD0703,Les Trois-Bassins,2782,2240,0.805,57.2,U,True,False,False
97423000AD0465,Les Trois-Bassins,4027,2427,0.603,192.1,U,True,False,False
97423000AE0232,Les Trois-Bassins,5601,4603,0.822,41.9,N,True,True,False
97423000AE0578,Les Trois-Bassins,5174,3967,0.767,19.7,U,True,False,False
97423000AB1287,Les Trois-Bassins,1659,1247,0.752,60.2,U,True,False,False
97423000AD0013,Les Trois-Bassins,5629,4438,0.788,18.5,N,True,True,False
97423000AD0222,Les Trois-Bassins,3942,3481,0.883,64.1,N,True,True,False
97423000AD0165,Les Trois-Bassins,3976,3563,0.896,19.9,A,True,True,False
97423000AD0696,Les Trois-Bassins,2975,1668,0.561,80.3,N,True,True,False
97423000AD0273,Les Trois-Bassins,3050,2374,0.778,100.1,U,True,False,False
97423000AD0284,Les Trois-Bassins,3221,1966,0.610,81.0,U,True,False,False
97423000AD0448,Les Trois-Bassins,1885,1413,0.750,32.7,U,True,False,False
97423000AD0149,Les Trois-Bassins,3388,2903,0.857,81.8,A,True,True,False
97423000AD0324,Les Trois-Bassins,2235,1724,0.771,25.7,N,True,True,False
97423000AD0088,Les Trois-Bassins,2641,1572,0.595,18.4,U,True,False,False
97423000AD0071,Les Trois-Bassins,2711,1795,0.662,100.1,N,True,True,False
97423000AD0572,Les Trois-Bassins,2677,2219,0.829,93.8,U,True,False,False
97423000AE0081,Les Trois-Bassins,2284,1488,0.651,67.4,U,True,False,False
97423000AE0088,Les Trois-Bassins,1665,1167,0.701,63.6,U,True,False,False
97423000AH0563,Les Trois-Bassins,5678,4240,0.747,57.4,N,True,True,False
97423000AH1636,Les Trois-Bassins,5533,3149,0.569,184.2,AUc,True,False,False
97423000AH0690,Les Trois-Bassins,2628,2095,0.797,54.3,U,True,False,False
97423000AH0337,Les Trois-Bassins,3249,2121,0.653,77.3,N,True,True,False
97423000AH0089,Les Trois-Bassins,1181,699,0.592,33.3,U,True,False,False
97423000AH1328,Les Trois-Bassins,2241,1807,0.807,88.8,N,True,True,False
97423000AH0140,Les Trois-Bassins,2662,2035,0.765,55.1,N,True,True,False
97423000AH0661,Les Trois-Bassins,3749,2085,0.556,347.9,U,True,False,False
97423000AH0095,Les Trois-Bassins,2528,1431,0.566,103.6,U,True,False,False
97423000AI0071,Les Trois-Bassins,2063,1341,0.650,18.7,U,True,False,False
97423000AI0735,Les Trois-Bassins,1359,879,0.647,13.3,N,True,True,False
97423000AI0496,Les Trois-Bassins,1021,581,0.568,46.2,A,True,True,False
97423000AI0265,Les Trois-Bassins,1941,1309,0.674,13.5,U,True,False,False
97423000AK0051,Les Trois-Bassins,4491,3022,0.673,171.4,A,True,True,False
97423000AK1062,Les Trois-Bassins,2786,2062,0.740,42.0,N,True,True,False
97423000AK1674,Les Trois-Bassins,1774,1283,0.723,76.1,N,True,True,False
97423000AK1957,Les Trois-Bassins,3339,2171,0.650,79.2,A,True,True,False
97423000AK0899,Les Trois-Bassins,2148,1498,0.697,33.3,A,True,True,False
97423000AK0105,Les Trois-Bassins,2253,1621,0.719,29.1,U,True,False,False
97423000AK1660,Les Trois-Bassins,1752,1298,0.741,73.3,U,True,False,False
97423000AK0856,Les Trois-Bassins,1679,1083,0.645,89.6,U,True,False,False
97423000AK1187,Les Trois-Bassins,2576,1550,0.602,96.0,U,True,False,False
97423000AK0855,Les Trois-Bassins,1652,919,0.556,16.1,U,True,False,False
97423000AK0134,Les Trois-Bassins,3083,2175,0.705,84.8,U,True,False,False
97423000AK0891,Les Trois-Bassins,2617,2098,0.802,61.0,U,True,False,False
97423000AK2053,Les Trois-Bassins,2478,1912,0.772,50.8,U,True,False,False
97423000AK1682,Les Trois-Bassins,2298,1735,0.755,92.9,U,True,False,False
97423000AE0861,Les Trois-Bassins,4981,3883,0.780,142.5,U,True,False,False
97423000AE0536,Les Trois-Bassins,2971,2163,0.728,28.5,A,True,True,False
97423000AE0739,Les Trois-Bassins,4698,4265,0.908,121.1,A,True,True,False
97423000AE0618,Les Trois-Bassins,2340,1844,0.788,35.5,A,True,True,False
97423000AE0309,Les Trois-Bassins,3613,3125,0.865,94.8,N,True,True,False
97423000AE0358,Les Trois-Bassins,2656,2198,0.827,42.4,N,True,True,False
97423000AE0790,Les Trois-Bassins,3643,2707,0.743,79.5,A,True,True,False
97423000AH0046,Les Trois-Bassins,3335,2835,0.850,214.1,N,True,True,False
97423000AH0902,Les Trois-Bassins,1911,1351,0.707,48.4,U,True,False,False
97423000AH0898,Les Trois-Bassins,1764,1330,0.754,41.4,U,True,False,False
97423000AH0136,Les Trois-Bassins,1724,998,0.579,68.6,U,True,False,False
97423000AH1635,Les Trois-Bassins,1850,1132,0.612,68.5,AUc,True,False,False
97423000AH0753,Les Trois-Bassins,2830,1781,0.629,39.4,U,True,False,False
97423000AH1514,Les Trois-Bassins,1872,1440,0.769,66.8,U,True,False,False
97423000AH1415,Les Trois-Bassins,1091,683,0.626,26.7,U,True,False,False
97423000AH1668,Les Trois-Bassins,5922,4061,0.686,315.6,U,True,False,False
97423000AI0035,Les Trois-Bassins,4716,4091,0.867,156.3,U,True,False,False
97423000AI0344,Les Trois-Bassins,5131,4282,0.835,200.9,AUc,True,False,False
97423000AI0882,Les Trois-Bassins,3802,2561,0.674,104.1,U,True,False,False
97423000AI0109,Les Trois-Bassins,2951,2274,0.771,15.2,U,True,False,False
97423000AI0818,Les Trois-Bassins,2034,1207,0.593,59.8,AUc,True,False,False
97423000AI0030,Les Trois-Bassins,2486,1970,0.792,73.9,U,True,False,False
97423000AI0054,Les Trois-Bassins,2187,1409,0.644,80.8,U,True,False,False
97423000AI0055,Les Trois-Bassins,4670,2548,0.546,74.5,U,True,False,False
97423000AI0482,Les Trois-Bassins,1015,590,0.581,81.6,A,True,True,False
97423000AI0039,Les Trois-Bassins,1473,863,0.586,42.0,U,True,False,False
97423000AK0121,Les Trois-Bassins,5625,4539,0.807,69.4,A,True,True,False
97423000AK1964,Les Trois-Bassins,3178,2610,0.821,110.8,A,True,True,False
97423000AK0853,Les Trois-Bassins,5874,3968,0.676,124.9,U,True,False,False
97423000AK0108,Les Trois-Bassins,4190,3005,0.717,37.3,A,True,True,False
97423000AK1555,Les Trois-Bassins,3027,1861,0.615,115.5,U,True,False,False
97423000AK0139,Les Trois-Bassins,3036,2384,0.786,64.0,A,True,True,False
97423000AK1114,Les Trois-Bassins,3602,3044,0.845,12.5,A,True,True,False
97423000AK0243,Les Trois-Bassins,1863,1372,0.737,87.2,U,True,False,False
97423000AK0255,Les Trois-Bassins,1778,1271,0.715,36.8,U,True,False,False
97423000AK0576,Les Trois-Bassins,1841,1234,0.670,107.1,U,True,False,False
97423000AK0941,Les Trois-Bassins,2129,1409,0.662,23.0,U,True,False,False
97423000AK0420,Les Trois-Bassins,1962,1504,0.767,17.5,U,True,False,False
97423000AK1635,Les Trois-Bassins,3457,3021,0.874,474.9,A,True,True,False
97423000AK0382,Les Trois-Bassins,5830,4718,0.809,93.9,U,True,False,False
97423000AK0527,Les Trois-Bassins,3194,2773,0.868,140.1,A,True,True,False
97423000AK0900,Les Trois-Bassins,1740,1270,0.730,62.2,A,True,True,False
97423000AK0823,Les Trois-Bassins,1312,879,0.670,27.8,U,True,False,False
97423000AK1969,Les Trois-Bassins,2477,2058,0.831,83.6,U,True,False,False
97423000AK0604,Les Trois-Bassins,2533,1932,0.763,78.9,U,True,False,False
97423000AK1211,Les Trois-Bassins,1128,621,0.550,68.0,U,True,False,False
97423000AC0078,Les Trois-Bassins,4228,3562,0.842,48.3,N,True,True,False
97423000AC0068,Les Trois-Bassins,3539,2923,0.826,83.5,U,True,False,False
97423000AH0175,Les Trois-Bassins,2261,1619,0.716,75.9,N,True,True,False
97423000AH0610,Les Trois-Bassins,2648,1038,0.392,67.9,U,False,False,False
97423000AH1524,Les Trois-Bassins,1174,663,0.564,62.6,U,True,False,False
97423000AH0153,Les Trois-Bassins,1829,1122,0.614,59.8,U,True,False,False
97423000AH1781,Les Trois-Bassins,3289,2214,0.673,99.1,U,True,False,False
97423000AH1443,Les Trois-Bassins,3146,2449,0.778,139.1,U,True,False,False
97423000AH0692,Les Trois-Bassins,5047,3045,0.603,113.1,U,True,False,False
97423000AH0758,Les Trois-Bassins,2439,1657,0.679,12.4,U,True,False,False
97423000AH0636,Les Trois-Bassins,4822,3735,0.775,28.6,U,True,False,False
97423000AH0363,Les Trois-Bassins,4654,3318,0.713,52.3,U,True,False,False
97423000AI0156,Les Trois-Bassins,2449,2005,0.818,31.7,U,True,False,False
97417000AO0451,Saint-Philippe,5361,2591,0.483,108.1,,False,,True
97417000AS0118,Saint-Philippe,3406,2214,0.650,27.6,,True,,True
97417000AT1061,Saint-Philippe,1419,795,0.560,16.7,,True,,False
97417000AT0533,Saint-Philippe,2877,1280,0.445,46.0,,False,,False
97417000AT0191,Saint-Philippe,1236,608,0.492,16.7,,False,,False
97417000AO0073,Saint-Philippe,5491,4414,0.804,28.1,,True,,True
97417000AO0329,Saint-Philippe,2052,1598,0.779,36.0,,True,,False
97417000AO0130,Saint-Philippe,2084,1198,0.575,23.1,,True,,False
97417000AO0184,Saint-Philippe,2070,1559,0.753,49.0,,True,,True
97417000AO0511,Saint-Philippe,1490,650,0.436,52.4,,False,,False
97417000AO0280,Saint-Philippe,2280,1110,0.487,15.7,,False,,True
97417000AX0066,Saint-Philippe,2139,1718,0.803,12.5,,True,,False
97417000AX0310,Saint-Philippe,2523,1338,0.530,28.2,,True,,True
97417000BC1203,Saint-Philippe,2322,1658,0.714,59.6,,True,,False
97417000BC0943,Saint-Philippe,2948,2228,0.756,57.4,,True,,True
97417000BD0141,Saint-Philippe,5249,4222,0.804,47.3,,True,,False
97417000BD0132,Saint-Philippe,4617,3672,0.795,21.7,,True,,False
97417000BD0128,Saint-Philippe,4277,2924,0.684,42.3,,True,,False
97417000BD0410,Saint-Philippe,2331,1333,0.572,50.6,,True,,False
97417000BD1041,Saint-Philippe,3036,2281,0.751,31.6,,True,,False
97417000BD1152,Saint-Philippe,3280,2090,0.637,57.4,,True,,False
97417000BD1346,Saint-Philippe,1624,1208,0.744,27.5,,True,,False
97417000AT0352,Saint-Philippe,2301,1825,0.793,14.6,,True,,True
97417000AT1258,Saint-Philippe,3452,2471,0.716,18.9,,True,,False
97417000AW0057,Saint-Philippe,1189,747,0.628,37.9,,True,,False
97417000BE0039,Saint-Philippe,3686,2700,0.732,12.9,,True,,True
97417000BH0324,Saint-Philippe,2618,1744,0.666,33.2,,True,,True
97417000BD1104,Saint-Philippe,1819,1093,0.601,23.1,,True,,False
97417000BD1146,Saint-Philippe,3969,3032,0.764,17.7,,True,,True
97417000BH0107,Saint-Philippe,5324,1741,0.327,14.8,,False,,True
97417000BH0261,Saint-Philippe,2186,1763,0.807,30.8,,True,,True
97417000BH0154,Saint-Philippe,2160,1432,0.663,22.1,,True,,True
97417000BI0166,Saint-Philippe,3849,2581,0.671,171.4,,True,,True
97417000AL0014,Saint-Philippe,2302,1633,0.709,22.7,,True,,False
97417000AN0150,Saint-Philippe,1520,932,0.613,62.4,,True,,False
97417000AS0321,Saint-Philippe,2326,1832,0.788,54.6,,True,,True
97417000AS0164,Saint-Philippe,2003,1564,0.781,44.4,,True,,True
97417000AS0181,Saint-Philippe,1534,1105,0.720,16.6,,True,,False
97417000AT1380,Saint-Philippe,4094,3270,0.799,22.8,,True,,True
97417000AT0092,Saint-Philippe,4524,1480,0.327,55.7,,False,,False
