n,p_moyen,taux_observe
43167,0.009036363011195139,0.009034679268885954
43167,0.01050629031954359,0.010609956679871198
43167,0.01094766298593254,0.01086478096694234
43166,0.011047346107790961,0.010980864569336979
43166,0.011672089572752765,0.01179168790251587
43166,0.013660104200562384,0.01343650094982162
43166,0.015772903447509215,0.015776305425566416
43166,0.016974432357663195,0.017027289996756706
43166,0.01969723411157184,0.019899921234304778
43166,0.050170110559798045,0.050062549228559516
