idu,commune,grandeur,chemins_compares,valeurs,egalite,verdict,note
97415000HO0265,Saint-Paul,tier,fiche.label|v2/score|mvt->court,"{""fiche.label"": ""Neutre"", ""v2/score(court)"": ""Neutre"", ""mvt(court)"": ""Neutre""}",OK,exp_court=Neutre raw=a_creuser,etage0=False
97415000HO0265,Saint-Paul,surface,fiche|geom_ST_Area(2975)|parcels.surface_m2|mvt,"{""fiche"": 197.0, ""geom_ST_Area_2975"": 196.72, ""parcels.surface_m2"": 196.72, ""mvt"": 196.72}",OK,arrondi entier,"geom en SRID 2975 (4326=degres, artefact ecarte)"
97415000HO0265,Saint-Paul,sdp_residuelle,fiche|mvt|renouv|parcel_residuel,"{""fiche.pot_transfo"": 20, ""mvt"": 20, ""residuel(canon)"": 20}",OK,canon=parcel_residuel cause NULL,
97416000CT1119,Saint-Pierre,tier,fiche.label|v2/score|mvt->court,"{""fiche.label"": ""À suivre"", ""v2/score(court)"": ""À suivre"", ""mvt(court)"": ""À suivre""}",OK,exp_court=À suivre raw=chaude,etage0=False
97416000CT1119,Saint-Pierre,surface,fiche|geom_ST_Area(2975)|parcels.surface_m2|mvt,"{""fiche"": 635.0, ""geom_ST_Area_2975"": 634.56, ""parcels.surface_m2"": 634.56, ""mvt"": 634.56}",OK,arrondi entier,"geom en SRID 2975 (4326=degres, artefact ecarte)"
97416000CT1119,Saint-Pierre,sdp_residuelle,fiche|mvt|renouv|parcel_residuel,"{""fiche.pot_transfo"": 37, ""mvt"": 37, ""renouv"": 37, ""residuel(canon)"": 37}",OK,canon=parcel_residuel cause NULL,
97418000AP3253,Sainte-Marie,tier,fiche.label|v2/score|mvt->court,"{""fiche.label"": ""Écartée"", ""v2/score(court)"": ""Écartée"", ""mvt(court)"": ""Écartée""}",OK,exp_court=Écartée raw=ecartee,etage0=False
97418000AP3253,Sainte-Marie,surface,fiche|geom_ST_Area(2975)|parcels.surface_m2|mvt,"{""fiche"": 3302.0, ""geom_ST_Area_2975"": 3301.89, ""parcels.surface_m2"": 3301.89, ""mvt"": 3301.89}",OK,arrondi entier,"geom en SRID 2975 (4326=degres, artefact ecarte)"
97418000AP3253,Sainte-Marie,sdp_residuelle,fiche|mvt|renouv|parcel_residuel,"{""mvt"": 0}",OK,canon=parcel_residuel cause NULL,
97404000AR0178,L'Étang-Salé,tier,fiche.label|v2/score|mvt->court,"{""fiche.label"": ""Neutre"", ""v2/score(court)"": ""Neutre"", ""mvt(court)"": ""Neutre""}",OK,exp_court=Neutre raw=a_creuser,etage0=False
97404000AR0178,L'Étang-Salé,surface,fiche|geom_ST_Area(2975)|parcels.surface_m2|mvt,"{""fiche"": 246.0, ""geom_ST_Area_2975"": 246.16, ""parcels.surface_m2"": 246.16, ""mvt"": 246.16}",OK,arrondi entier,"geom en SRID 2975 (4326=degres, artefact ecarte)"
97404000AR0178,L'Étang-Salé,sdp_residuelle,fiche|mvt|renouv|parcel_residuel,"{""fiche.pot_transfo"": 79, ""mvt"": 79, ""residuel(canon)"": 79}",OK,canon=parcel_residuel cause NULL,
97410000AR1600,Saint-Benoît,tier,fiche.label|v2/score|mvt->court,"{""fiche.label"": ""Faible"", ""v2/score(court)"": ""Faible"", ""mvt(court)"": ""Faible""}",OK,exp_court=Faible raw=declasse_bati_sature,etage0=False
97410000AR1600,Saint-Benoît,surface,fiche|geom_ST_Area(2975)|parcels.surface_m2|mvt,"{""fiche"": 142.0, ""geom_ST_Area_2975"": 141.63, ""parcels.surface_m2"": 141.63, ""mvt"": 141.63}",OK,arrondi entier,"geom en SRID 2975 (4326=degres, artefact ecarte)"
97410000AR1600,Saint-Benoît,sdp_residuelle,fiche|mvt|renouv|parcel_residuel,"{""fiche.pot_transfo"": 0, ""mvt"": 0, ""residuel(canon)"": 0}",OK,canon=parcel_residuel cause NULL,
97414000ET1452,Saint-Louis,tier,fiche.label|v2/score|mvt->court,"{""fiche.label"": ""Faible"", ""v2/score(court)"": ""Faible"", ""mvt(court)"": ""Faible""}",OK,exp_court=Faible raw=declasse_bati_sature,etage0=False
97414000ET1452,Saint-Louis,surface,fiche|geom_ST_Area(2975)|parcels.surface_m2|mvt,"{""fiche"": 891.0, ""geom_ST_Area_2975"": 890.59, ""parcels.surface_m2"": 890.59, ""mvt"": 890.59}",OK,arrondi entier,"geom en SRID 2975 (4326=degres, artefact ecarte)"
97414000ET1452,Saint-Louis,sdp_residuelle,fiche|mvt|renouv|parcel_residuel,"{""fiche.pot_transfo"": 0, ""mvt"": 0, ""residuel(canon)"": 0}",OK,canon=parcel_residuel cause NULL,
97424000AM0458,Cilaos,tier,fiche.label|v2/score|mvt->court,"{""fiche.label"": ""Écartée"", ""v2/score(court)"": ""Écartée"", ""mvt(court)"": ""Écartée""}",OK,exp_court=Écartée raw=ecartee,etage0=False
97424000AM0458,Cilaos,surface,fiche|geom_ST_Area(2975)|parcels.surface_m2|mvt,"{""fiche"": 2262.0, ""geom_ST_Area_2975"": 2261.92, ""parcels.surface_m2"": 2261.92, ""mvt"": 2261.92}",OK,arrondi entier,"geom en SRID 2975 (4326=degres, artefact ecarte)"
97424000AM0458,Cilaos,sdp_residuelle,fiche|mvt|renouv|parcel_residuel,"{""mvt"": 0}",OK,canon=parcel_residuel cause NULL,
97421000BK0004,Salazie,tier,fiche.label|v2/score|mvt->court,"{""fiche.label"": ""Écartée"", ""v2/score(court)"": ""Écartée"", ""mvt(court)"": ""Écartée""}",OK,exp_court=Écartée raw=ecartee,etage0=False
97421000BK0004,Salazie,surface,fiche|geom_ST_Area(2975)|parcels.surface_m2|mvt,"{""fiche"": 127001.0, ""geom_ST_Area_2975"": 127001.46, ""parcels.surface_m2"": 127001.46, ""mvt"": 127001.46}",OK,arrondi entier,"geom en SRID 2975 (4326=degres, artefact ecarte)"
97421000BK0004,Salazie,sdp_residuelle,fiche|mvt|renouv|parcel_residuel,"{""mvt"": 0}",OK,canon=parcel_residuel cause NULL,
97406000AV1046,La Plaine-des-Palmistes,tier,fiche.label|v2/score|mvt->court,"{""fiche.label"": ""Faible"", ""v2/score(court)"": ""Faible"", ""mvt(court)"": ""Faible""}",OK,exp_court=Faible raw=declasse_bati_sature,etage0=False
97406000AV1046,La Plaine-des-Palmistes,surface,fiche|geom_ST_Area(2975)|parcels.surface_m2|mvt,"{""fiche"": 775.0, ""geom_ST_Area_2975"": 774.92, ""parcels.surface_m2"": 774.92, ""mvt"": 774.92}",OK,arrondi entier,"geom en SRID 2975 (4326=degres, artefact ecarte)"
97406000AV1046,La Plaine-des-Palmistes,sdp_residuelle,fiche|mvt|renouv|parcel_residuel,"{""fiche.pot_transfo"": 0, ""mvt"": 0, ""residuel(canon)"": 0}",OK,canon=parcel_residuel cause NULL,
97418000AR1718,Sainte-Marie,tier,fiche.label|v2/score|mvt->court,"{""fiche.label"": ""Neutre"", ""v2/score(court)"": ""Neutre"", ""mvt(court)"": ""Neutre""}",OK,exp_court=Neutre raw=a_creuser,etage0=False
97418000AR1718,Sainte-Marie,surface,fiche|geom_ST_Area(2975)|parcels.surface_m2|mvt,"{""fiche"": 485.0, ""geom_ST_Area_2975"": 485.34, ""parcels.surface_m2"": 485.34, ""mvt"": 485.34}",OK,arrondi entier,"geom en SRID 2975 (4326=degres, artefact ecarte)"
97418000AR1718,Sainte-Marie,sdp_residuelle,fiche|mvt|renouv|parcel_residuel,"{""fiche.pot_transfo"": 297, ""mvt"": 297, ""renouv"": 297, ""residuel(canon)"": 297}",OK,canon=parcel_residuel cause NULL,
97415000HP0192,Saint-Paul,tier,fiche.label|v2/score|mvt->court,"{""fiche.label"": ""Long terme"", ""v2/score(court)"": ""Long terme"", ""mvt(court)"": ""Long terme""}",OK,exp_court=Long terme raw=reserve_fonciere,etage0=False
97415000HP0192,Saint-Paul,surface,fiche|geom_ST_Area(2975)|parcels.surface_m2|mvt,"{""fiche"": 3759.0, ""geom_ST_Area_2975"": 3758.93, ""parcels.surface_m2"": 3758.93, ""mvt"": 3758.93}",OK,arrondi entier,"geom en SRID 2975 (4326=degres, artefact ecarte)"
97415000HP0192,Saint-Paul,sdp_residuelle,fiche|mvt|renouv|parcel_residuel,"{""fiche.pot_transfo"": 1701, ""mvt"": 1701, ""residuel(canon)"": 1701}",OK,canon=parcel_residuel cause NULL,
97407000AL1656,Le Port,tier,fiche.label|v2/score|mvt->court,"{""fiche.label"": ""Écartée"", ""v2/score(court)"": ""Écartée"", ""mvt(court)"": ""Écartée""}",OK,exp_court=Écartée raw=ecartee,etage0=False
97407000AL1656,Le Port,surface,fiche|geom_ST_Area(2975)|parcels.surface_m2|mvt,"{""fiche"": 10.0, ""geom_ST_Area_2975"": 9.99, ""parcels.surface_m2"": 9.99, ""mvt"": 9.99}",OK,arrondi entier,"geom en SRID 2975 (4326=degres, artefact ecarte)"
97407000AL1656,Le Port,sdp_residuelle,fiche|mvt|renouv|parcel_residuel,"{""mvt"": 0}",OK,canon=parcel_residuel cause NULL,
97420000AE0136,Sainte-Suzanne,tier,fiche.label|v2/score|mvt->court,"{""fiche.label"": ""Faible"", ""v2/score(court)"": ""Faible"", ""mvt(court)"": ""Faible""}",OK,exp_court=Faible raw=declasse_bati_sature,etage0=False
97420000AE0136,Sainte-Suzanne,surface,fiche|geom_ST_Area(2975)|parcels.surface_m2|mvt,"{""fiche"": 145.0, ""geom_ST_Area_2975"": 144.71, ""parcels.surface_m2"": 144.71, ""mvt"": 144.71}",OK,arrondi entier,"geom en SRID 2975 (4326=degres, artefact ecarte)"
97420000AE0136,Sainte-Suzanne,sdp_residuelle,fiche|mvt|renouv|parcel_residuel,"{""fiche.pot_transfo"": 0, ""mvt"": 0, ""residuel(canon)"": 0}",OK,canon=parcel_residuel cause NULL,
97414000DM0764,Saint-Louis,tier,fiche.label|v2/score|mvt->court,"{""fiche.label"": ""Neutre"", ""v2/score(court)"": ""Neutre"", ""mvt(court)"": ""Neutre""}",OK,exp_court=Neutre raw=a_creuser,etage0=False
97414000DM0764,Saint-Louis,surface,fiche|geom_ST_Area(2975)|parcels.surface_m2|mvt,"{""fiche"": 295.0, ""geom_ST_Area_2975"": 295.28, ""parcels.surface_m2"": 295.28, ""mvt"": 295.28}",OK,arrondi entier,"geom en SRID 2975 (4326=degres, artefact ecarte)"
97414000DM0764,Saint-Louis,sdp_residuelle,fiche|mvt|renouv|parcel_residuel,"{""fiche.pot_transfo"": 25, ""mvt"": 25, ""residuel(canon)"": 25}",OK,canon=parcel_residuel cause NULL,
97409000AI0498,Saint-André,tier,fiche.label|v2/score|mvt->court,"{""fiche.label"": ""Faible"", ""v2/score(court)"": ""Faible"", ""mvt(court)"": ""Faible""}",OK,exp_court=Faible raw=declasse_bati_sature,etage0=False
97409000AI0498,Saint-André,surface,fiche|geom_ST_Area(2975)|parcels.surface_m2|mvt,"{""fiche"": 73.0, ""geom_ST_Area_2975"": 72.56, ""parcels.surface_m2"": 72.56, ""mvt"": 72.56}",OK,arrondi entier,"geom en SRID 2975 (4326=degres, artefact ecarte)"
97409000AI0498,Saint-André,sdp_residuelle,fiche|mvt|renouv|parcel_residuel,"{""fiche.pot_transfo"": 0, ""mvt"": 0, ""residuel(canon)"": 0}",OK,canon=parcel_residuel cause NULL,
97410000AI0701,Saint-Benoît,tier,fiche.label|v2/score|mvt->court,"{""fiche.label"": ""Faible"", ""v2/score(court)"": ""Faible"", ""mvt(court)"": ""Faible""}",OK,exp_court=Faible raw=declasse_bati_sature,etage0=False
97410000AI0701,Saint-Benoît,surface,fiche|geom_ST_Area(2975)|parcels.surface_m2|mvt,"{""fiche"": 543.0, ""geom_ST_Area_2975"": 542.78, ""parcels.surface_m2"": 542.78, ""mvt"": 542.78}",OK,arrondi entier,"geom en SRID 2975 (4326=degres, artefact ecarte)"
97410000AI0701,Saint-Benoît,sdp_residuelle,fiche|mvt|renouv|parcel_residuel,"{""fiche.pot_transfo"": 0, ""mvt"": 0, ""residuel(canon)"": 0}",OK,canon=parcel_residuel cause NULL,
97406000AV1281,La Plaine-des-Palmistes,tier,fiche.label|v2/score|mvt->court,"{""fiche.label"": ""Écartée"", ""v2/score(court)"": ""Écartée"", ""mvt(court)"": ""Écartée""}",OK,exp_court=Écartée raw=ecartee,etage0=False
97406000AV1281,La Plaine-des-Palmistes,surface,fiche|geom_ST_Area(2975)|parcels.surface_m2|mvt,"{""fiche"": 75.0, ""geom_ST_Area_2975"": 74.91, ""parcels.surface_m2"": 74.91, ""mvt"": 74.91}",OK,arrondi entier,"geom en SRID 2975 (4326=degres, artefact ecarte)"
97406000AV1281,La Plaine-des-Palmistes,sdp_residuelle,fiche|mvt|renouv|parcel_residuel,"{""mvt"": 0}",OK,canon=parcel_residuel cause NULL,
97407000AL0891,Le Port,tier,fiche.label|v2/score|mvt->court,"{""fiche.label"": ""Neutre"", ""v2/score(court)"": ""Neutre"", ""mvt(court)"": ""Neutre""}",OK,exp_court=Neutre raw=a_creuser,etage0=False
97407000AL0891,Le Port,surface,fiche|geom_ST_Area(2975)|parcels.surface_m2|mvt,"{""raw"":341.498,""tous_arrondis_a"":341}",OK,arrondi entier,valeur unique 341.498 partout; artefact de double-arrondi audit ecarte
97407000AL0891,Le Port,sdp_residuelle,fiche|mvt|renouv|parcel_residuel,"{""fiche.pot_transfo"": 82, ""mvt"": 82, ""residuel(canon)"": 82}",OK,canon=parcel_residuel cause NULL,
97413000CX1509,Saint-Leu,tier,fiche.label|v2/score|mvt->court,"{""fiche.label"": ""Neutre"", ""v2/score(court)"": ""Neutre"", ""mvt(court)"": ""Neutre""}",OK,exp_court=Neutre raw=a_creuser,etage0=False
97413000CX1509,Saint-Leu,surface,fiche|geom_ST_Area(2975)|parcels.surface_m2|mvt,"{""fiche"": 1099.0, ""geom_ST_Area_2975"": 1098.66, ""parcels.surface_m2"": 1098.66, ""mvt"": 1098.66}",OK,arrondi entier,"geom en SRID 2975 (4326=degres, artefact ecarte)"
97413000CX1509,Saint-Leu,sdp_residuelle,fiche|mvt|renouv|parcel_residuel,"{""mvt"": 0}",OK,canon=parcel_residuel cause NULL,
97410000CD0576,Saint-Benoît,tier,fiche.label|v2/score|mvt->court,"{""fiche.label"": ""Neutre"", ""v2/score(court)"": ""Neutre"", ""mvt(court)"": ""Neutre""}",OK,exp_court=Neutre raw=a_creuser,etage0=False
97410000CD0576,Saint-Benoît,surface,fiche|geom_ST_Area(2975)|parcels.surface_m2|mvt,"{""fiche"": 447.0, ""geom_ST_Area_2975"": 447.01, ""parcels.surface_m2"": 447.01, ""mvt"": 447.01}",OK,arrondi entier,"geom en SRID 2975 (4326=degres, artefact ecarte)"
97410000CD0576,Saint-Benoît,sdp_residuelle,fiche|mvt|renouv|parcel_residuel,"{""fiche.pot_transfo"": 80, ""mvt"": 80, ""residuel(canon)"": 80}",OK,canon=parcel_residuel cause NULL,
97413000DG0470,Saint-Leu,tier,fiche.label|v2/score|mvt->court,"{""fiche.label"": ""À suivre"", ""v2/score(court)"": ""À suivre"", ""mvt(court)"": ""À suivre""}",OK,exp_court=À suivre raw=chaude,etage0=False
97413000DG0470,Saint-Leu,surface,fiche|geom_ST_Area(2975)|parcels.surface_m2|mvt,"{""fiche"": 912.0, ""geom_ST_Area_2975"": 912.49, ""parcels.surface_m2"": 912.49, ""mvt"": 912.49}",OK,arrondi entier,"geom en SRID 2975 (4326=degres, artefact ecarte)"
97413000DG0470,Saint-Leu,sdp_residuelle,fiche|mvt|renouv|parcel_residuel,"{""fiche.pot_transfo"": 349, ""mvt"": 349, ""renouv"": 349, ""residuel(canon)"": 349}",OK,canon=parcel_residuel cause NULL,
97421000AE0053,Salazie,tier,fiche.label|v2/score|mvt->court,"{""fiche.label"": ""Écartée"", ""v2/score(court)"": ""Écartée"", ""mvt(court)"": ""Écartée""}",OK,exp_court=Écartée raw=ecartee,etage0=False
97421000AE0053,Salazie,surface,fiche|geom_ST_Area(2975)|parcels.surface_m2|mvt,"{""fiche"": 1391.0, ""geom_ST_Area_2975"": 1390.57, ""parcels.surface_m2"": 1390.57, ""mvt"": 1390.57}",OK,arrondi entier,"geom en SRID 2975 (4326=degres, artefact ecarte)"
97421000AE0053,Salazie,sdp_residuelle,fiche|mvt|renouv|parcel_residuel,"{""mvt"": 0}",OK,canon=parcel_residuel cause NULL,
97419000AO0225,Sainte-Rose,tier,fiche.label|v2/score|mvt->court,"{""fiche.label"": ""Écartée"", ""v2/score(court)"": ""Écartée"", ""mvt(court)"": ""Écartée""}",OK,exp_court=Écartée raw=ecartee,etage0=False
97419000AO0225,Sainte-Rose,surface,fiche|geom_ST_Area(2975)|parcels.surface_m2|mvt,"{""fiche"": 11910.0, ""geom_ST_Area_2975"": 11909.6, ""parcels.surface_m2"": 11909.6, ""mvt"": 11909.6}",OK,arrondi entier,"geom en SRID 2975 (4326=degres, artefact ecarte)"
97419000AO0225,Sainte-Rose,sdp_residuelle,fiche|mvt|renouv|parcel_residuel,"{""mvt"": 0}",OK,canon=parcel_residuel cause NULL,
97422000CT0181,Le Tampon,tier,fiche.label|v2/score|mvt->court,"{""fiche.label"": ""Faible"", ""v2/score(court)"": ""Faible"", ""mvt(court)"": ""Faible""}",OK,exp_court=Faible raw=declasse_bati_sature,etage0=False
97422000CT0181,Le Tampon,surface,fiche|geom_ST_Area(2975)|parcels.surface_m2|mvt,"{""fiche"": 668.0, ""geom_ST_Area_2975"": 667.97, ""parcels.surface_m2"": 667.97, ""mvt"": 667.97}",OK,arrondi entier,"geom en SRID 2975 (4326=degres, artefact ecarte)"
97422000CT0181,Le Tampon,sdp_residuelle,fiche|mvt|renouv|parcel_residuel,"{""fiche.pot_transfo"": 0, ""mvt"": 0, ""residuel(canon)"": 0}",OK,canon=parcel_residuel cause NULL,
97423000AB1762,Les Trois-Bassins,tier,fiche.label|v2/score|mvt->court,"{""fiche.label"": ""Écartée"", ""v2/score(court)"": ""Écartée"", ""mvt(court)"": ""Écartée""}",OK,exp_court=Écartée raw=ecartee,etage0=False
97423000AB1762,Les Trois-Bassins,surface,fiche|geom_ST_Area(2975)|parcels.surface_m2|mvt,"{""fiche"": 1104.0, ""geom_ST_Area_2975"": 1104.28, ""parcels.surface_m2"": 1104.28, ""mvt"": 1104.28}",OK,arrondi entier,"geom en SRID 2975 (4326=degres, artefact ecarte)"
97423000AB1762,Les Trois-Bassins,sdp_residuelle,fiche|mvt|renouv|parcel_residuel,"{""mvt"": 0}",OK,canon=parcel_residuel cause NULL,
97422000BR1165,Le Tampon,tier,fiche.label|v2/score|mvt->court,"{""fiche.label"": ""Long terme"", ""v2/score(court)"": ""Long terme"", ""mvt(court)"": ""Long terme""}",OK,exp_court=Long terme raw=reserve_fonciere,etage0=False
97422000BR1165,Le Tampon,surface,fiche|geom_ST_Area(2975)|parcels.surface_m2|mvt,"{""fiche"": 1399.0, ""geom_ST_Area_2975"": 1399.47, ""parcels.surface_m2"": 1399.47, ""mvt"": 1399.47}",OK,arrondi entier,"geom en SRID 2975 (4326=degres, artefact ecarte)"
97422000BR1165,Le Tampon,sdp_residuelle,fiche|mvt|renouv|parcel_residuel,"{""fiche.pot_transfo"": 1594, ""mvt"": 1594, ""renouv"": 1594, ""residuel(canon)"": 1594}",OK,canon=parcel_residuel cause NULL,
97408000AN2143,La Possession,tier,fiche.label|v2/score|mvt->court,"{""fiche.label"": ""Faible"", ""v2/score(court)"": ""Faible"", ""mvt(court)"": ""Faible""}",OK,exp_court=Faible raw=declasse_bati_sature,etage0=False
97408000AN2143,La Possession,surface,fiche|geom_ST_Area(2975)|parcels.surface_m2|mvt,"{""fiche"": 544.0, ""geom_ST_Area_2975"": 543.88, ""parcels.surface_m2"": 543.88, ""mvt"": 543.88}",OK,arrondi entier,"geom en SRID 2975 (4326=degres, artefact ecarte)"
97408000AN2143,La Possession,sdp_residuelle,fiche|mvt|renouv|parcel_residuel,"{""fiche.pot_transfo"": 0, ""mvt"": 0, ""residuel(canon)"": 0}",OK,canon=parcel_residuel cause NULL,
97404000AN0361,L'Étang-Salé,tier,fiche.label|v2/score|mvt->court,"{""fiche.label"": ""Écartée"", ""v2/score(court)"": ""Écartée"", ""mvt(court)"": ""Écartée""}",OK,exp_court=Écartée raw=ecartee,etage0=False
97404000AN0361,L'Étang-Salé,surface,fiche|geom_ST_Area(2975)|parcels.surface_m2|mvt,"{""fiche"": 290.0, ""geom_ST_Area_2975"": 290.49, ""parcels.surface_m2"": 290.49, ""mvt"": 290.49}",OK,arrondi entier,"geom en SRID 2975 (4326=degres, artefact ecarte)"
97404000AN0361,L'Étang-Salé,sdp_residuelle,fiche|mvt|renouv|parcel_residuel,"{""mvt"": 0}",OK,canon=parcel_residuel cause NULL,
97417000AE0050,Saint-Philippe,tier,fiche.label|v2/score|mvt->court,"{""fiche.label"": ""Neutre"", ""v2/score(court)"": ""Neutre"", ""mvt(court)"": ""Neutre""}",OK,exp_court=Neutre raw=a_creuser,etage0=False
97417000AE0050,Saint-Philippe,surface,fiche|geom_ST_Area(2975)|parcels.surface_m2|mvt,"{""fiche"": 2948.0, ""geom_ST_Area_2975"": 2948.05, ""parcels.surface_m2"": 2948.05, ""mvt"": 2948.05}",OK,arrondi entier,"geom en SRID 2975 (4326=degres, artefact ecarte)"
97417000AE0050,Saint-Philippe,sdp_residuelle,fiche|mvt|renouv|parcel_residuel,{},OK,canon=parcel_residuel cause NULL,
97408000AC1422,La Possession,tier,fiche.label|v2/score|mvt->court,"{""fiche.label"": ""Écartée"", ""v2/score(court)"": ""Écartée"", ""mvt(court)"": ""Écartée""}",OK,exp_court=Écartée raw=ecartee,etage0=False
97408000AC1422,La Possession,surface,fiche|geom_ST_Area(2975)|parcels.surface_m2|mvt,"{""fiche"": 22779.0, ""geom_ST_Area_2975"": 22778.89, ""parcels.surface_m2"": 22778.89, ""mvt"": 22778.89}",OK,arrondi entier,"geom en SRID 2975 (4326=degres, artefact ecarte)"
97408000AC1422,La Possession,sdp_residuelle,fiche|mvt|renouv|parcel_residuel,"{""mvt"": 0}",OK,canon=parcel_residuel cause NULL,
97418000AD0459,Sainte-Marie,tier,fiche.label|v2/score|mvt->court,"{""fiche.label"": ""Neutre"", ""v2/score(court)"": ""Neutre"", ""mvt(court)"": ""Neutre""}",OK,exp_court=Neutre raw=a_creuser,etage0=False
97418000AD0459,Sainte-Marie,surface,fiche|geom_ST_Area(2975)|parcels.surface_m2|mvt,"{""fiche"": 1283.0, ""geom_ST_Area_2975"": 1283.15, ""parcels.surface_m2"": 1283.15, ""mvt"": 1283.15}",OK,arrondi entier,"geom en SRID 2975 (4326=degres, artefact ecarte)"
97418000AD0459,Sainte-Marie,sdp_residuelle,fiche|mvt|renouv|parcel_residuel,"{""fiche.pot_transfo"": 336, ""mvt"": 336, ""renouv"": 336, ""residuel(canon)"": 336}",OK,canon=parcel_residuel cause NULL,
97405000AI0240,Petite-Île,tier,fiche.label|v2/score|mvt->court,"{""fiche.label"": ""Neutre"", ""v2/score(court)"": ""Neutre"", ""mvt(court)"": ""Neutre""}",OK,exp_court=Neutre raw=a_creuser,etage0=False
97405000AI0240,Petite-Île,surface,fiche|geom_ST_Area(2975)|parcels.surface_m2|mvt,"{""fiche"": 632.0, ""geom_ST_Area_2975"": 632.18, ""parcels.surface_m2"": 632.18, ""mvt"": 632.18}",OK,arrondi entier,"geom en SRID 2975 (4326=degres, artefact ecarte)"
97405000AI0240,Petite-Île,sdp_residuelle,fiche|mvt|renouv|parcel_residuel,"{""fiche.pot_transfo"": 98, ""mvt"": 98, ""residuel(canon)"": 98}",OK,canon=parcel_residuel cause NULL,
97418000BL0026,Sainte-Marie,tier,fiche.label|v2/score|mvt->court,"{""fiche.label"": ""Long terme"", ""v2/score(court)"": ""Long terme"", ""mvt(court)"": ""Long terme""}",OK,exp_court=Long terme raw=reserve_fonciere,etage0=False
97418000BL0026,Sainte-Marie,surface,fiche|geom_ST_Area(2975)|parcels.surface_m2|mvt,"{""fiche"": 3178.0, ""geom_ST_Area_2975"": 3178.18, ""parcels.surface_m2"": 3178.18, ""mvt"": 3178.18}",OK,arrondi entier,"geom en SRID 2975 (4326=degres, artefact ecarte)"
97418000BL0026,Sainte-Marie,sdp_residuelle,fiche|mvt|renouv|parcel_residuel,"{""fiche.pot_transfo"": 1401, ""mvt"": 1401, ""residuel(canon)"": 1401}",OK,canon=parcel_residuel cause NULL,
97404000AI0171,L'Étang-Salé,tier,fiche.label|v2/score|mvt->court,"{""fiche.label"": ""Faible"", ""v2/score(court)"": ""Faible"", ""mvt(court)"": ""Faible""}",OK,exp_court=Faible raw=declasse_bati_sature,etage0=False
97404000AI0171,L'Étang-Salé,surface,fiche|geom_ST_Area(2975)|parcels.surface_m2|mvt,"{""fiche"": 433.0, ""geom_ST_Area_2975"": 432.99, ""parcels.surface_m2"": 432.99, ""mvt"": 432.99}",OK,arrondi entier,"geom en SRID 2975 (4326=degres, artefact ecarte)"
97404000AI0171,L'Étang-Salé,sdp_residuelle,fiche|mvt|renouv|parcel_residuel,"{""fiche.pot_transfo"": 0, ""mvt"": 0, ""residuel(canon)"": 0}",OK,canon=parcel_residuel cause NULL,
97419000AI0827,Sainte-Rose,tier,fiche.label|v2/score|mvt->court,"{""fiche.label"": ""Écartée"", ""v2/score(court)"": ""Écartée"", ""mvt(court)"": ""Écartée""}",OK,exp_court=Écartée raw=ecartee,etage0=False
97419000AI0827,Sainte-Rose,surface,fiche|geom_ST_Area(2975)|parcels.surface_m2|mvt,"{""fiche"": 18272.0, ""geom_ST_Area_2975"": 18272.18, ""parcels.surface_m2"": 18272.18, ""mvt"": 18272.18}",OK,arrondi entier,"geom en SRID 2975 (4326=degres, artefact ecarte)"
97419000AI0827,Sainte-Rose,sdp_residuelle,fiche|mvt|renouv|parcel_residuel,"{""mvt"": 0}",OK,canon=parcel_residuel cause NULL,
97411000CE1132,Saint-Denis,tier,fiche.label|v2/score|mvt->court,"{""fiche.label"": ""Priorité"", ""v2/score(court)"": ""Priorité"", ""mvt(court)"": ""Priorité""}",OK,exp_court=Priorité raw=brulante,etage0=False
97411000CE1132,Saint-Denis,surface,fiche|geom_ST_Area(2975)|parcels.surface_m2|mvt,"{""fiche"": 348.0, ""geom_ST_Area_2975"": 347.98, ""parcels.surface_m2"": 347.98, ""mvt"": 347.98}",OK,arrondi entier,"geom en SRID 2975 (4326=degres, artefact ecarte)"
97411000CE1132,Saint-Denis,sdp_residuelle,fiche|mvt|renouv|parcel_residuel,"{""fiche.pot_transfo"": 94, ""mvt"": 94, ""residuel(canon)"": 94}",OK,canon=parcel_residuel cause NULL,
97408000AP1650,La Possession,tier,fiche.label|v2/score|mvt->court,"{""fiche.label"": ""À suivre"", ""v2/score(court)"": ""À suivre"", ""mvt(court)"": ""À suivre""}",OK,exp_court=À suivre raw=chaude,etage0=False
97408000AP1650,La Possession,surface,fiche|geom_ST_Area(2975)|parcels.surface_m2|mvt,"{""fiche"": 356.0, ""geom_ST_Area_2975"": 356.42, ""parcels.surface_m2"": 356.42, ""mvt"": 356.42}",OK,arrondi entier,"geom en SRID 2975 (4326=degres, artefact ecarte)"
97408000AP1650,La Possession,sdp_residuelle,fiche|mvt|renouv|parcel_residuel,"{""fiche.pot_transfo"": 196, ""mvt"": 196, ""residuel(canon)"": 196}",OK,canon=parcel_residuel cause NULL,
97414000DE0474,Saint-Louis,tier,fiche.label|v2/score|mvt->court,"{""fiche.label"": ""Neutre"", ""v2/score(court)"": ""Neutre"", ""mvt(court)"": ""Neutre""}",OK,exp_court=Neutre raw=a_creuser,etage0=False
97414000DE0474,Saint-Louis,surface,fiche|geom_ST_Area(2975)|parcels.surface_m2|mvt,"{""fiche"": 932.0, ""geom_ST_Area_2975"": 932.12, ""parcels.surface_m2"": 932.12, ""mvt"": 932.12}",OK,arrondi entier,"geom en SRID 2975 (4326=degres, artefact ecarte)"
97414000DE0474,Saint-Louis,sdp_residuelle,fiche|mvt|renouv|parcel_residuel,"{""fiche.pot_transfo"": 283, ""mvt"": 283, ""residuel(canon)"": 283}",OK,canon=parcel_residuel cause NULL,
97415000AT0232,Saint-Paul,tier,fiche.label|v2/score|mvt->court,"{""fiche.label"": ""Neutre"", ""v2/score(court)"": ""Neutre"", ""mvt(court)"": ""Neutre""}",OK,exp_court=Neutre raw=a_creuser,etage0=False
97415000AT0232,Saint-Paul,surface,fiche|geom_ST_Area(2975)|parcels.surface_m2|mvt,"{""fiche"": 450.0, ""geom_ST_Area_2975"": 449.65, ""parcels.surface_m2"": 449.65, ""mvt"": 449.65}",OK,arrondi entier,"geom en SRID 2975 (4326=degres, artefact ecarte)"
97415000AT0232,Saint-Paul,sdp_residuelle,fiche|mvt|renouv|parcel_residuel,"{""fiche.pot_transfo"": 72, ""mvt"": 72, ""residuel(canon)"": 72}",OK,canon=parcel_residuel cause NULL,
97411000HS0351,Saint-Denis,tier,fiche.label|v2/score|mvt->court,"{""fiche.label"": ""Long terme"", ""v2/score(court)"": ""Long terme"", ""mvt(court)"": ""Long terme""}",OK,exp_court=Long terme raw=reserve_fonciere,etage0=False
97411000HS0351,Saint-Denis,surface,fiche|geom_ST_Area(2975)|parcels.surface_m2|mvt,"{""fiche"": 1597.0, ""geom_ST_Area_2975"": 1596.59, ""parcels.surface_m2"": 1596.59, ""mvt"": 1596.59}",OK,arrondi entier,"geom en SRID 2975 (4326=degres, artefact ecarte)"
97411000HS0351,Saint-Denis,sdp_residuelle,fiche|mvt|renouv|parcel_residuel,"{""fiche.pot_transfo"": 1333, ""mvt"": 1333, ""renouv"": 1333, ""residuel(canon)"": 1333}",OK,canon=parcel_residuel cause NULL,
97401000AR1146,Les Avirons,tier,fiche.label|v2/score|mvt->court,"{""fiche.label"": ""Neutre"", ""v2/score(court)"": ""Neutre"", ""mvt(court)"": ""Neutre""}",OK,exp_court=Neutre raw=a_creuser,etage0=False
97401000AR1146,Les Avirons,surface,fiche|geom_ST_Area(2975)|parcels.surface_m2|mvt,"{""fiche"": 846.0, ""geom_ST_Area_2975"": 846.04, ""parcels.surface_m2"": 846.04, ""mvt"": 846.04}",OK,arrondi entier,"geom en SRID 2975 (4326=degres, artefact ecarte)"
97401000AR1146,Les Avirons,sdp_residuelle,fiche|mvt|renouv|parcel_residuel,"{""fiche.pot_transfo"": 302, ""mvt"": 302, ""residuel(canon)"": 302}",OK,canon=parcel_residuel cause NULL,
97409000AH0156,Saint-André,tier,fiche.label|v2/score|mvt->court,"{""fiche.label"": ""Long terme"", ""v2/score(court)"": ""Long terme"", ""mvt(court)"": ""Long terme""}",OK,exp_court=Long terme raw=reserve_fonciere,etage0=False
97409000AH0156,Saint-André,surface,fiche|geom_ST_Area(2975)|parcels.surface_m2|mvt,"{""fiche"": 2074.0, ""geom_ST_Area_2975"": 2073.57, ""parcels.surface_m2"": 2073.57, ""mvt"": 2073.57}",OK,arrondi entier,"geom en SRID 2975 (4326=degres, artefact ecarte)"
97409000AH0156,Saint-André,sdp_residuelle,fiche|mvt|renouv|parcel_residuel,"{""fiche.pot_transfo"": 1224, ""mvt"": 1224, ""renouv"": 1224, ""residuel(canon)"": 1224}",OK,canon=parcel_residuel cause NULL,
97403000AR1511,Entre-Deux,tier,fiche.label|v2/score|mvt->court,"{""fiche.label"": ""Priorité"", ""v2/score(court)"": ""Priorité"", ""mvt(court)"": ""Priorité""}",OK,exp_court=Priorité raw=brulante,etage0=False
97403000AR1511,Entre-Deux,surface,fiche|geom_ST_Area(2975)|parcels.surface_m2|mvt,"{""fiche"": 527.0, ""geom_ST_Area_2975"": 527.45, ""parcels.surface_m2"": 527.45, ""mvt"": 527.45}",OK,arrondi entier,"geom en SRID 2975 (4326=degres, artefact ecarte)"
97403000AR1511,Entre-Deux,sdp_residuelle,fiche|mvt|renouv|parcel_residuel,"{""fiche.pot_transfo"": 58, ""mvt"": 58, ""residuel(canon)"": 58}",OK,canon=parcel_residuel cause NULL,
97403000AH0130,Entre-Deux,tier,fiche.label|v2/score|mvt->court,"{""fiche.label"": ""Écartée"", ""v2/score(court)"": ""Écartée"", ""mvt(court)"": ""Écartée""}",OK,exp_court=Écartée raw=ecartee,etage0=False
97403000AH0130,Entre-Deux,surface,fiche|geom_ST_Area(2975)|parcels.surface_m2|mvt,"{""fiche"": 47854.0, ""geom_ST_Area_2975"": 47854.49, ""parcels.surface_m2"": 47854.49, ""mvt"": 47854.49}",OK,arrondi entier,"geom en SRID 2975 (4326=degres, artefact ecarte)"
97403000AH0130,Entre-Deux,sdp_residuelle,fiche|mvt|renouv|parcel_residuel,"{""mvt"": 0}",OK,canon=parcel_residuel cause NULL,
97418000AW0627,Sainte-Marie,tier,fiche.label|v2/score|mvt->court,"{""fiche.label"": ""Long terme"", ""v2/score(court)"": ""Long terme"", ""mvt(court)"": ""Long terme""}",OK,exp_court=Long terme raw=reserve_fonciere,etage0=False
97418000AW0627,Sainte-Marie,surface,fiche|geom_ST_Area(2975)|parcels.surface_m2|mvt,"{""fiche"": 2481.0, ""geom_ST_Area_2975"": 2480.72, ""parcels.surface_m2"": 2480.72, ""mvt"": 2480.72}",OK,arrondi entier,"geom en SRID 2975 (4326=degres, artefact ecarte)"
97418000AW0627,Sainte-Marie,sdp_residuelle,fiche|mvt|renouv|parcel_residuel,"{""fiche.pot_transfo"": 969, ""mvt"": 969, ""residuel(canon)"": 969}",OK,canon=parcel_residuel cause NULL,
97402000AI0556,Bras-Panon,tier,fiche.label|v2/score|mvt->court,"{""fiche.label"": ""Écartée"", ""v2/score(court)"": ""Écartée"", ""mvt(court)"": ""Écartée""}",OK,exp_court=Écartée raw=ecartee,etage0=False
97402000AI0556,Bras-Panon,surface,fiche|geom_ST_Area(2975)|parcels.surface_m2|mvt,"{""fiche"": 710.0, ""geom_ST_Area_2975"": 709.93, ""parcels.surface_m2"": 709.93, ""mvt"": 709.93}",OK,arrondi entier,"geom en SRID 2975 (4326=degres, artefact ecarte)"
97402000AI0556,Bras-Panon,sdp_residuelle,fiche|mvt|renouv|parcel_residuel,"{""mvt"": 0}",OK,canon=parcel_residuel cause NULL,
97424000AI2287,Cilaos,tier,fiche.label|v2/score|mvt->court,"{""fiche.label"": ""Neutre"", ""v2/score(court)"": ""Neutre"", ""mvt(court)"": ""Neutre""}",OK,exp_court=Neutre raw=a_creuser,etage0=False
97424000AI2287,Cilaos,surface,fiche|geom_ST_Area(2975)|parcels.surface_m2|mvt,"{""fiche"": 182.0, ""geom_ST_Area_2975"": 182.13, ""parcels.surface_m2"": 182.13, ""mvt"": 182.13}",OK,arrondi entier,"geom en SRID 2975 (4326=degres, artefact ecarte)"
97424000AI2287,Cilaos,sdp_residuelle,fiche|mvt|renouv|parcel_residuel,"{""fiche.pot_transfo"": 27, ""mvt"": 27, ""residuel(canon)"": 27}",OK,canon=parcel_residuel cause NULL,
97423000AB1820,Les Trois-Bassins,tier,fiche.label|v2/score|mvt->court,"{""fiche.label"": ""Neutre"", ""v2/score(court)"": ""Neutre"", ""mvt(court)"": ""Neutre""}",OK,exp_court=Neutre raw=a_creuser,etage0=False
97423000AB1820,Les Trois-Bassins,surface,fiche|geom_ST_Area(2975)|parcels.surface_m2|mvt,"{""fiche"": 50.0, ""geom_ST_Area_2975"": 49.79, ""parcels.surface_m2"": 49.79, ""mvt"": 49.79}",OK,arrondi entier,"geom en SRID 2975 (4326=degres, artefact ecarte)"
97423000AB1820,Les Trois-Bassins,sdp_residuelle,fiche|mvt|renouv|parcel_residuel,"{""mvt"": 0}",OK,canon=parcel_residuel cause NULL,
97404000AW0706,L'Étang-Salé,tier,fiche.label|v2/score|mvt->court,"{""fiche.label"": ""Neutre"", ""v2/score(court)"": ""Neutre"", ""mvt(court)"": ""Neutre""}",OK,exp_court=Neutre raw=a_creuser,etage0=False
97404000AW0706,L'Étang-Salé,surface,fiche|geom_ST_Area(2975)|parcels.surface_m2|mvt,"{""fiche"": 469.0, ""geom_ST_Area_2975"": 469.16, ""parcels.surface_m2"": 469.16, ""mvt"": 469.16}",OK,arrondi entier,"geom en SRID 2975 (4326=degres, artefact ecarte)"
97404000AW0706,L'Étang-Salé,sdp_residuelle,fiche|mvt|renouv|parcel_residuel,"{""fiche.pot_transfo"": 147, ""mvt"": 147, ""residuel(canon)"": 147}",OK,canon=parcel_residuel cause NULL,
97415000HP0227,Saint-Paul,tier,fiche.label|v2/score|mvt->court,"{""fiche.label"": ""Écartée"", ""v2/score(court)"": ""Écartée"", ""mvt(court)"": ""Écartée""}",OK,exp_court=Écartée raw=ecartee,etage0=False
97415000HP0227,Saint-Paul,surface,fiche|geom_ST_Area(2975)|parcels.surface_m2|mvt,"{""fiche"": 115.0, ""geom_ST_Area_2975"": 115.13, ""parcels.surface_m2"": 115.13, ""mvt"": 115.13}",OK,arrondi entier,"geom en SRID 2975 (4326=degres, artefact ecarte)"
97415000HP0227,Saint-Paul,sdp_residuelle,fiche|mvt|renouv|parcel_residuel,"{""mvt"": 0}",OK,canon=parcel_residuel cause NULL,
97406000AL0588,La Plaine-des-Palmistes,tier,fiche.label|v2/score|mvt->court,"{""fiche.label"": ""Faible"", ""v2/score(court)"": ""Faible"", ""mvt(court)"": ""Faible""}",OK,exp_court=Faible raw=declasse_bati_sature,etage0=False
97406000AL0588,La Plaine-des-Palmistes,surface,fiche|geom_ST_Area(2975)|parcels.surface_m2|mvt,"{""fiche"": 196.0, ""geom_ST_Area_2975"": 195.64, ""parcels.surface_m2"": 195.64, ""mvt"": 195.64}",OK,arrondi entier,"geom en SRID 2975 (4326=degres, artefact ecarte)"
97406000AL0588,La Plaine-des-Palmistes,sdp_residuelle,fiche|mvt|renouv|parcel_residuel,"{""fiche.pot_transfo"": 0, ""mvt"": 0, ""residuel(canon)"": 0}",OK,canon=parcel_residuel cause NULL,
97420000BD0643,Sainte-Suzanne,tier,fiche.label|v2/score|mvt->court,"{""fiche.label"": ""À suivre"", ""v2/score(court)"": ""À suivre"", ""mvt(court)"": ""À suivre""}",OK,exp_court=À suivre raw=chaude,etage0=False
97420000BD0643,Sainte-Suzanne,surface,fiche|geom_ST_Area(2975)|parcels.surface_m2|mvt,"{""fiche"": 438.0, ""geom_ST_Area_2975"": 437.58, ""parcels.surface_m2"": 437.58, ""mvt"": 437.58}",OK,arrondi entier,"geom en SRID 2975 (4326=degres, artefact ecarte)"
97420000BD0643,Sainte-Suzanne,sdp_residuelle,fiche|mvt|renouv|parcel_residuel,"{""fiche.pot_transfo"": 295, ""mvt"": 295, ""residuel(canon)"": 295}",OK,canon=parcel_residuel cause NULL,
97413000CQ0788,Saint-Leu,tier,fiche.label|v2/score|mvt->court,"{""fiche.label"": ""Neutre"", ""v2/score(court)"": ""Neutre"", ""mvt(court)"": ""Neutre""}",OK,exp_court=Neutre raw=a_creuser,etage0=False
97413000CQ0788,Saint-Leu,surface,fiche|geom_ST_Area(2975)|parcels.surface_m2|mvt,"{""fiche"": 1239.0, ""geom_ST_Area_2975"": 1239.08, ""parcels.surface_m2"": 1239.08, ""mvt"": 1239.08}",OK,arrondi entier,"geom en SRID 2975 (4326=degres, artefact ecarte)"
97413000CQ0788,Saint-Leu,sdp_residuelle,fiche|mvt|renouv|parcel_residuel,"{""fiche.pot_transfo"": 710, ""mvt"": 710, ""renouv"": 710, ""residuel(canon)"": 710}",OK,canon=parcel_residuel cause NULL,
97422000DE0473,Le Tampon,tier,fiche.label|v2/score|mvt->court,"{""fiche.label"": ""Long terme"", ""v2/score(court)"": ""Long terme"", ""mvt(court)"": ""Long terme""}",OK,exp_court=Long terme raw=reserve_fonciere,etage0=False
97422000DE0473,Le Tampon,surface,fiche|geom_ST_Area(2975)|parcels.surface_m2|mvt,"{""fiche"": 1214.0, ""geom_ST_Area_2975"": 1214.42, ""parcels.surface_m2"": 1214.42, ""mvt"": 1214.42}",OK,arrondi entier,"geom en SRID 2975 (4326=degres, artefact ecarte)"
97422000DE0473,Le Tampon,sdp_residuelle,fiche|mvt|renouv|parcel_residuel,"{""fiche.pot_transfo"": 1209, ""mvt"": 1209, ""renouv"": 1209, ""residuel(canon)"": 1209}",OK,canon=parcel_residuel cause NULL,
97401000AI0961,Les Avirons,tier,fiche.label|v2/score|mvt->court,"{""fiche.label"": ""Faible"", ""v2/score(court)"": ""Faible"", ""mvt(court)"": ""Faible""}",OK,exp_court=Faible raw=declasse_bati_sature,etage0=False
97401000AI0961,Les Avirons,surface,fiche|geom_ST_Area(2975)|parcels.surface_m2|mvt,"{""fiche"": 926.0, ""geom_ST_Area_2975"": 926.31, ""parcels.surface_m2"": 926.31, ""mvt"": 926.31}",OK,arrondi entier,"geom en SRID 2975 (4326=degres, artefact ecarte)"
97401000AI0961,Les Avirons,sdp_residuelle,fiche|mvt|renouv|parcel_residuel,"{""fiche.pot_transfo"": 0, ""mvt"": 0, ""residuel(canon)"": 0}",OK,canon=parcel_residuel cause NULL,
97417000AT0971,Saint-Philippe,tier,fiche.label|v2/score|mvt->court,"{""fiche.label"": ""Faible"", ""v2/score(court)"": ""Faible"", ""mvt(court)"": ""Faible""}",OK,exp_court=Faible raw=declasse_bati_sature,etage0=False
97417000AT0971,Saint-Philippe,surface,fiche|geom_ST_Area(2975)|parcels.surface_m2|mvt,"{""fiche"": 769.0, ""geom_ST_Area_2975"": 769.19, ""parcels.surface_m2"": 769.19, ""mvt"": 769.19}",OK,arrondi entier,"geom en SRID 2975 (4326=degres, artefact ecarte)"
97417000AT0971,Saint-Philippe,sdp_residuelle,fiche|mvt|renouv|parcel_residuel,{},OK,canon=parcel_residuel cause NULL,
97406000AM0935,La Plaine-des-Palmistes,tier,fiche.label|v2/score|mvt->court,"{""fiche.label"": ""Priorité"", ""v2/score(court)"": ""Priorité"", ""mvt(court)"": ""Priorité""}",OK,exp_court=Priorité raw=brulante,etage0=False
97406000AM0935,La Plaine-des-Palmistes,surface,fiche|geom_ST_Area(2975)|parcels.surface_m2|mvt,"{""fiche"": 1024.0, ""geom_ST_Area_2975"": 1023.91, ""parcels.surface_m2"": 1023.91, ""mvt"": 1023.91}",OK,arrondi entier,"geom en SRID 2975 (4326=degres, artefact ecarte)"
97406000AM0935,La Plaine-des-Palmistes,sdp_residuelle,fiche|mvt|renouv|parcel_residuel,"{""fiche.pot_transfo"": 184, ""mvt"": 184, ""residuel(canon)"": 184}",OK,canon=parcel_residuel cause NULL,
97420000BE0138,Sainte-Suzanne,tier,fiche.label|v2/score|mvt->court,"{""fiche.label"": ""Faible"", ""v2/score(court)"": ""Faible"", ""mvt(court)"": ""Faible""}",OK,exp_court=Faible raw=declasse_bati_sature,etage0=False
97420000BE0138,Sainte-Suzanne,surface,fiche|geom_ST_Area(2975)|parcels.surface_m2|mvt,"{""fiche"": 58.0, ""geom_ST_Area_2975"": 58.5, ""parcels.surface_m2"": 58.5, ""mvt"": 58.5}",OK,arrondi entier,"geom en SRID 2975 (4326=degres, artefact ecarte)"
97420000BE0138,Sainte-Suzanne,sdp_residuelle,fiche|mvt|renouv|parcel_residuel,"{""mvt"": 0}",OK,canon=parcel_residuel cause NULL,
97410000BT0102,Saint-Benoît,tier,fiche.label|v2/score|mvt->court,"{""fiche.label"": ""Écartée"", ""v2/score(court)"": ""Écartée"", ""mvt(court)"": ""Écartée""}",OK,exp_court=Écartée raw=ecartee,etage0=False
97410000BT0102,Saint-Benoît,surface,fiche|geom_ST_Area(2975)|parcels.surface_m2|mvt,"{""fiche"": 2923.0, ""geom_ST_Area_2975"": 2923.31, ""parcels.surface_m2"": 2923.31, ""mvt"": 2923.31}",OK,arrondi entier,"geom en SRID 2975 (4326=degres, artefact ecarte)"
97410000BT0102,Saint-Benoît,sdp_residuelle,fiche|mvt|renouv|parcel_residuel,"{""mvt"": 0}",OK,canon=parcel_residuel cause NULL,
97417000AK0021,Saint-Philippe,tier,fiche.label|v2/score|mvt->court,"{""fiche.label"": ""Écartée"", ""v2/score(court)"": ""Écartée"", ""mvt(court)"": ""Écartée""}",OK,exp_court=Écartée raw=ecartee,etage0=False
97417000AK0021,Saint-Philippe,surface,fiche|geom_ST_Area(2975)|parcels.surface_m2|mvt,"{""fiche"": 38.0, ""geom_ST_Area_2975"": 38.21, ""parcels.surface_m2"": 38.21, ""mvt"": 38.21}",OK,arrondi entier,"geom en SRID 2975 (4326=degres, artefact ecarte)"
97417000AK0021,Saint-Philippe,sdp_residuelle,fiche|mvt|renouv|parcel_residuel,{},OK,canon=parcel_residuel cause NULL,
97420000AW0067,Sainte-Suzanne,tier,fiche.label|v2/score|mvt->court,"{""fiche.label"": ""Écartée"", ""v2/score(court)"": ""Écartée"", ""mvt(court)"": ""Écartée""}",OK,exp_court=Écartée raw=ecartee,etage0=False
97420000AW0067,Sainte-Suzanne,surface,fiche|geom_ST_Area(2975)|parcels.surface_m2|mvt,"{""fiche"": 37.0, ""geom_ST_Area_2975"": 36.94, ""parcels.surface_m2"": 36.94, ""mvt"": 36.94}",OK,arrondi entier,"geom en SRID 2975 (4326=degres, artefact ecarte)"
97420000AW0067,Sainte-Suzanne,sdp_residuelle,fiche|mvt|renouv|parcel_residuel,"{""mvt"": 0}",OK,canon=parcel_residuel cause NULL,
97408000AI0044,La Possession,tier,fiche.label|v2/score|mvt->court,"{""fiche.label"": ""Écartée"", ""v2/score(court)"": ""Écartée"", ""mvt(court)"": ""Écartée""}",OK,exp_court=Écartée raw=ecartee,etage0=False
97408000AI0044,La Possession,surface,fiche|geom_ST_Area(2975)|parcels.surface_m2|mvt,"{""fiche"": 3757.0, ""geom_ST_Area_2975"": 3756.57, ""parcels.surface_m2"": 3756.57, ""mvt"": 3756.57}",OK,arrondi entier,"geom en SRID 2975 (4326=degres, artefact ecarte)"
97408000AI0044,La Possession,sdp_residuelle,fiche|mvt|renouv|parcel_residuel,"{""mvt"": 0}",OK,canon=parcel_residuel cause NULL,
97421000BM0509,Salazie,tier,fiche.label|v2/score|mvt->court,"{""fiche.label"": ""Écartée"", ""v2/score(court)"": ""Écartée"", ""mvt(court)"": ""Écartée""}",OK,exp_court=Écartée raw=ecartee,etage0=False
97421000BM0509,Salazie,surface,fiche|geom_ST_Area(2975)|parcels.surface_m2|mvt,"{""fiche"": 3146.0, ""geom_ST_Area_2975"": 3146.34, ""parcels.surface_m2"": 3146.34, ""mvt"": 3146.34}",OK,arrondi entier,"geom en SRID 2975 (4326=degres, artefact ecarte)"
97421000BM0509,Salazie,sdp_residuelle,fiche|mvt|renouv|parcel_residuel,"{""mvt"": 0}",OK,canon=parcel_residuel cause NULL,
97407000AI0993,Le Port,tier,fiche.label|v2/score|mvt->court,"{""fiche.label"": ""Faible"", ""v2/score(court)"": ""Faible"", ""mvt(court)"": ""Faible""}",OK,exp_court=Faible raw=declasse_bati_sature,etage0=False
97407000AI0993,Le Port,surface,fiche|geom_ST_Area(2975)|parcels.surface_m2|mvt,"{""fiche"": 348.0, ""geom_ST_Area_2975"": 347.64, ""parcels.surface_m2"": 347.64, ""mvt"": 347.64}",OK,arrondi entier,"geom en SRID 2975 (4326=degres, artefact ecarte)"
97407000AI0993,Le Port,sdp_residuelle,fiche|mvt|renouv|parcel_residuel,"{""fiche.pot_transfo"": 0, ""mvt"": 0, ""residuel(canon)"": 0}",OK,canon=parcel_residuel cause NULL,
97418000AO0967,Sainte-Marie,tier,fiche.label|v2/score|mvt->court,"{""fiche.label"": ""Écartée"", ""v2/score(court)"": ""Écartée"", ""mvt(court)"": ""Écartée""}",OK,exp_court=Écartée raw=ecartee,etage0=False
97418000AO0967,Sainte-Marie,surface,fiche|geom_ST_Area(2975)|parcels.surface_m2|mvt,"{""fiche"": 1690.0, ""geom_ST_Area_2975"": 1689.86, ""parcels.surface_m2"": 1689.86, ""mvt"": 1689.86}",OK,arrondi entier,"geom en SRID 2975 (4326=degres, artefact ecarte)"
97418000AO0967,Sainte-Marie,sdp_residuelle,fiche|mvt|renouv|parcel_residuel,"{""mvt"": 0}",OK,canon=parcel_residuel cause NULL,
97405000AS0494,Petite-Île,tier,fiche.label|v2/score|mvt->court,"{""fiche.label"": ""Faible"", ""v2/score(court)"": ""Faible"", ""mvt(court)"": ""Faible""}",OK,exp_court=Faible raw=declasse_bati_sature,etage0=False
97405000AS0494,Petite-Île,surface,fiche|geom_ST_Area(2975)|parcels.surface_m2|mvt,"{""fiche"": 477.0, ""geom_ST_Area_2975"": 476.71, ""parcels.surface_m2"": 476.71, ""mvt"": 476.71}",OK,arrondi entier,"geom en SRID 2975 (4326=degres, artefact ecarte)"
97405000AS0494,Petite-Île,sdp_residuelle,fiche|mvt|renouv|parcel_residuel,"{""fiche.pot_transfo"": 0, ""mvt"": 0, ""residuel(canon)"": 0}",OK,canon=parcel_residuel cause NULL,
97417000AO0557,Saint-Philippe,tier,fiche.label|v2/score|mvt->court,"{""fiche.label"": ""Neutre"", ""v2/score(court)"": ""Neutre"", ""mvt(court)"": ""Neutre""}",OK,exp_court=Neutre raw=a_creuser,etage0=False
97417000AO0557,Saint-Philippe,surface,fiche|geom_ST_Area(2975)|parcels.surface_m2|mvt,"{""fiche"": 873.0, ""geom_ST_Area_2975"": 873.39, ""parcels.surface_m2"": 873.39, ""mvt"": 873.39}",OK,arrondi entier,"geom en SRID 2975 (4326=degres, artefact ecarte)"
97417000AO0557,Saint-Philippe,sdp_residuelle,fiche|mvt|renouv|parcel_residuel,{},OK,canon=parcel_residuel cause NULL,
97407000BD0182,Le Port,tier,fiche.label|v2/score|mvt->court,"{""fiche.label"": ""Faible"", ""v2/score(court)"": ""Faible"", ""mvt(court)"": ""Faible""}",OK,exp_court=Faible raw=declasse_bati_sature,etage0=False
97407000BD0182,Le Port,surface,fiche|geom_ST_Area(2975)|parcels.surface_m2|mvt,"{""fiche"": 149.0, ""geom_ST_Area_2975"": 148.74, ""parcels.surface_m2"": 148.74, ""mvt"": 148.74}",OK,arrondi entier,"geom en SRID 2975 (4326=degres, artefact ecarte)"
97407000BD0182,Le Port,sdp_residuelle,fiche|mvt|renouv|parcel_residuel,"{""mvt"": 0}",OK,canon=parcel_residuel cause NULL,
97403000AL0345,Entre-Deux,tier,fiche.label|v2/score|mvt->court,"{""fiche.label"": ""Écartée"", ""v2/score(court)"": ""Écartée"", ""mvt(court)"": ""Écartée""}",OK,exp_court=Écartée raw=ecartee,etage0=False
97403000AL0345,Entre-Deux,surface,fiche|geom_ST_Area(2975)|parcels.surface_m2|mvt,"{""fiche"": 932.0, ""geom_ST_Area_2975"": 932.32, ""parcels.surface_m2"": 932.32, ""mvt"": 932.32}",OK,arrondi entier,"geom en SRID 2975 (4326=degres, artefact ecarte)"
97403000AL0345,Entre-Deux,sdp_residuelle,fiche|mvt|renouv|parcel_residuel,"{""mvt"": 0}",OK,canon=parcel_residuel cause NULL,
97413000CY1554,Saint-Leu,tier,fiche.label|v2/score|mvt->court,"{""fiche.label"": ""À suivre"", ""v2/score(court)"": ""À suivre"", ""mvt(court)"": ""À suivre""}",OK,exp_court=À suivre raw=chaude,etage0=False
97413000CY1554,Saint-Leu,surface,fiche|geom_ST_Area(2975)|parcels.surface_m2|mvt,"{""fiche"": 119.0, ""geom_ST_Area_2975"": 119.15, ""parcels.surface_m2"": 119.15, ""mvt"": 119.15}",OK,arrondi entier,"geom en SRID 2975 (4326=degres, artefact ecarte)"
97413000CY1554,Saint-Leu,sdp_residuelle,fiche|mvt|renouv|parcel_residuel,"{""fiche.pot_transfo"": 17, ""mvt"": 17, ""residuel(canon)"": 17}",OK,canon=parcel_residuel cause NULL,
97416000DX0148,Saint-Pierre,tier,fiche.label|v2/score|mvt->court,"{""fiche.label"": ""Faible"", ""v2/score(court)"": ""Faible"", ""mvt(court)"": ""Faible""}",OK,exp_court=Faible raw=declasse_bati_sature,etage0=False
97416000DX0148,Saint-Pierre,surface,fiche|geom_ST_Area(2975)|parcels.surface_m2|mvt,"{""fiche"": 659.0, ""geom_ST_Area_2975"": 659.31, ""parcels.surface_m2"": 659.31, ""mvt"": 659.31}",OK,arrondi entier,"geom en SRID 2975 (4326=degres, artefact ecarte)"
97416000DX0148,Saint-Pierre,sdp_residuelle,fiche|mvt|renouv|parcel_residuel,"{""fiche.pot_transfo"": 0, ""mvt"": 0, ""residuel(canon)"": 0}",OK,canon=parcel_residuel cause NULL,
97411000DX0035,Saint-Denis,tier,fiche.label|v2/score|mvt->court,"{""fiche.label"": ""Neutre"", ""v2/score(court)"": ""Neutre"", ""mvt(court)"": ""Neutre""}",OK,exp_court=Neutre raw=a_creuser,etage0=False
97411000DX0035,Saint-Denis,surface,fiche|geom_ST_Area(2975)|parcels.surface_m2|mvt,"{""fiche"": 2072.0, ""geom_ST_Area_2975"": 2072.18, ""parcels.surface_m2"": 2072.18, ""mvt"": 2072.18}",OK,arrondi entier,"geom en SRID 2975 (4326=degres, artefact ecarte)"
97411000DX0035,Saint-Denis,sdp_residuelle,fiche|mvt|renouv|parcel_residuel,"{""fiche.pot_transfo"": 59, ""mvt"": 59, ""residuel(canon)"": 59}",OK,canon=parcel_residuel cause NULL,
97411000IH0339,Saint-Denis,tier,fiche.label|v2/score|mvt->court,"{""fiche.label"": ""Faible"", ""v2/score(court)"": ""Faible"", ""mvt(court)"": ""Faible""}",OK,exp_court=Faible raw=declasse_bati_sature,etage0=False
97411000IH0339,Saint-Denis,surface,fiche|geom_ST_Area(2975)|parcels.surface_m2|mvt,"{""fiche"": 463.0, ""geom_ST_Area_2975"": 462.93, ""parcels.surface_m2"": 462.93, ""mvt"": 462.93}",OK,arrondi entier,"geom en SRID 2975 (4326=degres, artefact ecarte)"
97411000IH0339,Saint-Denis,sdp_residuelle,fiche|mvt|renouv|parcel_residuel,"{""fiche.pot_transfo"": 0, ""mvt"": 0, ""residuel(canon)"": 0}",OK,canon=parcel_residuel cause NULL,
97404000AP0064,L'Étang-Salé,tier,fiche.label|v2/score|mvt->court,"{""fiche.label"": ""Neutre"", ""v2/score(court)"": ""Neutre"", ""mvt(court)"": ""Neutre""}",OK,exp_court=Neutre raw=a_creuser,etage0=False
97404000AP0064,L'Étang-Salé,surface,fiche|geom_ST_Area(2975)|parcels.surface_m2|mvt,"{""fiche"": 669.0, ""geom_ST_Area_2975"": 668.78, ""parcels.surface_m2"": 668.78, ""mvt"": 668.78}",OK,arrondi entier,"geom en SRID 2975 (4326=degres, artefact ecarte)"
97404000AP0064,L'Étang-Salé,sdp_residuelle,fiche|mvt|renouv|parcel_residuel,"{""fiche.pot_transfo"": 121, ""mvt"": 121, ""renouv"": 121, ""residuel(canon)"": 121}",OK,canon=parcel_residuel cause NULL,
97420000AE0307,Sainte-Suzanne,tier,fiche.label|v2/score|mvt->court,"{""fiche.label"": ""Écartée"", ""v2/score(court)"": ""Écartée"", ""mvt(court)"": ""Écartée""}",OK,exp_court=Écartée raw=ecartee,etage0=False
97420000AE0307,Sainte-Suzanne,surface,fiche|geom_ST_Area(2975)|parcels.surface_m2|mvt,"{""fiche"": 139.0, ""geom_ST_Area_2975"": 138.61, ""parcels.surface_m2"": 138.61, ""mvt"": 138.61}",OK,arrondi entier,"geom en SRID 2975 (4326=degres, artefact ecarte)"
97420000AE0307,Sainte-Suzanne,sdp_residuelle,fiche|mvt|renouv|parcel_residuel,"{""fiche.pot_transfo"": 40, ""mvt"": 40, ""residuel(canon)"": 40}",OK,canon=parcel_residuel cause NULL,
97406000AH0149,La Plaine-des-Palmistes,tier,fiche.label|v2/score|mvt->court,"{""fiche.label"": ""Faible"", ""v2/score(court)"": ""Faible"", ""mvt(court)"": ""Faible""}",OK,exp_court=Faible raw=declasse_bati_sature,etage0=False
97406000AH0149,La Plaine-des-Palmistes,surface,fiche|geom_ST_Area(2975)|parcels.surface_m2|mvt,"{""fiche"": 307.0, ""geom_ST_Area_2975"": 307.25, ""parcels.surface_m2"": 307.25, ""mvt"": 307.25}",OK,arrondi entier,"geom en SRID 2975 (4326=degres, artefact ecarte)"
97406000AH0149,La Plaine-des-Palmistes,sdp_residuelle,fiche|mvt|renouv|parcel_residuel,"{""fiche.pot_transfo"": 0, ""mvt"": 0, ""residuel(canon)"": 0}",OK,canon=parcel_residuel cause NULL,
97408000AY0024,La Possession,tier,fiche.label|v2/score|mvt->court,"{""fiche.label"": ""Neutre"", ""v2/score(court)"": ""Neutre"", ""mvt(court)"": ""Neutre""}",OK,exp_court=Neutre raw=a_creuser,etage0=False
97408000AY0024,La Possession,surface,fiche|geom_ST_Area(2975)|parcels.surface_m2|mvt,"{""fiche"": 85.0, ""geom_ST_Area_2975"": 85.44, ""parcels.surface_m2"": 85.44, ""mvt"": 85.44}",OK,arrondi entier,"geom en SRID 2975 (4326=degres, artefact ecarte)"
97408000AY0024,La Possession,sdp_residuelle,fiche|mvt|renouv|parcel_residuel,"{""mvt"": 0}",OK,canon=parcel_residuel cause NULL,
97424000AM0327,Cilaos,tier,fiche.label|v2/score|mvt->court,"{""fiche.label"": ""Écartée"", ""v2/score(court)"": ""Écartée"", ""mvt(court)"": ""Écartée""}",OK,exp_court=Écartée raw=ecartee,etage0=False
97424000AM0327,Cilaos,surface,fiche|geom_ST_Area(2975)|parcels.surface_m2|mvt,"{""fiche"": 902.0, ""geom_ST_Area_2975"": 901.52, ""parcels.surface_m2"": 901.52, ""mvt"": 901.52}",OK,arrondi entier,"geom en SRID 2975 (4326=degres, artefact ecarte)"
97424000AM0327,Cilaos,sdp_residuelle,fiche|mvt|renouv|parcel_residuel,"{""fiche.pot_transfo"": 406, ""mvt"": 406, ""residuel(canon)"": 406}",OK,canon=parcel_residuel cause NULL,
97418000AT1312,Sainte-Marie,tier,fiche.label|v2/score|mvt->court,"{""fiche.label"": ""Écartée"", ""v2/score(court)"": ""Écartée"", ""mvt(court)"": ""Écartée""}",OK,exp_court=Écartée raw=ecartee,etage0=False
97418000AT1312,Sainte-Marie,surface,fiche|geom_ST_Area(2975)|parcels.surface_m2|mvt,"{""fiche"": 451.0, ""geom_ST_Area_2975"": 450.96, ""parcels.surface_m2"": 450.96, ""mvt"": 450.96}",OK,arrondi entier,"geom en SRID 2975 (4326=degres, artefact ecarte)"
97418000AT1312,Sainte-Marie,sdp_residuelle,fiche|mvt|renouv|parcel_residuel,"{""mvt"": 0}",OK,canon=parcel_residuel cause NULL,
97408000AC2213,La Possession,tier,fiche.label|v2/score|mvt->court,"{""fiche.label"": ""Neutre"", ""v2/score(court)"": ""Neutre"", ""mvt(court)"": ""Neutre""}",OK,exp_court=Neutre raw=a_creuser,etage0=False
97408000AC2213,La Possession,surface,fiche|geom_ST_Area(2975)|parcels.surface_m2|mvt,"{""fiche"": 465.0, ""geom_ST_Area_2975"": 464.59, ""parcels.surface_m2"": 464.59, ""mvt"": 464.59}",OK,arrondi entier,"geom en SRID 2975 (4326=degres, artefact ecarte)"
97408000AC2213,La Possession,sdp_residuelle,fiche|mvt|renouv|parcel_residuel,"{""fiche.pot_transfo"": 37, ""mvt"": 37, ""residuel(canon)"": 37}",OK,canon=parcel_residuel cause NULL,
97422000BR0978,Le Tampon,tier,fiche.label|v2/score|mvt->court,"{""fiche.label"": ""Neutre"", ""v2/score(court)"": ""Neutre"", ""mvt(court)"": ""Neutre""}",OK,exp_court=Neutre raw=a_creuser,etage0=False
97422000BR0978,Le Tampon,surface,fiche|geom_ST_Area(2975)|parcels.surface_m2|mvt,"{""fiche"": 289.0, ""geom_ST_Area_2975"": 289.34, ""parcels.surface_m2"": 289.34, ""mvt"": 289.34}",OK,arrondi entier,"geom en SRID 2975 (4326=degres, artefact ecarte)"
97422000BR0978,Le Tampon,sdp_residuelle,fiche|mvt|renouv|parcel_residuel,"{""fiche.pot_transfo"": 14, ""mvt"": 14, ""residuel(canon)"": 14}",OK,canon=parcel_residuel cause NULL,
97407000AW0008,Le Port,tier,fiche.label|v2/score|mvt->court,"{""fiche.label"": ""Neutre"", ""v2/score(court)"": ""Neutre"", ""mvt(court)"": ""Neutre""}",OK,exp_court=Neutre raw=a_creuser,etage0=False
97407000AW0008,Le Port,surface,fiche|geom_ST_Area(2975)|parcels.surface_m2|mvt,"{""fiche"": 8574.0, ""geom_ST_Area_2975"": 8574.42, ""parcels.surface_m2"": 8574.42, ""mvt"": 8574.42}",OK,arrondi entier,"geom en SRID 2975 (4326=degres, artefact ecarte)"
97407000AW0008,Le Port,sdp_residuelle,fiche|mvt|renouv|parcel_residuel,"{""mvt"": 0}",OK,canon=parcel_residuel cause NULL,
97411000EL0656,Saint-Denis,tier,fiche.label|v2/score|mvt->court,"{""fiche.label"": ""Priorité"", ""v2/score(court)"": ""Priorité"", ""mvt(court)"": ""Priorité""}",OK,exp_court=Priorité raw=brulante,etage0=False
97411000EL0656,Saint-Denis,surface,fiche|geom_ST_Area(2975)|parcels.surface_m2|mvt,"{""fiche"": 438.0, ""geom_ST_Area_2975"": 437.93, ""parcels.surface_m2"": 437.93, ""mvt"": 437.93}",OK,arrondi entier,"geom en SRID 2975 (4326=degres, artefact ecarte)"
97411000EL0656,Saint-Denis,sdp_residuelle,fiche|mvt|renouv|parcel_residuel,"{""fiche.pot_transfo"": 142, ""mvt"": 142, ""residuel(canon)"": 142}",OK,canon=parcel_residuel cause NULL,
97409000AL1582,Saint-André,tier,fiche.label|v2/score|mvt->court,"{""fiche.label"": ""Faible"", ""v2/score(court)"": ""Faible"", ""mvt(court)"": ""Faible""}",OK,exp_court=Faible raw=declasse_bati_sature,etage0=False
97409000AL1582,Saint-André,surface,fiche|geom_ST_Area(2975)|parcels.surface_m2|mvt,"{""fiche"": 392.0, ""geom_ST_Area_2975"": 392.5, ""parcels.surface_m2"": 392.5, ""mvt"": 392.5}",OK,arrondi entier,"geom en SRID 2975 (4326=degres, artefact ecarte)"
97409000AL1582,Saint-André,sdp_residuelle,fiche|mvt|renouv|parcel_residuel,"{""fiche.pot_transfo"": 0, ""mvt"": 0, ""residuel(canon)"": 0}",OK,canon=parcel_residuel cause NULL,
97402000AK0362,Bras-Panon,tier,fiche.label|v2/score|mvt->court,"{""fiche.label"": ""Neutre"", ""v2/score(court)"": ""Neutre"", ""mvt(court)"": ""Neutre""}",OK,exp_court=Neutre raw=a_creuser,etage0=False
97402000AK0362,Bras-Panon,surface,fiche|geom_ST_Area(2975)|parcels.surface_m2|mvt,"{""fiche"": 597.0, ""geom_ST_Area_2975"": 596.55, ""parcels.surface_m2"": 596.55, ""mvt"": 596.55}",OK,arrondi entier,"geom en SRID 2975 (4326=degres, artefact ecarte)"
97402000AK0362,Bras-Panon,sdp_residuelle,fiche|mvt|renouv|parcel_residuel,"{""fiche.pot_transfo"": 153, ""mvt"": 153, ""residuel(canon)"": 153}",OK,canon=parcel_residuel cause NULL,
97408000AT2026,La Possession,tier,fiche.label|v2/score|mvt->court,"{""fiche.label"": ""Priorité"", ""v2/score(court)"": ""Priorité"", ""mvt(court)"": ""Priorité""}",OK,exp_court=Priorité raw=brulante,etage0=False
97408000AT2026,La Possession,surface,fiche|geom_ST_Area(2975)|parcels.surface_m2|mvt,"{""fiche"": 360.0, ""geom_ST_Area_2975"": 359.68, ""parcels.surface_m2"": 359.68, ""mvt"": 359.68}",OK,arrondi entier,"geom en SRID 2975 (4326=degres, artefact ecarte)"
97408000AT2026,La Possession,sdp_residuelle,fiche|mvt|renouv|parcel_residuel,"{""fiche.pot_transfo"": 130, ""mvt"": 130, ""residuel(canon)"": 130}",OK,canon=parcel_residuel cause NULL,
97415000DS0241,Saint-Paul,tier,fiche.label|v2/score|mvt->court,"{""fiche.label"": ""Long terme"", ""v2/score(court)"": ""Long terme"", ""mvt(court)"": ""Long terme""}",OK,exp_court=Long terme raw=reserve_fonciere,etage0=False
97415000DS0241,Saint-Paul,surface,fiche|geom_ST_Area(2975)|parcels.surface_m2|mvt,"{""fiche"": 2314.0, ""geom_ST_Area_2975"": 2313.79, ""parcels.surface_m2"": 2313.79, ""mvt"": 2313.79}",OK,arrondi entier,"geom en SRID 2975 (4326=degres, artefact ecarte)"
97415000DS0241,Saint-Paul,sdp_residuelle,fiche|mvt|renouv|parcel_residuel,"{""fiche.pot_transfo"": 1130, ""mvt"": 1130, ""residuel(canon)"": 1130}",OK,canon=parcel_residuel cause NULL,
97409000BL0208,Saint-André,tier,fiche.label|v2/score|mvt->court,"{""fiche.label"": ""Faible"", ""v2/score(court)"": ""Faible"", ""mvt(court)"": ""Faible""}",OK,exp_court=Faible raw=declasse_au_statut_inconnu,etage0=False
97409000BL0208,Saint-André,surface,fiche|geom_ST_Area(2975)|parcels.surface_m2|mvt,"{""fiche"": 306.0, ""geom_ST_Area_2975"": 305.52, ""parcels.surface_m2"": 305.52, ""mvt"": 305.52}",OK,arrondi entier,"geom en SRID 2975 (4326=degres, artefact ecarte)"
97409000BL0208,Saint-André,sdp_residuelle,fiche|mvt|renouv|parcel_residuel,"{""fiche.pot_transfo"": 179, ""mvt"": 179, ""residuel(canon)"": 179}",OK,canon=parcel_residuel cause NULL,
97411000HT0001,Saint-Denis,tier,fiche.label|v2/score|mvt->court,"{""fiche.label"": ""Faible"", ""v2/score(court)"": ""Faible"", ""mvt(court)"": ""Faible""}",OK,exp_court=Faible raw=declasse_bati_sature,etage0=False
97411000HT0001,Saint-Denis,surface,fiche|geom_ST_Area(2975)|parcels.surface_m2|mvt,"{""fiche"": 34063.0, ""geom_ST_Area_2975"": 34063.39, ""parcels.surface_m2"": 34063.39, ""mvt"": 34063.39}",OK,arrondi entier,"geom en SRID 2975 (4326=degres, artefact ecarte)"
97411000HT0001,Saint-Denis,sdp_residuelle,fiche|mvt|renouv|parcel_residuel,"{""fiche.pot_transfo"": 0, ""mvt"": 0, ""residuel(canon)"": 0}",OK,canon=parcel_residuel cause NULL,
97412000CW0556,Saint-Joseph,tier,fiche.label|v2/score|mvt->court,"{""fiche.label"": ""Faible"", ""v2/score(court)"": ""Faible"", ""mvt(court)"": ""Faible""}",OK,exp_court=Faible raw=declasse_bati_sature,etage0=False
97412000CW0556,Saint-Joseph,surface,fiche|geom_ST_Area(2975)|parcels.surface_m2|mvt,"{""fiche"": 324.0, ""geom_ST_Area_2975"": 323.53, ""parcels.surface_m2"": 323.53, ""mvt"": 323.53}",OK,arrondi entier,"geom en SRID 2975 (4326=degres, artefact ecarte)"
97412000CW0556,Saint-Joseph,sdp_residuelle,fiche|mvt|renouv|parcel_residuel,"{""fiche.pot_transfo"": 0, ""mvt"": 0, ""residuel(canon)"": 0}",OK,canon=parcel_residuel cause NULL,
97422000BR0407,Le Tampon,tier,fiche.label|v2/score|mvt->court,"{""fiche.label"": ""Long terme"", ""v2/score(court)"": ""Long terme"", ""mvt(court)"": ""Long terme""}",OK,exp_court=Long terme raw=reserve_fonciere,etage0=False
97422000BR0407,Le Tampon,surface,fiche|geom_ST_Area(2975)|parcels.surface_m2|mvt,"{""fiche"": 2265.0, ""geom_ST_Area_2975"": 2264.94, ""parcels.surface_m2"": 2264.94, ""mvt"": 2264.94}",OK,arrondi entier,"geom en SRID 2975 (4326=degres, artefact ecarte)"
97422000BR0407,Le Tampon,sdp_residuelle,fiche|mvt|renouv|parcel_residuel,"{""fiche.pot_transfo"": 3194, ""mvt"": 3194, ""residuel(canon)"": 3194}",OK,canon=parcel_residuel cause NULL,
97406000AM0783,La Plaine-des-Palmistes,tier,fiche.label|v2/score|mvt->court,"{""fiche.label"": ""Faible"", ""v2/score(court)"": ""Faible"", ""mvt(court)"": ""Faible""}",OK,exp_court=Faible raw=declasse_bati_sature,etage0=False
97406000AM0783,La Plaine-des-Palmistes,surface,fiche|geom_ST_Area(2975)|parcels.surface_m2|mvt,"{""fiche"": 629.0, ""geom_ST_Area_2975"": 629.11, ""parcels.surface_m2"": 629.11, ""mvt"": 629.11}",OK,arrondi entier,"geom en SRID 2975 (4326=degres, artefact ecarte)"
97406000AM0783,La Plaine-des-Palmistes,sdp_residuelle,fiche|mvt|renouv|parcel_residuel,"{""fiche.pot_transfo"": 0, ""mvt"": 0, ""residuel(canon)"": 0}",OK,canon=parcel_residuel cause NULL,
97424000AC0886,Cilaos,tier,fiche.label|v2/score|mvt->court,"{""fiche.label"": ""Faible"", ""v2/score(court)"": ""Faible"", ""mvt(court)"": ""Faible""}",OK,exp_court=Faible raw=declasse_bati_revele,etage0=False
97424000AC0886,Cilaos,surface,fiche|geom_ST_Area(2975)|parcels.surface_m2|mvt,"{""fiche"": 553.0, ""geom_ST_Area_2975"": 553.36, ""parcels.surface_m2"": 553.36, ""mvt"": 553.36}",OK,arrondi entier,"geom en SRID 2975 (4326=degres, artefact ecarte)"
97424000AC0886,Cilaos,sdp_residuelle,fiche|mvt|renouv|parcel_residuel,"{""fiche.pot_transfo"": 75, ""mvt"": 75, ""residuel(canon)"": 75}",OK,canon=parcel_residuel cause NULL,
97405000AI1181,Petite-Île,tier,fiche.label|v2/score|mvt->court,"{""fiche.label"": ""Faible"", ""v2/score(court)"": ""Faible"", ""mvt(court)"": ""Faible""}",OK,exp_court=Faible raw=declasse_bati_revele,etage0=False
97405000AI1181,Petite-Île,surface,fiche|geom_ST_Area(2975)|parcels.surface_m2|mvt,"{""fiche"": 432.0, ""geom_ST_Area_2975"": 431.68, ""parcels.surface_m2"": 431.68, ""mvt"": 431.68}",OK,arrondi entier,"geom en SRID 2975 (4326=degres, artefact ecarte)"
97405000AI1181,Petite-Île,sdp_residuelle,fiche|mvt|renouv|parcel_residuel,"{""fiche.pot_transfo"": 63, ""mvt"": 63, ""residuel(canon)"": 63}",OK,canon=parcel_residuel cause NULL,
97412000AM0738,Saint-Joseph,tier,fiche.label|v2/score|mvt->court,"{""fiche.label"": ""Faible"", ""v2/score(court)"": ""Faible"", ""mvt(court)"": ""Faible""}",OK,exp_court=Faible raw=declasse_bati_sature,etage0=False
97412000AM0738,Saint-Joseph,surface,fiche|geom_ST_Area(2975)|parcels.surface_m2|mvt,"{""fiche"": 425.0, ""geom_ST_Area_2975"": 425.31, ""parcels.surface_m2"": 425.31, ""mvt"": 425.31}",OK,arrondi entier,"geom en SRID 2975 (4326=degres, artefact ecarte)"
97412000AM0738,Saint-Joseph,sdp_residuelle,fiche|mvt|renouv|parcel_residuel,"{""fiche.pot_transfo"": 0, ""mvt"": 0, ""residuel(canon)"": 0}",OK,canon=parcel_residuel cause NULL,
97412000BC0604,Saint-Joseph,tier,fiche.label|v2/score|mvt->court,"{""fiche.label"": ""Faible"", ""v2/score(court)"": ""Faible"", ""mvt(court)"": ""Faible""}",OK,exp_court=Faible raw=declasse_bati_sature,etage0=False
97412000BC0604,Saint-Joseph,surface,fiche|geom_ST_Area(2975)|parcels.surface_m2|mvt,"{""fiche"": 1154.0, ""geom_ST_Area_2975"": 1153.89, ""parcels.surface_m2"": 1153.89, ""mvt"": 1153.89}",OK,arrondi entier,"geom en SRID 2975 (4326=degres, artefact ecarte)"
97412000BC0604,Saint-Joseph,sdp_residuelle,fiche|mvt|renouv|parcel_residuel,"{""mvt"": 0}",OK,canon=parcel_residuel cause NULL,
97416000HP0860,Saint-Pierre,tier,fiche.label|v2/score|mvt->court,"{""fiche.label"": ""Priorité"", ""v2/score(court)"": ""Priorité"", ""mvt(court)"": ""Priorité""}",OK,exp_court=Priorité raw=brulante,etage0=False
97416000HP0860,Saint-Pierre,surface,fiche|geom_ST_Area(2975)|parcels.surface_m2|mvt,"{""fiche"": 339.0, ""geom_ST_Area_2975"": 339.01, ""parcels.surface_m2"": 339.01, ""mvt"": 339.01}",OK,arrondi entier,"geom en SRID 2975 (4326=degres, artefact ecarte)"
97416000HP0860,Saint-Pierre,sdp_residuelle,fiche|mvt|renouv|parcel_residuel,"{""fiche.pot_transfo"": 136, ""mvt"": 136, ""residuel(canon)"": 136}",OK,canon=parcel_residuel cause NULL,
97415000EY1205,Saint-Paul,tier,fiche.label|v2/score|mvt->court,"{""fiche.label"": ""Long terme"", ""v2/score(court)"": ""Long terme"", ""mvt(court)"": ""Long terme""}",OK,exp_court=Long terme raw=reserve_fonciere,etage0=False
97415000EY1205,Saint-Paul,surface,fiche|geom_ST_Area(2975)|parcels.surface_m2|mvt,"{""fiche"": 40568.0, ""geom_ST_Area_2975"": 40567.79, ""parcels.surface_m2"": 40567.79, ""mvt"": 40567.79}",OK,arrondi entier,"geom en SRID 2975 (4326=degres, artefact ecarte)"
97415000EY1205,Saint-Paul,sdp_residuelle,fiche|mvt|renouv|parcel_residuel,"{""fiche.pot_transfo"": 31967, ""mvt"": 31967, ""residuel(canon)"": 31967}",OK,canon=parcel_residuel cause NULL,
97419000AI0546,Sainte-Rose,tier,fiche.label|v2/score|mvt->court,"{""fiche.label"": ""Long terme"", ""v2/score(court)"": ""Long terme"", ""mvt(court)"": ""Long terme""}",OK,exp_court=Long terme raw=reserve_fonciere,etage0=False
97419000AI0546,Sainte-Rose,surface,fiche|geom_ST_Area(2975)|parcels.surface_m2|mvt,"{""fiche"": 1882.0, ""geom_ST_Area_2975"": 1882.21, ""parcels.surface_m2"": 1882.21, ""mvt"": 1882.21}",OK,arrondi entier,"geom en SRID 2975 (4326=degres, artefact ecarte)"
97419000AI0546,Sainte-Rose,sdp_residuelle,fiche|mvt|renouv|parcel_residuel,"{""fiche.pot_transfo"": 1779, ""mvt"": 1779, ""residuel(canon)"": 1779}",OK,canon=parcel_residuel cause NULL,
97422000CI0673,Le Tampon,tier,fiche.label|v2/score|mvt->court,"{""fiche.label"": ""Neutre"", ""v2/score(court)"": ""Neutre"", ""mvt(court)"": ""Neutre""}",OK,exp_court=Neutre raw=a_creuser,etage0=False
97422000CI0673,Le Tampon,surface,fiche|geom_ST_Area(2975)|parcels.surface_m2|mvt,"{""fiche"": 381.0, ""geom_ST_Area_2975"": 381.33, ""parcels.surface_m2"": 381.33, ""mvt"": 381.33}",OK,arrondi entier,"geom en SRID 2975 (4326=degres, artefact ecarte)"
97422000CI0673,Le Tampon,sdp_residuelle,fiche|mvt|renouv|parcel_residuel,"{""fiche.pot_transfo"": 54, ""mvt"": 54, ""residuel(canon)"": 54}",OK,canon=parcel_residuel cause NULL,
97412000CE2137,Saint-Joseph,tier,fiche.label|v2/score|mvt->court,"{""fiche.label"": ""Écartée"", ""v2/score(court)"": ""Écartée"", ""mvt(court)"": ""Écartée""}",OK,exp_court=Écartée raw=ecartee,etage0=False
97412000CE2137,Saint-Joseph,surface,fiche|geom_ST_Area(2975)|parcels.surface_m2|mvt,"{""fiche"": 772.0, ""geom_ST_Area_2975"": 772.13, ""parcels.surface_m2"": 772.13, ""mvt"": 772.13}",OK,arrondi entier,"geom en SRID 2975 (4326=degres, artefact ecarte)"
97412000CE2137,Saint-Joseph,sdp_residuelle,fiche|mvt|renouv|parcel_residuel,"{""mvt"": 0}",OK,canon=parcel_residuel cause NULL,
97403000AR1244,Entre-Deux,tier,fiche.label|v2/score|mvt->court,"{""fiche.label"": ""Neutre"", ""v2/score(court)"": ""Neutre"", ""mvt(court)"": ""Neutre""}",OK,exp_court=Neutre raw=a_creuser,etage0=False
97403000AR1244,Entre-Deux,surface,fiche|geom_ST_Area(2975)|parcels.surface_m2|mvt,"{""fiche"": 63.0, ""geom_ST_Area_2975"": 62.6, ""parcels.surface_m2"": 62.6, ""mvt"": 62.6}",OK,arrondi entier,"geom en SRID 2975 (4326=degres, artefact ecarte)"
97403000AR1244,Entre-Deux,sdp_residuelle,fiche|mvt|renouv|parcel_residuel,"{""mvt"": 0}",OK,canon=parcel_residuel cause NULL,
97410000AT1023,Saint-Benoît,tier,fiche.label|v2/score|mvt->court,"{""fiche.label"": ""Long terme"", ""v2/score(court)"": ""Long terme"", ""mvt(court)"": ""Long terme""}",OK,exp_court=Long terme raw=reserve_fonciere,etage0=False
97410000AT1023,Saint-Benoît,surface,fiche|geom_ST_Area(2975)|parcels.surface_m2|mvt,"{""fiche"": 1457.0, ""geom_ST_Area_2975"": 1457.05, ""parcels.surface_m2"": 1457.05, ""mvt"": 1457.05}",OK,arrondi entier,"geom en SRID 2975 (4326=degres, artefact ecarte)"
97410000AT1023,Saint-Benoît,sdp_residuelle,fiche|mvt|renouv|parcel_residuel,"{""fiche.pot_transfo"": 1155, ""mvt"": 1155, ""residuel(canon)"": 1155}",OK,canon=parcel_residuel cause NULL,
97409000AV0157,Saint-André,tier,fiche.label|v2/score|mvt->court,"{""fiche.label"": ""Long terme"", ""v2/score(court)"": ""Long terme"", ""mvt(court)"": ""Long terme""}",OK,exp_court=Long terme raw=reserve_fonciere,etage0=False
97409000AV0157,Saint-André,surface,fiche|geom_ST_Area(2975)|parcels.surface_m2|mvt,"{""fiche"": 2012.0, ""geom_ST_Area_2975"": 2011.68, ""parcels.surface_m2"": 2011.68, ""mvt"": 2011.68}",OK,arrondi entier,"geom en SRID 2975 (4326=degres, artefact ecarte)"
97409000AV0157,Saint-André,sdp_residuelle,fiche|mvt|renouv|parcel_residuel,"{""fiche.pot_transfo"": 1778, ""mvt"": 1778, ""residuel(canon)"": 1778}",OK,canon=parcel_residuel cause NULL,
97413000CP0177,Saint-Leu,tier,fiche.label|v2/score|mvt->court,"{""fiche.label"": ""Faible"", ""v2/score(court)"": ""Faible"", ""mvt(court)"": ""Faible""}",OK,exp_court=Faible raw=declasse_bati_sature,etage0=False
97413000CP0177,Saint-Leu,surface,fiche|geom_ST_Area(2975)|parcels.surface_m2|mvt,"{""fiche"": 350.0, ""geom_ST_Area_2975"": 350.28, ""parcels.surface_m2"": 350.28, ""mvt"": 350.28}",OK,arrondi entier,"geom en SRID 2975 (4326=degres, artefact ecarte)"
97413000CP0177,Saint-Leu,sdp_residuelle,fiche|mvt|renouv|parcel_residuel,"{""fiche.pot_transfo"": 0, ""mvt"": 0, ""residuel(canon)"": 0}",OK,canon=parcel_residuel cause NULL,
97411000CE1133,Saint-Denis,tier,fiche.label|v2/score|mvt->court,"{""fiche.label"": ""Priorité"", ""v2/score(court)"": ""Priorité"", ""mvt(court)"": ""Priorité""}",OK,exp_court=Priorité raw=brulante,etage0=False
97411000CE1133,Saint-Denis,surface,fiche|geom_ST_Area(2975)|parcels.surface_m2|mvt,"{""fiche"": 297.0, ""geom_ST_Area_2975"": 296.53, ""parcels.surface_m2"": 296.53, ""mvt"": 296.53}",OK,arrondi entier,"geom en SRID 2975 (4326=degres, artefact ecarte)"
97411000CE1133,Saint-Denis,sdp_residuelle,fiche|mvt|renouv|parcel_residuel,"{""fiche.pot_transfo"": 78, ""mvt"": 78, ""residuel(canon)"": 78}",OK,canon=parcel_residuel cause NULL,
97414000CO1606,Saint-Louis,tier,fiche.label|v2/score|mvt->court,"{""fiche.label"": ""Écartée"", ""v2/score(court)"": ""Écartée"", ""mvt(court)"": ""Écartée""}",OK,exp_court=Écartée raw=ecartee,etage0=False
97414000CO1606,Saint-Louis,surface,fiche|geom_ST_Area(2975)|parcels.surface_m2|mvt,"{""fiche"": 67.0, ""geom_ST_Area_2975"": 67.32, ""parcels.surface_m2"": 67.32, ""mvt"": 67.32}",OK,arrondi entier,"geom en SRID 2975 (4326=degres, artefact ecarte)"
97414000CO1606,Saint-Louis,sdp_residuelle,fiche|mvt|renouv|parcel_residuel,"{""mvt"": 0}",OK,canon=parcel_residuel cause NULL,
97423000AB1138,Les Trois-Bassins,tier,fiche.label|v2/score|mvt->court,"{""fiche.label"": ""Neutre"", ""v2/score(court)"": ""Neutre"", ""mvt(court)"": ""Neutre""}",OK,exp_court=Neutre raw=a_creuser,etage0=False
97423000AB1138,Les Trois-Bassins,surface,fiche|geom_ST_Area(2975)|parcels.surface_m2|mvt,"{""fiche"": 70.0, ""geom_ST_Area_2975"": 70.41, ""parcels.surface_m2"": 70.41, ""mvt"": 70.41}",OK,arrondi entier,"geom en SRID 2975 (4326=degres, artefact ecarte)"
97423000AB1138,Les Trois-Bassins,sdp_residuelle,fiche|mvt|renouv|parcel_residuel,"{""mvt"": 0}",OK,canon=parcel_residuel cause NULL,
97419000AK1046,Sainte-Rose,tier,fiche.label|v2/score|mvt->court,"{""fiche.label"": ""Long terme"", ""v2/score(court)"": ""Long terme"", ""mvt(court)"": ""Long terme""}",OK,exp_court=Long terme raw=reserve_fonciere,etage0=False
97419000AK1046,Sainte-Rose,surface,fiche|geom_ST_Area(2975)|parcels.surface_m2|mvt,"{""fiche"": 2848.0, ""geom_ST_Area_2975"": 2848.09, ""parcels.surface_m2"": 2848.09, ""mvt"": 2848.09}",OK,arrondi entier,"geom en SRID 2975 (4326=degres, artefact ecarte)"
97419000AK1046,Sainte-Rose,sdp_residuelle,fiche|mvt|renouv|parcel_residuel,"{""fiche.pot_transfo"": 2510, ""mvt"": 2510, ""residuel(canon)"": 2510}",OK,canon=parcel_residuel cause NULL,
97413000CX2841,Saint-Leu,tier,fiche.label|v2/score|mvt->court,"{""fiche.label"": ""Neutre"", ""v2/score(court)"": ""Neutre"", ""mvt(court)"": ""Neutre""}",OK,exp_court=Neutre raw=a_creuser,etage0=False
97413000CX2841,Saint-Leu,surface,fiche|geom_ST_Area(2975)|parcels.surface_m2|mvt,"{""fiche"": 859.0, ""geom_ST_Area_2975"": 859.03, ""parcels.surface_m2"": 859.03, ""mvt"": 859.03}",OK,arrondi entier,"geom en SRID 2975 (4326=degres, artefact ecarte)"
97413000CX2841,Saint-Leu,sdp_residuelle,fiche|mvt|renouv|parcel_residuel,"{""fiche.pot_transfo"": 562, ""mvt"": 562, ""residuel(canon)"": 562}",OK,canon=parcel_residuel cause NULL,
97415000BP0978,Saint-Paul,tier,fiche.label|v2/score|mvt->court,"{""fiche.label"": ""À suivre"", ""v2/score(court)"": ""À suivre"", ""mvt(court)"": ""À suivre""}",OK,exp_court=À suivre raw=chaude,etage0=False
97415000BP0978,Saint-Paul,surface,fiche|geom_ST_Area(2975)|parcels.surface_m2|mvt,"{""fiche"": 2756.0, ""geom_ST_Area_2975"": 2756.12, ""parcels.surface_m2"": 2756.12, ""mvt"": 2756.12}",OK,arrondi entier,"geom en SRID 2975 (4326=degres, artefact ecarte)"
97415000BP0978,Saint-Paul,sdp_residuelle,fiche|mvt|renouv|parcel_residuel,"{""fiche.pot_transfo"": 2245, ""mvt"": 2245, ""renouv"": 2245, ""residuel(canon)"": 2245}",OK,canon=parcel_residuel cause NULL,
97408000AO1755,La Possession,tier,fiche.label|v2/score|mvt->court,"{""fiche.label"": ""À suivre"", ""v2/score(court)"": ""À suivre"", ""mvt(court)"": ""À suivre""}",OK,exp_court=À suivre raw=chaude,etage0=False
97408000AO1755,La Possession,surface,fiche|geom_ST_Area(2975)|parcels.surface_m2|mvt,"{""fiche"": 508.0, ""geom_ST_Area_2975"": 508.16, ""parcels.surface_m2"": 508.16, ""mvt"": 508.16}",OK,arrondi entier,"geom en SRID 2975 (4326=degres, artefact ecarte)"
97408000AO1755,La Possession,sdp_residuelle,fiche|mvt|renouv|parcel_residuel,"{""fiche.pot_transfo"": 6, ""mvt"": 6, ""residuel(canon)"": 6}",OK,canon=parcel_residuel cause NULL,
97405000AE0699,Petite-Île,tier,fiche.label|v2/score|mvt->court,"{""fiche.label"": ""Faible"", ""v2/score(court)"": ""Faible"", ""mvt(court)"": ""Faible""}",OK,exp_court=Faible raw=declasse_bati_sature,etage0=False
97405000AE0699,Petite-Île,surface,fiche|geom_ST_Area(2975)|parcels.surface_m2|mvt,"{""fiche"": 444.0, ""geom_ST_Area_2975"": 444.01, ""parcels.surface_m2"": 444.01, ""mvt"": 444.01}",OK,arrondi entier,"geom en SRID 2975 (4326=degres, artefact ecarte)"
97405000AE0699,Petite-Île,sdp_residuelle,fiche|mvt|renouv|parcel_residuel,"{""fiche.pot_transfo"": 0, ""mvt"": 0, ""residuel(canon)"": 0}",OK,canon=parcel_residuel cause NULL,
97422000EL0472,Le Tampon,tier,fiche.label|v2/score|mvt->court,"{""fiche.label"": ""Écartée"", ""v2/score(court)"": ""Écartée"", ""mvt(court)"": ""Écartée""}",OK,exp_court=Écartée raw=ecartee,etage0=False
97422000EL0472,Le Tampon,surface,fiche|geom_ST_Area(2975)|parcels.surface_m2|mvt,"{""fiche"": 27.0, ""geom_ST_Area_2975"": 27.41, ""parcels.surface_m2"": 27.41, ""mvt"": 27.41}",OK,arrondi entier,"geom en SRID 2975 (4326=degres, artefact ecarte)"
97422000EL0472,Le Tampon,sdp_residuelle,fiche|mvt|renouv|parcel_residuel,"{""mvt"": 0}",OK,canon=parcel_residuel cause NULL,
97421000AH0133,Salazie,tier,fiche.label|v2/score|mvt->court,"{""fiche.label"": ""Écartée"", ""v2/score(court)"": ""Écartée"", ""mvt(court)"": ""Écartée""}",OK,exp_court=Écartée raw=ecartee,etage0=False
97421000AH0133,Salazie,surface,fiche|geom_ST_Area(2975)|parcels.surface_m2|mvt,"{""fiche"": 2622.0, ""geom_ST_Area_2975"": 2621.97, ""parcels.surface_m2"": 2621.97, ""mvt"": 2621.97}",OK,arrondi entier,"geom en SRID 2975 (4326=degres, artefact ecarte)"
97421000AH0133,Salazie,sdp_residuelle,fiche|mvt|renouv|parcel_residuel,"{""mvt"": 0}",OK,canon=parcel_residuel cause NULL,
97424000AO0920,Cilaos,tier,fiche.label|v2/score|mvt->court,"{""fiche.label"": ""Écartée"", ""v2/score(court)"": ""Écartée"", ""mvt(court)"": ""Écartée""}",OK,exp_court=Écartée raw=ecartee,etage0=False
97424000AO0920,Cilaos,surface,fiche|geom_ST_Area(2975)|parcels.surface_m2|mvt,"{""fiche"": 429.0, ""geom_ST_Area_2975"": 428.53, ""parcels.surface_m2"": 428.53, ""mvt"": 428.53}",OK,arrondi entier,"geom en SRID 2975 (4326=degres, artefact ecarte)"
97424000AO0920,Cilaos,sdp_residuelle,fiche|mvt|renouv|parcel_residuel,"{""fiche.pot_transfo"": 0, ""mvt"": 0, ""residuel(canon)"": 0}",OK,canon=parcel_residuel cause NULL,
97407000AY0575,Le Port,tier,fiche.label|v2/score|mvt->court,"{""fiche.label"": ""Priorité"", ""v2/score(court)"": ""Priorité"", ""mvt(court)"": ""Priorité""}",OK,exp_court=Priorité raw=brulante,etage0=False
97407000AY0575,Le Port,surface,fiche|geom_ST_Area(2975)|parcels.surface_m2|mvt,"{""fiche"": 300.0, ""geom_ST_Area_2975"": 300.02, ""parcels.surface_m2"": 300.02, ""mvt"": 300.02}",OK,arrondi entier,"geom en SRID 2975 (4326=degres, artefact ecarte)"
97407000AY0575,Le Port,sdp_residuelle,fiche|mvt|renouv|parcel_residuel,"{""fiche.pot_transfo"": 170, ""mvt"": 170, ""residuel(canon)"": 170}",OK,canon=parcel_residuel cause NULL,
97423000AB0084,Les Trois-Bassins,tier,fiche.label|v2/score|mvt->court,"{""fiche.label"": ""Écartée"", ""v2/score(court)"": ""Écartée"", ""mvt(court)"": ""Écartée""}",OK,exp_court=Écartée raw=ecartee,etage0=False
97423000AB0084,Les Trois-Bassins,surface,fiche|geom_ST_Area(2975)|parcels.surface_m2|mvt,"{""fiche"": 993.0, ""geom_ST_Area_2975"": 993.01, ""parcels.surface_m2"": 993.01, ""mvt"": 993.01}",OK,arrondi entier,"geom en SRID 2975 (4326=degres, artefact ecarte)"
97423000AB0084,Les Trois-Bassins,sdp_residuelle,fiche|mvt|renouv|parcel_residuel,"{""mvt"": 0}",OK,canon=parcel_residuel cause NULL,
97420000AS0327,Sainte-Suzanne,tier,fiche.label|v2/score|mvt->court,"{""fiche.label"": ""Faible"", ""v2/score(court)"": ""Faible"", ""mvt(court)"": ""Faible""}",OK,exp_court=Faible raw=declasse_bati_sature,etage0=False
97420000AS0327,Sainte-Suzanne,surface,fiche|geom_ST_Area(2975)|parcels.surface_m2|mvt,"{""fiche"": 683.0, ""geom_ST_Area_2975"": 683.47, ""parcels.surface_m2"": 683.47, ""mvt"": 683.47}",OK,arrondi entier,"geom en SRID 2975 (4326=degres, artefact ecarte)"
97420000AS0327,Sainte-Suzanne,sdp_residuelle,fiche|mvt|renouv|parcel_residuel,"{""fiche.pot_transfo"": 0, ""mvt"": 0, ""residuel(canon)"": 0}",OK,canon=parcel_residuel cause NULL,
97403000AP1819,Entre-Deux,tier,fiche.label|v2/score|mvt->court,"{""fiche.label"": ""Neutre"", ""v2/score(court)"": ""Neutre"", ""mvt(court)"": ""Neutre""}",OK,exp_court=Neutre raw=a_creuser,etage0=False
97403000AP1819,Entre-Deux,surface,fiche|geom_ST_Area(2975)|parcels.surface_m2|mvt,"{""fiche"": 623.0, ""geom_ST_Area_2975"": 623.0, ""parcels.surface_m2"": 623.0, ""mvt"": 623.0}",OK,arrondi entier,"geom en SRID 2975 (4326=degres, artefact ecarte)"
97403000AP1819,Entre-Deux,sdp_residuelle,fiche|mvt|renouv|parcel_residuel,"{""fiche.pot_transfo"": 114, ""mvt"": 114, ""residuel(canon)"": 114}",OK,canon=parcel_residuel cause NULL,
97402000AH1078,Bras-Panon,tier,fiche.label|v2/score|mvt->court,"{""fiche.label"": ""Faible"", ""v2/score(court)"": ""Faible"", ""mvt(court)"": ""Faible""}",OK,exp_court=Faible raw=declasse_bati_sature,etage0=False
97402000AH1078,Bras-Panon,surface,fiche|geom_ST_Area(2975)|parcels.surface_m2|mvt,"{""fiche"": 231.0, ""geom_ST_Area_2975"": 230.96, ""parcels.surface_m2"": 230.96, ""mvt"": 230.96}",OK,arrondi entier,"geom en SRID 2975 (4326=degres, artefact ecarte)"
97402000AH1078,Bras-Panon,sdp_residuelle,fiche|mvt|renouv|parcel_residuel,"{""fiche.pot_transfo"": 0, ""mvt"": 0, ""residuel(canon)"": 0}",OK,canon=parcel_residuel cause NULL,
97401000AS0110,Les Avirons,tier,fiche.label|v2/score|mvt->court,"{""fiche.label"": ""Neutre"", ""v2/score(court)"": ""Neutre"", ""mvt(court)"": ""Neutre""}",OK,exp_court=Neutre raw=a_creuser,etage0=False
97401000AS0110,Les Avirons,surface,fiche|geom_ST_Area(2975)|parcels.surface_m2|mvt,"{""fiche"": 258.0, ""geom_ST_Area_2975"": 258.11, ""parcels.surface_m2"": 258.11, ""mvt"": 258.11}",OK,arrondi entier,"geom en SRID 2975 (4326=degres, artefact ecarte)"
97401000AS0110,Les Avirons,sdp_residuelle,fiche|mvt|renouv|parcel_residuel,"{""fiche.pot_transfo"": 160, ""mvt"": 160, ""residuel(canon)"": 160}",OK,canon=parcel_residuel cause NULL,
97421000AS0272,Salazie,tier,fiche.label|v2/score|mvt->court,"{""fiche.label"": ""Neutre"", ""v2/score(court)"": ""Neutre"", ""mvt(court)"": ""Neutre""}",OK,exp_court=Neutre raw=a_creuser,etage0=False
97421000AS0272,Salazie,surface,fiche|geom_ST_Area(2975)|parcels.surface_m2|mvt,"{""fiche"": 559.0, ""geom_ST_Area_2975"": 558.93, ""parcels.surface_m2"": 558.93, ""mvt"": 558.93}",OK,arrondi entier,"geom en SRID 2975 (4326=degres, artefact ecarte)"
97421000AS0272,Salazie,sdp_residuelle,fiche|mvt|renouv|parcel_residuel,"{""fiche.pot_transfo"": 69, ""mvt"": 69, ""residuel(canon)"": 69}",OK,canon=parcel_residuel cause NULL,
97416000CS0538,Saint-Pierre,tier,fiche.label|v2/score|mvt->court,"{""fiche.label"": ""À suivre"", ""v2/score(court)"": ""À suivre"", ""mvt(court)"": ""À suivre""}",OK,exp_court=À suivre raw=chaude,etage0=False
97416000CS0538,Saint-Pierre,surface,fiche|geom_ST_Area(2975)|parcels.surface_m2|mvt,"{""fiche"": 1544.0, ""geom_ST_Area_2975"": 1543.92, ""parcels.surface_m2"": 1543.92, ""mvt"": 1543.92}",OK,arrondi entier,"geom en SRID 2975 (4326=degres, artefact ecarte)"
97416000CS0538,Saint-Pierre,sdp_residuelle,fiche|mvt|renouv|parcel_residuel,"{""fiche.pot_transfo"": 692, ""mvt"": 692, ""residuel(canon)"": 692}",OK,canon=parcel_residuel cause NULL,
97422000BP1196,Le Tampon,tier,fiche.label|v2/score|mvt->court,"{""fiche.label"": ""Écartée"", ""v2/score(court)"": ""Écartée"", ""mvt(court)"": ""Écartée""}",OK,exp_court=Écartée raw=ecartee,etage0=False
97422000BP1196,Le Tampon,surface,fiche|geom_ST_Area(2975)|parcels.surface_m2|mvt,"{""fiche"": 525.0, ""geom_ST_Area_2975"": 525.18, ""parcels.surface_m2"": 525.18, ""mvt"": 525.18}",OK,arrondi entier,"geom en SRID 2975 (4326=degres, artefact ecarte)"
97422000BP1196,Le Tampon,sdp_residuelle,fiche|mvt|renouv|parcel_residuel,"{""mvt"": 0}",OK,canon=parcel_residuel cause NULL,
97415000DS0951,Saint-Paul,tier,fiche.label|v2/score|mvt->court,"{""fiche.label"": ""Écartée"", ""v2/score(court)"": ""Écartée"", ""mvt(court)"": ""Écartée""}",OK,exp_court=Écartée raw=ecartee,etage0=False
97415000DS0951,Saint-Paul,surface,fiche|geom_ST_Area(2975)|parcels.surface_m2|mvt,"{""fiche"": 407.0, ""geom_ST_Area_2975"": 406.58, ""parcels.surface_m2"": 406.58, ""mvt"": 406.58}",OK,arrondi entier,"geom en SRID 2975 (4326=degres, artefact ecarte)"
97415000DS0951,Saint-Paul,sdp_residuelle,fiche|mvt|renouv|parcel_residuel,"{""mvt"": 0}",OK,canon=parcel_residuel cause NULL,
97401000AI1050,Les Avirons,tier,fiche.label|v2/score|mvt->court,"{""fiche.label"": ""Faible"", ""v2/score(court)"": ""Faible"", ""mvt(court)"": ""Faible""}",OK,exp_court=Faible raw=declasse_bati_sature,etage0=False
97401000AI1050,Les Avirons,surface,fiche|geom_ST_Area(2975)|parcels.surface_m2|mvt,"{""fiche"": 871.0, ""geom_ST_Area_2975"": 871.04, ""parcels.surface_m2"": 871.04, ""mvt"": 871.04}",OK,arrondi entier,"geom en SRID 2975 (4326=degres, artefact ecarte)"
97401000AI1050,Les Avirons,sdp_residuelle,fiche|mvt|renouv|parcel_residuel,"{""fiche.pot_transfo"": 0, ""mvt"": 0, ""residuel(canon)"": 0}",OK,canon=parcel_residuel cause NULL,
97402000AH0942,Bras-Panon,tier,fiche.label|v2/score|mvt->court,"{""fiche.label"": ""Faible"", ""v2/score(court)"": ""Faible"", ""mvt(court)"": ""Faible""}",OK,exp_court=Faible raw=declasse_bati_sature,etage0=False
97402000AH0942,Bras-Panon,surface,fiche|geom_ST_Area(2975)|parcels.surface_m2|mvt,"{""fiche"": 81.0, ""geom_ST_Area_2975"": 80.91, ""parcels.surface_m2"": 80.91, ""mvt"": 80.91}",OK,arrondi entier,"geom en SRID 2975 (4326=degres, artefact ecarte)"
97402000AH0942,Bras-Panon,sdp_residuelle,fiche|mvt|renouv|parcel_residuel,"{""mvt"": 0}",OK,canon=parcel_residuel cause NULL,
97416000EW0615,Saint-Pierre,tier,fiche.label|v2/score|mvt->court,"{""fiche.label"": ""Neutre"", ""v2/score(court)"": ""Neutre"", ""mvt(court)"": ""Neutre""}",OK,exp_court=Neutre raw=a_creuser,etage0=False
97416000EW0615,Saint-Pierre,surface,fiche|geom_ST_Area(2975)|parcels.surface_m2|mvt,"{""fiche"": 813.0, ""geom_ST_Area_2975"": 812.96, ""parcels.surface_m2"": 812.96, ""mvt"": 812.96}",OK,arrondi entier,"geom en SRID 2975 (4326=degres, artefact ecarte)"
97416000EW0615,Saint-Pierre,sdp_residuelle,fiche|mvt|renouv|parcel_residuel,"{""fiche.pot_transfo"": 244, ""mvt"": 244, ""residuel(canon)"": 244}",OK,canon=parcel_residuel cause NULL,
97416000ET2116,Saint-Pierre,tier,fiche.label|v2/score|mvt->court,"{""fiche.label"": ""Priorité"", ""v2/score(court)"": ""Priorité"", ""mvt(court)"": ""Priorité""}",OK,exp_court=Priorité raw=brulante,etage0=False
97416000ET2116,Saint-Pierre,surface,fiche|geom_ST_Area(2975)|parcels.surface_m2|mvt,"{""fiche"": 296.0, ""geom_ST_Area_2975"": 295.84, ""parcels.surface_m2"": 295.84, ""mvt"": 295.84}",OK,arrondi entier,"geom en SRID 2975 (4326=degres, artefact ecarte)"
97416000ET2116,Saint-Pierre,sdp_residuelle,fiche|mvt|renouv|parcel_residuel,"{""fiche.pot_transfo"": 104, ""mvt"": 104, ""residuel(canon)"": 104}",OK,canon=parcel_residuel cause NULL,
97403000AT0323,Entre-Deux,tier,fiche.label|v2/score|mvt->court,"{""fiche.label"": ""Neutre"", ""v2/score(court)"": ""Neutre"", ""mvt(court)"": ""Neutre""}",OK,exp_court=Neutre raw=a_creuser,etage0=False
97403000AT0323,Entre-Deux,surface,fiche|geom_ST_Area(2975)|parcels.surface_m2|mvt,"{""fiche"": 495.0, ""geom_ST_Area_2975"": 495.11, ""parcels.surface_m2"": 495.11, ""mvt"": 495.11}",OK,arrondi entier,"geom en SRID 2975 (4326=degres, artefact ecarte)"
97403000AT0323,Entre-Deux,sdp_residuelle,fiche|mvt|renouv|parcel_residuel,"{""fiche.pot_transfo"": 196, ""mvt"": 196, ""renouv"": 196, ""residuel(canon)"": 196}",OK,canon=parcel_residuel cause NULL,
97409000BP0121,Saint-André,tier,fiche.label|v2/score|mvt->court,"{""fiche.label"": ""Faible"", ""v2/score(court)"": ""Faible"", ""mvt(court)"": ""Faible""}",OK,exp_court=Faible raw=declasse_bati_sature,etage0=False
97409000BP0121,Saint-André,surface,fiche|geom_ST_Area(2975)|parcels.surface_m2|mvt,"{""fiche"": 545.0, ""geom_ST_Area_2975"": 544.84, ""parcels.surface_m2"": 544.84, ""mvt"": 544.84}",OK,arrondi entier,"geom en SRID 2975 (4326=degres, artefact ecarte)"
97409000BP0121,Saint-André,sdp_residuelle,fiche|mvt|renouv|parcel_residuel,"{""fiche.pot_transfo"": 0, ""mvt"": 0, ""residuel(canon)"": 0}",OK,canon=parcel_residuel cause NULL,
97422000BH1077,Le Tampon,tier,fiche.label|v2/score|mvt->court,"{""fiche.label"": ""À suivre"", ""v2/score(court)"": ""À suivre"", ""mvt(court)"": ""À suivre""}",OK,exp_court=À suivre raw=chaude,etage0=False
97422000BH1077,Le Tampon,surface,fiche|geom_ST_Area(2975)|parcels.surface_m2|mvt,"{""fiche"": 965.0, ""geom_ST_Area_2975"": 964.7, ""parcels.surface_m2"": 964.7, ""mvt"": 964.7}",OK,arrondi entier,"geom en SRID 2975 (4326=degres, artefact ecarte)"
97422000BH1077,Le Tampon,sdp_residuelle,fiche|mvt|renouv|parcel_residuel,"{""fiche.pot_transfo"": 177, ""mvt"": 177, ""renouv"": 177, ""residuel(canon)"": 177}",OK,canon=parcel_residuel cause NULL,
97415000EI0174,Saint-Paul,tier,fiche.label|v2/score|mvt->court,"{""fiche.label"": ""Neutre"", ""v2/score(court)"": ""Neutre"", ""mvt(court)"": ""Neutre""}",OK,exp_court=Neutre raw=a_creuser,etage0=False
97415000EI0174,Saint-Paul,surface,fiche|geom_ST_Area(2975)|parcels.surface_m2|mvt,"{""fiche"": 541.0, ""geom_ST_Area_2975"": 540.76, ""parcels.surface_m2"": 540.76, ""mvt"": 540.76}",OK,arrondi entier,"geom en SRID 2975 (4326=degres, artefact ecarte)"
97415000EI0174,Saint-Paul,sdp_residuelle,fiche|mvt|renouv|parcel_residuel,"{""fiche.pot_transfo"": 108, ""mvt"": 108, ""residuel(canon)"": 108}",OK,canon=parcel_residuel cause NULL,
97401000AI0701,Les Avirons,tier,fiche.label|v2/score|mvt->court,"{""fiche.label"": ""Faible"", ""v2/score(court)"": ""Faible"", ""mvt(court)"": ""Faible""}",OK,exp_court=Faible raw=declasse_bati_sature,etage0=False
97401000AI0701,Les Avirons,surface,fiche|geom_ST_Area(2975)|parcels.surface_m2|mvt,"{""fiche"": 1037.0, ""geom_ST_Area_2975"": 1037.18, ""parcels.surface_m2"": 1037.18, ""mvt"": 1037.18}",OK,arrondi entier,"geom en SRID 2975 (4326=degres, artefact ecarte)"
97401000AI0701,Les Avirons,sdp_residuelle,fiche|mvt|renouv|parcel_residuel,"{""fiche.pot_transfo"": 0, ""mvt"": 0, ""residuel(canon)"": 0}",OK,canon=parcel_residuel cause NULL,
97416000EW0578,Saint-Pierre,tier,fiche.label|v2/score|mvt->court,"{""fiche.label"": ""Long terme"", ""v2/score(court)"": ""Long terme"", ""mvt(court)"": ""Long terme""}",OK,exp_court=Long terme raw=reserve_fonciere,etage0=False
97416000EW0578,Saint-Pierre,surface,fiche|geom_ST_Area(2975)|parcels.surface_m2|mvt,"{""fiche"": 5549.0, ""geom_ST_Area_2975"": 5548.56, ""parcels.surface_m2"": 5548.56, ""mvt"": 5548.56}",OK,arrondi entier,"geom en SRID 2975 (4326=degres, artefact ecarte)"
97416000EW0578,Saint-Pierre,sdp_residuelle,fiche|mvt|renouv|parcel_residuel,"{""fiche.pot_transfo"": 2128, ""mvt"": 2128, ""residuel(canon)"": 2128}",OK,canon=parcel_residuel cause NULL,
97409000BM0563,Saint-André,tier,fiche.label|v2/score|mvt->court,"{""fiche.label"": ""Faible"", ""v2/score(court)"": ""Faible"", ""mvt(court)"": ""Faible""}",OK,exp_court=Faible raw=declasse_bati_sature,etage0=False
97409000BM0563,Saint-André,surface,fiche|geom_ST_Area(2975)|parcels.surface_m2|mvt,"{""fiche"": 675.0, ""geom_ST_Area_2975"": 675.21, ""parcels.surface_m2"": 675.21, ""mvt"": 675.21}",OK,arrondi entier,"geom en SRID 2975 (4326=degres, artefact ecarte)"
97409000BM0563,Saint-André,sdp_residuelle,fiche|mvt|renouv|parcel_residuel,"{""fiche.pot_transfo"": 0, ""mvt"": 0, ""residuel(canon)"": 0}",OK,canon=parcel_residuel cause NULL,
97417000AO0249,Saint-Philippe,tier,fiche.label|v2/score|mvt->court,"{""fiche.label"": ""Neutre"", ""v2/score(court)"": ""Neutre"", ""mvt(court)"": ""Neutre""}",OK,exp_court=Neutre raw=a_creuser,etage0=False
97417000AO0249,Saint-Philippe,surface,fiche|geom_ST_Area(2975)|parcels.surface_m2|mvt,"{""fiche"": 660.0, ""geom_ST_Area_2975"": 660.11, ""parcels.surface_m2"": 660.11, ""mvt"": 660.11}",OK,arrondi entier,"geom en SRID 2975 (4326=degres, artefact ecarte)"
97417000AO0249,Saint-Philippe,sdp_residuelle,fiche|mvt|renouv|parcel_residuel,{},OK,canon=parcel_residuel cause NULL,
97413000CO0665,Saint-Leu,tier,fiche.label|v2/score|mvt->court,"{""fiche.label"": ""Priorité"", ""v2/score(court)"": ""Priorité"", ""mvt(court)"": ""Priorité""}",OK,exp_court=Priorité raw=brulante,etage0=False
97413000CO0665,Saint-Leu,surface,fiche|geom_ST_Area(2975)|parcels.surface_m2|mvt,"{""fiche"": 302.0, ""geom_ST_Area_2975"": 301.67, ""parcels.surface_m2"": 301.67, ""mvt"": 301.67}",OK,arrondi entier,"geom en SRID 2975 (4326=degres, artefact ecarte)"
97413000CO0665,Saint-Leu,sdp_residuelle,fiche|mvt|renouv|parcel_residuel,"{""fiche.pot_transfo"": 166, ""mvt"": 166, ""residuel(canon)"": 166}",OK,canon=parcel_residuel cause NULL,
97405000BE1069,Petite-Île,tier,fiche.label|v2/score|mvt->court,"{""fiche.label"": ""Écartée"", ""v2/score(court)"": ""Écartée"", ""mvt(court)"": ""Écartée""}",OK,exp_court=Écartée raw=ecartee,etage0=False
97405000BE1069,Petite-Île,surface,fiche|geom_ST_Area(2975)|parcels.surface_m2|mvt,"{""fiche"": 1342.0, ""geom_ST_Area_2975"": 1341.99, ""parcels.surface_m2"": 1341.99, ""mvt"": 1341.99}",OK,arrondi entier,"geom en SRID 2975 (4326=degres, artefact ecarte)"
97405000BE1069,Petite-Île,sdp_residuelle,fiche|mvt|renouv|parcel_residuel,"{""mvt"": 0}",OK,canon=parcel_residuel cause NULL,
97423000AK2080,Les Trois-Bassins,tier,fiche.label|v2/score|mvt->court,"{""fiche.label"": ""Faible"", ""v2/score(court)"": ""Faible"", ""mvt(court)"": ""Faible""}",OK,exp_court=Faible raw=declasse_bati_sature,etage0=False
97423000AK2080,Les Trois-Bassins,surface,fiche|geom_ST_Area(2975)|parcels.surface_m2|mvt,"{""fiche"": 958.0, ""geom_ST_Area_2975"": 958.26, ""parcels.surface_m2"": 958.26, ""mvt"": 958.26}",OK,arrondi entier,"geom en SRID 2975 (4326=degres, artefact ecarte)"
97423000AK2080,Les Trois-Bassins,sdp_residuelle,fiche|mvt|renouv|parcel_residuel,"{""mvt"": 0}",OK,canon=parcel_residuel cause NULL,
97411000DE0117,Saint-Denis,tier,fiche.label|v2/score|mvt->court,"{""fiche.label"": ""Long terme"", ""v2/score(court)"": ""Long terme"", ""mvt(court)"": ""Long terme""}",OK,exp_court=Long terme raw=reserve_fonciere,etage0=False
97411000DE0117,Saint-Denis,surface,fiche|geom_ST_Area(2975)|parcels.surface_m2|mvt,"{""fiche"": 1175.0, ""geom_ST_Area_2975"": 1174.92, ""parcels.surface_m2"": 1174.92, ""mvt"": 1174.92}",OK,arrondi entier,"geom en SRID 2975 (4326=degres, artefact ecarte)"
97411000DE0117,Saint-Denis,sdp_residuelle,fiche|mvt|renouv|parcel_residuel,"{""fiche.pot_transfo"": 1310, ""mvt"": 1310, ""residuel(canon)"": 1310}",OK,canon=parcel_residuel cause NULL,
97419000AM0454,Sainte-Rose,tier,fiche.label|v2/score|mvt->court,"{""fiche.label"": ""Neutre"", ""v2/score(court)"": ""Neutre"", ""mvt(court)"": ""Neutre""}",OK,exp_court=Neutre raw=a_creuser,etage0=False
97419000AM0454,Sainte-Rose,surface,fiche|geom_ST_Area(2975)|parcels.surface_m2|mvt,"{""fiche"": 820.0, ""geom_ST_Area_2975"": 819.65, ""parcels.surface_m2"": 819.65, ""mvt"": 819.65}",OK,arrondi entier,"geom en SRID 2975 (4326=degres, artefact ecarte)"
97419000AM0454,Sainte-Rose,sdp_residuelle,fiche|mvt|renouv|parcel_residuel,"{""fiche.pot_transfo"": 369, ""mvt"": 369, ""residuel(canon)"": 369}",OK,canon=parcel_residuel cause NULL,
97416000IB0400,Saint-Pierre,tier,fiche.label|v2/score|mvt->court,"{""fiche.label"": ""Faible"", ""v2/score(court)"": ""Faible"", ""mvt(court)"": ""Faible""}",OK,exp_court=Faible raw=declasse_bati_sature,etage0=False
97416000IB0400,Saint-Pierre,surface,fiche|geom_ST_Area(2975)|parcels.surface_m2|mvt,"{""fiche"": 261.0, ""geom_ST_Area_2975"": 260.76, ""parcels.surface_m2"": 260.76, ""mvt"": 260.76}",OK,arrondi entier,"geom en SRID 2975 (4326=degres, artefact ecarte)"
97416000IB0400,Saint-Pierre,sdp_residuelle,fiche|mvt|renouv|parcel_residuel,"{""fiche.pot_transfo"": 0, ""mvt"": 0, ""residuel(canon)"": 0}",OK,canon=parcel_residuel cause NULL,
97416000HR0264,Saint-Pierre,tier,fiche.label|v2/score|mvt->court,"{""fiche.label"": ""Écartée"", ""v2/score(court)"": ""Écartée"", ""mvt(court)"": ""Écartée""}",OK,exp_court=Écartée raw=ecartee,etage0=False
97416000HR0264,Saint-Pierre,surface,fiche|geom_ST_Area(2975)|parcels.surface_m2|mvt,"{""fiche"": 26.0, ""geom_ST_Area_2975"": 26.43, ""parcels.surface_m2"": 26.43, ""mvt"": 26.43}",OK,arrondi entier,"geom en SRID 2975 (4326=degres, artefact ecarte)"
97416000HR0264,Saint-Pierre,sdp_residuelle,fiche|mvt|renouv|parcel_residuel,"{""mvt"": 0}",OK,canon=parcel_residuel cause NULL,
97419000AI0715,Sainte-Rose,tier,fiche.label|v2/score|mvt->court,"{""fiche.label"": ""Écartée"", ""v2/score(court)"": ""Écartée"", ""mvt(court)"": ""Écartée""}",OK,exp_court=Écartée raw=ecartee,etage0=False
97419000AI0715,Sainte-Rose,surface,fiche|geom_ST_Area(2975)|parcels.surface_m2|mvt,"{""fiche"": 25743.0, ""geom_ST_Area_2975"": 25743.36, ""parcels.surface_m2"": 25743.36, ""mvt"": 25743.36}",OK,arrondi entier,"geom en SRID 2975 (4326=degres, artefact ecarte)"
97419000AI0715,Sainte-Rose,sdp_residuelle,fiche|mvt|renouv|parcel_residuel,"{""mvt"": 0}",OK,canon=parcel_residuel cause NULL,
97424000AM0924,Cilaos,tier,fiche.label|v2/score|mvt->court,"{""fiche.label"": ""Priorité"", ""v2/score(court)"": ""Priorité"", ""mvt(court)"": ""Priorité""}",OK,exp_court=Priorité raw=brulante,etage0=False
97424000AM0924,Cilaos,surface,fiche|geom_ST_Area(2975)|parcels.surface_m2|mvt,"{""fiche"": 1799.0, ""geom_ST_Area_2975"": 1799.26, ""parcels.surface_m2"": 1799.26, ""mvt"": 1799.26}",OK,arrondi entier,"geom en SRID 2975 (4326=degres, artefact ecarte)"
97424000AM0924,Cilaos,sdp_residuelle,fiche|mvt|renouv|parcel_residuel,"{""fiche.pot_transfo"": 1457, ""mvt"": 1457, ""residuel(canon)"": 1457}",OK,canon=parcel_residuel cause NULL,
97410000AV0657,Saint-Benoît,tier,fiche.label|v2/score|mvt->court,"{""fiche.label"": ""À suivre"", ""v2/score(court)"": ""À suivre"", ""mvt(court)"": ""À suivre""}",OK,exp_court=À suivre raw=chaude,etage0=False
97410000AV0657,Saint-Benoît,surface,fiche|geom_ST_Area(2975)|parcels.surface_m2|mvt,"{""fiche"": 370.0, ""geom_ST_Area_2975"": 369.94, ""parcels.surface_m2"": 369.94, ""mvt"": 369.94}",OK,arrondi entier,"geom en SRID 2975 (4326=degres, artefact ecarte)"
97410000AV0657,Saint-Benoît,sdp_residuelle,fiche|mvt|renouv|parcel_residuel,"{""fiche.pot_transfo"": 173, ""mvt"": 173, ""residuel(canon)"": 173}",OK,canon=parcel_residuel cause NULL,
97415000AZ0648,Saint-Paul,tier,fiche.label|v2/score|mvt->court,"{""fiche.label"": ""À suivre"", ""v2/score(court)"": ""À suivre"", ""mvt(court)"": ""À suivre""}",OK,exp_court=À suivre raw=chaude,etage0=False
97415000AZ0648,Saint-Paul,surface,fiche|geom_ST_Area(2975)|parcels.surface_m2|mvt,"{""fiche"": 453.0, ""geom_ST_Area_2975"": 452.82, ""parcels.surface_m2"": 452.82, ""mvt"": 452.82}",OK,arrondi entier,"geom en SRID 2975 (4326=degres, artefact ecarte)"
97415000AZ0648,Saint-Paul,sdp_residuelle,fiche|mvt|renouv|parcel_residuel,"{""fiche.pot_transfo"": 182, ""mvt"": 182, ""residuel(canon)"": 182}",OK,canon=parcel_residuel cause NULL,
97412000BW2031,Saint-Joseph,tier,fiche.label|v2/score|mvt->court,"{""fiche.label"": ""Faible"", ""v2/score(court)"": ""Faible"", ""mvt(court)"": ""Faible""}",OK,exp_court=Faible raw=declasse_bati_sature,etage0=False
97412000BW2031,Saint-Joseph,surface,fiche|geom_ST_Area(2975)|parcels.surface_m2|mvt,"{""fiche"": 291.0, ""geom_ST_Area_2975"": 290.94, ""parcels.surface_m2"": 290.94, ""mvt"": 290.94}",OK,arrondi entier,"geom en SRID 2975 (4326=degres, artefact ecarte)"
97412000BW2031,Saint-Joseph,sdp_residuelle,fiche|mvt|renouv|parcel_residuel,"{""fiche.pot_transfo"": 0, ""mvt"": 0, ""residuel(canon)"": 0}",OK,canon=parcel_residuel cause NULL,
97415000HO0265,,tier_copilote,fiche_ask._ask_context(statut_tier)|verdict_servi|court(run),"{""grounded"": ""Neutre"", ""verdict_servi.label"": ""Neutre"", ""court(run)"": ""Neutre""}",OK,Copilote groundee sur verdict_servi (source unique),"grounding interne, 0 cout LLM"
97416000CT1119,,tier_copilote,fiche_ask._ask_context(statut_tier)|verdict_servi|court(run),"{""grounded"": ""À suivre"", ""verdict_servi.label"": ""À suivre"", ""court(run)"": ""À suivre""}",OK,Copilote groundee sur verdict_servi (source unique),"grounding interne, 0 cout LLM"
97418000AP3253,,tier_copilote,fiche_ask._ask_context(statut_tier)|verdict_servi|court(run),"{""grounded"": ""Écartée"", ""verdict_servi.label"": ""Écartée"", ""court(run)"": ""Écartée""}",OK,Copilote groundee sur verdict_servi (source unique),"grounding interne, 0 cout LLM"
97410000AR1600,,tier_copilote,fiche_ask._ask_context(statut_tier)|verdict_servi|court(run),"{""grounded"": ""Faible"", ""verdict_servi.label"": ""Faible"", ""court(run)"": ""Faible""}",OK,Copilote groundee sur verdict_servi (source unique),"grounding interne, 0 cout LLM"
97415000HP0192,,tier_copilote,fiche_ask._ask_context(statut_tier)|verdict_servi|court(run),"{""grounded"": ""Long terme"", ""verdict_servi.label"": ""Long terme"", ""court(run)"": ""Long terme""}",OK,Copilote groundee sur verdict_servi (source unique),"grounding interne, 0 cout LLM"
97411000CE1132,,tier_copilote,fiche_ask._ask_context(statut_tier)|verdict_servi|court(run),"{""grounded"": ""Priorité"", ""verdict_servi.label"": ""Priorité"", ""court(run)"": ""Priorité""}",OK,Copilote groundee sur verdict_servi (source unique),"grounding interne, 0 cout LLM"
97409000BL0208,,tier_copilote,fiche_ask._ask_context(statut_tier)|verdict_servi|court(run),"{""grounded"": ""Faible"", ""verdict_servi.label"": ""Faible"", ""court(run)"": ""Faible""}",OK,Copilote groundee sur verdict_servi (source unique),"grounding interne, 0 cout LLM"
97424000AC0886,,tier_copilote,fiche_ask._ask_context(statut_tier)|verdict_servi|court(run),"{""grounded"": ""Faible"", ""verdict_servi.label"": ""Faible"", ""court(run)"": ""Faible""}",OK,Copilote groundee sur verdict_servi (source unique),"grounding interne, 0 cout LLM"
97404000AR0178,,tier_copilote,fiche_ask._ask_context(statut_tier)|verdict_servi|court(run),"{""grounded"": ""Neutre"", ""verdict_servi.label"": ""Neutre"", ""court(run)"": ""Neutre""}",OK,Copilote groundee sur verdict_servi (source unique),"grounding interne, 0 cout LLM"
97413000DG0470,,tier_copilote,fiche_ask._ask_context(statut_tier)|verdict_servi|court(run),"{""grounded"": ""À suivre"", ""verdict_servi.label"": ""À suivre"", ""court(run)"": ""À suivre""}",OK,Copilote groundee sur verdict_servi (source unique),"grounding interne, 0 cout LLM"
97424000AM0458,,tier_copilote,fiche_ask._ask_context(statut_tier)|verdict_servi|court(run),"{""grounded"": ""Écartée"", ""verdict_servi.label"": ""Écartée"", ""court(run)"": ""Écartée""}",OK,Copilote groundee sur verdict_servi (source unique),"grounding interne, 0 cout LLM"
97414000ET1452,,tier_copilote,fiche_ask._ask_context(statut_tier)|verdict_servi|court(run),"{""grounded"": ""Faible"", ""verdict_servi.label"": ""Faible"", ""court(run)"": ""Faible""}",OK,Copilote groundee sur verdict_servi (source unique),"grounding interne, 0 cout LLM"
97422000BR1165,,tier_copilote,fiche_ask._ask_context(statut_tier)|verdict_servi|court(run),"{""grounded"": ""Long terme"", ""verdict_servi.label"": ""Long terme"", ""court(run)"": ""Long terme""}",OK,Copilote groundee sur verdict_servi (source unique),"grounding interne, 0 cout LLM"
97403000AR1511,,tier_copilote,fiche_ask._ask_context(statut_tier)|verdict_servi|court(run),"{""grounded"": ""Priorité"", ""verdict_servi.label"": ""Priorité"", ""court(run)"": ""Priorité""}",OK,Copilote groundee sur verdict_servi (source unique),"grounding interne, 0 cout LLM"
97405000AI1181,,tier_copilote,fiche_ask._ask_context(statut_tier)|verdict_servi|court(run),"{""grounded"": ""Faible"", ""verdict_servi.label"": ""Faible"", ""court(run)"": ""Faible""}",OK,Copilote groundee sur verdict_servi (source unique),"grounding interne, 0 cout LLM"
97418000AR1718,,tier_copilote,fiche_ask._ask_context(statut_tier)|verdict_servi|court(run),"{""grounded"": ""Neutre"", ""verdict_servi.label"": ""Neutre"", ""court(run)"": ""Neutre""}",OK,Copilote groundee sur verdict_servi (source unique),"grounding interne, 0 cout LLM"
97408000AP1650,,tier_copilote,fiche_ask._ask_context(statut_tier)|verdict_servi|court(run),"{""grounded"": ""À suivre"", ""verdict_servi.label"": ""À suivre"", ""court(run)"": ""À suivre""}",OK,Copilote groundee sur verdict_servi (source unique),"grounding interne, 0 cout LLM"
97421000BK0004,,tier_copilote,fiche_ask._ask_context(statut_tier)|verdict_servi|court(run),"{""grounded"": ""Écartée"", ""verdict_servi.label"": ""Écartée"", ""court(run)"": ""Écartée""}",OK,Copilote groundee sur verdict_servi (source unique),"grounding interne, 0 cout LLM"
97406000AV1046,,tier_copilote,fiche_ask._ask_context(statut_tier)|verdict_servi|court(run),"{""grounded"": ""Faible"", ""verdict_servi.label"": ""Faible"", ""court(run)"": ""Faible""}",OK,Copilote groundee sur verdict_servi (source unique),"grounding interne, 0 cout LLM"
97418000BL0026,,tier_copilote,fiche_ask._ask_context(statut_tier)|verdict_servi|court(run),"{""grounded"": ""Long terme"", ""verdict_servi.label"": ""Long terme"", ""court(run)"": ""Long terme""}",OK,Copilote groundee sur verdict_servi (source unique),"grounding interne, 0 cout LLM"
97406000AM0935,,tier_copilote,fiche_ask._ask_context(statut_tier)|verdict_servi|court(run),"{""grounded"": ""Priorité"", ""verdict_servi.label"": ""Priorité"", ""court(run)"": ""Priorité""}",OK,Copilote groundee sur verdict_servi (source unique),"grounding interne, 0 cout LLM"
97414000DM0764,,tier_copilote,fiche_ask._ask_context(statut_tier)|verdict_servi|court(run),"{""grounded"": ""Neutre"", ""verdict_servi.label"": ""Neutre"", ""court(run)"": ""Neutre""}",OK,Copilote groundee sur verdict_servi (source unique),"grounding interne, 0 cout LLM"
97420000BD0643,,tier_copilote,fiche_ask._ask_context(statut_tier)|verdict_servi|court(run),"{""grounded"": ""À suivre"", ""verdict_servi.label"": ""À suivre"", ""court(run)"": ""À suivre""}",OK,Copilote groundee sur verdict_servi (source unique),"grounding interne, 0 cout LLM"
97407000AL1656,,tier_copilote,fiche_ask._ask_context(statut_tier)|verdict_servi|court(run),"{""grounded"": ""Écartée"", ""verdict_servi.label"": ""Écartée"", ""court(run)"": ""Écartée""}",OK,Copilote groundee sur verdict_servi (source unique),"grounding interne, 0 cout LLM"
97420000AE0136,,tier_copilote,fiche_ask._ask_context(statut_tier)|verdict_servi|court(run),"{""grounded"": ""Faible"", ""verdict_servi.label"": ""Faible"", ""court(run)"": ""Faible""}",OK,Copilote groundee sur verdict_servi (source unique),"grounding interne, 0 cout LLM"
97411000HS0351,,tier_copilote,fiche_ask._ask_context(statut_tier)|verdict_servi|court(run),"{""grounded"": ""Long terme"", ""verdict_servi.label"": ""Long terme"", ""court(run)"": ""Long terme""}",OK,Copilote groundee sur verdict_servi (source unique),"grounding interne, 0 cout LLM"
97411000EL0656,,tier_copilote,fiche_ask._ask_context(statut_tier)|verdict_servi|court(run),"{""grounded"": ""Priorité"", ""verdict_servi.label"": ""Priorité"", ""court(run)"": ""Priorité""}",OK,Copilote groundee sur verdict_servi (source unique),"grounding interne, 0 cout LLM"
97407000AL0891,,tier_copilote,fiche_ask._ask_context(statut_tier)|verdict_servi|court(run),"{""grounded"": ""Neutre"", ""verdict_servi.label"": ""Neutre"", ""court(run)"": ""Neutre""}",OK,Copilote groundee sur verdict_servi (source unique),"grounding interne, 0 cout LLM"
97413000CY1554,,tier_copilote,fiche_ask._ask_context(statut_tier)|verdict_servi|court(run),"{""grounded"": ""À suivre"", ""verdict_servi.label"": ""À suivre"", ""court(run)"": ""À suivre""}",OK,Copilote groundee sur verdict_servi (source unique),"grounding interne, 0 cout LLM"
97406000AV1281,,tier_copilote,fiche_ask._ask_context(statut_tier)|verdict_servi|court(run),"{""grounded"": ""Écartée"", ""verdict_servi.label"": ""Écartée"", ""court(run)"": ""Écartée""}",OK,Copilote groundee sur verdict_servi (source unique),"grounding interne, 0 cout LLM"
97409000AI0498,,tier_copilote,fiche_ask._ask_context(statut_tier)|verdict_servi|court(run),"{""grounded"": ""Faible"", ""verdict_servi.label"": ""Faible"", ""court(run)"": ""Faible""}",OK,Copilote groundee sur verdict_servi (source unique),"grounding interne, 0 cout LLM"
97409000AH0156,,tier_copilote,fiche_ask._ask_context(statut_tier)|verdict_servi|court(run),"{""grounded"": ""Long terme"", ""verdict_servi.label"": ""Long terme"", ""court(run)"": ""Long terme""}",OK,Copilote groundee sur verdict_servi (source unique),"grounding interne, 0 cout LLM"
97408000AT2026,,tier_copilote,fiche_ask._ask_context(statut_tier)|verdict_servi|court(run),"{""grounded"": ""Priorité"", ""verdict_servi.label"": ""Priorité"", ""court(run)"": ""Priorité""}",OK,Copilote groundee sur verdict_servi (source unique),"grounding interne, 0 cout LLM"
97413000CX1509,,tier_copilote,fiche_ask._ask_context(statut_tier)|verdict_servi|court(run),"{""grounded"": ""Neutre"", ""verdict_servi.label"": ""Neutre"", ""court(run)"": ""Neutre""}",OK,Copilote groundee sur verdict_servi (source unique),"grounding interne, 0 cout LLM"
97415000BP0978,,tier_copilote,fiche_ask._ask_context(statut_tier)|verdict_servi|court(run),"{""grounded"": ""À suivre"", ""verdict_servi.label"": ""À suivre"", ""court(run)"": ""À suivre""}",OK,Copilote groundee sur verdict_servi (source unique),"grounding interne, 0 cout LLM"
97421000AE0053,,tier_copilote,fiche_ask._ask_context(statut_tier)|verdict_servi|court(run),"{""grounded"": ""Écartée"", ""verdict_servi.label"": ""Écartée"", ""court(run)"": ""Écartée""}",OK,Copilote groundee sur verdict_servi (source unique),"grounding interne, 0 cout LLM"
97410000AI0701,,tier_copilote,fiche_ask._ask_context(statut_tier)|verdict_servi|court(run),"{""grounded"": ""Faible"", ""verdict_servi.label"": ""Faible"", ""court(run)"": ""Faible""}",OK,Copilote groundee sur verdict_servi (source unique),"grounding interne, 0 cout LLM"
97418000AW0627,,tier_copilote,fiche_ask._ask_context(statut_tier)|verdict_servi|court(run),"{""grounded"": ""Long terme"", ""verdict_servi.label"": ""Long terme"", ""court(run)"": ""Long terme""}",OK,Copilote groundee sur verdict_servi (source unique),"grounding interne, 0 cout LLM"
97416000HP0860,,tier_copilote,fiche_ask._ask_context(statut_tier)|verdict_servi|court(run),"{""grounded"": ""Priorité"", ""verdict_servi.label"": ""Priorité"", ""court(run)"": ""Priorité""}",OK,Copilote groundee sur verdict_servi (source unique),"grounding interne, 0 cout LLM"
97410000CD0576,,tier_copilote,fiche_ask._ask_context(statut_tier)|verdict_servi|court(run),"{""grounded"": ""Neutre"", ""verdict_servi.label"": ""Neutre"", ""court(run)"": ""Neutre""}",OK,Copilote groundee sur verdict_servi (source unique),"grounding interne, 0 cout LLM"
97415000HO0265,,tier_copilote_LLM,parcel_ask LLM vs verdict_servi.label,"{""canon"": ""Neutre"", ""relaye_verbatim"": false}",OK,moteur=source unique; phrasing LLM downstream,"paraphrase ""potentiel fort"" (autre champ), tier non nomme"
97416000CT1119,,tier_copilote_LLM,parcel_ask LLM vs verdict_servi.label,"{""canon"": ""À suivre"", ""relaye_verbatim"": true}",OK,moteur=source unique; phrasing LLM downstream,relaye verbatim
97418000AP3253,,tier_copilote_LLM,parcel_ask LLM vs verdict_servi.label,"{""canon"": ""Écartée"", ""relaye_verbatim"": true}",OK,moteur=source unique; phrasing LLM downstream,"""ecartee de l'analyse"" (semantique OK)"
97410000AR1600,,tier_copilote_LLM,parcel_ask LLM vs verdict_servi.label,"{""canon"": ""Faible"", ""relaye_verbatim"": true}",OK,moteur=source unique; phrasing LLM downstream,relaye verbatim
97415000HP0192,,tier_copilote_LLM,parcel_ask LLM vs verdict_servi.label,"{""canon"": ""Long terme"", ""relaye_verbatim"": false}",OK,moteur=source unique; phrasing LLM downstream,LLM a refuse (pas de valeur fausse servie)
97406000AV1046,,prix_zone,Etudier(constat)|Assemblage prix_terrain_nu_zone,"{""constat_eur_m2"": 129, ""assemblage_eur_m2"": 129}",OK,fonction canonique unique prix_terrain_nu_zone,"meme (commune,zone)"
97418000AR1718,,prix_zone,Etudier(constat)|Assemblage prix_terrain_nu_zone,"{""constat_eur_m2"": 479, ""assemblage_eur_m2"": 479}",OK,fonction canonique unique prix_terrain_nu_zone,"meme (commune,zone)"
97415000HP0192,,prix_zone,Etudier(constat)|Assemblage prix_terrain_nu_zone,"{""constat_eur_m2"": 479, ""assemblage_eur_m2"": 479}",OK,fonction canonique unique prix_terrain_nu_zone,"meme (commune,zone)"
97420000AE0136,,prix_zone,Etudier(constat)|Assemblage prix_terrain_nu_zone,"{""constat_eur_m2"": 321, ""assemblage_eur_m2"": 321}",OK,fonction canonique unique prix_terrain_nu_zone,"meme (commune,zone)"
*,*,shab_charge,Etudier|fiche|compare -> compute_bilan_servi,calculateur partage compute_bilan_servi,OK,source unique code (faisabilite/bilan.py),verif structurelle: 1 seule fonction
*,*,tier_export,export.csv col tier_v2 vs fiche.label,"{""export.csv"": ""code brut ex \""chaude\"""", ""fiche"": ""\""A suivre\""""}",ECART,"export.csv emet le CODE INTERNE, pas le label M137","app.py:1557 (""ecartee"" if etage0 else tier_v2) sans court()/TIER_LABELS"
*,*,millesime_run,fiche|v2/score|renouv|prospection|export -> config/served_run.txt,q_v10_m129 / m36-l2f-2026,OK,run servi UNIQUE versionne (served_run.txt),pin via Q_A_RUN_LABEL partout
