idu,date_vente,vente_groupee,premier_envoi,n_simule,premiere_piste,exclue_client
97405000AI1209,2025-09-29,True,,,,False
97410000BN0293,2024-02-06,False,,,,False
97411000KB0255,2025-09-17,True,,,,False
97415000BV1609,2024-07-22,True,,,,False
97421000BM0629,2025-09-17,False,,,,False
97405000AW1684,2024-06-28,False,,,,False
97411000DL0088,2025-09-04,False,,,,False
97416000EH0782,2025-04-04,False,,,,False
97422000BD3529,2025-07-22,False,,,,False
97421000AI0250,2024-05-22,True,,,,False
97414000CH0957,2024-09-06,False,,,,False
97409000AI0348,2025-10-28,False,,,,False
97411000ER0009,2024-12-19,False,,,,False
97413000AV2288,2024-04-23,True,,,,False
97411000HD0081,2025-03-12,False,,,,False
97404000AD1097,2025-05-16,False,,,,False
97411000DW0288,2025-07-03,True,,,,False
97410000AE1355,2024-04-08,True,,,,False
97414000HI1493,2024-11-27,True,,,,False
97415000AV0362,2024-11-15,True,,,,False
97415000DM1023,2024-01-17,True,,,,False
97414000DS0852,2025-06-23,False,,,,False
97414000EN2984,2025-08-27,True,,,,False
97415000CO0501,2025-07-01,True,,,,False
97422000CL1480,2024-11-14,False,,,,False
97408000BI0400,2024-06-27,False,,,,False
97403000AS1669,2024-05-30,True,,,,False
97416000EX1899,2025-07-28,True,,,,False
97419000AE0405,2024-05-13,False,,,,False
97407000BC0406,2024-11-19,False,,,,False
97423000AC0328,2024-01-14,True,,,,False
97408000AP1659,2025-09-11,True,,,,False
97416000EV0905,2025-04-07,False,,,,False
97410000AI1446,2024-07-11,False,,,,False
97406000AI1061,2024-08-19,True,,,,False
97404000BA0137,2025-12-03,False,,,,False
97416000HX1349,2025-03-28,True,,,,False
97416000IA1343,2025-06-27,True,,,,False
97409000AR0902,2025-07-15,False,,,,False
97418000BV0255,2025-12-17,False,,,,False
97408000BO0582,2024-09-27,True,,,,False
97412000CX0921,2025-12-02,True,,,,False
97413000CL0905,2024-06-25,False,,,,False
97410000BE0180,2025-03-26,False,,,,False
97419000AX0717,2025-06-26,False,,,,False
97424000AE2183,2024-06-28,False,,,,False
97411000CD1330,2024-07-29,True,,,,False
97413000DE0915,2025-05-27,True,,,,False
97411000BK0365,2024-06-12,False,,,,False
97404000AX0557,2024-08-07,False,,,,False
97406000AO0045,2025-09-29,True,,,,False
97414000ET0097,2025-05-13,False,,,,False
97414000EX0192,2025-03-27,False,,,,False
97416000ET0998,2025-07-31,False,,,,False
97411000AE0117,2025-01-31,True,,,,False
97422000CM0905,2025-06-19,True,,,,False
97422000AW0884,2024-10-31,False,,,,False
97416000HX1005,2025-09-26,True,,,,False
97405000AE0452,2025-09-08,True,,,,False
97412000CR0233,2024-10-16,True,,,,False
97415000EO1052,2024-12-12,False,,,,False
97420000BC0489,2024-10-18,True,,,,False
97414000ET2221,2025-12-15,True,,,,False
97420000AE0424,2024-06-24,False,,,,False
97413000CX2482,2025-07-19,True,,,,False
97411000EZ0210,2025-07-22,False,,,,False
97413000CX2857,2025-09-11,False,,,,False
97415000CV1236,2024-03-11,True,,,,False
97418000AS0941,2024-07-31,False,,,,False
97415000CX0639,2025-01-13,True,,,2026-08-14 16:21:48.650530+00:00,False
97415000CM2325,2024-07-01,False,,,,False
97408000BK0245,2024-08-28,True,,,,False
97411000AZ0046,2025-05-06,False,,,,False
97415000ET1667,2025-02-14,False,,,,False
97409000AS1879,2024-01-26,False,,,,False
97424000AM0649,2025-10-15,True,,,,False
97411000ET0152,2025-09-25,False,,,,False
97422000BP0394,2025-06-11,False,,,,False
97409000AR2612,2025-04-16,False,,,,False
97422000DE0784,2024-05-16,True,,,,False
97416000HI1107,2024-04-08,True,,,,False
97418000AS1274,2024-12-23,True,,,,False
97422000CI0729,2024-06-21,True,,,,False
97418000AP4440,2025-07-10,False,,,,False
97412000BP0488,2024-04-04,True,,,,False
97412000CD0528,2025-04-09,False,,,,False
97413000CA0262,2024-12-30,True,,,,False
97405000AD0729,2024-06-13,True,,,,False
97424000AD0021,2024-08-06,False,,,,False
97413000CI0700,2025-05-16,False,,,,False
97414000ET2323,2024-08-09,False,,,,False
97408000AO1863,2024-09-06,False,,,,False
97407000AV0347,2025-07-24,True,,,,False
97417000AT1198,2025-07-18,False,,,,False
97422000BN3005,2024-03-27,False,,,,False
97414000CM0206,2024-12-30,True,,,,False
97424000AH0489,2024-12-10,False,,,,False
97413000BM0840,2024-10-10,False,,,,False
97415000DI0656,2025-12-22,True,,,,False
97409000AY1303,2024-08-22,True,,,,False
97418000AY0042,2025-06-27,False,,,,False
97410000AB0364,2024-03-25,False,,,,False
97416000CY0616,2024-10-21,False,,,,False
97414000DR0501,2024-01-19,False,,,,False
97411000IE0704,2024-02-23,False,,,,False
97412000CN0222,2025-06-30,False,,,,False
97406000AT0686,2024-05-23,False,,,,False
97416000CZ1818,2024-10-01,True,,,,False
97408000AM0571,2025-05-05,True,,,,False
97415000EY0329,2025-02-24,True,,,,False
97422000BK1444,2025-03-04,False,,,,False
97415000CY1159,2025-03-31,True,,,,False
97413000CQ0677,2024-09-16,True,,,,False
97408000AS0243,2025-05-27,False,,,,False
97415000CM2345,2024-11-02,True,,,,False
97412000AT0304,2025-02-20,False,,,,False
97421000AS0274,2025-06-19,True,,,,False
97408000AN1287,2025-06-30,True,,,,False
97408000AB0310,2024-09-03,False,,,,False
97416000CY0884,2025-01-23,True,,,,False
97418000AR2052,2025-01-15,False,,,,False
97424000AN0403,2025-12-19,False,,,,False
97402000AH1938,2025-04-16,True,,,,False
97418000BM0122,2024-12-23,False,,,,False
97414000CT1003,2025-12-15,True,,,,False
97410000BW1109,2025-09-29,False,,,,False
97409000BE1581,2024-10-31,False,,,,False
97421000BN0031,2025-02-05,True,,,,False
97401000AI0878,2024-05-31,False,,,,False
97424000AI2383,2024-03-22,False,,,,False
97422000CL0705,2024-06-07,False,,,,False
97414000ET2290,2024-12-31,False,,,,False
97411000DY0034,2025-05-28,False,,,,False
97418000AT1359,2024-01-26,True,,,,False
97411000AB0782,2024-03-07,False,,,,False
97414000DS0606,2025-10-06,False,,,,False
97411000KC0048,2024-06-07,False,,,,False
97422000CO0409,2024-09-26,False,,,,False
97414000ET1265,2025-12-15,True,,,,False
97415000CO0305,2025-07-01,True,,,,False
97412000AX1094,2025-10-30,False,,,,False
97412000BW1080,2025-11-27,False,,,,False
97415000BO0941,2024-07-09,True,,,,False
97415000CZ0335,2025-12-29,False,,,,False
97411000IN0234,2024-09-27,False,,,,False
97415000BV0722,2024-06-04,True,,,,False
97422000BS0973,2024-11-29,False,,,,False
97413000AC0573,2025-02-13,False,,,,False
97411000HW0259,2025-06-18,False,,,,False
97409000AK1311,2025-10-28,False,,,,False
97419000AL0625,2024-02-15,False,,,,False
97410000AI0602,2024-05-31,True,,,,False
97411000IA0199,2025-02-07,True,,,,False
97416000CS1628,2024-04-16,True,,,,False
97414000HL0724,2024-10-11,False,,,,False
97412000BX1030,2025-03-07,True,,,,False
97408000AM0956,2025-03-14,False,,,,False
97409000AK0804,2024-12-26,True,,,,False
97418000AR0857,2025-11-17,True,,,,False
97413000CS0352,2025-07-11,True,,,,False
97418000BO0151,2024-12-23,True,,,,False
97401000AS1507,2024-02-23,False,,,,False
97410000AR1663,2024-11-29,True,,,,False
97411000AV0404,2025-07-11,True,,,,False
97404000AY0599,2025-10-30,True,,,,False
97412000CY1003,2025-06-16,False,,,,False
97410000AP0094,2024-06-20,False,,,,False
97418000AC1605,2025-10-16,True,,,,False
97419000AD0201,2025-06-06,True,,,,False
97422000BW3614,2025-06-10,True,,,,False
97414000DH0320,2024-12-31,True,,,,False
97415000CM2348,2024-11-02,True,,,,False
97418000AT1588,2025-10-16,True,,,,False
97422000BD0211,2024-10-31,False,,,,False
97409000AK1312,2025-10-20,False,,,,False
97420000AH0107,2025-07-24,False,,,,False
97401000AD0375,2025-03-31,False,,,,False
97422000EC0289,2024-08-30,True,,,,False
97418000AP3288,2025-09-26,True,,,,False
97413000CR1132,2025-02-24,True,,,,False
97410000AS1416,2024-07-23,True,,,,False
97411000BP0879,2024-12-30,True,,,,False
97411000DL0811,2025-02-14,False,,,,False
97411000EL0407,2024-02-23,False,,,,False
97403000AL0208,2024-10-04,False,,,,False
97415000AH1304,2025-08-05,True,,,,False
97406000AH0531,2024-03-26,False,,,,False
97417000AT0506,2024-09-04,True,,,,False
97410000AI1348,2024-10-15,False,,,,False
97407000AH0617,2024-03-29,False,,,,False
97424000AL0028,2025-01-16,False,,,,False
97422000BN2540,2025-03-27,False,,,,False
97416000DM0745,2024-06-25,True,,,,False
97416000DW0182,2024-04-05,False,,,,False
97411000AH0043,2024-02-28,False,,,,False
97424000AM0416,2024-09-06,False,,,,False
97422000AE0725,2025-09-11,False,,,,False
97405000AW0109,2024-09-19,True,,,,False
97411000IT0189,2024-01-26,False,,,,False
97419000AR0577,2025-05-30,False,,,,False
97405000AD0691,2024-06-13,True,,,,False
97412000CE1297,2025-11-18,True,,,,False
97406000AW1232,2025-02-13,False,,,,False
97412000AZ0926,2024-09-06,True,,,,False
97406000AL0669,2024-11-05,True,,,,False
97413000CD0747,2025-10-30,False,,,,False
97414000EN3936,2024-12-30,True,,,,False
97409000AM0793,2024-03-07,True,,,,False
97410000AR1559,2025-02-21,False,,,,False
97415000AV0905,2025-03-14,True,,,,False
97408000AT1565,2024-10-10,False,,,,False
97418000AW0802,2024-06-20,False,,,,False
97415000EZ0122,2025-05-12,False,,,,False
97405000AD0725,2025-05-21,True,,,,False
97411000AS0270,2025-09-03,False,,,,False
97411000IC0402,2025-12-02,False,,,,False
97418000AV2862,2024-09-12,True,,,,False
97420000AZ0841,2025-04-23,False,,,,False
97411000AL0100,2024-01-31,False,,,,False
97423000AK1727,2025-07-23,False,,,,False
97414000EN3944,2025-06-03,True,,,2026-08-31 20:52:35.148531+00:00,False
97411000CY0982,2024-10-09,True,,,,False
97412000AV0675,2025-11-04,False,,,,False
97420000AR0752,2024-12-30,True,,,,False
97421000BN0015,2025-05-12,True,,,,False
97409000BE0189,2024-10-31,True,,,,False
97415000CM2284,2025-05-27,False,,,,False
97407000BE0306,2025-04-28,False,,,,False
97412000BK0293,2024-10-30,False,,,,False
97407000BE0059,2025-12-29,False,,,,False
97422000BL0996,2024-08-07,True,,,,False
97420000AO0239,2025-02-12,False,,,,False
97412000CY1090,2025-06-16,True,,,,False
97408000AM0638,2024-09-03,True,,,,False
97411000HS0471,2025-12-15,True,,,,False
97417000AT0497,2024-09-04,True,,,,False
97414000DM0674,2024-06-14,False,,,,False
97411000HP0326,2024-12-23,True,,,,False
97412000BZ0310,2025-10-01,False,,,,False
97412000AM1283,2025-05-28,True,,,,False
97413000DE1132,2024-12-23,True,,,,False
97408000AT2034,2024-11-21,True,,,,False
97414000DH1441,2025-09-29,True,,,,False
97422000BK1643,2025-01-22,True,,,,False
97415000EO0461,2024-02-09,False,,,,False
97409000AV1049,2025-12-19,False,,,,False
97416000EK0135,2025-08-28,False,,,,False
97414000HA0254,2025-01-17,True,,,,False
97410000BY0157,2025-05-23,False,,,,False
97404000AY0022,2024-09-26,True,,,,False
97418000AC1608,2025-10-16,True,,,,False
97411000CD1188,2025-09-29,False,,,,False
97414000CH1971,2025-12-31,True,,,,False
97414000DK0025,2025-06-30,True,,,,False
97411000AK0127,2025-09-05,False,,,,False
97411000EP0336,2025-08-29,True,,,,False
97415000CO0298,2025-07-01,True,,,,False
97409000AR2713,2024-09-06,False,,,,False
97415000ER1749,2024-12-13,True,,,,False
97413000CX2841,2024-10-08,False,,,,False
97408000AO0240,2025-08-18,False,,,,False
97414000CS0551,2025-08-25,True,,,,False
97412000AX0754,2024-02-05,False,,,,False
97421000AP0557,2025-07-02,True,,,,False
97415000AT0551,2025-03-04,True,,,,False
97411000IL0191,2025-02-26,False,,,,False
97417000AT1488,2024-06-17,False,,,,False
97411000CD1265,2024-07-29,True,,,,False
97418000AR2163,2024-12-30,False,,,,False
97416000CT1280,2025-09-25,False,,,,False
97409000AL2385,2024-03-22,True,,,,False
97413000AH0319,2025-11-24,True,,,,False
97418000BD0465,2024-07-03,False,,,,False
97422000CX1330,2025-09-30,False,,,,False
97415000EX0238,2024-12-10,False,,,,False
97415000CP1066,2024-04-16,False,,,,False
97409000AP1830,2024-03-20,True,,,,False
97415000HO1127,2025-08-21,False,,,,False
97414000EN4072,2025-07-15,False,,,,False
97416000EH1096,2024-08-19,True,,,,False
97410000AM0061,2024-06-14,False,,,,False
97407000AO1252,2024-10-31,True,,,,False
97414000EN3935,2024-12-30,True,,,,False
97418000AO1691,2024-10-02,True,,,,False
97415000DK0779,2024-07-09,True,,,,False
97422000BI1058,2025-07-07,True,,,,False
97401000AD1073,2024-07-29,False,,,,False
97422000BK1674,2025-09-30,False,,,,False
97416000EP0448,2024-06-20,True,,,,False
97412000CV0551,2024-06-28,False,,,,False
97412000BW2392,2025-09-05,False,,,,False
97405000BI1278,2025-07-03,False,,,,False
97415000EL0523,2025-06-04,True,,,,False
97416000HX1006,2025-09-26,True,,,,False
97422000CH0778,2025-12-16,False,,,,False
97416000HP0818,2024-01-25,True,,,,False
97411000DT0302,2024-05-15,True,,,,False
97410000BD0185,2025-09-30,False,,,,False
97415000AB0722,2024-12-11,True,,,,False
97409000AL1131,2025-06-19,False,,,,False
97413000CY1061,2024-07-16,False,,,,False
97415000HI0326,2025-03-06,False,,,,False
97401000AM1242,2025-08-13,True,,,,False
97410000AC0161,2024-10-10,True,,,,False
97413000DG1080,2025-06-26,False,,,,False
97414000CD0129,2024-05-22,True,,,2026-08-26 16:02:43.779524+00:00,False
97401000AO0030,2025-03-12,True,,,,False
97415000CM1469,2024-02-09,True,,,,False
97411000CD1216,2024-09-19,True,,,,False
97422000EI0102,2025-03-10,True,,,,False
97414000EN2604,2024-03-12,True,,,,False
97413000CS0734,2025-10-07,False,,,,False
97401000AR1724,2025-06-10,True,,,,False
97412000CE2757,2025-06-19,False,,,,False
97413000DD1349,2024-10-30,False,,,,False
97415000DK1163,2024-12-17,True,,,,False
97412000BX0843,2024-04-19,False,,,,False
97412000CR0074,2025-10-10,False,,,,False
97405000AR1646,2025-06-05,True,,,,False
97409000BE1583,2024-06-20,True,,,,False
97414000HA0085,2024-09-16,False,,,,False
97411000IT0590,2025-11-20,True,,,,False
97415000HL0040,2024-03-29,True,,,,False
97412000AZ0110,2025-05-27,True,,,,False
97407000BI0383,2025-04-16,True,,,,False
97410000BK0246,2025-06-19,True,,,,False
97411000DS0865,2025-04-28,False,,,,False
97415000ET1726,2024-10-15,False,,,,False
97411000HP0396,2025-04-18,True,,,,False
97409000AV0116,2024-07-25,False,,,,False
97411000AC0104,2025-11-03,False,,,,False
97408000AS0588,2024-01-18,False,,,,False
97420000BD0995,2025-09-24,False,,,,False
97414000CW0609,2025-04-17,True,,,,False
97422000BP1975,2025-04-08,True,,,,False
97419000AE0188,2025-12-15,True,,,,False
97411000DK0048,2025-04-09,False,,,,False
97415000ET1412,2025-08-27,False,,,,False
97410000AW0358,2025-08-22,True,,,,False
97410000AL0144,2025-12-16,True,,,,False
97409000BE1597,2024-06-20,True,,,,False
97416000HL0014,2025-06-03,True,,,,False
97412000CX0341,2025-09-16,False,,,,False
97418000BH0148,2024-04-30,False,,,,False
97413000CC0383,2025-11-03,False,,,,False
97415000AS1105,2025-05-19,False,,,,False
97414000DV0399,2024-03-29,False,,,,False
97413000DD0143,2024-08-09,True,,,,False
97402000AH1192,2024-01-23,False,,,,False
97407000AL1582,2024-03-07,False,,,,False
97422000EH0126,2025-09-08,True,,,,False
97416000CY0887,2024-10-01,False,,,,False
97418000AD0679,2025-10-16,True,,,,False
97418000AV1179,2025-07-30,False,,,,False
97415000AZ1883,2025-06-30,False,,,,False
97409000AX1097,2025-12-30,False,,,,False
97411000DT0252,2024-08-06,False,,,,False
97417000AO0546,2024-08-08,False,,,,False
97409000AP0821,2025-08-18,False,,,,False
97405000AW1215,2025-08-28,True,,,,False
97403000AP1555,2025-08-28,False,,,,False
97407000AT0106,2024-10-10,False,,,,False
97413000CW0234,2024-05-02,True,,,,False
97424000AM0646,2025-10-15,True,,,,False
97410000CD0950,2024-12-05,True,,,,False
97411000CM0374,2024-07-08,True,,,,False
97409000BE0446,2024-11-27,False,,,,False
97416000CW2951,2025-07-02,False,,,,False
97422000BH0786,2025-10-15,True,,,,False
97415000AX0487,2024-02-06,True,,,,False
97412000BR0301,2025-02-05,True,,,,False
97412000BX1930,2025-10-09,True,,,,False
97413000DK0348,2025-02-18,False,,,,False
97416000EV0636,2025-08-29,True,,,,False
97407000AH1228,2025-10-31,False,,,,False
97416000HY0830,2025-03-17,True,,,,False
97424000AM0644,2025-10-15,True,,,,False
97403000AT0329,2024-03-15,False,,,,False
97401000AL0719,2025-12-10,False,,,,False
97406000AM0713,2024-01-25,False,,,,False
97422000BW0219,2024-11-26,False,,,,False
97414000CO0615,2025-07-04,False,,,,False
97422000CZ0120,2024-04-25,True,,,,False
97416000ES2085,2024-12-24,False,,,,False
97414000EN3769,2024-04-23,False,,,,False
97415000HO0705,2025-02-11,False,,,,False
97404000AZ0015,2025-10-27,False,,,,False
97416000HL0036,2024-10-07,False,,,,False
97414000CM0213,2024-12-30,True,,,,False
97407000AE0468,2025-06-30,True,,,,False
97424000AC0323,2024-05-29,False,,,,False
97416000HP0799,2024-01-25,True,,,,False
97424000AI0812,2024-12-17,False,,,,False
97411000CH0710,2025-10-24,False,,,,False
97408000AP1664,2025-09-11,True,,,,False
97414000EV0079,2025-12-15,False,,,,False
97410000AB0763,2024-02-26,False,,,,False
97416000CX1429,2025-03-18,False,,,,False
97416000CS0649,2025-03-26,True,,,,False
97415000EY2107,2025-09-09,False,,,,False
97422000AY1482,2024-07-04,True,,,,False
97411000AN0689,2024-04-09,False,,,,False
97424000AI2184,2024-12-13,True,,,,False
97414000EM0391,2024-12-05,False,,,,False
97419000AC0212,2025-05-27,False,,,,False
97422000BV2040,2025-10-02,True,,,,False
97421000AD0037,2025-11-27,False,,,,False
97420000BH1121,2024-07-12,True,,,,False
97412000AL0223,2025-06-27,True,,,,False
97412000CT0744,2024-06-25,True,,,,False
97422000ED0272,2025-08-22,True,,,,False
97410000AW1053,2025-08-22,True,,,,False
97409000AY1512,2025-03-17,True,,,,False
97418000AT1785,2024-07-18,False,,,,False
97406000AV1320,2025-07-23,True,,,,False
97415000BZ0756,2024-10-15,True,,,,False
97412000AH1298,2024-09-27,False,,,,False
97414000CP0735,2025-03-31,True,,,,False
97411000EP0002,2024-12-05,False,,,,False
97413000DE2118,2025-06-18,True,,,,False
97418000BN0032,2025-02-06,True,,,,False
97414000EK0495,2024-12-30,False,,,,False
97420000BE0968,2025-05-07,True,,,,False
97424000AP0118,2025-04-29,False,,,,False
97416000DE1059,2025-12-31,False,,,,False
97413000CQ0638,2025-09-16,False,,,,False
97413000CX2192,2025-08-18,True,,,,False
97417000AT0494,2024-09-04,True,,,,False
97415000EV0800,2024-02-08,True,,,,False
97415000EH0519,2024-01-31,True,,,,False
97424000AE1320,2025-01-16,False,,,,False
97410000BE0560,2024-02-16,True,,,,False
97409000AB0435,2024-06-13,False,,,,False
97412000AT0488,2025-05-09,False,,,,False
97416000EK0606,2024-04-19,False,,,,False
97405000BE1778,2025-11-27,True,,,,False
97416000HO0811,2025-10-01,False,,,,False
97416000CW2886,2024-12-27,False,,,,False
97422000BP0762,2025-01-14,False,,,,False
97402000AK2164,2025-04-04,True,,,,False
97415000CT1881,2024-07-18,False,,,,False
97422000BP1976,2025-04-08,True,,,,False
97414000HI1497,2024-11-27,True,,,,False
97408000BO0248,2025-09-15,False,,,,False
97412000BK0712,2025-05-22,False,,,,False
97404000AM1104,2024-04-24,True,,,,False
97411000AV0139,2025-07-11,True,,,,False
97422000BI1097,2025-11-27,True,,,,False
97413000CX2551,2025-09-22,True,,,,False
97409000AK0716,2025-06-12,False,,,,False
97415000CM2365,2024-11-02,True,,,,False
97412000AZ0864,2024-04-29,False,,,,False
97415000CW0947,2024-02-21,False,,,,False
97415000HK0086,2025-09-11,False,,,,False
97416000HN1323,2025-09-16,True,,,,False
97421000AL0457,2024-12-18,True,,,,False
97415000AX0452,2024-10-14,False,,,,False
97412000CD0941,2025-02-12,True,,,,False
97415000BP0431,2025-08-29,False,,,,False
97411000HE0345,2025-07-22,False,,,,False
97412000CS0449,2024-11-12,True,,,,False
97422000CI0958,2025-02-19,False,,,,False
97411000IZ0165,2024-05-23,False,,,,False
97422000CI0598,2025-09-22,True,,,,False
97416000CS1251,2024-04-16,True,,,,False
97416000IL0577,2025-08-29,False,,,,False
97408000AB0269,2024-09-24,True,,,,False
97408000AP1655,2025-09-11,True,,,,False
97416000EI1105,2025-07-24,True,,,,False
97415000BV1047,2024-01-23,True,,,,False
97415000BH0238,2025-10-14,True,,,,False
97416000CV1895,2024-07-10,True,,,,False
97409000BD0587,2025-08-27,True,,,,False
97411000EH0134,2024-11-29,True,,,,False
97415000CO0544,2025-07-01,True,,,,False
97408000BO0631,2025-12-23,False,,,,False
97411000HC0015,2024-04-11,False,,,,False
97401000AL0685,2025-02-13,False,,,,False
97416000ET0336,2025-12-03,False,,,,False
97415000CH1635,2024-01-31,False,,,,False
97414000DN0181,2025-02-27,False,,,,False
97415000BZ1077,2024-04-09,False,,,,False
97415000DS0101,2024-11-19,True,,,,False
97411000HP0257,2024-05-30,False,,,,False
97409000AE0161,2024-11-06,False,,,,False
97422000AR0023,2024-12-12,True,,,,False
97410000AT1066,2024-08-13,False,,,,False
97413000BD0045,2024-09-09,True,,,,False
97411000EO0193,2024-02-02,False,,,,False
97405000AI0220,2025-06-02,False,,,,False
97422000BN1404,2024-01-24,False,,,,False
97418000AT2395,2025-11-17,False,,,,False
97416000DZ0355,2024-09-09,False,,,,False
97422000BT1428,2024-04-24,True,,,,False
97416000HZ0426,2025-05-30,False,,,,False
97422000AY1531,2025-07-28,False,,,,False
97415000CR1263,2024-06-20,False,,,,False
97401000AO1113,2024-12-24,False,,,,False
97422000AK0773,2024-12-27,True,,,,False
97415000CY1185,2024-08-30,False,,,,False
97411000HW0294,2025-11-27,True,,,,False
97413000CY1541,2024-10-30,False,,,,False
97410000BX1860,2024-05-07,False,,,,False
97416000EW1288,2025-08-28,True,,,,False
97416000EN0129,2025-05-14,False,,,,False
97409000BM1108,2024-08-30,False,,,,False
97412000BO0497,2024-10-29,True,,,,False
97415000BZ0668,2025-04-02,True,,,,False
97411000AM0226,2024-03-29,False,,,,False
97411000IC0140,2025-01-16,False,,,,False
97415000AZ2012,2025-07-31,False,,,,False
97422000AY1035,2025-07-04,True,,,,False
97416000HR0213,2024-08-26,False,,,,False
97414000EV0786,2025-07-10,True,,,,False
97416000CS1639,2024-04-16,True,,,,False
97409000BL0204,2024-10-08,True,,,,False
97412000AZ0957,2024-10-14,False,,,,False
97415000CY0878,2024-02-02,False,,,,False
97423000AC0397,2024-01-14,True,,,,False
97416000EX1903,2024-12-10,True,,,,False
97410000AH1295,2025-10-15,True,,,,False
97422000BT0720,2025-09-29,False,,,,False
97415000DR0493,2024-02-02,True,,,,False
97415000CT1095,2024-06-14,True,,,,False
97422000CE0005,2025-09-29,False,,,,False
97414000CO1281,2024-08-13,True,,,,False
97422000AK1064,2025-08-13,False,,,,False
97410000AN0702,2025-04-30,True,,,,False
97422000CR0712,2024-04-10,False,,,,False
97406000AW0386,2024-02-19,False,,,,False
97411000AL0047,2025-11-06,False,,,,False
97406000AM0964,2024-08-14,False,,,,False
97412000AV1084,2024-12-24,False,,,,False
97411000KE0390,2024-06-19,True,,,,False
97410000AR0663,2024-11-29,True,,,,False
97418000AT1675,2024-12-23,True,,,,False
97415000CO0366,2025-07-01,True,,,,False
97416000CX0708,2024-06-27,False,,,,False
97415000DR0606,2024-07-22,False,,,,False
97411000DE0378,2024-12-10,False,,,,False
97415000DI0711,2025-07-11,True,,,,False
97416000ET2148,2025-04-22,True,,,,False
97420000AO0596,2025-09-09,True,,,,False
97415000ER1728,2024-02-05,False,,,,False
97414000HC0375,2024-08-28,False,,,,False
97415000DE0854,2024-12-31,False,,,,False
97418000AC0156,2025-10-16,True,,,,False
97415000AW0865,2025-12-09,False,,,,False
97405000AD0697,2024-07-15,True,,,,False
97412000BN0862,2025-04-07,True,,,,False
97422000DE0615,2024-02-29,False,,,,False
97413000AC0744,2024-01-23,True,,,,False
97416000DT0804,2024-03-06,False,,,,False
97421000BD0291,2025-12-11,True,,,,False
97411000BE0576,2025-11-04,True,,,,False
97411000CY0984,2024-10-09,True,,,,False
97412000AN0429,2025-12-30,False,,,,False
97423000AK2031,2025-09-09,True,,,,False
97412000BX1869,2024-05-13,False,,,,False
97410000AN0861,2025-11-28,True,,,,False
97410000AR0798,2025-01-30,False,,,,False
97412000BP0129,2025-10-31,False,,,,False
97416000HZ1050,2025-11-12,False,,,,False
97404000AH0962,2024-10-25,False,,,,False
97416000CZ1814,2024-10-01,True,,,,False
97415000CO0342,2025-07-01,True,,,,False
97415000AW2366,2025-02-24,True,,,,False
97422000BH0492,2025-03-17,False,,,,False
97416000ET2054,2024-02-02,True,,,,False
97415000DM1478,2024-06-11,False,,,,False
97416000CV1052,2024-02-08,True,,,,False
97411000HN0443,2025-09-03,True,,,,False
97412000BY1089,2024-09-23,False,,,,False
97416000ET1482,2024-01-31,False,,,,False
97408000AM0835,2024-06-21,False,,,,False
97412000BC0788,2025-05-30,False,,,,False
97422000BL1531,2025-12-08,False,,,,False
97411000DK0459,2024-12-02,True,,,,False
97416000CW1501,2025-12-11,False,,,,False
97415000ET1712,2024-05-28,False,,,,False
97412000BY1465,2024-06-15,True,,,,False
97418000AW0291,2024-06-27,True,,,,False
97419000AO0042,2025-10-16,True,,,,False
97414000CI0556,2024-01-09,True,,,,False
97401000AR1203,2025-08-22,True,,,,False
97414000ES1050,2024-09-05,False,,,,False
97411000HO0775,2025-05-06,False,,,,False
97420000BH2178,2025-02-26,False,,,,False
97401000AM1228,2025-08-13,True,,,,False
97415000CO0370,2025-07-01,True,,,,False
97411000KE0391,2024-02-15,True,,,,False
97408000BO0162,2025-12-11,True,,,,False
97420000AO0597,2025-09-09,True,,,,False
97408000AC3756,2025-07-10,True,,,,False
97412000AM2063,2024-11-29,True,,,,False
97401000AO0264,2024-10-15,True,,,,False
97411000AD0161,2025-03-26,False,,,,False
97416000DS0971,2024-05-23,True,,,,False
97408000AC1613,2025-11-24,False,,,,False
97408000AO1903,2025-02-21,True,,,,False
97420000BE0969,2024-08-23,True,,,,False
97410000AV0672,2025-10-14,True,,,,False
97411000DS0651,2025-07-11,False,,,,False
97413000CY1476,2024-12-23,True,,,,False
97416000DV0260,2024-09-16,False,,,,False
97418000AD0003,2025-10-16,True,,,,False
97416000HS0743,2025-01-10,False,,,,False
97414000DK0367,2024-10-28,False,,,,False
97404000AV0221,2025-04-25,True,,,,False
97419000AO0220,2024-12-04,False,,,,False
97408000AT1538,2025-03-03,False,,,,False
97411000BZ0925,2025-04-08,False,,,,False
97411000AE0243,2024-02-05,False,,,,False
97416000DL0173,2024-05-31,True,,,,False
97412000AM2048,2024-03-11,True,,,,False
97414000DH0323,2024-04-11,True,,,,False
97415000CD0122,2024-12-19,True,,,,False
97412000BY0587,2025-03-31,False,,,,False
97408000AV1048,2025-09-26,True,,,,False
97412000BW1803,2025-09-12,True,,,,False
97415000CM2125,2024-07-22,False,,,,False
97416000CS1267,2024-02-29,True,,,,False
97414000CH1947,2025-02-27,False,,,,False
97404000AC1326,2025-06-30,True,,,,False
97404000AV0223,2025-04-25,True,,,,False
97408000AO1906,2025-02-21,True,,,,False
97409000AK0926,2025-06-24,False,,,,False
97411000BZ1659,2024-11-18,True,,,,False
97415000CZ0622,2024-02-02,False,,,,False
97411000AN0362,2025-06-11,False,,,,False
97409000AK0679,2025-10-09,False,,,,False
97407000BC0504,2024-12-03,False,,,,False
97415000ET1730,2025-05-16,False,,,,False
97411000IL0610,2025-05-16,False,,,,False
97422000BP0234,2024-04-04,False,,,,False
97418000AT0942,2025-12-15,True,,,,False
97410000CD0833,2025-04-30,False,,,,False
97416000HI0379,2025-12-12,True,,,,False
97401000AT0590,2024-02-12,True,,,,False
97423000AI0844,2024-03-08,False,,,,False
97418000BH1006,2024-08-16,False,,,,False
97410000AN0892,2025-12-15,True,,,,False
97415000EY1880,2024-04-05,False,,,,False
97415000CH0535,2025-12-22,False,,,,False
97412000BW0930,2024-04-24,True,,,,False
97412000AN0017,2024-09-20,True,,,,False
97422000BY0860,2025-12-19,False,,,,False
97414000EN3312,2025-09-11,False,,,,False
97416000HY1793,2025-10-14,True,,,,False
97420000AS0755,2024-03-22,False,,,,False
97403000AS2026,2024-07-25,True,,,,False
97415000BN0281,2024-10-22,False,,,,False
97405000AR1836,2025-04-30,False,,,,False
97408000AT1379,2025-07-18,True,,,,False
97409000AX1095,2024-11-12,False,,,,False
97416000HM0065,2024-02-27,True,,,,False
97415000DK0001,2025-09-30,False,,,,False
97416000EY1395,2025-08-08,False,,,,False
97411000BZ0747,2024-08-22,False,,,,False
97407000AX0206,2025-09-12,False,,,,False
97411000HV0207,2024-06-27,False,,,,False
97410000BM1331,2024-07-31,False,,,,False
97405000AP0094,2024-06-28,True,,,,False
97415000AB0599,2025-07-29,True,,,,False
97406000AT0441,2025-05-07,False,,,,False
97415000BO0944,2024-07-09,True,,,,False
97411000CX1846,2025-10-09,True,,,,False
97402000AB0638,2025-08-18,False,,,,False
97424000AN0040,2025-06-03,False,,,,False
97409000AL1954,2024-12-26,True,,,,False
97411000AS0095,2025-09-25,False,,,,False
97420000AD0486,2025-11-05,True,,,,False
97422000BX0881,2025-12-05,True,,,,False
97416000CS1391,2025-02-04,True,,,,False
97411000AD0205,2025-12-02,False,,,,False
97422000DE0543,2024-06-14,True,,,,False
97415000BO0298,2025-02-20,False,,,,False
97410000BE1029,2024-06-26,False,,,,False
97405000AD0400,2025-12-22,False,,,,False
97406000AV1167,2025-08-07,False,,,,False
97417000AO0261,2025-12-24,False,,,,False
97420000BC1422,2025-05-28,True,,,,False
97412000BT0732,2025-11-25,True,,,,False
97422000AH0113,2024-07-25,False,,,,False
97405000AL1671,2025-11-24,True,,,,False
97412000AO0471,2025-01-31,False,,,,False
97422000BD0510,2024-05-22,False,,,,False
97411000EI0235,2024-06-20,True,,,,False
97415000AW2442,2025-12-01,True,,,,False
97416000IB0441,2024-10-07,False,,,,False
97415000AZ1552,2024-06-14,True,,,,False
97404000AL1769,2024-03-04,True,,,,False
97411000EX0030,2024-09-12,False,,,,False
97411000AK0128,2024-02-29,True,,,,False
97412000CE2830,2025-10-13,True,,,,False
97410000AE0373,2025-03-28,True,,,,False
97422000DK0354,2025-04-18,False,,,,False
97411000CM0558,2025-07-11,True,,,,False
97415000BP0923,2024-12-05,False,,,,False
97402000AK1865,2025-07-07,True,,,,False
97409000AK1203,2025-12-26,False,,,,False
97411000HN0244,2024-03-06,False,,,,False
97416000CV2367,2025-04-25,True,,,,False
97418000AW0092,2025-09-24,False,,,,False
97413000CC0912,2024-12-19,False,,,,False
97422000AY1230,2024-11-21,True,,,,False
97405000AY0594,2025-10-10,False,,,,False
97416000EP1013,2025-03-19,True,,,,False
97411000IR0078,2024-11-15,True,,,,False
97422000BO1718,2025-04-22,False,,,,False
97408000AP1594,2025-03-17,True,,,,False
97409000AV1277,2025-11-13,False,,,,False
97413000CW0147,2024-05-02,True,,,,False
97411000IR0608,2025-07-17,True,,,,False
97415000EW1476,2025-07-30,True,,,,False
97423000AH0459,2024-10-21,False,,,,False
97424000AM0192,2024-09-09,False,,,,False
97413000DM0363,2025-11-20,False,,,,False
97415000CY0602,2024-05-31,False,,,,False
97416000CT0964,2025-07-09,True,,,,False
97413000CH0117,2025-08-22,True,,,,False
97422000AX1575,2025-06-13,False,,,,False
97416000CV2356,2025-04-25,True,,,,False
97417000AT1307,2024-10-22,False,,,,False
97422000CH0383,2024-12-12,False,,,,False
97403000AO0592,2025-10-29,True,,,,False
97409000AL1970,2024-12-26,True,,,,False
97411000BZ0443,2025-07-09,False,,,,False
97422000DH0461,2025-10-06,False,,,,False
97410000AV0502,2024-12-27,False,,,,False
97409000AM0388,2024-11-20,False,,,,False
97407000AS1154,2024-01-30,False,,,,False
97415000ET1710,2024-09-23,False,,,,False
97411000HD0207,2024-04-11,False,,,,False
97416000CW2375,2024-08-30,False,,,,False
97422000BX0420,2024-12-16,False,,,,False
97423000AH1837,2025-03-26,False,,,,False
97404000AI0373,2024-08-19,False,,,,False
97409000AY1284,2025-12-09,False,,,,False
97414000CY0444,2024-07-15,True,,,,False
97418000BT0641,2025-01-17,False,,,,False
97422000AK0422,2025-07-29,False,,,,False
97410000BY0875,2025-02-25,False,,,,False
97422000BV1292,2025-02-07,False,,,,False
97409000AS1087,2025-05-22,True,,,,False
97416000DZ0745,2024-03-28,False,,,,False
97412000BL0166,2024-04-24,False,,,,False
97415000DM1342,2024-07-09,True,,,,False
97418000AC0580,2024-07-19,False,,,,False
97422000BP2011,2025-04-08,True,,,,False
97414000CW0582,2024-02-27,True,,,,False
97411000DZ0242,2025-04-28,True,,,,False
97406000AE0113,2025-01-31,True,,,,False
97404000AS0364,2025-03-04,False,,,,False
97418000BP0400,2025-08-12,False,,,,False
97409000AR0402,2024-12-05,False,,,,False
97415000HK0065,2024-10-04,False,,,,False
97408000AP1625,2025-09-11,True,,,,False
97407000BA0383,2025-06-23,False,,,,False
97415000CP1829,2025-09-10,False,,,,False
97412000CX0989,2025-04-29,False,,,,False
97418000AT0962,2024-08-06,True,,,,False
97422000BT0451,2024-09-05,True,,,,False
97412000CZ0541,2024-03-15,False,,,,False
97415000AY1620,2024-08-06,False,,,,False
97415000BH0266,2025-10-14,True,,,,False
97412000BX1338,2025-07-10,False,,,,False
97422000BP1951,2025-04-08,True,,,,False
97415000ER1744,2024-12-13,True,,,,False
97414000EK0583,2025-07-25,False,,,,False
97413000AV2318,2025-10-14,True,,,,False
97416000ES2200,2024-12-31,False,,,,False
97404000AW0395,2024-06-13,True,,,,False
97414000ET1520,2024-05-17,False,,,,False
97405000AN0280,2024-11-12,True,,,,False
97406000AL0168,2024-11-18,True,,,,False
97415000AS1938,2025-04-29,False,,,,False
97405000BE1722,2024-11-22,True,,,,False
97409000BE2180,2025-10-07,True,,,,False
97413000CI0127,2024-07-09,False,,,,False
97414000DV0596,2024-07-29,True,,,,False
97424000AM0016,2025-01-16,False,,,,False
97410000AS0132,2025-06-23,False,,,,False
97411000HV0057,2025-12-18,False,,,,False
97415000CW1035,2024-06-18,True,,,,False
97413000DL0271,2024-10-07,False,,,,False
97416000EZ0352,2025-03-24,True,,,,False
97416000CS1555,2024-04-09,True,,,,False
97416000DT0869,2025-01-22,False,,,,False
97415000CO0472,2025-07-01,True,,,,False
97411000AD0082,2025-12-01,False,,,,False
97415000HK0403,2024-09-06,True,,,,False
97407000AK1438,2024-09-30,False,,,,False
97407000AO1666,2025-09-01,True,,,,False
97413000BM0892,2024-01-26,False,,,,False
97409000AS1889,2024-01-26,True,,,,False
97416000HY1775,2025-01-21,True,,,,False
97422000BD3687,2024-02-23,False,,,,False
97416000IK0215,2025-01-27,False,,,,False
97416000EP1040,2024-02-14,False,,,,False
97409000AH0456,2024-08-01,False,,,,False
97411000IE0062,2024-07-29,False,,,,False
97416000HN0831,2024-11-29,False,,,,False
97413000DI0065,2024-05-14,False,,,,False
97415000CO0352,2025-07-01,True,,,,False
97416000EH0909,2025-06-10,False,,,,False
97405000AD0685,2024-06-13,True,,,,False
97408000AT1056,2025-10-07,False,,,,False
97411000HX0135,2025-07-08,True,,,,False
97422000BW0218,2024-12-24,False,,,,False
97405000AC0097,2025-04-22,False,,,,False
97401000AN1168,2025-10-27,False,,,,False
97408000AP1624,2025-09-11,True,,,,False
97416000IA1894,2025-11-14,True,,,,False
97418000BS0051,2024-07-31,False,,,,False
97419000AK1132,2025-10-16,False,,,,False
97411000KE0415,2024-02-15,True,,,,False
97405000BD0288,2024-09-05,True,,,,False
97418000AT2011,2024-05-03,True,,,,False
97406000AE0840,2025-10-15,False,,,,False
97414000CY0314,2024-01-22,False,,,,False
97405000AN0452,2025-01-24,False,,,,False
97415000DE0470,2024-02-16,True,,,,False
97422000BD0773,2025-01-29,False,,,,False
97406000AV1022,2024-06-03,True,,,,False
97411000EK0061,2025-08-28,True,,,,False
97416000IK0520,2024-03-21,True,,,,False
97412000CX0976,2024-08-26,True,,,,False
97415000DM1272,2024-10-31,True,,,,False
97422000AH0110,2024-12-03,True,,,,False
97413000CH0910,2024-03-20,True,,,,False
97418000AS1380,2024-12-23,True,,,,False
97410000AE1298,2024-05-28,True,,,,False
97415000EX0254,2025-01-15,False,,,,False
97414000ER0706,2024-12-06,False,,,,False
97422000CH0776,2024-01-24,False,,,,False
97408000AC2972,2025-03-18,True,,,,False
97405000AR1778,2024-02-12,True,,,,False
97420000AE0109,2024-10-24,False,,,,False
97411000EK0277,2025-03-17,False,,,,False
97411000BC0036,2025-11-04,False,,,,False
97422000BH1620,2024-12-19,False,,,,False
97414000ET1871,2024-02-08,False,,,,False
97410000AC0153,2024-10-10,True,,,,False
97409000AL2166,2024-12-26,True,,,,False
97422000BN2325,2024-06-28,False,,,,False
97415000CT1662,2024-10-29,False,,,,False
97414000EN4112,2024-11-25,True,,,,False
97404000AD0373,2024-10-18,False,,,,False
97415000CM0705,2024-12-12,False,,,,False
97418000AT0351,2024-11-19,True,,,,False
97415000ET1595,2024-01-18,False,,,,False
97411000HI0322,2025-10-30,False,,,,False
97415000CV0267,2024-05-28,False,,,,False
97411000HS0502,2024-07-31,True,,,,False
97416000CS1611,2024-04-16,True,,,,False
97407000AE0798,2025-08-18,True,,,,False
97413000CX1755,2024-05-02,True,,,,False
97403000AL0269,2025-05-16,True,,,,False
97401000AS0525,2025-07-31,True,,,,False
97415000AW1004,2025-12-10,False,,,,False
97416000CW2953,2025-08-27,False,,,,False
97412000CV0917,2025-07-22,False,,,,False
97415000ET1125,2025-05-16,False,,,,False
97422000BM1503,2025-12-05,False,,,,False
97410000AL0466,2025-12-23,True,,,,False
97412000AM0702,2025-05-22,False,,,,False
97422000CV0213,2025-02-20,True,,,,False
97401000AM1460,2024-12-11,True,,,,False
97411000DP0311,2024-06-13,False,,,,False
97415000BI0544,2025-05-15,False,,,,False
97411000DL0774,2024-04-02,False,,,,False
97411000AD0228,2024-02-29,True,,,,False
97405000AD0732,2024-06-13,True,,,,False
97405000AR1783,2024-12-02,True,,,,False
97409000BE1436,2025-06-02,True,,,,False
97414000EN4171,2025-09-26,False,,,,False
97422000BN0646,2024-02-23,False,,,,False
97415000CT1596,2024-01-02,False,,,,False
97407000AL0617,2024-10-24,False,,,,False
97416000HY1410,2025-10-16,False,,,,False
97409000AY0197,2024-04-13,False,,,,False
97410000AE1290,2024-05-28,True,,,,False
97408000AR1351,2025-05-23,True,,,,False
97412000AO0176,2025-11-07,False,,,,False
97408000AN1299,2024-04-05,True,,,,False
97409000AL2123,2024-12-26,True,,,,False
97420000BH1666,2024-10-31,False,,,,False
97411000IL0554,2025-08-27,False,,,,False
97411000AD0067,2025-12-26,False,,,,False
97422000AS0880,2024-05-30,False,,,,False
97415000AW0071,2024-12-31,False,,,,False
97416000DN0671,2025-04-14,True,,,,False
97414000HK0376,2024-12-16,False,,,,False
97422000AK0951,2025-06-20,False,,,,False
97415000DM1331,2024-07-09,True,,,,False
97412000BT0176,2024-11-29,False,,,,False
97416000IA1490,2025-09-30,False,,,,False
97411000AK0142,2024-02-29,True,,,,False
97424000AE1190,2025-04-29,False,,,,False
97416000HP0861,2025-10-30,True,,,,False
97418000AV2892,2025-01-17,True,,,,False
97415000BZ0117,2024-04-15,True,,,,False
97415000BY0729,2025-09-30,False,,,,False
97415000EH0534,2024-11-06,False,,,,False
97418000AL0070,2024-04-29,True,,,,False
97411000HP0398,2025-04-18,True,,,,False
97415000CW0884,2025-07-01,True,,,,False
97401000AM1896,2024-08-13,True,,,,False
97418000AR2423,2025-05-27,True,,,,False
97405000BE1748,2024-05-23,True,,,,False
97413000CR0992,2024-12-12,False,,,,False
97411000AD0210,2025-04-16,False,,,,False
97416000DX0441,2024-06-19,False,,,,False
97410000AV0691,2024-12-12,True,,,,False
97412000CD1240,2025-04-18,True,,,,False
97424000AM0631,2025-10-15,True,,,,False
97409000BL0081,2024-11-14,True,,,,False
97408000AM0556,2025-05-12,True,,,,False
97413000DC1591,2025-04-30,True,,,,False
97422000BT0080,2024-12-09,False,,,,False
97411000AE0725,2025-03-10,False,,,,False
97404000AH1057,2024-01-25,False,,,,False
97414000DY0372,2024-06-13,True,,,,False
97406000AH0156,2024-12-17,False,,,,False
97416000CS1530,2024-12-13,True,,,,False
97411000BK0037,2025-11-26,False,,,,False
97412000AM1607,2025-11-28,False,,,,False
97414000CT1510,2024-07-24,False,,,,False
97422000CL0187,2025-07-08,False,,,,False
97424000AI2329,2024-04-26,True,,,,False
97415000AY1538,2025-03-26,False,,,,False
97416000EI1431,2024-02-19,True,,,,False
97405000AI1208,2025-09-29,True,,,,False
97416000EN1313,2024-02-19,True,,,,False
97415000BW2068,2024-04-08,False,,,,False
97414000EV0787,2025-07-10,True,,,,False
97415000HN0175,2024-05-07,True,,,,False
97418000AP4232,2024-08-28,False,,,,False
97411000AY0562,2025-12-17,True,,,,False
97411000EL0644,2025-02-21,False,,,,False
97405000AZ0745,2024-04-16,False,,,,False
97414000HD0242,2024-06-14,False,,,,False
97410000AN0836,2025-07-30,True,,,,False
97415000CX1320,2024-07-26,False,,,,False
97422000BL0399,2024-12-13,False,,,,False
97413000CW0235,2024-05-02,True,,,,False
97415000BP0774,2024-09-09,True,,,,False
97410000AR0980,2024-02-29,False,,,,False
97411000AL0181,2024-10-03,False,,,,False
97410000AN0711,2025-09-30,False,,,,False
97410000AN0847,2025-06-30,True,,,,False
97418000BM0332,2025-08-29,False,,,,False
97422000BH1503,2025-06-04,False,,,,False
97411000DT0303,2024-05-15,True,,,,False
97408000AS0542,2025-10-29,True,,,,False
97410000CD0934,2024-06-19,True,,,,False
97415000DR1223,2025-06-06,False,,,,False
97411000HR0060,2024-05-02,False,,,,False
97409000AM0003,2025-04-29,False,,,,False
97415000BW1092,2024-04-30,True,,,,False
97418000AS0751,2024-12-23,False,,,,False
97414000CW0353,2024-09-30,False,,,,False
97412000CT0187,2024-01-24,False,,,,False
97414000ES0822,2025-08-28,False,,,,False
97411000BH0420,2024-02-28,True,,,,False
97412000BS0200,2024-07-09,False,,,,False
97415000BZ1070,2024-04-09,False,,,,False
97414000CM0211,2025-10-29,True,,,,False
97410000CL0842,2025-04-14,True,,,,False
97416000CZ1848,2024-08-28,True,,,,False
97411000IS0671,2024-07-25,True,,,,False
97405000AV0483,2025-04-29,False,,,,False
97409000AI1202,2024-09-27,False,,,,False
97411000AN0185,2024-05-07,False,,,,False
97401000AP1246,2024-02-12,True,,,,False
97418000AV2663,2024-09-26,True,,,,False
97415000AH1087,2024-04-22,True,,,,False
97418000BV0378,2024-01-24,False,,,,False
97413000CX2187,2025-08-18,True,,,,False
97422000AP0639,2024-12-10,True,,,,False
97407000AH0349,2024-11-12,False,,,,False
97414000CV0015,2024-12-30,True,,,,False
97409000BE1911,2025-10-07,True,,,,False
97418000AT2274,2024-08-30,True,,,,False
97412000CD0500,2025-11-01,False,,,,False
97416000ET0669,2025-05-22,False,,,,False
97423000AB1811,2024-07-12,True,,,,False
97412000BN0615,2025-12-29,False,,,,False
97410000AE1183,2025-07-30,True,,,,False
97413000AH0325,2024-03-18,False,,,,False
97414000ER0723,2024-12-10,True,,,,False
97416000ET2152,2025-05-19,True,,,,False
97411000ES0223,2024-03-28,False,,,,False
97412000BR0150,2025-02-05,True,,,,False
97411000BD0861,2024-09-12,False,,,,False
97405000AN0422,2025-10-23,True,,,,False
97414000ER0780,2024-07-26,False,,,,False
97423000AE0398,2025-05-22,True,,,,False
97420000AO0655,2024-06-25,False,,,,False
97401000AR1621,2024-01-22,False,,,,False
97416000EP0710,2025-02-07,False,,,,False
97413000CY0839,2024-08-14,True,,,,False
97415000EL0387,2025-10-07,False,,,,False
97422000AY1231,2024-11-13,True,,,,False
97416000CW2896,2024-01-31,False,,,,False
97409000AL2018,2024-12-26,True,,,,False
97418000AT2000,2024-12-23,True,,,,False
97424000AE0355,2024-03-12,False,,,,False
97414000DN0074,2025-06-05,True,,,,False
97408000AP1628,2025-09-11,True,,,,False
97404000AS0081,2025-03-31,False,,,,False
97415000HM0183,2024-09-30,False,,,,False
97418000BT0817,2024-08-16,False,,,,False
97412000AX1095,2025-09-19,False,,,,False
97422000EM0448,2024-12-26,True,,,,False
97413000CE0003,2024-10-23,False,,,,False
97413000DC0547,2025-11-25,True,,,,False
97402000AK2099,2025-06-04,False,,,,False
97408000BO0367,2025-06-04,False,,,,False
97422000CN1399,2024-02-20,True,,,,False
97413000DE1131,2024-12-23,True,,,,False
97411000BK0153,2024-05-27,False,,,,False
97407000AS0301,2024-01-11,False,,,,False
97423000AC0329,2024-01-14,True,,,,False
97410000AV0645,2024-12-12,True,,,,False
97422000BH0437,2025-11-24,False,,,,False
97411000IH0156,2025-04-28,False,,,,False
97403000AP1849,2025-07-16,True,,,,False
97422000AY1479,2024-07-04,True,,,,False
97408000AN1706,2024-08-23,True,,,,False
97417000BC1122,2025-08-14,False,,,,False
97422000CM0884,2025-03-24,True,,,,False
97416000CT1234,2024-10-08,False,,,,False
97415000CO0543,2025-07-01,True,,,,False
97407000AH0805,2025-10-28,False,,,,False
97416000EW0730,2025-05-27,False,,,,False
97405000AL1593,2024-04-02,False,,,,False
97415000BO0843,2025-12-31,False,,,,False
97410000BI0622,2024-10-30,False,,,,False
97406000AW1196,2024-08-09,False,,,,False
97414000ET1886,2025-01-06,False,,,,False
97422000BS0721,2024-07-18,True,,,,False
97411000CM0557,2025-07-11,True,,,,False
97418000BN0233,2025-02-06,True,,,,False
97412000BL0235,2025-07-10,True,,,,False
97414000HH0516,2025-10-31,True,,,,False
97415000CT1923,2024-06-28,False,,,,False
97410000AY0379,2024-11-26,False,,,,False
97411000BZ1708,2024-12-23,True,,,,False
97423000AK0359,2025-02-26,True,,,,False
97416000CV1657,2025-02-19,True,,,,False
97411000EI0111,2024-06-28,False,,,,False
97405000AH0185,2025-08-28,True,,,,False
97422000BI0752,2024-08-21,False,,,,False
97415000BH0064,2025-09-23,False,,,,False
97414000EV0788,2025-07-10,True,,,,False
97415000AY1680,2025-04-18,True,,,,False
97419000AI0824,2025-10-16,True,,,,False
97416000CT1289,2025-09-11,False,,,,False
97410000AR1539,2024-04-23,True,,,,False
97416000CW2918,2025-02-18,False,,,,False
97416000EP0558,2025-11-04,True,,,,False
97416000CT0956,2025-07-09,True,,,,False
97404000AT0877,2025-01-15,True,,,,False
97413000AV1072,2025-11-26,True,,,,False
97422000BX1137,2025-02-11,False,,,,False
97422000BH2080,2024-02-15,False,,,,False
97415000CV1296,2024-01-08,True,,,,False
97413000BD0266,2024-01-11,True,,,,False
97411000HE0017,2025-12-15,False,,,,False
97415000DM1459,2024-12-10,True,,,,False
97414000EV0790,2025-07-10,True,,,,False
97413000CK0067,2025-12-19,True,,,,False
97409000AK1017,2024-10-03,False,,,,False
97416000ET1126,2025-02-18,False,,,,False
97408000AM0654,2025-06-10,True,,,,False
97413000CI0726,2024-08-21,False,,,,False
97422000CX0175,2025-05-28,False,,,,False
97420000BC1878,2024-07-29,False,,,,False
97403000AN0259,2025-12-19,True,,,,False
97411000BP0643,2024-01-25,False,,,,False
97420000AL0371,2024-09-09,True,,,,False
97422000BP1950,2025-04-08,True,,,,False
97418000BH1024,2024-06-13,False,,,,False
97406000AL0680,2024-11-05,True,,,,False
97410000AC0688,2025-07-30,True,,,,False
97414000ET1729,2025-06-30,False,,,,False
97410000AL0430,2025-12-23,True,,,,False
97407000AK1917,2025-02-10,False,,,,False
97403000AO0799,2024-11-27,False,,,,False
97411000IC0105,2025-05-22,False,,,,False
97406000AV1319,2024-10-29,True,,,,False
97418000AT2324,2024-07-29,True,,,,False
97414000EL2515,2024-09-05,True,,,,False
97410000AN0808,2024-01-31,True,,,,False
97409000AE0102,2024-10-31,False,,,,False
97401000AN0154,2024-11-07,True,,,,False
97411000BN0415,2024-02-12,False,,,,False
97415000BO0713,2025-06-17,True,,,,False
97416000IE1234,2024-05-07,False,,,,False
97420000BH2071,2024-12-05,True,,,,False
97411000AV0198,2024-10-09,False,,,,False
97418000BK0103,2024-01-24,False,,,,False
97407000AS0335,2025-08-18,False,,,,False
97416000HS0389,2024-10-14,True,,,,False
97422000BK2504,2024-10-25,False,,,,False
97401000AR1597,2024-01-22,False,,,,False
97422000BH0550,2024-04-02,True,,,,False
97422000BZ0251,2025-10-29,False,,,,False
97408000AP1669,2025-09-11,True,,,,False
97405000AH0241,2024-09-09,True,,,,False
97413000CM0118,2025-09-12,False,,,,False
97411000AM0079,2024-12-16,True,,,,False
97416000DS0393,2024-08-08,True,,,,False
97414000HI1046,2025-06-16,True,,,,False
97405000AW1700,2025-09-19,True,,,,False
97415000HI0478,2024-05-30,False,,,,False
97416000DT0786,2024-05-21,False,,,,False
97415000CS0822,2024-08-30,False,,,,False
97411000IK0243,2025-05-27,True,,,,False
97411000AS0055,2024-03-20,True,,,,False
97405000AL1281,2024-11-07,True,,,,False
97415000CS0710,2025-07-24,False,,,,False
97415000AY1651,2024-05-03,True,,,,False
97422000BD2827,2024-10-24,True,,,,False
97404000AR0488,2025-08-22,True,,,,False
97416000EV1593,2024-07-11,True,,,,False
97419000AL0400,2025-07-15,True,,,,False
97422000AX1277,2025-05-20,False,,,,False
97414000EN4154,2025-12-29,True,,,,False
97418000AX0535,2025-10-13,True,,,,False
97410000AX1021,2024-04-12,True,,,,False
97408000AC0736,2024-04-10,False,,,,False
97404000AW0473,2025-09-23,False,,,,False
97408000AW0805,2024-04-30,False,,,,False
97409000AX1104,2024-06-20,False,,,,False
97415000BI0528,2024-08-08,False,,,,False
97412000BY0923,2024-05-28,True,,,,False
97415000EY0777,2024-04-29,True,,,,False
97414000EO1491,2025-05-12,False,,,,False
97405000AN0626,2024-06-04,True,,,,False
97416000EI0945,2025-11-07,False,,,,False
97420000BD1209,2025-03-11,False,,,,False
97416000HI1091,2025-07-29,False,,,,False
97411000DE0377,2024-09-27,False,,,,False
97418000AT1838,2025-01-17,False,,,,False
97415000HK0463,2025-07-01,False,,,,False
97411000AB0794,2025-06-27,False,,,,False
97414000DH1444,2025-09-29,True,,,,False
97417000AO0382,2024-12-16,True,,,,False
97408000AR0650,2025-10-29,False,,,,False
97422000CL1142,2025-04-04,False,,,,False
97416000CD0553,2025-04-23,True,,,,False
97407000BI0447,2024-10-31,False,,,,False
97409000BP0309,2025-03-07,False,,,,False
97415000AH1229,2025-01-22,False,,,,False
97409000AS1768,2024-06-19,False,,,,False
97413000CU0526,2025-05-15,False,,,,False
97415000BZ1080,2024-04-09,False,,,,False
97404000AR0360,2024-12-27,False,,,,False
97409000AZ1094,2025-03-28,True,,,,False
97419000AE0229,2025-12-15,True,,,,False
97411000CH0652,2025-07-10,True,,,,False
97408000AN1376,2025-12-22,True,,,,False
97422000BM0600,2024-08-13,False,,,,False
97411000HX0129,2025-07-08,True,,,,False
97424000AB0029,2025-01-15,False,,,,False
97407000BC0582,2025-04-29,False,,,,False
97416000CR0543,2025-07-15,False,,,,False
97415000BI0631,2025-11-20,False,,,,False
97422000AE0807,2024-04-30,True,,,,False
97415000DM1339,2024-01-23,True,,,,False
97403000AS1476,2025-01-06,True,,,,False
97415000BW2133,2025-09-10,True,,,,False
97411000DL0114,2025-07-11,False,,,,False
97416000EM0776,2024-05-17,True,,,,False
97408000AW1123,2024-07-23,False,,,,False
97401000AM0128,2025-10-21,True,,,,False
97407000BL0076,2024-08-29,False,,,,False
97404000AT0876,2025-01-15,True,,,,False
97420000BI0501,2025-03-19,True,,,,False
97416000IM0523,2025-06-24,True,,,,False
97410000AS1424,2025-03-31,False,,,,False
97411000EP0292,2024-12-16,True,,,,False
97414000EV0748,2024-08-30,True,,,,False
97415000AZ1550,2024-06-14,True,,,,False
97411000DM0023,2024-11-26,True,,,,False
97413000AV2160,2024-04-03,False,,,,False
97411000CM0540,2025-12-17,False,,,,False
97413000DK0474,2024-07-11,True,,,,False
97410000AS1393,2024-11-29,True,,,,False
97411000EX0024,2025-08-06,False,,,,False
97422000CH0787,2024-06-26,False,,,,False
97410000BT0064,2024-01-31,True,,,,False
97415000AX0641,2024-02-06,True,,,,False
97423000AH1767,2025-04-17,True,,,,False
97414000EK0441,2025-04-30,False,,,,False
97411000BH0928,2024-04-30,False,,,,False
97411000AW0121,2024-09-05,False,,,,False
97415000AV0435,2024-12-06,True,,,,False
97411000BD1017,2024-03-22,False,,,,False
97409000AR2710,2025-11-21,False,,,,False
97415000EO1088,2024-04-05,True,,,,False
97416000EL0507,2025-06-20,False,,,,False
97415000EW2030,2025-07-28,False,,,,False
97417000BC0150,2024-12-17,True,,,,False
97412000AT0319,2025-09-25,False,,,,False
97406000AI0709,2025-07-23,True,,,,False
97413000CX2649,2025-09-22,True,,,,False
97416000EL0297,2025-12-15,False,,,,False
97412000BE0014,2025-12-23,False,,,,False
97422000BN0277,2025-11-06,False,,,,False
97412000AL0491,2024-08-29,True,,,,False
97415000BX0197,2024-06-25,True,,,,False
97422000AK0734,2024-10-31,False,,,,False
97414000CL0577,2025-12-16,True,,,,False
97413000CV0128,2025-02-27,False,,,,False
97406000AE0783,2025-01-28,False,,,,False
97415000AS0635,2025-07-10,False,,,,False
97415000CO0505,2025-07-01,True,,,,False
97416000EK0605,2024-01-31,False,,,,False
97403000AT0357,2025-05-05,False,,,,False
97415000AV0662,2025-03-14,True,,,,False
97410000AH1288,2024-03-22,True,,,,False
97415000AB0781,2025-08-25,True,,,,False
97422000BK2276,2024-09-30,False,,,,False
97414000EY0219,2025-01-29,False,,,,False
97411000CH0582,2024-04-02,True,,,,False
97421000BD0179,2024-12-30,True,,,,False
97411000BP0701,2025-10-09,False,,,,False
97416000EX1754,2025-04-24,False,,,,False
97405000AE0711,2025-06-25,False,,,,False
97413000DJ0590,2024-12-18,False,,,,False
97411000HD0142,2025-10-27,False,,,,False
97420000AC1177,2025-03-12,True,,,,False
97411000AD0585,2024-03-14,False,,,,False
97405000AI0645,2025-09-17,True,,,,False
97411000HE0584,2024-10-28,True,,,,False
97420000AZ1129,2024-06-07,True,,,,False
97414000EO1195,2025-06-30,False,,,,False
97409000AY0831,2025-12-22,True,,,,False
97418000BE0191,2025-03-10,False,,,,False
97423000AE0928,2025-03-26,True,,,,False
97410000AP0098,2025-07-31,False,,,,False
97415000EO1096,2024-09-30,False,,,,False
97416000CW1554,2024-07-17,True,,,,False
97415000DE0586,2025-04-18,True,,,,False
97415000CP1764,2024-10-11,False,,,,False
97410000AY0106,2025-03-03,True,,,,False
97424000AM1011,2024-10-15,True,,,,False
97414000DN0201,2025-12-31,False,,,,False
97412000BM0622,2025-02-27,False,,,,False
97418000AS1204,2025-06-19,True,,,,False
97415000BX0200,2024-06-25,True,,,,False
97418000AC1155,2025-10-16,True,,,,False
97409000BE1972,2024-05-29,False,,,,False
97414000EN4118,2024-11-25,True,,,,False
97422000BD2615,2024-07-02,False,,,,False
97403000AP1118,2025-07-25,False,,,,False
97412000AO0395,2025-01-29,False,,,,False
97422000BN2911,2024-11-25,False,,,,False
97401000AM1492,2025-03-26,True,,,,False
97415000BW0566,2025-07-17,False,,,,False
97407000AK1887,2025-11-07,False,,,,False
97415000CY0974,2024-03-14,True,,,,False
97412000CT0739,2024-06-25,True,,,,False
97411000HS0470,2025-12-15,True,,,,False
97411000CI0035,2024-09-26,False,,,,False
97415000HO1112,2024-02-08,True,,,,False
97423000AK2029,2025-09-09,True,,,,False
97413000DE1336,2024-06-27,True,,,,False
97405000AD0736,2024-06-13,True,,,,False
97413000DK0228,2025-08-25,False,,,,False
97423000AC0360,2024-01-14,True,,,,False
97408000AC3547,2025-04-23,False,,,,False
97415000CT2978,2025-09-19,False,,,,False
97408000AR1337,2024-06-24,False,,,,False
97416000CV2377,2024-08-26,False,,,,False
97414000HK0093,2024-09-30,False,,,,False
97406000AM0989,2025-07-01,True,,,,False
97409000AI0722,2025-04-28,False,,,,False
97411000ET0293,2024-02-23,True,,,,False
97419000AE0482,2024-04-26,True,,,,False
97406000AV0598,2024-08-23,False,,,,False
97415000DP0865,2024-11-19,True,,,,False
97412000AT1098,2024-04-16,True,,,,False
97411000AK0005,2025-12-08,True,,,,False
97406000AP0428,2024-08-08,False,,,,False
97417000AI0090,2024-03-12,True,,,,False
97412000BX0468,2025-12-03,False,,,,False
97422000CV0072,2025-04-23,True,,,,False
97422000BP1997,2025-04-08,True,,,,False
97411000KA0248,2025-06-25,False,,,,False
97409000BE1631,2025-03-27,False,,,,False
97416000CW1165,2024-02-28,False,,,,False
97415000CY1194,2024-05-30,False,,,,False
97414000DM0875,2025-10-20,False,,,,False
97418000BE0102,2024-12-23,True,,,,False
97420000AC0576,2024-06-27,False,,,,False
97415000EO1090,2024-12-24,True,,,,False
97410000AH0399,2025-09-26,True,,,,False
97416000HZ0732,2024-09-25,False,,,,False
97420000AS0865,2025-03-13,False,,,,False
97415000CW0194,2025-06-13,False,,,2026-08-31 20:52:31.347910+00:00,False
97413000DE2113,2024-05-29,True,,,,False
97409000BE2227,2025-02-21,False,,,,False
97415000ET1731,2025-05-16,False,,,,False
97409000BM1325,2025-07-04,True,,,,False
97414000CO1597,2024-11-20,True,,,,False
97409000AY1514,2025-03-17,True,,,,False
97402000AB0769,2025-10-22,True,,,,False
97413000CN0741,2025-09-12,True,,,,False
97415000BC0370,2024-06-07,False,,,,False
97407000AO1494,2025-06-23,False,,,,False
97422000BH1716,2024-02-16,False,,,,False
97416000HV0555,2025-06-06,False,,,,False
97408000AP1619,2025-09-11,True,,,,False
97412000BL0765,2024-07-09,True,,,,False
97410000AO0463,2024-04-23,False,,,,False
97410000AE1181,2025-07-30,True,,,,False
97421000AV0731,2025-09-03,False,,,,False
97415000DS0426,2024-11-19,True,,,,False
97412000CW1101,2025-02-18,False,,,,False
97411000EW0046,2025-06-12,False,,,,False
97422000DL0843,2024-10-24,True,,,,False
97422000AS0108,2024-07-11,False,,,,False
97415000EW1525,2025-09-26,False,,,,False
97424000AE0356,2024-03-25,False,,,,False
97422000AK1410,2025-10-24,True,,,,False
97406000AV1019,2024-06-03,True,,,,False
97410000AN0833,2025-07-30,True,,,,False
97422000EH0050,2025-09-24,False,,,,False
97402000AH1871,2024-11-08,True,,,,False
97409000BD0751,2025-05-07,True,,,,False
97406000AI1062,2024-08-19,True,,,,False
97420000AI0875,2024-04-17,True,,,,False
97410000AO0643,2025-11-04,True,,,,False
97416000HN0907,2024-05-02,False,,,,False
97411000CL0232,2024-08-13,False,,,,False
97405000AW1144,2025-07-08,False,,,,False
97409000AL2103,2024-12-26,True,,,,False
97415000DK0857,2024-07-22,True,,,,False
97424000AM0405,2024-09-06,False,,,,False
97416000HO1141,2025-08-27,True,,,,False
97408000AN1228,2025-12-19,False,,,,False
97416000EH0839,2025-11-24,False,,,,False
97422000BX0586,2025-12-22,False,,,,False
97415000CT1020,2024-06-14,True,,,,False
97416000DT0489,2024-02-07,False,,,,False
97415000BV1299,2025-08-08,False,,,,False
97420000BI0504,2025-03-19,False,,,,False
97423000AC0377,2024-01-14,True,,,,False
97402000AH1870,2024-11-08,True,,,,False
97415000CW0654,2024-06-18,True,,,,False
97415000BZ0633,2024-12-19,True,,,,False
97411000HH0027,2025-04-09,False,,,,False
97403000AP1630,2024-10-23,True,,,,False
97410000CD0412,2025-12-11,True,,,,False
97422000BP1948,2025-04-08,True,,,,False
97423000AD0083,2024-05-07,True,,,,False
97424000AH0648,2025-01-16,False,,,,False
97412000CX0177,2025-03-03,False,,,,False
97415000AS0693,2025-03-19,False,,,,False
97409000AY1031,2025-10-02,False,,,,False
97414000CP0558,2025-03-31,True,,,,False
97408000AP1678,2025-09-11,True,,,,False
97410000CL0263,2024-03-15,True,,,,False
97423000AK1009,2024-06-24,False,,,,False
97415000DK1121,2024-10-11,False,,,,False
97401000AM1875,2024-09-30,False,,,,False
97422000EN0161,2024-06-11,False,,,,False
97414000DK0739,2025-02-26,False,,,,False
97411000IC0395,2025-05-21,False,,,,False
97412000AS0202,2025-09-30,True,,,,False
97415000DP0745,2025-03-13,True,,,,False
97416000CW1377,2025-03-27,False,,,,False
97412000CW0750,2024-12-13,True,,,,False
97410000AN0862,2025-11-28,True,,,,False
97412000CK0006,2024-12-26,True,,,,False
97415000EP0322,2024-08-23,False,,,,False
97409000AI1637,2024-03-05,True,,,,False
97411000HP0267,2024-09-06,False,,,,False
97418000AT0564,2024-04-19,False,,,,False
97411000BH0743,2025-01-30,False,,,,False
97416000DE1888,2024-12-13,False,,,,False
97404000AH0385,2025-03-14,False,,,,False
97406000AV1130,2024-02-28,False,,,,False
97409000BM0866,2025-09-29,False,,,,False
97416000ET1993,2025-07-21,False,,,,False
97422000AR0695,2025-11-05,False,,,,False
97404000AS0236,2024-10-28,False,,,,False
97416000CD0613,2024-12-13,False,,,,False
97409000AY1117,2024-11-05,True,,,,False
97414000CV1001,2025-03-25,True,,,,False
97415000BZ0877,2024-12-19,True,,,,False
97415000EW0759,2024-02-28,True,,,,False
97410000BI0366,2025-10-28,False,,,,False
97409000AR2533,2025-02-05,False,,,,False
97412000AM0777,2024-11-26,False,,,,False
97415000CT2416,2025-03-31,True,,,,False
97417000BC0093,2024-12-17,True,,,,False
97408000AP1149,2025-06-10,False,,,2026-08-31 19:23:10.980081+00:00,False
97413000DM0147,2024-07-18,False,,,,False
97414000DT0860,2024-05-02,False,,,,False
97404000AD1122,2025-11-18,True,,,,False
97408000BN0173,2024-10-21,False,,,,False
97415000BW0788,2025-09-30,False,,,,False
97422000EC0156,2025-03-25,False,,,,False
97416000CX1184,2024-11-07,False,,,,False
97407000AY0586,2025-04-28,True,,,,False
97412000BW1526,2025-02-21,False,,,,False
97401000AO1116,2024-12-24,False,,,,False
97416000EV0940,2024-07-19,False,,,,False
97415000CS0122,2025-03-03,False,,,,False
97412000CV0205,2025-06-26,False,,,,False
97412000AV0399,2025-09-30,True,,,,False
97409000AY1118,2025-01-14,True,,,,False
97405000AI0838,2025-06-30,False,,,,False
97415000BI0163,2024-08-30,False,,,,False
97414000EN4165,2025-10-31,False,,,,False
97401000AD1587,2025-03-05,False,,,,False
97422000AP0691,2025-03-28,True,,,,False
97412000AS0367,2024-06-25,True,,,,False
97412000BP0461,2024-12-12,True,,,,False
97411000AN0383,2024-09-17,False,,,,False
97409000AL2016,2024-12-26,True,,,,False
97412000CE2036,2024-09-27,False,,,,False
97422000AP0878,2025-05-30,False,,,,False
97411000DZ0138,2025-10-28,False,,,,False
97415000CO0372,2025-07-01,True,,,,False
97411000DR0638,2025-12-01,True,,,,False
97401000AR1623,2024-01-22,False,,,,False
97412000BW0559,2025-04-29,False,,,,False
97407000AS0478,2024-09-04,False,,,,False
97422000BY0515,2024-10-14,False,,,,False
97411000AM0105,2025-09-15,False,,,,False
97421000AV1277,2025-05-28,False,,,,False
97418000AO1674,2024-10-02,True,,,,False
97416000CV1891,2024-07-10,True,,,,False
97403000AO0897,2024-12-19,False,,,,False
97411000KE0158,2025-03-21,False,,,,False
97406000AC0361,2025-04-30,False,,,,False
97417000BC1056,2024-10-01,True,,,,False
97412000BN1369,2025-06-26,True,,,,False
97415000CS0527,2024-06-13,True,,,,False
97409000AV1272,2025-05-30,False,,,,False
97413000CX2805,2024-05-16,True,,,,False
97414000HK0325,2025-11-27,False,,,,False
97422000CX0983,2025-10-24,True,,,,False
97413000CX0173,2024-05-30,False,,,,False
97416000HN0582,2025-02-27,False,,,,False
97410000AC0583,2024-11-29,True,,,,False
97413000DD1421,2024-11-22,False,,,,False
97411000IZ0420,2024-06-06,False,,,,False
97411000EV0051,2024-12-03,False,,,,False
97412000BW2448,2025-09-12,True,,,,False
97416000EN1447,2025-08-22,False,,,,False
97402000AI0378,2024-05-21,True,,,,False
97418000AR1759,2024-12-18,False,,,,False
97409000AR2712,2025-04-17,False,,,,False
97422000BI0836,2025-08-01,False,,,,False
97409000BE1586,2024-06-20,True,,,,False
97412000AW0284,2025-03-11,True,,,,False
97422000BP1979,2025-04-08,True,,,,False
97410000AS0263,2025-04-01,False,,,,False
97418000AS0960,2025-06-19,True,,,,False
97412000AN0019,2024-09-20,True,,,,False
97413000AC0847,2024-09-20,True,,,,False
97414000CM0215,2024-12-30,True,,,,False
97412000CD1007,2024-11-26,False,,,,False
97415000AZ1987,2024-05-10,True,,,,False
97418000BE0222,2025-01-28,False,,,,False
97407000BL0248,2025-11-27,True,,,,False
97415000DN0520,2025-07-18,False,,,,False
97408000BN0143,2024-12-30,False,,,,False
97422000CI0941,2025-01-22,False,,,,False
97415000DM0778,2024-08-30,False,,,,False
97415000ET1737,2025-07-22,True,,,,False
97416000CW0483,2024-09-03,False,,,,False
97410000AL0559,2025-10-10,True,,,,False
97404000BA0177,2025-03-31,False,,,,False
97415000DR0465,2024-03-13,True,,,,False
97413000CX2682,2025-09-22,True,,,,False
97410000AH1292,2024-03-22,True,,,,False
97415000CZ0925,2024-03-14,False,,,,False
97416000CT1204,2025-01-09,False,,,,False
97415000HR0289,2025-08-29,False,,,,False
97408000AP1623,2025-09-11,True,,,,False
97416000EN1157,2025-10-03,False,,,,False
97415000AY1628,2025-10-23,False,,,,False
97413000CS0511,2024-12-10,True,,,,False
97415000EV0314,2025-07-07,True,,,,False
97414000CN0411,2025-03-31,False,,,,False
97410000BK0277,2024-08-30,False,,,,False
97414000EV0823,2025-08-22,True,,,,False
97422000EL0448,2025-12-16,False,,,,False
97415000AB0450,2025-12-30,True,,,,False
97410000AV0662,2024-11-20,False,,,,False
97416000EL0236,2024-10-08,False,,,,False
97410000AW1065,2025-04-24,True,,,,False
97408000AT1488,2024-01-30,False,,,,False
97410000AV0660,2025-05-26,False,,,,False
97404000AW0396,2024-06-13,True,,,,False
97405000AK0975,2025-01-29,False,,,,False
97412000AW0165,2024-12-17,True,,,,False
97414000CI0596,2025-01-24,False,,,,False
97422000AK1326,2025-01-31,False,,,,False
97410000AW1052,2025-08-22,True,,,,False
97404000AY0412,2025-08-27,False,,,,False
97409000AH0141,2025-11-14,True,,,,False
97416000CZ2376,2025-10-13,False,,,,False
97420000BC1239,2025-09-05,False,,,,False
97415000HI0558,2024-07-22,True,,,,False
97407000AE0554,2025-09-12,False,,,,False
97418000AP1641,2025-10-20,False,,,,False
97404000AM0971,2025-05-30,True,,,,False
97408000AB0394,2024-08-14,False,,,,False
97411000EI0405,2024-04-08,False,,,,False
97422000AW0251,2024-10-23,True,,,,False
97413000DF0288,2025-04-22,True,,,,False
97422000BH1784,2025-07-10,True,,,,False
97411000IN0150,2024-09-19,False,,,,False
97415000CZ0927,2024-12-17,False,,,,False
97418000AT1827,2024-02-29,False,,,,False
97415000CY1163,2025-03-31,True,,,,False
97413000DG0764,2024-08-28,True,,,,False
97410000AT0079,2024-12-27,False,,,,False
97411000BK0220,2024-04-02,True,,,,False
97415000BX0219,2024-09-16,True,,,,False
97403000AR0064,2024-01-17,True,,,,False
97410000AS1459,2025-05-28,False,,,,False
97416000EW0134,2024-02-22,False,,,,False
97413000AC0619,2024-08-12,True,,,,False
97422000DI0461,2025-10-27,True,,,,False
97416000DW0114,2024-02-27,False,,,,False
97410000CD0188,2024-11-29,True,,,,False
97415000AV0676,2024-12-03,True,,,,False
97420000AB1331,2024-07-12,False,,,,False
97418000AX0267,2024-10-11,False,,,,False
97415000DR0695,2025-03-24,True,,,,False
97422000BV3226,2025-06-20,False,,,,False
97416000DM0900,2024-09-13,True,,,,False
97418000AP4190,2024-09-05,True,,,,False
97420000BD0243,2025-03-05,False,,,,False
97407000AE0793,2025-08-18,True,,,,False
97411000AW0934,2024-02-22,False,,,,False
97422000BD2103,2025-05-16,False,,,,False
97410000BK0502,2025-08-12,False,,,,False
97421000AL0550,2024-07-31,True,,,,False
97422000ED0026,2024-06-05,False,,,,False
97418000AR2425,2025-05-27,True,,,,False
97411000AC0069,2024-09-11,True,,,,False
97422000AX1668,2025-06-11,False,,,,False
97424000AE0022,2025-02-26,True,,,,False
97414000EZ0194,2025-03-06,False,,,,False
97401000AK0191,2024-11-15,True,,,,False
97422000BT0365,2024-12-19,True,,,,False
97416000HP0364,2025-09-26,True,,,,False
97405000AW0930,2025-06-13,False,,,,False
97411000DS0775,2024-08-29,False,,,,False
97410000AO0642,2025-11-04,True,,,,False
97411000IC0082,2024-09-18,False,,,,False
97414000EN4052,2024-09-27,False,,,,False
97401000AS1304,2025-05-20,True,,,,False
97408000AO1553,2024-04-03,True,,,,False
97415000BI0684,2024-12-26,False,,,,False
97411000CD1025,2024-07-31,False,,,,False
97414000EN4030,2024-11-25,True,,,,False
97412000BP0184,2025-02-06,False,,,,False
97413000DC0373,2025-08-27,True,,,,False
97411000AW0695,2024-02-16,True,,,,False
97413000DG0470,2025-12-19,False,,,,False
97413000CO0773,2024-06-17,False,,,,False
97409000AX0993,2025-09-16,True,,,,False
97415000BW0855,2024-04-30,True,,,,False
97418000BO0142,2024-12-23,True,,,,False
97406000AH0255,2024-08-28,False,,,,False
97413000BH1029,2024-07-11,False,,,,False
97415000CT3279,2025-05-30,False,,,,False
97404000AH1064,2025-07-07,False,,,,False
97407000AM1221,2024-12-06,False,,,,False
97409000AL0626,2024-12-26,True,,,,False
97404000AI2374,2025-09-02,False,,,,False
97411000BZ0174,2025-11-28,False,,,,False
97422000BD2230,2024-06-29,True,,,,False
97420000BC0173,2024-12-13,True,,,,False
97414000CD0110,2024-05-22,True,,,2026-08-26 16:05:17.116601+00:00,False
97418000AP4325,2024-05-23,True,,,,False
97416000HX1568,2025-08-08,False,,,,False
97413000DE2112,2024-11-13,True,,,,False
97414000DR0634,2025-05-28,False,,,,False
97416000HP0837,2025-07-30,False,,,,False
97409000AL2171,2024-12-26,True,,,,False
97422000BP1944,2025-04-08,True,,,,False
97401000AS0311,2025-07-31,True,,,,False
97412000BT0227,2024-12-31,False,,,,False
97418000AD0306,2024-07-08,False,,,,False
97422000CH0080,2025-08-26,False,,,,False
97412000BH0733,2025-12-05,False,,,,False
97415000EO0794,2024-05-14,True,,,,False
97410000AS1453,2024-03-28,False,,,,False
97404000AE1093,2024-03-06,True,,,,False
97412000BW1951,2024-04-09,False,,,,False
97415000EY1116,2025-05-29,False,,,,False
97414000EN4155,2025-12-29,True,,,,False
97416000DW0421,2024-10-30,False,,,,False
97404000AH0146,2025-05-20,True,,,,False
97415000BZ0751,2024-10-15,True,,,,False
97413000CN1194,2024-04-03,False,,,,False
97407000AM1582,2025-03-03,False,,,,False
97414000EV0500,2025-07-10,True,,,,False
97416000EX1318,2024-03-01,False,,,,False
97422000BK1772,2025-05-30,False,,,,False
97413000DG0803,2024-09-24,True,,,,False
97422000BP1578,2024-06-19,False,,,,False
97415000AV0369,2024-11-15,True,,,,False
97416000CS1561,2024-01-05,True,,,,False
97416000EK0341,2024-06-12,False,,,,False
97416000DN0656,2025-04-14,True,,,,False
97423000AC0385,2024-01-14,True,,,,False
97409000BM0982,2024-12-11,True,,,,False
97407000AK1865,2024-02-09,False,,,,False
97416000IE0595,2024-07-18,False,,,,False
97409000AX1093,2025-11-19,False,,,,False
97416000DH0967,2025-03-27,False,,,,False
97415000CW0834,2025-07-01,True,,,,False
97413000CU0223,2024-07-12,False,,,,False
97418000BM0101,2024-04-16,False,,,,False
97421000AL0593,2025-12-10,False,,,,False
97413000CY1451,2024-05-10,True,,,,False
97414000EZ0226,2024-11-27,False,,,,False
97418000BN0235,2025-02-06,True,,,,False
97416000CV2361,2025-04-25,True,,,,False
97411000BK0555,2024-03-12,False,,,,False
97415000EY0345,2025-02-24,True,,,,False
97407000AE0796,2025-08-18,True,,,,False
97415000AX1092,2024-04-18,False,,,,False
97415000AY1401,2025-07-04,False,,,,False
97412000AT1080,2025-02-06,False,,,,False
97412000BY1231,2024-01-30,False,,,,False
97422000AD0143,2025-04-09,False,,,,False
97418000AS0734,2024-04-12,True,,,,False
97412000CX0975,2024-08-26,True,,,,False
97422000CM1021,2025-03-24,True,,,,False
97416000HR0419,2024-06-04,False,,,,False
97411000AP0121,2025-08-05,False,,,,False
97422000EN0130,2025-10-03,False,,,,False
97408000AP1656,2025-09-11,True,,,,False
97403000AM0498,2024-02-23,False,,,,False
97413000CX1154,2024-08-27,True,,,,False
97416000IH0009,2024-03-18,False,,,,False
97416000CV2381,2024-12-17,False,,,,False
97416000EN1467,2025-06-03,False,,,,False
97422000BV2609,2025-03-20,True,,,,False
97420000AZ0276,2025-03-07,True,,,,False
97411000AM0085,2024-11-06,False,,,,False
97408000AR0388,2024-06-27,False,,,,False
97419000AM0521,2024-01-22,False,,,,False
97416000HY1773,2025-03-20,True,,,,False
97411000HO0526,2025-09-17,False,,,,False
97415000DM1583,2024-10-31,False,,,,False
97409000AX1092,2025-01-29,False,,,,False
97405000AL0568,2024-02-23,False,,,,False
97415000AB0535,2025-07-29,True,,,,False
97404000AE0443,2024-09-24,True,,,,False
97414000CH1970,2025-12-31,True,,,,False
97415000BI0581,2024-09-17,False,,,,False
97416000CW1145,2025-10-21,True,,,,False
97415000HP0228,2024-05-29,True,,,,False
97414000HI1614,2024-02-15,True,,,,False
97413000DI0381,2025-04-11,False,,,,False
97411000AL0070,2025-06-20,False,,,,False
97409000AR1549,2024-03-14,False,,,,False
97414000CW0580,2024-02-27,True,,,,False
97411000AT0442,2024-02-23,False,,,,False
97409000AX0497,2024-10-31,False,,,,False
97412000BR0632,2025-01-28,False,,,,False
97416000HL0295,2025-10-10,False,,,,False
97416000CZ2378,2025-06-17,False,,,,False
97401000AR1545,2024-09-09,False,,,,False
97422000BL1135,2024-09-27,False,,,,False
97422000DH0927,2024-07-10,True,,,,False
97403000AM0769,2024-07-22,True,,,,False
97411000IH0390,2024-12-27,False,,,,False
97410000AY0385,2025-08-04,False,,,,False
97413000DE0807,2025-07-25,False,,,,False
97402000AI0670,2024-04-24,False,,,,False
97415000DR0492,2024-02-02,True,,,,False
97416000IK0517,2024-12-20,True,,,,False
97415000EY0845,2024-11-12,False,,,,False
97423000AC0331,2024-01-14,True,,,,False
97416000HW0237,2025-11-17,False,,,,False
97415000BZ0635,2024-12-19,True,,,,False
97402000AD1051,2025-05-09,False,,,,False
97412000AL0489,2024-08-29,True,,,,False
97406000AE0419,2024-06-17,True,,,,False
97422000BK1681,2025-12-15,True,,,,False
97423000AB1851,2024-12-27,True,,,,False
97416000ET2149,2024-02-16,True,,,,False
97413000CL0198,2025-02-26,False,,,,False
97416000ET2088,2024-03-19,False,,,,False
97414000CP0330,2025-03-31,True,,,,False
97404000AW0526,2025-09-12,True,,,,False
97416000EN0517,2024-03-14,False,,,,False
97410000AN0237,2024-07-12,False,,,,False
97411000KC0054,2025-10-01,False,,,,False
97408000AP1631,2025-09-11,True,,,,False
97413000DK0176,2024-07-11,True,,,,False
97413000CY1466,2024-12-23,True,,,,False
97420000AD0199,2025-08-28,False,,,,False
97414000HL0106,2025-08-27,False,,,,False
97418000AW0381,2025-04-30,False,,,,False
97408000AO1366,2024-12-30,True,,,,False
97415000CR0806,2024-12-02,True,,,,False
97413000CW0303,2024-08-14,True,,,,False
97422000BN1850,2025-04-29,False,,,,False
97410000BE1183,2024-06-17,False,,,,False
97414000EV0319,2024-11-23,False,,,,False
97415000EO0515,2024-12-24,True,,,,False
97422000DE0496,2024-05-16,True,,,,False
97402000AK0877,2025-06-23,True,,,,False
97418000AO1689,2024-10-02,True,,,,False
97414000EN3665,2025-12-10,False,,,,False
97404000AT0286,2024-04-26,False,,,,False
97416000CY0759,2025-06-28,False,,,,False
97411000DY0127,2024-04-30,False,,,,False
97415000ER1729,2024-12-13,True,,,,False
97415000AV0355,2024-11-15,True,,,,False
97422000AD0394,2024-09-12,True,,,,False
97416000DZ0668,2025-09-12,True,,,,False
97410000CN0136,2024-07-23,False,,,,False
97411000EM0046,2025-03-17,True,,,,False
97412000AH0731,2025-03-14,False,,,,False
97418000BI0369,2024-03-21,False,,,,False
97409000BP0274,2025-06-17,True,,,,False
97415000BN0999,2025-08-07,False,,,,False
97422000AK0707,2024-12-26,True,,,,False
97419000AC0430,2024-06-27,False,,,,False
97422000CV0122,2025-04-23,True,,,,False
97416000DX0372,2025-06-12,False,,,,False
97415000AY1646,2024-12-31,False,,,,False
97415000BI0633,2025-04-15,False,,,,False
97420000AO0646,2025-02-27,False,,,,False
97411000CY0986,2024-10-09,True,,,,False
97418000AR1359,2025-10-30,False,,,,False
97420000AB1261,2024-06-20,False,,,,False
97409000AW1090,2024-06-14,False,,,,False
97405000AR0806,2024-03-22,True,,,,False
97409000AY1305,2024-08-22,True,,,,False
97411000HH0241,2024-01-25,False,,,,False
97420000BH1120,2024-07-12,True,,,,False
97424000AM0285,2024-09-06,False,,,,False
97422000BV2355,2025-10-17,False,,,,False
97405000AW1695,2025-04-12,False,,,,False
97412000AO0950,2025-10-08,False,,,,False
97415000ET1679,2025-09-18,False,,,,False
97416000CW0729,2024-02-23,False,,,,False
97405000AM0834,2025-07-24,False,,,,False
97407000AS0118,2025-11-14,False,,,,False
97418000AC1611,2025-10-16,True,,,,False
97408000AI0022,2024-10-02,True,,,,False
97415000AB0800,2025-12-30,True,,,,False
97424000AI1486,2025-10-30,False,,,,False
97413000DJ0583,2024-10-01,True,,,,False
97415000EW1883,2025-01-29,False,,,,False
97416000IE1075,2025-11-04,False,,,,False
97415000HN0166,2024-05-07,True,,,,False
97422000CM0626,2024-05-28,False,,,,False
97409000AM0763,2024-10-09,True,,,,False
97414000HK0563,2025-09-19,False,,,,False
97411000AW0707,2024-08-09,False,,,,False
97420000AB1820,2024-01-31,True,,,,False
97412000CS0618,2024-03-26,False,,,,False
97411000IB0077,2025-02-14,False,,,,False
97422000DH1006,2025-03-31,False,,,,False
97422000BH1864,2025-03-20,False,,,,False
97409000BM1262,2024-06-12,False,,,,False
97415000DE0643,2024-05-29,False,,,,False
97415000BZ0935,2024-12-19,True,,,,False
97412000AN0232,2024-10-31,False,,,,False
97414000EN4091,2025-10-01,False,,,,False
97407000BE0266,2025-11-28,False,,,,False
97407000BI0441,2024-07-22,True,,,,False
97415000CS0077,2025-08-08,False,,,,False
97404000AT0002,2024-05-03,False,,,,False
97402000AH0831,2024-07-11,False,,,,False
97420000BH1051,2025-11-18,False,,,,False
97410000BW0964,2024-12-16,True,,,,False
97410000BX0596,2025-10-03,True,,,,False
97421000AY0249,2024-08-06,False,,,,False
97409000BE1860,2025-10-07,True,,,,False
97422000BH1860,2024-10-25,False,,,,False
97412000AV1172,2024-11-22,False,,,,False
97415000EW1949,2025-04-07,True,,,,False
97410000CD0393,2025-05-26,True,,,,False
97415000AV0490,2024-09-19,False,,,,False
97415000CS0511,2024-03-28,True,,,,False
97415000AR0190,2024-10-15,True,,,,False
97411000EP0250,2025-01-31,True,,,,False
97412000BK0858,2025-05-05,True,,,,False
97423000AH1720,2024-07-16,False,,,,False
97413000CL0514,2025-06-17,False,,,,False
97422000DL0994,2025-09-26,True,,,,False
97406000AH0536,2024-02-19,True,,,,False
97410000AS1458,2025-01-28,False,,,,False
97409000AL1947,2024-12-26,True,,,,False
97405000AK1457,2024-05-06,False,,,,False
97409000AP1665,2024-02-28,True,,,,False
97418000AL0218,2024-09-09,True,,,,False
97415000CW1110,2025-11-24,False,,,,False
97416000DZ0325,2024-08-01,True,,,,False
97414000ER0049,2025-07-28,False,,,,False
97405000AW1219,2025-09-19,True,,,,False
97422000AX0899,2025-09-16,False,,,,False
97401000AR1725,2025-06-10,True,,,,False
97422000BO1873,2025-09-16,False,,,,False
97415000ET1722,2024-12-31,False,,,,False
97422000BV2392,2025-02-12,False,,,,False
97412000AM0366,2025-09-22,False,,,,False
97411000DO0007,2025-02-21,False,,,,False
97413000DC0556,2025-08-27,True,,,,False
97413000AV2237,2024-10-03,True,,,,False
97414000CP0129,2024-04-22,True,,,,False
97420000AX0299,2024-04-29,False,,,,False
97422000EM0202,2024-11-29,False,,,,False
97413000DE1873,2025-04-17,False,,,,False
97407000AS0841,2025-04-28,False,,,,False
97413000CQ0867,2024-12-16,False,,,,False
97408000AO0255,2024-07-19,False,,,,False
97412000AT1112,2025-11-03,True,,,,False
97411000BL0503,2024-06-24,False,,,,False
97409000AO0711,2024-10-04,False,,,,False
97409000BK0744,2025-03-06,True,,,,False
97415000AW1728,2025-02-14,False,,,,False
97411000HS0414,2025-12-15,False,,,,False
97412000CY0347,2024-06-19,False,,,,False
97415000CO0559,2025-07-01,True,,,,False
97414000DH0322,2024-04-11,True,,,,False
97415000ET1134,2025-12-17,False,,,,False
97416000HY1210,2024-09-06,True,,,,False
97418000AL0204,2024-10-03,False,,,,False
97423000AE0648,2024-01-12,False,,,,False
97413000AV1827,2025-08-04,False,,,,False
97415000AY1530,2025-08-27,False,,,,False
97412000CD0943,2025-03-04,True,,,,False
97416000HP0802,2024-01-25,True,,,,False
97411000BL0008,2024-11-08,True,,,,False
97408000AO0743,2024-07-19,False,,,,False
97423000AC0413,2024-01-14,True,,,,False
97405000BE0781,2025-10-31,True,,,,False
97422000DM0251,2024-04-08,False,,,,False
97414000EV0721,2024-01-29,False,,,,False
97410000BE0072,2025-06-03,False,,,,False
97409000BE2293,2024-04-24,True,,,,False
97416000ET0160,2024-09-26,False,,,,False
97412000AW0721,2024-09-09,True,,,,False
97415000EP0529,2024-10-14,True,,,,False
97407000BA0371,2025-12-29,True,,,,False
97415000CT3276,2025-09-17,False,,,,False
97423000AB1805,2024-07-12,True,,,,False
97415000EY2105,2024-12-26,True,,,,False
97410000AN0811,2024-01-31,True,,,,False
97416000DE0383,2025-07-07,True,,,,False
97410000AO0374,2024-05-21,True,,,,False
97410000AN0222,2025-03-20,False,,,,False
97411000DP0018,2024-03-25,False,,,,False
97411000AE0762,2024-09-11,False,,,,False
97402000AC0399,2024-08-30,True,,,,False
97416000EW0850,2025-09-17,True,,,,False
97422000BP0794,2025-02-19,True,,,,False
97422000BR1546,2024-09-13,False,,,,False
97401000AO1077,2024-09-30,True,,,,False
97414000HI0516,2025-02-27,False,,,,False
97420000AD0337,2025-12-03,True,,,,False
97415000EO0519,2024-12-24,True,,,,False
97418000AV2599,2024-05-22,True,,,,False
97401000AM0321,2024-09-30,True,,,,False
97410000AK0033,2024-09-10,False,,,,False
97411000HS0468,2024-07-31,True,,,,False
97422000AK0880,2024-01-10,False,,,,False
97406000AM0986,2025-07-01,True,,,,False
97408000AT2037,2024-09-25,True,,,,False
97413000CX2477,2025-07-19,True,,,,False
97422000AD0873,2024-09-12,True,,,,False
97422000AL0586,2025-04-30,False,,,,False
97411000AE0251,2024-11-07,False,,,,False
97415000EW1502,2024-11-21,False,,,,False
97416000CX1349,2025-02-04,True,,,,False
97406000AW1183,2024-11-26,True,,,,False
97414000ET2234,2024-09-10,False,,,,False
97412000CR0174,2025-05-22,False,,,,False
97408000AW1077,2024-11-25,False,,,,False
97412000AZ0603,2024-10-25,True,,,,False
97414000EV0013,2024-11-15,False,,,,False
97401000AS1287,2025-05-20,True,,,,False
97404000AT0888,2025-07-29,True,,,,False
97405000AO0304,2024-07-03,True,,,,False
97414000ES1051,2024-09-05,False,,,,False
97401000AR0273,2024-12-06,False,,,,False
97422000BW1232,2024-07-26,True,,,,False
97416000CX0450,2024-04-04,False,,,,False
97411000IC0464,2025-05-09,False,,,,False
97415000CV1005,2024-03-25,False,,,,False
97414000HB0043,2025-03-19,False,,,,False
97411000BP0883,2024-12-30,True,,,,False
97411000IK0222,2025-05-20,False,,,,False
97403000AP1638,2025-08-27,False,,,,False
97412000BK0994,2024-01-12,False,,,,False
97424000AM0900,2025-10-22,False,,,,False
97416000EX1130,2024-04-26,False,,,,False
97414000ET0997,2025-01-29,False,,,,False
97413000CH0911,2024-03-20,False,,,,False
97414000EV0550,2025-07-10,True,,,,False
97411000AR0114,2024-08-12,False,,,,False
97413000CN1083,2024-07-17,False,,,,False
97416000HI0941,2024-02-13,False,,,,False
97409000BK0800,2025-03-06,True,,,,False
97407000BA0139,2025-08-07,False,,,,False
97415000HI0500,2024-07-23,True,,,,False
97422000AR0363,2025-07-18,True,,,,False
97407000BC0044,2024-04-15,False,,,,False
97412000AM1000,2024-09-03,True,,,,False
97424000AE1480,2025-07-23,False,,,,False
97415000BZ0271,2025-03-18,True,,,,False
97416000CS0812,2025-04-16,False,,,,False
97412000CK0885,2024-02-01,False,,,,False
97408000AB0361,2024-05-10,True,,,,False
97401000AN0940,2025-04-30,False,,,,False
97415000AB0597,2025-07-29,True,,,,False
97410000AS1421,2024-10-17,True,,,,False
97413000CY1058,2025-06-17,False,,,,False
97422000EN0180,2025-06-18,False,,,,False
97411000DR0360,2025-10-30,False,,,,False
97415000CZ0806,2025-04-24,True,,,,False
97412000AO0831,2024-09-18,False,,,,False
97413000CN0362,2024-10-07,False,,,,False
97415000CO0415,2025-07-01,True,,,,False
97415000DM0929,2024-08-30,False,,,,False
97423000AK1823,2024-08-14,True,,,,False
97412000CI0205,2024-12-31,False,,,,False
97423000AK0559,2024-10-17,False,,,,False
97407000AC0055,2025-11-04,True,,,,False
97412000AM2071,2025-11-07,False,,,,False
97411000DP0122,2024-01-31,False,,,,False
97423000AK2057,2024-12-23,True,,,,False
97412000AZ0962,2025-06-19,False,,,,False
97416000HS0740,2024-01-19,False,,,,False
97415000CM2367,2024-11-02,True,,,,False
97412000CD0549,2024-07-08,False,,,,False
97412000BM0363,2024-12-17,True,,,,False
97411000AS0288,2025-01-29,False,,,,False
97415000BO0886,2024-07-09,True,,,,False
97414000EW0301,2024-08-29,False,,,,False
97422000BI0365,2025-03-28,True,,,,False
97409000AR2621,2025-08-04,True,,,,False
97412000AM0804,2024-01-31,False,,,,False
97414000EK0683,2024-03-04,False,,,,False
97414000EL0581,2025-09-19,False,,,,False
97408000AM1132,2024-07-23,False,,,,False
97415000ER1753,2024-03-04,True,,,,False
97411000EL0492,2024-07-04,True,,,,False
97409000AV0494,2025-04-04,True,,,,False
97415000DK1162,2024-06-19,True,,,,False
97420000AI0908,2025-09-16,False,,,,False
97415000CY1060,2025-08-14,True,,,,False
97406000AE0773,2024-04-24,False,,,,False
97410000AR1662,2024-04-30,True,,,,False
97409000BE2173,2025-10-07,True,,,,False
97416000ET2133,2025-11-24,False,,,,False
97422000CI0732,2025-03-28,False,,,,False
97424000AI1198,2025-01-16,False,,,,False
97409000AL2125,2024-12-26,True,,,,False
97422000DW0098,2025-05-28,False,,,,False
97402000AI0948,2024-12-12,True,,,,False
97415000CM0484,2024-10-07,False,,,,False
97410000AO0376,2024-05-21,True,,,,False
97413000CX1578,2024-10-31,False,,,,False
97415000BZ0755,2024-10-15,True,,,,False
97415000EW0244,2024-05-10,False,,,,False
97414000ET2211,2024-03-12,False,,,,False
97422000AW0695,2025-02-26,False,,,,False
97415000AB0739,2025-09-01,False,,,,False
97411000CE0875,2025-07-30,True,,,,False
97405000AK0850,2025-02-20,False,,,,False
97415000AX1112,2024-11-22,True,,,,False
97420000AY0562,2024-05-15,False,,,,False
97414000CH1275,2025-08-29,False,,,,False
97409000AT1667,2025-10-29,True,,,,False
97409000AI1191,2025-09-19,True,,,,False
97408000AC2314,2024-07-02,True,,,,False
97408000AO0856,2025-01-13,False,,,,False
97408000BO0389,2025-12-22,True,,,,False
97401000AP1430,2024-10-23,True,,,,False
97416000HY1403,2024-03-19,False,,,,False
97414000EN4047,2024-04-04,False,,,,False
97418000AC0674,2025-12-03,True,,,,False
97415000CT0086,2024-10-17,False,,,,False
97404000AM0934,2024-12-12,False,,,,False
97416000HZ0852,2024-08-23,True,,,,False
97410000AN0839,2025-10-27,True,,,,False
97408000AC3738,2024-12-31,False,,,,False
97413000DG1117,2025-02-26,False,,,,False
97415000HP0085,2024-05-29,True,,,,False
97420000AO0653,2025-01-13,False,,,,False
97416000EI1026,2025-06-06,False,,,,False
97407000AK1896,2025-03-20,False,,,,False
97413000AV2238,2024-10-03,True,,,,False
97414000ES0894,2025-12-31,True,,,,False
97416000DI0064,2025-09-26,False,,,,False
97413000CG0086,2025-09-09,True,,,,False
97412000AL0411,2024-08-29,True,,,,False
97415000CT2337,2025-08-25,False,,,,False
97415000HI0535,2024-02-28,True,,,,False
97420000AS0873,2024-01-30,True,,,,False
97415000DE0145,2024-10-25,True,,,,False
97412000CE0429,2025-07-15,True,,,,False
97416000DT0650,2025-09-23,True,,,,False
97405000BE1028,2024-08-12,False,,,,False
97415000EI0211,2025-11-28,True,,,,False
97422000BP1965,2024-04-17,True,,,,False
97407000AY0600,2024-11-07,False,,,,False
97421000BO0555,2024-07-18,True,,,,False
97410000AD0977,2024-04-23,False,,,,False
97415000BW2104,2024-10-09,True,,,,False
97401000AD1583,2024-03-26,False,,,,False
97411000CD0676,2024-01-23,False,,,,False
97412000BK1258,2024-03-13,False,,,,False
97412000AV0880,2025-05-23,False,,,,False
97422000BW1242,2024-07-26,True,,,,False
97403000AN0065,2024-10-15,True,,,,False
97418000AX0117,2024-08-29,True,,,,False
97419000AD0203,2025-06-06,True,,,,False
97413000AV2239,2024-10-03,True,,,,False
97420000BI0503,2025-03-19,True,,,,False
97415000CO0306,2025-07-01,True,,,,False
97423000AK1348,2025-09-11,True,,,,False
97418000BM0109,2024-12-23,False,,,,False
97410000AC0610,2025-12-17,True,,,,False
97409000BL0043,2025-11-14,True,,,,False
97407000AI1884,2024-08-19,True,,,,False
97401000AN1186,2025-01-09,True,,,,False
97409000AT1670,2025-10-29,True,,,,False
97404000AT0743,2025-03-04,True,,,,False
97422000AL0996,2025-04-04,True,,,,False
97416000DN0080,2025-03-27,False,,,,False
97422000BP1986,2025-04-08,True,,,,False
97422000BD1699,2025-04-30,False,,,,False
97411000CD0678,2025-06-06,False,,,,False
97411000IT0591,2025-11-20,True,,,,False
97411000IW0123,2024-02-02,True,,,,False
97404000AX0476,2025-07-25,True,,,,False
97422000CO0386,2024-06-28,True,,,,False
97408000AR1264,2024-09-02,False,,,,False
97416000EM1013,2024-05-17,True,,,,False
97412000CE0448,2025-07-15,True,,,,False
97414000ES0646,2025-04-17,True,,,,False
97413000CX2555,2025-09-22,True,,,,False
97405000AK1813,2024-07-22,False,,,,False
97412000BC0151,2024-07-29,False,,,,False
97414000EN4040,2024-03-11,True,,,,False
97415000HI0502,2024-07-23,True,,,,False
97401000AR1651,2024-04-23,True,,,,False
97412000AZ0817,2024-08-27,True,,,,False
97415000HI0503,2024-07-23,True,,,,False
97416000EN1320,2024-02-19,True,,,,False
97410000AL0445,2025-06-06,True,,,,False
97422000BH1782,2025-07-10,True,,,,False
97412000AZ0947,2025-03-11,False,,,,False
97408000AO0282,2024-02-21,False,,,,False
97401000AR1747,2024-10-01,False,,,,False
97401000AO1107,2024-12-24,True,,,,False
97409000BR0176,2025-11-19,True,,,,False
97404000AX0148,2024-12-26,False,,,,False
97412000BY1490,2024-04-24,False,,,,False
97405000AD0713,2024-09-20,True,,,,False
97412000CE2662,2025-02-24,False,,,,False
97401000AR0369,2024-06-27,False,,,,False
97404000AS0362,2025-03-19,False,,,,False
97408000BR0017,2025-11-03,False,,,,False
97407000AM0327,2025-12-01,False,,,,False
97416000EL0514,2024-02-01,False,,,,False
97416000EY1271,2024-05-24,False,,,,False
97409000BL0210,2024-06-25,True,,,,False
97414000ET2273,2024-05-24,True,,,,False
97410000AC0195,2024-10-03,False,,,,False
97414000CW0611,2025-04-17,True,,,,False
97415000DR0325,2024-11-29,False,,,,False
97410000BE0928,2024-06-21,False,,,,False
97404000AI0249,2024-10-18,False,,,,False
97414000ET1287,2024-03-19,False,,,,False
97413000DA0103,2025-10-23,False,,,,False
97402000AB0642,2024-03-20,False,,,,False
97420000AE0399,2024-06-24,False,,,,False
97401000AM1945,2025-11-12,True,,,,False
97418000AS1383,2024-12-23,True,,,,False
97414000EV0802,2024-08-20,False,,,,False
97423000AH0149,2025-10-16,False,,,,False
97416000HV0684,2024-04-05,False,,,,False
97406000AD0893,2025-03-17,False,,,,False
97410000AD0978,2024-03-28,False,,,,False
97416000HS0517,2024-05-22,True,,,,False
97412000CY0975,2024-08-30,False,,,,False
97409000BE2100,2025-10-07,True,,,,False
97409000AP1846,2025-06-04,False,,,,False
97411000IH0148,2025-11-13,False,,,,False
97413000CF0119,2025-04-29,True,,,,False
97422000CN1824,2025-06-27,False,,,,False
97404000AC1126,2025-01-21,True,,,,False
97408000AM0529,2024-02-05,False,,,,False
97407000BC0583,2025-04-29,False,,,,False
97422000CM0863,2025-03-24,True,,,,False
97418000AT0328,2024-11-19,True,,,,False
97415000BN1299,2024-12-27,False,,,,False
97420000AD0086,2025-12-03,True,,,,False
97413000DB0445,2025-09-09,True,,,,False
97408000AO1919,2025-11-13,False,,,,False
97416000CV2317,2024-10-15,False,,,,False
97404000AV0281,2024-02-22,True,,,,False
97409000BM1486,2025-09-08,True,,,,False
97416000EZ0354,2024-06-27,True,,,,False
97408000AC3594,2025-03-17,True,,,,False
97406000AH0429,2024-12-31,False,,,,False
97415000AB0818,2025-09-30,True,,,,False
97410000AE1184,2025-07-30,True,,,,False
97411000IR0605,2025-07-17,True,,,,False
97415000HO1033,2024-04-10,False,,,,False
97424000AL1098,2024-02-20,True,,,,False
97406000AW0829,2025-06-02,False,,,,False
97411000IE0028,2025-09-19,False,,,,False
97408000AR0592,2024-07-05,False,,,,False
97413000CQ0737,2024-04-19,False,,,,False
97416000EL0642,2024-03-18,False,,,,False
97422000BD2469,2024-08-27,False,,,,False
97410000AV0651,2024-03-20,False,,,,False
97418000AP2095,2025-08-27,False,,,,False
97418000AT2397,2024-08-22,False,,,,False
97414000CT1111,2024-04-30,True,,,,False
97423000AK2036,2024-05-31,False,,,,False
97416000EN0636,2024-02-29,True,,,,False
97415000BK0097,2025-10-14,True,,,,False
97415000AX0990,2025-12-17,True,,,,False
97412000CD0945,2025-02-12,True,,,,False
97411000HT0020,2025-05-30,True,,,,False
97415000AY1593,2025-10-31,False,,,,False
97424000AI2426,2025-03-31,True,,,,False
97422000AK0430,2025-02-20,False,,,,False
97420000AB0909,2025-07-02,False,,,,False
97420000AO0650,2024-09-24,False,,,,False
97410000AK0832,2024-07-09,False,,,,False
97415000CW1082,2025-05-21,True,,,,False
97414000ET0983,2024-06-17,False,,,,False
97409000AX1087,2025-12-30,False,,,,False
97405000AM0530,2024-08-26,True,,,,False
97401000AP0354,2025-01-27,False,,,,False
97416000ES2176,2025-04-30,False,,,,False
97404000AW0524,2025-09-12,True,,,,False
97415000CT1460,2025-09-15,False,,,,False
97415000AV0937,2025-08-25,True,,,,False
97416000CW2411,2025-05-09,False,,,,False
97422000CX1321,2025-09-17,False,,,,False
97401000AT0261,2025-07-11,True,,,,False
97402000AK1970,2025-09-26,False,,,,False
97415000EH0558,2025-08-01,False,,,,False
97424000AI2424,2025-03-31,True,,,,False
97415000AB0743,2025-02-11,True,,,,False
97416000HV0686,2025-02-26,False,,,,False
97414000ES1063,2025-10-08,False,,,,False
97409000AL2365,2024-03-14,False,,,,False
97415000DI0990,2024-05-30,False,,,,False
97412000AO0079,2025-08-22,False,,,,False
97411000HW0358,2024-01-18,True,,,,False
97409000AV0369,2025-04-04,True,,,,False
97415000CP0824,2024-09-02,False,,,,False
97414000EX0256,2025-07-04,False,,,,False
97412000AM1605,2024-03-28,True,,,,False
97411000KB0226,2024-09-26,False,,,,False
97410000AX0653,2025-07-02,True,,,,False
97415000AY0122,2025-10-30,False,,,,False
97415000AH1201,2025-08-05,True,,,,False
97413000AV2187,2024-10-03,True,,,,False
97422000BP2014,2025-04-08,True,,,,False
97403000AM0823,2024-09-04,False,,,,False
97413000CD0749,2025-05-26,False,,,,False
97416000HO0309,2024-06-25,False,,,,False
97418000AP3310,2025-08-27,True,,,,False
97402000AB0628,2024-08-19,False,,,,False
97415000DM1035,2024-01-17,True,,,,False
97422000AW0863,2025-04-01,False,,,,False
97415000BW0850,2024-04-30,True,,,,False
97412000BX1876,2025-05-14,True,,,,False
97415000EW1988,2025-03-20,True,,,,False
97408000AS0525,2024-04-05,True,,,,False
97422000BI0576,2024-03-28,False,,,,False
97409000AZ0930,2025-09-12,False,,,,False
97413000BM0893,2024-11-28,False,,,,False
97414000EL2187,2025-01-17,False,,,,False
97416000CS1539,2024-08-26,True,,,,False
97415000BZ0629,2024-12-19,True,,,,False
97418000AC1191,2024-10-23,True,,,,False
97422000BN1849,2024-03-19,False,,,,False
97412000BR0755,2025-04-30,False,,,,False
97405000AD0126,2025-05-21,True,,,,False
97415000EW1390,2024-12-30,False,,,,False
97423000AC0388,2024-01-14,True,,,,False
97415000BZ0639,2024-12-19,True,,,,False
97416000CX1462,2024-06-20,False,,,,False
97422000AL0911,2025-07-22,True,,,,False
97415000EZ0274,2025-10-03,True,,,,False
97414000EL1182,2025-12-24,False,,,,False
97418000BP0519,2025-03-12,False,,,,False
97416000CV1951,2024-12-31,False,,,,False
97411000AT0716,2024-11-06,True,,,,False
97422000ED0059,2025-06-18,False,,,,False
97408000BP0141,2025-07-30,False,,,,False
97423000AB1969,2025-09-18,True,,,,False
97418000BM0534,2025-10-16,True,,,,False
97424000AE0363,2025-01-16,False,,,,False
97414000EL0877,2024-05-31,False,,,,False
97412000AV1139,2025-09-09,False,,,,False
97415000BW1996,2025-07-31,False,,,,False
97423000AE1084,2025-10-14,False,,,,False
97415000BZ1055,2024-11-25,False,,,,False
97418000AC1137,2025-10-16,True,,,,False
97410000CD0168,2024-11-29,True,,,,False
97419000AS0235,2025-12-16,False,,,,False
97413000DC0603,2024-12-27,False,,,,False
97412000AP0511,2024-03-26,False,,,,False
97420000BD0321,2025-08-14,False,,,,False
97413000DE1942,2025-09-10,False,,,,False
97411000IH0447,2024-06-25,True,,,,False
97422000BO1633,2025-03-28,False,,,,False
97405000BI1236,2025-07-18,False,,,,False
97415000AH1072,2025-01-24,False,,,,False
97412000CP0337,2024-09-23,False,,,,False
97407000AK1878,2025-07-16,False,,,,False
97422000BH1178,2024-10-22,False,,,,False
97411000BZ1656,2024-11-18,True,,,,False
97415000BN0903,2024-11-20,False,,,,False
97412000AM1618,2024-04-26,True,,,,False
97413000CM0574,2025-08-18,True,,,,False
97415000AB0740,2024-12-30,True,,,,False
97412000AL0225,2025-06-27,True,,,,False
97413000AV1070,2025-11-26,True,,,,False
97423000AK1824,2024-08-14,True,,,,False
97409000AT1439,2025-03-17,True,,,,False
97418000AT2391,2024-07-04,False,,,,False
97418000BN0031,2025-02-06,True,,,,False
97413000CU0988,2024-08-26,False,,,,False
97409000AC1082,2024-09-11,False,,,,False
97417000AI0093,2024-03-12,True,,,,False
97415000CO0361,2025-07-01,True,,,,False
97415000ER1511,2025-10-21,False,,,,False
97415000AZ2027,2025-06-05,False,,,,False
97415000BZ0397,2025-11-26,True,,,,False
97409000BK0727,2024-06-28,False,,,,False
97422000CL1244,2025-06-30,False,,,,False
97408000AS0210,2025-03-07,True,,,,False
97415000BN1292,2024-10-25,False,,,,False
97402000AI0956,2024-05-21,True,,,,False
97407000AS0032,2025-10-22,False,,,,False
97410000AT1072,2024-05-22,True,,,,False
97416000DE0381,2025-07-07,True,,,,False
97413000DJ0577,2025-07-17,True,,,,False
97412000CI0226,2025-10-17,False,,,,False
97404000BA0280,2025-03-05,False,,,,False
97409000BE1509,2025-06-18,False,,,,False
97416000HM0622,2024-02-27,True,,,,False
97423000AH1829,2025-03-11,False,,,,False
97408000BL0046,2025-08-01,False,,,,False
97419000AX0563,2024-02-21,False,,,,False
97415000CV0700,2025-11-28,True,,,,False
97418000BV0445,2024-04-17,False,,,,False
97405000BE1561,2025-07-11,False,,,,False
97401000AM1946,2025-11-12,True,,,,False
97409000AV0497,2025-04-04,True,,,,False
97404000AT0752,2024-09-18,False,,,,False
97416000CZ1593,2024-09-06,True,,,,False
97401000AR0041,2025-03-13,True,,,,False
97422000AE0728,2024-11-29,False,,,,False
97417000AT0970,2024-01-24,False,,,,False
97416000CZ2183,2025-07-24,True,,,,False
97416000ET2128,2025-05-19,True,,,,False
97411000CD0780,2025-05-14,True,,,,False
97415000ET1753,2025-09-09,False,,,,False
97424000AL0756,2024-02-20,True,,,,False
97416000IB0296,2025-04-23,False,,,,False
97414000HE0460,2025-09-15,True,,,,False
97414000CR0674,2024-04-25,True,,,,False
97415000DE1352,2025-11-07,True,,,,False
97422000BK1578,2025-02-24,False,,,,False
97415000ES0275,2025-06-17,False,,,,False
97412000AM1255,2024-01-26,False,,,,False
97420000BE0062,2025-10-14,False,,,,False
97415000AW2344,2024-06-20,False,,,,False
97407000AI1116,2025-04-16,False,,,,False
97401000AR1386,2025-04-25,False,,,,False
97409000BD0566,2025-03-03,True,,,,False
97412000BW1859,2025-08-29,False,,,,False
97415000EP1157,2024-04-19,False,,,,False
97412000AM2078,2025-02-11,True,,,,False
97404000AY0414,2024-12-09,False,,,,False
97414000DM0100,2024-01-29,False,,,,False
97422000BI0502,2025-08-04,True,,,,False
97416000HZ0115,2025-07-11,False,,,,False
97405000AK1856,2024-10-17,False,,,,False
97416000HY1794,2025-10-14,True,,,,False
97410000AV0675,2024-11-25,True,,,,False
97423000AB1913,2025-09-04,False,,,,False
97412000AL0402,2025-05-05,True,,,,False
97413000DK0062,2024-05-30,True,,,,False
97408000AR0818,2025-09-08,True,,,,False
97418000AY0204,2025-06-24,False,,,,False
97422000BP1985,2025-04-08,True,,,,False
97415000EW1327,2025-04-01,False,,,,False
97410000BM0883,2025-12-17,False,,,,False
97415000BW0861,2024-04-30,True,,,,False
97416000IK0258,2024-12-20,True,,,,False
97411000HR0034,2025-02-21,False,,,,False
97416000HL0293,2024-07-05,False,,,,False
97405000AV0146,2024-09-11,False,,,,False
97405000AZ0591,2024-08-29,False,,,,False
97402000AC0120,2024-01-23,True,,,,False
97416000CS1557,2024-02-29,True,,,,False
97405000AL1164,2024-11-29,True,,,,False
97409000AI0950,2025-10-20,False,,,,False
97422000AY0054,2024-11-26,False,,,,False
97414000ET0565,2024-02-29,True,,,,False
97409000BE1980,2025-10-07,True,,,,False
97418000AV2622,2025-09-05,True,,,,False
97408000AC2170,2025-10-14,False,,,,False
97422000AV0618,2025-12-16,False,,,,False
97405000BE1464,2025-08-08,False,,,,False
97415000BP0979,2025-12-30,True,,,,False
97420000BH1317,2024-11-25,False,,,,False
97415000CH2546,2025-08-25,False,,,,False
97424000AM0161,2024-09-06,False,,,,False
97407000AL1652,2025-09-02,False,,,,False
97416000CZ0911,2024-04-16,True,,,,False
97406000AO0524,2024-09-27,True,,,,False
97406000AV0878,2024-08-12,False,,,,False
97420000AR0362,2024-12-30,True,,,,False
97412000BX1356,2024-07-25,False,,,,False
97410000AS1112,2024-11-29,True,,,,False
97403000AO0874,2024-06-19,False,,,,False
97409000AD0649,2024-08-22,False,,,,False
97408000AN1524,2024-01-03,False,,,,False
97417000AT0423,2024-03-15,False,,,,False
97416000HY1623,2025-07-10,False,,,,False
97415000BX0104,2024-06-25,True,,,,False
97418000AD0302,2025-10-16,True,,,,False
97414000CV0405,2024-09-16,False,,,,False
97411000HD0108,2024-11-25,True,,,,False
97415000AB0595,2025-07-29,True,,,,False
97407000AK1934,2025-03-05,False,,,,False
97415000BN0920,2025-12-19,False,,,,False
97416000CW0926,2024-04-25,True,,,,False
97422000BL1725,2025-04-11,False,,,,False
97416000EK0291,2025-08-19,False,,,,False
97405000AK1550,2024-05-06,True,,,,False
97424000AI1485,2025-09-12,False,,,,False
97407000AI0933,2024-10-21,True,,,,False
97414000EN4065,2025-04-18,False,,,,False
97405000AI0011,2025-05-12,True,,,,False
97407000BI0350,2025-04-16,True,,,,False
97415000EP0802,2024-06-27,False,,,,False
97421000AR0057,2024-05-30,True,,,,False
97416000CZ1885,2025-07-24,True,,,,False
97415000CH2359,2025-10-10,True,,,,False
97408000AT0858,2025-10-28,False,,,,False
97418000AC1349,2025-10-16,True,,,,False
97420000AR1031,2025-03-25,False,,,,False
97422000CN1098,2025-11-21,False,,,,False
97411000HC0259,2025-06-27,True,,,,False
97408000AC3714,2024-12-10,True,,,,False
97422000EK0004,2024-03-18,False,,,,False
97406000AI0619,2024-10-31,False,,,,False
97409000AE0243,2024-09-16,False,,,,False
97411000EI0245,2024-06-20,True,,,,False
97404000AE1157,2024-09-30,False,,,,False
97422000BL0737,2025-06-10,True,,,,False
97404000AD1552,2024-06-27,True,,,,False
97411000AN0123,2024-04-29,False,,,,False
97409000AE0306,2024-05-17,False,,,,False
97411000CM0550,2025-12-23,False,,,,False
97405000AL0576,2024-10-16,False,,,,False
97415000DI0005,2024-09-05,False,,,,False
97420000BH2180,2025-05-13,False,,,,False
97415000HI0501,2024-07-23,True,,,,False
97415000CT1235,2025-03-07,True,,,,False
97416000ET2162,2025-11-25,False,,,,False
97405000AE0038,2024-07-11,True,,,,False
97407000AO1604,2025-09-01,True,,,,False
97418000AO1132,2025-07-17,False,,,,False
97405000BE1687,2024-04-26,False,,,,False
97413000DE1631,2024-03-07,False,,,,False
97408000AX0317,2024-11-21,True,,,,False
97422000AX1344,2025-04-25,True,,,,False
97418000AT2390,2024-07-30,False,,,,False
97404000BA0145,2024-08-09,False,,,,False
97412000CX0484,2024-11-13,False,,,,False
97414000CS0381,2025-06-27,True,,,,False
97403000AL0537,2024-11-21,False,,,,False
97411000EM0045,2025-03-17,True,,,,False
97409000AK1204,2025-12-26,False,,,,False
97416000EV0067,2025-04-17,False,,,,False
97416000EV0703,2024-12-30,False,,,,False
97405000AE0450,2025-09-08,True,,,,False
97416000DN0475,2024-10-18,True,,,,False
97411000HS0495,2024-07-31,False,,,,False
97422000AP0415,2025-03-26,False,,,,False
97415000EY1762,2025-05-22,False,,,,False
97420000BH1552,2024-12-19,False,,,,False
97415000AH1067,2024-11-20,False,,,,False
97416000HW0249,2024-12-27,False,,,,False
97422000BD2952,2024-12-30,True,,,,False
97414000CN0700,2025-09-25,False,,,,False
97405000AV0438,2025-03-27,False,,,,False
97415000CY1042,2025-08-14,True,,,,False
97414000DM0591,2024-02-15,False,,,,False
97422000BH1223,2024-09-23,False,,,,False
97424000AE2419,2024-05-27,True,,,,False
97411000HS0504,2024-07-31,True,,,,False
97411000HE0222,2025-09-30,False,,,,False
97402000AB1100,2024-10-31,False,,,,False
97410000CL0475,2025-03-27,True,,,,False
97413000CH0536,2025-01-29,True,,,,False
97422000BT1283,2024-01-08,False,,,,False
97416000ET2171,2025-02-19,True,,,,False
97413000BM0792,2024-03-28,True,,,,False
97415000BW2086,2024-07-18,False,,,,False
97412000CI0286,2024-06-10,False,,,,False
97416000CV1306,2025-03-19,False,,,,False
97422000BO1710,2024-04-26,True,,,,False
97422000BR1855,2024-12-30,True,,,,False
97404000AH0991,2025-04-28,False,,,,False
97412000BW0657,2024-10-24,True,,,,False
97424000AE0397,2025-01-16,False,,,,False
97415000DK1170,2024-04-26,True,,,,False
97411000DX0079,2025-05-14,False,,,,False
97422000BM0544,2024-07-30,False,,,,False
97404000AE1535,2025-08-20,False,,,,False
97424000AO0811,2025-08-21,False,,,,False
97411000DM0720,2024-07-24,True,,,,False
97402000AI0492,2024-10-28,True,,,,False
97415000CH2375,2025-10-10,True,,,,False
97415000CO0341,2025-07-01,True,,,,False
97423000AH1791,2025-01-03,True,,,,False
97414000EX0630,2024-10-14,True,,,,False
97415000BZ0212,2024-12-19,True,,,,False
97413000CX2843,2025-08-28,False,,,,False
97410000AE1289,2024-05-28,True,,,,False
97412000AN0428,2024-09-11,True,,,,False
97405000AO0696,2024-04-03,False,,,,False
97422000BW1243,2024-07-26,True,,,,False
97415000EO1093,2024-12-24,True,,,,False
97411000AV0529,2024-03-15,False,,,,False
97416000CW1945,2025-03-19,True,,,,False
97401000AS1388,2025-10-21,True,,,,False
97415000CM1698,2024-04-30,False,,,,False
97412000AM2062,2024-11-29,True,,,,False
97414000EN4116,2024-11-25,True,,,,False
97408000BO0391,2025-12-22,True,,,,False
97414000CH1956,2024-05-29,False,,,,False
97422000BP1952,2025-04-08,True,,,,False
97418000BT0129,2024-11-05,False,,,,False
97408000AO1785,2025-07-29,True,,,,False
97418000AT2306,2025-04-30,True,,,,False
97414000ET2296,2025-01-15,False,,,,False
97412000CI0034,2024-02-19,False,,,,False
97411000BZ1782,2025-12-24,False,,,,False
97423000AK2035,2024-06-04,False,,,,False
97418000AX0534,2025-10-13,True,,,,False
97416000CV1759,2025-03-04,True,,,,False
97422000BS0903,2024-01-22,True,,,,False
97411000BL0504,2024-11-13,False,,,,False
97418000BM0494,2025-10-16,True,,,,False
97418000AR0012,2025-06-27,False,,,,False
97415000CT3069,2024-07-31,True,,,,False
97408000AC2487,2024-04-22,False,,,,False
97406000AK0078,2024-05-23,False,,,,False
97422000CM0307,2025-04-04,False,,,,False
97409000AL1814,2024-06-28,False,,,,False
97410000AB1043,2024-11-29,False,,,,False
97415000EN0248,2024-11-19,True,,,,False
97411000EN0645,2025-07-08,True,,,,False
97419000AR0816,2025-01-06,False,,,,False
97410000CD0913,2024-05-28,False,,,,False
97414000EX0877,2025-09-11,False,,,,False
97412000CD0942,2025-03-04,True,,,,False
97414000HB0042,2024-09-16,False,,,,False
97414000EK0403,2025-07-15,True,,,,False
97416000DE1658,2025-08-14,False,,,,False
97415000AW2365,2025-10-03,False,,,,False
97411000AP0066,2024-11-26,False,,,,False
97408000AP1673,2025-08-20,False,,,,False
97421000BD0635,2024-05-10,False,,,,False
97415000DM1477,2025-12-17,False,,,,False
97415000CK0866,2025-07-01,True,,,,False
97415000EX0375,2025-01-17,True,,,,False
97404000AV0157,2025-09-30,False,,,,False
97415000CD0611,2024-05-30,False,,,,False
97409000AM0232,2024-01-24,False,,,,False
97416000CS1576,2024-08-26,True,,,,False
97422000BD2191,2025-07-30,False,,,,False
97418000AT2272,2024-08-30,True,,,,False
97405000BI1182,2024-03-04,True,,,,False
97415000AS1847,2024-04-12,True,,,,False
97411000BZ1552,2025-09-02,True,,,,False
97415000AV0754,2024-10-01,False,,,,False
97415000CW1083,2025-05-21,True,,,,False
97414000CO0131,2025-02-21,True,,,,False
97418000AE0162,2024-07-22,True,,,,False
97403000AL0271,2025-09-18,False,,,,False
97415000BO0380,2024-02-27,False,,,,False
97416000HZ0974,2024-11-18,True,,,,False
97410000AL0474,2025-12-23,True,,,,False
97416000IA1896,2025-11-14,True,,,,False
97415000CW0825,2025-07-01,True,,,,False
97414000CH1965,2024-11-29,False,,,,False
97415000EY1844,2025-04-24,False,,,,False
97416000CS1548,2024-02-29,True,,,,False
97404000BA0076,2024-07-25,True,,,,False
97416000EN1171,2025-10-31,False,,,,False
97411000BZ0639,2025-07-21,False,,,,False
97409000AI0497,2025-04-17,True,,,,False
97416000ES0793,2025-02-04,False,,,,False
97415000DR0690,2025-07-07,True,,,,False
97405000AM0879,2025-12-12,False,,,,False
97402000AC0121,2024-01-23,True,,,,False
97413000DE1996,2025-10-07,False,,,,False
97414000EK0650,2024-04-02,True,,,,False
97412000AP0408,2025-01-06,False,,,,False
97412000AO0941,2024-07-05,False,,,,False
97415000ET1594,2024-05-27,False,,,,False
97410000AN0857,2025-10-31,False,,,,False
97415000AW1350,2025-09-26,True,,,,False
97411000HP0394,2025-04-18,True,,,,False
97401000AD1345,2025-05-28,False,,,,False
97409000AS1795,2024-06-28,False,,,,False
97415000DE0666,2025-03-21,False,,,,False
97405000AD0735,2024-06-13,True,,,,False
97415000ES0799,2024-03-14,False,,,,False
97416000CR1039,2025-10-08,False,,,,False
97422000BH1134,2024-08-06,False,,,,False
97402000AK1159,2024-08-06,True,,,,False
97422000BP1949,2025-04-08,True,,,,False
97406000AI1078,2025-10-28,False,,,,False
97416000CZ2078,2025-06-06,False,,,,False
97410000AL0444,2025-06-06,True,,,,False
97412000CN0034,2024-03-01,True,,,,False
97406000AI1033,2025-12-22,False,,,,False
97411000DR0334,2024-09-26,False,,,,False
97418000AV1084,2024-07-30,True,,,,False
97413000CJ1003,2025-11-26,False,,,,False
97416000EV0164,2024-05-06,True,,,,False
97414000CM0216,2024-12-30,True,,,,False
97412000AW0648,2025-03-11,True,,,,False
97401000AM0737,2025-11-28,True,,,,False
97411000IT0183,2024-09-03,False,,,,False
97411000AB0017,2024-06-27,False,,,2026-08-26 16:11:07.348255+00:00,False
97401000AD0190,2024-06-27,False,,,,False
97408000AS0596,2025-10-29,True,,,,False
97409000AH0120,2025-12-09,False,,,,False
97411000AN0674,2024-07-12,False,,,,False
97408000AT2045,2024-03-15,False,,,,False
97416000ET2132,2024-05-14,True,,,,False
97410000AL0442,2025-06-06,True,,,,False
97422000BV3062,2025-04-08,True,,,,False
97414000EK0646,2024-04-02,True,,,,False
97418000AY0480,2024-12-16,True,,,,False
97415000CY1238,2024-01-23,False,,,,False
97410000AV0663,2025-08-20,False,,,,False
97411000KB0224,2024-02-19,False,,,,False
97415000CO0474,2025-07-01,True,,,,False
97409000AR0710,2024-02-28,False,,,,False
97415000CS1262,2025-05-26,True,,,,False
97410000AC0620,2025-01-16,False,,,,False
97411000EI0026,2025-10-27,False,,,,False
97410000BM0690,2024-10-08,False,,,,False
97416000EL0899,2024-07-25,False,,,,False
97412000BK1725,2025-02-06,False,,,,False
97422000BH1834,2025-05-27,True,,,,False
97411000BH0088,2024-09-26,False,,,,False
97412000CD0603,2025-03-13,False,,,,False
97415000DE1160,2024-02-09,False,,,,False
97414000ES1031,2025-03-13,False,,,,False
97420000BE0966,2024-08-23,True,,,,False
97411000DK0460,2024-12-02,True,,,,False
97422000BH1023,2025-09-17,False,,,,False
97422000CN0120,2025-06-04,True,,,,False
97420000BC1140,2024-12-13,True,,,,False
97403000AR1520,2025-10-31,False,,,,False
97405000AE0589,2025-12-12,True,,,,False
97412000AX1021,2024-12-12,True,,,,False
97424000AE1538,2025-01-14,False,,,,False
97424000AM0902,2024-05-31,False,,,,False
97405000AK1548,2024-05-06,True,,,,False
97413000CR1129,2024-11-26,False,,,,False
97415000AW2403,2025-09-09,False,,,,False
97409000BH0212,2025-12-12,False,,,,False
97408000AN0618,2025-08-29,False,,,,False
97414000DE1413,2024-12-19,True,,,,False
97415000CT3070,2024-07-31,True,,,,False
97407000AK1869,2024-08-02,False,,,,False
97411000IH0546,2024-06-06,True,,,,False
97414000HA0440,2025-07-10,True,,,,False
97423000AC0359,2024-01-14,True,,,,False
97422000BV2471,2025-09-22,False,,,,False
97401000AD1637,2024-09-12,False,,,,False
97401000AR1441,2025-07-31,False,,,,False
97422000BP1989,2025-04-08,True,,,,False
97405000AX0287,2025-04-10,False,,,,False
97423000AC0408,2024-01-14,True,,,,False
97416000CS1535,2024-01-05,True,,,,False
97417000AO0242,2025-12-16,False,,,,False
97415000CO0328,2025-07-01,True,,,,False
97411000AE0060,2024-12-27,True,,,,False
97411000BK0225,2024-09-30,False,,,,False
97418000AL0213,2024-09-09,True,,,,False
97414000EN3044,2024-09-26,False,,,,False
97413000CH0463,2025-11-24,True,,,,False
97422000BD3770,2024-10-11,True,,,,False
97412000CH0273,2024-06-19,True,,,,False
97410000BS0404,2025-03-18,True,,,,False
97410000AN0896,2025-12-15,True,,,,False
97405000AK1803,2024-08-12,False,,,,False
97410000BX1734,2024-10-17,True,,,,False
97416000CS1522,2024-02-29,True,,,,False
97409000AK0891,2024-01-24,False,,,,False
97416000ET1950,2025-10-29,False,,,,False
97410000BX1017,2024-06-28,False,,,,False
97415000ER1747,2024-12-13,True,,,,False
97409000BL0206,2024-07-16,True,,,,False
97422000DE0560,2024-06-14,True,,,,False
97404000AL0487,2025-06-30,False,,,,False
97416000HT0061,2024-11-27,False,,,,False
97424000AD0084,2025-01-16,False,,,,False
97418000AS0688,2024-01-31,False,,,,False
97411000HP0402,2025-04-18,True,,,,False
97410000AL0440,2025-12-23,True,,,,False
97411000IS0506,2025-09-16,True,,,,False
97413000BM0715,2025-06-27,True,,,,False
97416000EV1848,2025-08-29,False,,,,False
97413000DD1535,2025-12-19,True,,,,False
97401000AR1758,2025-03-13,True,,,,False
97405000BI1153,2024-04-18,False,,,,False
97415000DK1138,2024-02-27,True,,,,False
97413000CG0878,2024-01-17,False,,,,False
97410000AX1042,2024-10-16,False,,,,False
97415000DX0398,2025-03-17,True,,,,False
97415000BN0552,2025-12-19,False,,,,False
97408000AC3288,2025-05-07,False,,,,False
97414000CO1449,2025-12-04,False,,,,False
97411000AM0484,2024-01-03,False,,,,False
97415000DY0069,2024-03-28,True,,,,False
97405000AM0702,2024-03-08,False,,,,False
97422000AH0411,2024-12-03,True,,,,False
97412000CX0542,2025-05-23,False,,,,False
97422000AL0905,2025-07-22,True,,,,False
97415000BP0013,2024-05-13,True,,,,False
97404000AE1514,2025-04-15,True,,,,False
97410000AR1467,2024-12-27,True,,,,False
97415000EY1703,2025-11-20,True,,,,False
97422000AX0765,2024-04-03,True,,,,False
97408000AO1867,2024-09-06,False,,,,False
97418000AT1074,2025-11-26,False,,,,False
97412000CD1164,2025-07-16,True,,,,False
97422000BW2802,2025-04-03,True,,,,False
97420000AD0321,2024-10-31,True,,,,False
97414000EL2398,2024-03-26,True,,,,False
97415000BX0218,2024-09-16,True,,,,False
97413000AV0933,2025-12-17,False,,,,False
97403000AP2350,2025-07-16,True,,,,False
97415000CS1260,2025-05-26,True,,,,False
97404000AM1100,2024-04-24,True,,,,False
97407000AH1363,2025-12-31,True,,,,False
97415000BP0159,2024-10-02,False,,,,False
97415000EY0525,2025-05-09,False,,,,False
97416000ES2234,2025-06-02,False,,,,False
97403000AO0662,2025-03-31,True,,,,False
97415000AT0581,2025-01-09,True,,,,False
97415000CT0807,2024-08-08,False,,,,False
97412000AZ0952,2024-09-27,True,,,,False
97415000CL0922,2025-12-23,False,,,,False
97415000DM1028,2024-01-17,True,,,,False
97409000BK0968,2025-12-05,False,,,,False
97414000EK0643,2024-04-02,True,,,,False
97416000HI0835,2025-11-28,False,,,,False
97410000AV0665,2024-12-04,True,,,,False
97410000BE0556,2025-05-27,True,,,,False
97405000AW1683,2024-06-25,False,,,,False
97421000BC0092,2025-05-16,True,,,,False
97407000AO1183,2025-09-01,True,,,,False
97415000EO1069,2025-04-30,False,,,,False
97411000AE0765,2024-05-23,False,,,,False
97414000HK0166,2024-12-12,False,,,,False
97424000AM0898,2025-08-08,False,,,,False
97415000AB0742,2025-02-11,True,,,,False
97413000DA0219,2024-08-26,False,,,,False
97422000AD1151,2024-10-29,False,,,,False
97422000AY1237,2025-08-07,False,,,,False
97411000HP0220,2025-07-31,True,,,,False
97411000AS0054,2024-03-20,True,,,,False
97413000CQ0167,2025-07-25,False,,,,False
97422000BP0492,2025-10-28,False,,,,False
97422000CL1481,2025-10-20,False,,,,False
97410000AH0880,2025-12-16,True,,,,False
97415000EK0626,2024-02-09,True,,,,False
97401000AN1350,2025-02-10,False,,,,False
97422000BD2573,2025-06-10,True,,,,False
97422000BT0943,2024-10-09,False,,,,False
97403000AR1498,2024-10-30,False,,,,False
97408000AP1658,2025-09-11,True,,,,False
97407000AO1599,2025-09-01,True,,,,False
97416000IK0257,2024-12-20,True,,,,False
97422000EK0252,2024-06-13,True,,,,False
97418000AP1110,2024-02-28,True,,,,False
97411000BK0127,2024-12-18,True,,,,False
97414000EX0013,2025-11-07,True,,,,False
97422000BH1113,2025-05-22,False,,,,False
97418000BE0151,2024-08-16,False,,,,False
97413000BE0033,2024-08-28,True,,,,False
97405000AW1675,2024-04-25,False,,,,False
97408000AC3743,2025-03-17,False,,,,False
97415000CX0662,2025-05-12,True,,,,False
97412000CE0427,2025-07-15,True,,,,False
97416000ET2123,2025-04-22,True,,,,False
97415000CM2362,2024-11-02,True,,,,False
97422000AS0632,2025-11-13,False,,,,False
97411000HK0078,2025-07-30,False,,,,False
97412000BY0774,2024-01-18,False,,,,False
97422000BD1125,2025-08-28,False,,,,False
97409000BM1230,2025-09-22,False,,,,False
97411000DL0222,2024-11-12,False,,,,False
97412000CX0312,2025-10-14,False,,,,False
97418000AO1086,2025-06-27,False,,,,False
97413000BM0787,2024-03-28,True,,,,False
97414000HC0302,2024-04-12,False,,,,False
97403000AS0736,2025-03-21,False,,,,False
97409000AS2106,2024-08-01,True,,,,False
97411000DP0361,2025-07-11,False,,,,False
97415000CM0612,2025-12-11,False,,,,False
97414000EN3328,2025-11-20,True,,,,False
97422000CX0980,2025-10-24,True,,,,False
97403000AM0780,2024-06-14,False,,,,False
97416000IL0133,2025-05-28,False,,,,False
97421000AV1108,2025-06-19,False,,,,False
97406000AV0887,2024-05-27,True,,,,False
97411000HD0144,2025-05-22,True,,,,False
97416000EW1265,2024-06-26,True,,,,False
97415000BO0422,2024-06-18,True,,,,False
97416000HY1241,2024-09-26,False,,,,False
97408000AR1047,2025-08-20,False,,,,False
97422000DO0464,2024-10-01,True,,,,False
97410000BX0898,2024-02-13,False,,,,False
97405000AW1673,2024-11-18,False,,,,False
97422000AW0865,2024-09-19,True,,,,False
97403000AP2307,2024-02-19,False,,,,False
97411000EI0327,2024-06-20,True,,,,False
97408000AP1679,2025-09-11,True,,,,False
97415000EO0775,2025-10-10,True,,,,False
97409000BL0208,2024-09-17,True,,,,False
97410000AE1371,2024-06-26,False,,,,False
97407000BE0209,2024-12-11,False,,,,False
97408000AM1275,2024-11-05,False,,,,False
97405000AY0741,2024-12-09,False,,,,False
97406000AT0598,2025-08-01,True,,,,False
97422000BK2332,2025-06-30,True,,,,False
97416000HX1501,2024-11-04,False,,,,False
97416000HS0521,2024-02-05,True,,,,False
97413000DG0424,2025-03-28,False,,,,False
97409000BE1939,2025-10-07,True,,,,False
97401000AM1648,2024-08-13,True,,,,False
97415000AY0675,2025-03-07,True,,,,False
97414000HE0064,2024-02-07,False,,,,False
97401000AN1285,2024-05-29,False,,,,False
97410000BX1540,2025-11-17,False,,,,False
97409000BR0178,2025-11-19,True,,,,False
97424000AE1857,2025-12-30,False,,,,False
97410000AH0971,2025-10-20,False,,,,False
97409000AP1826,2024-03-20,True,,,,False
97415000DM1578,2024-10-31,True,,,,False
97415000AB0690,2025-07-29,True,,,,False
97408000AC3642,2024-02-12,False,,,,False
97409000BD0584,2024-09-02,False,,,,False
97409000AL1971,2024-12-26,True,,,,False
97408000BL0182,2024-10-08,False,,,,False
97418000AP2474,2025-03-14,True,,,,False
97401000AT0581,2024-02-12,True,,,,False
97418000AV1028,2025-07-01,False,,,,False
97422000EK0059,2024-12-02,False,,,,False
97404000AS0355,2024-10-11,False,,,,False
97409000AZ0692,2024-05-06,True,,,,False
97409000AZ0811,2025-09-15,False,,,,False
97414000ET1511,2025-08-26,True,,,,False
97418000AC1216,2025-10-16,True,,,,False
97415000DX0273,2024-08-14,False,,,,False
97412000BI0244,2025-03-21,True,,,,False
97403000AO0213,2025-08-12,False,,,,False
97422000CS1364,2025-09-29,True,,,,False
97408000AM0993,2024-12-27,False,,,,False
97415000EH0520,2024-03-29,True,,,,False
97415000EO0976,2024-07-15,True,,,,False
97411000AZ0133,2025-02-12,True,,,,False
97410000AS1114,2024-11-29,True,,,,False
97420000BH1187,2025-06-16,False,,,,False
97413000CS0727,2025-04-10,False,,,,False
97418000AP3242,2025-05-09,False,,,,False
97423000AC0332,2024-01-14,True,,,,False
97404000AX0656,2024-07-08,True,,,,False
97418000AC1586,2025-10-16,True,,,,False
97417000AO0558,2024-11-06,True,,,,False
97411000HN0256,2025-11-05,False,,,,False
97411000HD0201,2025-07-31,False,,,,False
97416000DS0989,2025-03-20,True,,,,False
97413000CU0982,2024-09-20,False,,,,False
97415000AB0683,2025-07-29,True,,,,False
97416000DV0184,2024-10-08,False,,,,False
97416000HW0207,2024-12-09,False,,,,False
97418000AO0977,2025-02-17,False,,,,False
97412000AM2042,2025-12-18,False,,,,False
97415000BW2116,2024-09-10,False,,,,False
97408000AP1666,2025-09-11,True,,,,False
97417000AS0121,2025-12-10,False,,,,False
97412000AM2044,2024-03-11,True,,,,False
97407000AO1185,2025-09-01,True,,,,False
97411000EK0090,2025-02-07,True,,,,False
97402000AK0337,2025-11-27,False,,,,False
97405000BE0857,2025-06-26,False,,,,False
97416000IA1870,2024-04-30,False,,,,False
97405000AD0747,2025-09-08,False,,,,False
97423000AK1668,2025-12-05,False,,,,False
97414000EN1595,2025-08-06,False,,,,False
97412000CD0954,2024-03-18,False,,,,False
97407000AV0345,2025-07-24,True,,,,False
97409000AR1810,2024-12-17,True,,,,False
97411000CP0153,2024-03-11,False,,,,False
97415000ER1754,2024-03-04,True,,,,False
97422000BK1529,2025-04-28,True,,,,False
97422000EK0399,2024-10-09,True,,,,False
97412000CE0453,2025-07-15,True,,,,False
97409000BE1000,2025-04-30,False,,,,False
97415000HM0115,2024-06-28,False,,,,False
97411000AZ0130,2025-06-09,True,,,,False
97409000AY0501,2025-08-28,False,,,,False
97416000EK0526,2024-05-28,False,,,,False
97410000BH0087,2024-06-06,False,,,,False
97407000AL0918,2025-01-17,False,,,,False
97418000AT2495,2024-06-20,False,,,,False
97411000HN0074,2025-12-31,False,,,,False
97415000DP0331,2024-02-02,True,,,,False
97410000AK0761,2024-10-04,False,,,,False
97410000AT0355,2024-12-23,False,,,,False
97401000AP0600,2025-05-30,True,,,,False
97414000HK0640,2024-12-12,False,,,,False
97424000AI2399,2025-12-19,False,,,,False
97414000HC0054,2025-12-15,True,,,,False
97411000AC0199,2024-09-26,False,,,,False
97415000BX0241,2024-09-16,True,,,,False
97415000DM1193,2025-03-11,True,,,,False
97412000AZ0599,2025-07-30,True,,,,False
97410000CD0951,2024-06-19,True,,,,False
97410000AR1561,2025-07-21,False,,,,False
97415000DX0391,2024-10-01,False,,,,False
97408000AP1441,2024-02-13,False,,,,False
97413000DD0684,2024-03-13,False,,,,False
97415000AX0660,2024-02-06,True,,,,False
97411000AV0298,2024-09-02,False,,,,False
97412000AM1356,2025-08-22,False,,,,False
97406000AS0281,2024-11-07,False,,,,False
97424000AD0004,2025-01-20,False,,,,False
97422000ED0007,2025-12-12,False,,,,False
97413000AV2291,2025-01-31,False,,,,False
97416000DX0492,2025-10-24,False,,,,False
97418000AC1215,2025-10-16,True,,,,False
97408000AT1381,2025-07-18,True,,,,False
97408000BO0432,2025-10-14,False,,,,False
97423000AD0502,2025-08-19,False,,,,False
97422000CO0505,2024-11-28,True,,,,False
97413000BW0373,2024-02-27,False,,,,False
97412000AL0350,2024-08-28,True,,,,False
97412000BC0627,2025-03-24,False,,,,False
97418000AT0868,2025-12-15,True,,,,False
97414000EN3947,2025-06-03,True,,,2026-08-31 20:52:36.030442+00:00,False
97422000BV2726,2025-09-30,True,,,,False
97410000AE1294,2024-05-28,True,,,,False
97424000AE0324,2025-01-16,False,,,,False
97414000EM0994,2024-08-30,True,,,,False
97406000AL0677,2024-11-05,True,,,,False
97414000EX0374,2025-04-23,False,,,,False
97405000AL1668,2025-07-15,False,,,,False
97416000ET2119,2024-03-11,True,,,,False
97418000BD0330,2024-12-23,True,,,,False
97411000IN0342,2025-02-13,False,,,,False
97422000EL0445,2024-10-18,False,,,,False
97410000AC0165,2024-10-10,True,,,,False
97415000DR0491,2024-02-02,True,,,,False
97422000BD3497,2025-01-03,False,,,,False
97405000AO0382,2024-07-03,True,,,,False
97405000AK1798,2024-03-13,False,,,,False
97415000EP0683,2025-08-29,False,,,,False
97402000AK1365,2024-03-01,False,,,,False
97411000BH0506,2025-12-22,True,,,,False
97422000CM0906,2025-06-19,True,,,,False
97422000CX1026,2025-04-18,False,,,,False
97411000CM0379,2024-07-08,True,,,,False
97413000CS0160,2025-08-28,False,,,,False
97416000CY0358,2025-03-06,False,,,,False
97417000BK0017,2024-04-24,False,,,,False
97406000AL0664,2024-11-05,True,,,,False
97410000BI0143,2024-08-20,False,,,,False
97415000BV1050,2024-01-23,True,,,,False
97411000BZ1088,2024-12-13,False,,,,False
97403000AM0767,2024-07-22,True,,,,False
97415000EY1729,2024-09-30,False,,,,False
97412000CT0335,2025-08-08,False,,,,False
97422000BM0644,2025-04-11,False,,,,False
97420000BH1954,2024-06-19,False,,,,False
97420000AB0414,2024-02-21,False,,,,False
97422000BD1915,2025-08-26,True,,,,False
97415000AS1765,2024-02-12,False,,,,False
97411000AY0569,2025-12-17,True,,,,False
97414000CT1019,2025-05-20,False,,,,False
97416000IB0231,2025-02-12,False,,,,False
97415000ER0754,2025-06-19,True,,,,False
97424000AM0903,2024-12-04,False,,,,False
97414000EN3938,2024-12-30,True,,,,False
97408000AC2932,2025-09-30,True,,,,False
97412000CE0428,2025-07-15,True,,,,False
97414000DE1770,2025-11-26,False,,,,False
97414000ET2318,2024-05-17,False,,,,False
97403000AN0231,2025-12-19,True,,,,False
97414000CV0411,2025-12-09,False,,,,False
97402000AK1893,2024-08-09,False,,,,False
97401000AR1625,2024-01-22,False,,,,False
97419000AS0795,2024-10-17,True,,,,False
97407000BC0082,2024-12-02,False,,,,False
97411000IL0031,2025-10-22,False,,,,False
97415000DW0255,2024-04-30,True,,,,False
97416000IA0535,2024-08-08,True,,,,False
97411000DM0667,2024-11-26,True,,,,False
97407000AY0065,2025-07-10,False,,,,False
97418000AV2574,2024-11-28,False,,,,False
97416000EI0277,2025-05-30,True,,,,False
97422000BH1024,2024-02-15,False,,,,False
97413000CX2872,2025-09-24,False,,,,False
97412000BW0976,2024-10-08,False,,,,False
97410000AW1119,2025-10-10,False,,,,False
97416000ET0305,2024-10-28,False,,,,False
97408000AP1681,2025-09-11,True,,,,False
97418000AX0200,2025-09-09,True,,,,False
97415000DH0332,2024-10-29,False,,,,False
97409000BR0151,2025-04-28,False,,,,False
97410000AC0667,2024-04-18,True,,,,False
97413000AV2120,2024-10-03,True,,,,False
97411000BK0386,2024-12-18,True,,,,False
97416000EZ0747,2025-04-07,False,,,,False
97410000AL0441,2025-06-06,True,,,,False
97412000AP0571,2025-07-11,False,,,,False
97424000AE1859,2024-06-27,False,,,,False
97422000BS1127,2024-01-22,True,,,,False
97414000HI1612,2025-04-22,True,,,,False
97415000CO0382,2025-07-01,True,,,,False
97409000BL0205,2024-09-17,True,,,,False
97414000DN0234,2024-07-29,False,,,,False
97410000AN0815,2025-10-29,True,,,,False
97412000BW2471,2024-12-19,True,,,,False
97413000DK0068,2024-05-30,True,,,,False
97419000AN0361,2024-11-29,True,,,,False
97405000AD0708,2024-06-13,True,,,,False
97422000CH0515,2025-08-14,True,,,,False
97413000CX2871,2025-09-11,False,,,,False
97411000DL0167,2025-10-30,False,,,,False
97411000AZ0251,2024-10-04,True,,,,False
97415000HO1028,2024-12-13,False,,,,False
97414000CR0376,2025-08-25,True,,,,False
97414000HA0190,2024-05-17,False,,,,False
97409000BM1420,2024-06-28,True,,,,False
97416000CV1590,2025-10-28,False,,,,False
97412000BS0481,2024-07-26,False,,,,False
97403000AP0244,2025-11-20,False,,,,False
97410000AN0689,2025-07-31,False,,,,False
97414000HL0355,2025-10-03,False,,,,False
97423000AK2023,2024-10-25,False,,,,False
97410000BM1352,2024-08-13,True,,,,False
97411000BX0379,2024-02-22,False,,,,False
97422000CN1291,2024-03-18,True,,,,False
97418000AY0481,2024-12-16,True,,,,False
97422000CX0540,2025-08-07,False,,,,False
97411000BD0745,2024-05-27,False,,,,False
97416000EN1257,2025-10-28,True,,,,False
97405000BE0922,2024-12-24,True,,,,False
97416000ES1195,2024-04-26,False,,,,False
97411000EP0237,2025-11-07,True,,,,False
97413000CH0919,2025-07-04,False,,,,False
97415000AX0749,2024-09-06,True,,,,False
97418000AT0319,2024-05-03,True,,,,False
97422000BR1043,2025-08-04,False,,,,False
97411000IH0018,2024-11-29,True,,,,False
97422000BN3082,2025-05-28,False,,,,False
97411000IE0376,2025-10-02,False,,,,False
97409000AX1089,2024-08-14,False,,,,False
97414000DE0246,2024-12-19,True,,,,False
97420000AZ1130,2024-06-07,True,,,,False
97411000HS0405,2024-12-18,True,,,,False
97410000BM0263,2025-02-27,False,,,,False
97416000DT0257,2025-01-27,True,,,,False
97422000BD2868,2024-04-24,True,,,,False
97404000AX0231,2024-03-25,False,,,,False
97410000AR1666,2024-04-30,True,,,,False
97409000BL0211,2024-06-25,True,,,,False
97422000BW1244,2024-07-26,True,,,,False
97416000EV1947,2025-04-30,True,,,,False
97411000AM0299,2025-05-27,False,,,,False
97408000AM0815,2024-05-03,True,,,,False
97416000DS0216,2024-12-31,False,,,,False
97418000AZ0412,2024-12-23,True,,,,False
97415000CY1051,2025-08-14,True,,,,False
97416000HI0538,2025-05-27,True,,,,False
97421000AZ0239,2024-07-06,False,,,,False
97415000AW1658,2025-04-01,False,,,,False
97416000DT0574,2024-02-08,False,,,,False
97424000AM0395,2024-09-06,False,,,,False
97405000AZ0191,2025-10-31,False,,,,False
97411000HX0434,2024-12-10,False,,,,False
97416000EX0136,2025-01-17,False,,,,False
97418000BO0031,2024-07-04,False,,,,False
97418000BM0112,2024-09-09,False,,,,False
97422000BE3001,2025-12-04,False,,,,False
97406000AL0657,2024-11-05,True,,,,False
97411000EP0243,2025-01-31,True,,,,False
97411000IH0513,2025-07-04,False,,,,False
97404000AI0319,2024-08-01,False,,,,False
97411000DY0285,2024-02-26,False,,,,False
97402000AI0520,2025-03-11,False,,,,False
97405000BE1750,2024-05-23,True,,,,False
97402000AH0767,2025-06-30,False,,,,False
97413000CF0116,2025-04-29,True,,,,False
97416000EK0091,2024-12-06,False,,,,False
97415000HN0151,2024-05-07,True,,,,False
97401000AT0735,2024-10-31,True,,,,False
97420000BE0965,2025-04-16,True,,,,False
97422000CE0795,2024-07-22,True,,,,False
97415000BK0113,2025-10-14,True,,,,False
97409000BL0213,2024-06-25,True,,,,False
97422000BR0470,2025-02-17,False,,,,False
97420000AY0077,2024-09-09,True,,,,False
97413000AV1366,2024-04-30,False,,,,False
97411000BH0694,2025-05-22,False,,,,False
97415000BP0489,2024-10-11,True,,,,False
97414000EN2165,2024-02-16,False,,,,False
97422000BN0554,2024-07-10,False,,,,False
97412000BM0915,2024-12-27,False,,,,False
97422000AL0992,2025-04-04,True,,,,False
97405000BH1021,2024-06-21,True,,,,False
97420000BE0051,2025-08-27,False,,,,False
97420000AZ0877,2024-06-10,False,,,,False
97412000BR0319,2025-09-15,False,,,,False
97414000HD0427,2024-05-31,False,,,,False
97406000AV0978,2025-04-30,True,,,,False
97412000BL0621,2025-07-10,True,,,,False
97409000AP1239,2024-06-11,False,,,,False
97408000AM0316,2024-09-30,True,,,,False
97415000CL0921,2024-08-29,False,,,,False
97411000BP0580,2024-04-10,True,,,,False
97418000AP3268,2025-02-04,False,,,,False
97423000AH1818,2025-07-18,True,,,,False
97404000AD0710,2024-03-29,True,,,,False
97415000AY0560,2025-09-19,False,,,,False
97413000AC0848,2024-09-20,True,,,,False
97415000CT3022,2025-09-29,False,,,,False
97410000AP0419,2025-10-21,False,,,,False
97411000BP0882,2024-12-30,True,,,,False
97412000AL0334,2024-08-28,True,,,,False
97416000CS1526,2024-02-29,True,,,,False
97409000AL0620,2024-12-26,True,,,,False
97410000AM0275,2024-11-15,False,,,,False
97422000EK0169,2025-08-18,False,,,,False
97411000AN0231,2024-03-18,False,,,,False
97411000DN0137,2025-02-27,False,,,,False
97410000AL0434,2025-12-23,True,,,,False
97404000AI1954,2025-08-22,False,,,,False
97420000AK0144,2024-03-19,True,,,,False
97416000HY0415,2025-03-14,False,,,,False
97416000IH0018,2024-08-29,False,,,,False
97415000DR0487,2024-02-02,True,,,,False
97412000AP0219,2024-11-22,False,,,,False
97413000CX2547,2025-09-22,True,,,,False
97411000BZ1134,2025-10-22,False,,,,False
97411000AT0403,2025-08-19,False,,,,False
97411000IW0290,2025-08-13,True,,,,False
97418000AP4158,2024-07-31,True,,,,False
97411000BK0234,2024-03-26,True,,,,False
97417000AO0547,2025-01-10,False,,,,False
97415000CK0912,2025-09-05,True,,,,False
97412000AY0168,2024-11-26,True,,,,False
97403000AP2249,2025-02-26,False,,,,False
97411000CM0514,2025-07-11,True,,,,False
97411000AT0474,2024-09-16,False,,,,False
97412000AW0576,2025-03-11,True,,,,False
97420000BC1911,2025-06-10,False,,,,False
97416000EW1254,2024-10-03,False,,,,False
97422000BH2086,2024-11-18,False,,,,False
97415000CV1203,2025-09-09,True,,,,False
97416000EM0247,2024-01-26,False,,,,False
97416000DN0317,2024-12-19,True,,,,False
97406000AW0271,2024-08-23,False,,,,False
97408000AC2760,2025-10-17,False,,,,False
97418000AD0875,2025-10-16,True,,,,False
97422000BD2869,2024-04-24,True,,,,False
97410000AL0419,2025-06-06,True,,,,False
97415000CH3297,2024-01-24,False,,,,False
97412000BC0652,2024-05-31,False,,,,False
97404000AD1322,2024-11-21,True,,,,False
97415000CW0833,2025-07-01,True,,,,False
97402000AB1219,2025-06-24,False,,,,False
97405000AE0942,2025-05-13,False,,,,False
97420000AS0346,2025-12-30,True,,,,False
97418000AP4286,2024-12-23,True,,,,False
97422000CN1360,2024-06-19,False,,,,False
97410000BX1458,2024-02-13,False,,,,False
97415000DE1354,2025-11-07,True,,,,False
97403000AP1151,2024-10-07,False,,,,False
97415000CW1030,2024-04-19,False,,,,False
97416000CS1254,2024-04-16,True,,,,False
97414000HI0702,2024-03-29,True,,,,False
97415000DI0663,2024-06-18,True,,,,False
97416000DM0901,2024-09-13,True,,,,False
97413000CS0353,2025-07-11,True,,,,False
97422000BD2757,2024-03-07,True,,,,False
97418000AY0539,2024-05-23,False,,,,False
97415000AY0758,2024-10-22,False,,,,False
97409000AX0890,2024-08-28,False,,,,False
97415000AT0226,2024-08-08,False,,,,False
97411000AS0684,2024-03-18,False,,,,False
97422000AY0518,2024-09-25,True,,,,False
97422000BW0912,2025-05-19,False,,,,False
97422000BH0638,2025-06-25,True,,,,False
97415000BZ0640,2024-12-19,True,,,,False
97405000AZ0864,2024-08-29,False,,,,False
97415000AS1035,2025-08-25,False,,,,False
97415000CT2645,2024-05-17,True,,,,False
97415000DE1271,2025-05-20,False,,,,False
97410000AO0407,2025-11-27,False,,,,False
97416000EL0512,2025-07-07,False,,,,False
97415000AV0418,2025-07-03,False,,,,False
97412000BM1293,2024-04-30,True,,,,False
97424000AI0862,2025-12-11,False,,,,False
97405000AL1287,2025-03-13,False,,,,False
97415000CM2285,2024-09-11,False,,,,False
97412000BW2491,2025-12-12,True,,,,False
97415000AV0368,2024-11-15,True,,,,False
97415000CH1282,2024-04-17,False,,,,False
97416000HZ1075,2025-10-31,False,,,,False
97411000EP0236,2025-11-07,True,,,,False
97405000AD0652,2024-01-19,False,,,,False
97416000CW2188,2025-07-03,False,,,,False
97415000EH0551,2024-08-09,False,,,,False
97414000ER0737,2025-05-16,True,,,,False
97414000EO0462,2024-12-26,False,,,,False
97413000CR1141,2024-09-24,True,,,,False
97416000DN0325,2024-12-19,True,,,,False
97424000AI0882,2025-03-28,False,,,,False
97405000AK1642,2025-03-07,True,,,,False
97408000AM1179,2024-03-27,False,,,,False
97422000BP1996,2025-04-08,True,,,,False
97411000BH0595,2024-07-25,False,,,,False
97416000ES2064,2024-12-19,False,,,,False
97416000EX0280,2025-05-27,True,,,,False
97408000AO1414,2024-09-24,False,,,,False
97415000CM0653,2025-10-29,True,,,,False
97409000AL1835,2024-03-22,False,,,,False
97405000AL0121,2024-04-23,False,,,,False
97422000BV0456,2025-03-28,False,,,,False
97414000ES0720,2025-11-13,True,,,,False
97422000CE0580,2025-05-23,True,,,,False
97421000AR0054,2024-05-30,True,,,,False
97411000AB0659,2024-11-28,False,,,,False
97412000BW2087,2025-12-23,False,,,,False
97415000CW0912,2025-07-01,True,,,,False
97411000IH0019,2024-11-29,True,,,,False
97423000AH0293,2025-08-21,False,,,,False
97415000CP1334,2025-01-29,True,,,,False
97422000BL1752,2024-08-19,False,,,,False
97410000BM0423,2025-10-10,False,,,,False
97411000HC0094,2024-08-08,False,,,,False
97411000HA0030,2024-12-13,False,,,,False
97416000EP0950,2025-03-21,False,,,,False
97408000AM0653,2025-06-10,True,,,,False
97414000ET1266,2025-12-15,True,,,,False
97422000BI1130,2024-09-02,True,,,,False
97410000AS1386,2024-11-29,True,,,,False
97416000DT0331,2025-02-18,False,,,,False
97401000AS0229,2025-07-29,False,,,,False
97412000BM1437,2024-07-11,False,,,,False
97411000DS0667,2025-06-26,False,,,,False
97409000AC0919,2024-11-14,False,,,,False
97415000AB0533,2025-07-29,True,,,,False
97420000AI0904,2024-04-17,True,,,,False
97413000DE1308,2024-02-26,False,,,,False
97416000CW1359,2025-08-22,True,,,,False
97413000CR0892,2025-11-05,False,,,,False
97412000BW2464,2025-03-21,False,,,,False
97420000AO0609,2025-11-27,False,,,,False
97411000CM0720,2025-07-04,True,,,,False
97404000AV0541,2025-07-29,False,,,,False
97422000BN3067,2024-08-13,False,,,,False
97414000HE0133,2024-05-23,False,,,,False
97408000AC3684,2025-05-07,False,,,,False
97409000AZ1019,2025-05-13,False,,,,False
97408000AC3281,2025-09-01,True,,,,False
97422000BP1980,2025-04-08,True,,,,False
97416000CV1688,2024-02-08,True,,,,False
97423000AB1905,2024-04-08,False,,,,False
97422000ED0597,2024-03-26,True,,,,False
97414000DK0884,2024-10-02,False,,,,False
97415000AX0992,2025-12-17,True,,,,False
97416000HM0592,2024-09-30,False,,,,False
97422000BE1756,2024-06-03,False,,,,False
97412000CS0532,2024-02-09,True,,,,False
97411000BZ0951,2025-10-21,False,,,,False
97416000HO1125,2024-05-14,False,,,,False
97416000CW2681,2025-12-22,False,,,,False
97414000HI1496,2024-11-27,True,,,,False
97408000AT1384,2025-07-18,True,,,,False
97401000AM1912,2024-05-27,False,,,,False
97411000EL0363,2024-11-18,False,,,,False
97416000DN0264,2024-12-19,True,,,,False
97422000BX0288,2024-12-19,True,,,,False
97410000AT1137,2024-02-22,True,,,,False
97423000AI0788,2024-09-13,True,,,,False
97420000BE0707,2025-03-21,False,,,,False
97415000CP0974,2025-08-25,True,,,,False
97414000ET2325,2025-02-05,False,,,,False
97420000BD0718,2025-01-28,True,,,,False
97419000AX0308,2025-01-29,False,,,,False
97415000CH3236,2025-02-24,True,,,,False
97422000BK2525,2024-12-27,True,,,,False
97405000AH0842,2024-09-20,False,,,,False
97411000AB0214,2025-03-28,True,,,,False
97411000HS0481,2024-07-31,True,,,,False
97412000AT1113,2025-11-03,True,,,,False
97416000EX1136,2024-03-29,True,,,,False
97412000BM1208,2024-04-30,True,,,,False
97418000AR2419,2025-11-17,True,,,,False
97403000AR0975,2024-01-17,True,,,,False
97418000AS1167,2025-07-28,False,,,,False
97407000AS0311,2025-03-06,False,,,,False
97422000AV0741,2024-06-27,False,,,,False
97411000BP0881,2024-12-30,True,,,,False
97424000AE1670,2025-01-20,False,,,,False
97414000ES0823,2025-06-19,False,,,,False
97407000AL0110,2025-08-14,False,,,,False
97409000AR2315,2024-11-29,True,,,,False
97403000AS1712,2024-07-16,False,,,,False
97414000CS0405,2025-05-30,False,,,,False
97417000AO0306,2025-01-09,False,,,,False
97415000EY2010,2024-08-30,False,,,,False
97417000AO0267,2024-10-29,False,,,,False
97415000DI0991,2024-06-18,True,,,,False
97414000CV1024,2025-09-24,False,,,,False
97422000BL0884,2024-11-13,False,,,,False
97409000AX1094,2025-06-13,False,,,,False
97413000CV0171,2024-05-23,False,,,,False
97412000CH0363,2024-05-27,False,,,,False
97422000EN0064,2024-11-05,True,,,,False
97422000CS1614,2025-01-31,False,,,,False
97424000AI2427,2025-08-20,True,,,,False
97417000AY0128,2025-06-11,False,,,,False
97410000AS1415,2025-02-24,True,,,,False
97416000DN0469,2024-10-18,True,,,,False
97416000HY1780,2025-03-20,True,,,,False
97415000BV1607,2024-07-22,True,,,,False
97411000DX0123,2025-06-11,False,,,,False
97408000AT1609,2024-12-05,True,,,,False
97416000CT0658,2024-09-16,False,,,,False
97411000IH0553,2025-09-17,False,,,,False
97403000AS0551,2025-05-27,False,,,,False
97402000AI0823,2024-08-13,False,,,,False
97415000BN0897,2024-08-08,True,,,,False
97411000CI0277,2025-01-31,False,,,,False
97412000AM1808,2025-12-26,True,,,,False
97422000BL0314,2025-06-20,True,,,,False
97406000AI0490,2025-11-19,False,,,,False
97415000EY0753,2024-12-17,False,,,,False
97412000CS0453,2024-11-12,True,,,,False
97406000AI0103,2025-05-16,True,,,,False
97411000HH0224,2025-04-08,True,,,,False
97416000CV1865,2025-10-16,False,,,,False
97414000DE1265,2025-07-10,False,,,,False
97415000AW2396,2025-11-24,True,,,,False
97422000DH0155,2025-04-10,True,,,,False
97412000AN0763,2025-03-06,True,,,,False
97401000AN0595,2024-11-07,True,,,,False
97412000CN0168,2024-03-01,True,,,,False
97424000AM0982,2024-03-28,False,,,,False
97415000AB0799,2025-12-30,True,,,,False
97412000BW2481,2025-01-28,False,,,,False
97415000EW1681,2025-11-24,False,,,,False
97401000AI0412,2025-03-31,True,,,,False
97413000CR0881,2025-03-07,False,,,,False
97416000ES2180,2024-12-31,False,,,,False
97410000AS1390,2024-04-30,True,,,,False
97420000BH1417,2024-12-09,False,,,,False
97401000AM0588,2025-11-03,False,,,,False
97411000DR0734,2024-06-13,False,,,,False
97414000EW0634,2024-03-07,False,,,,False
97403000AS1753,2025-01-09,False,,,,False
97403000AM0614,2025-04-29,False,,,,False
97409000AR2763,2025-12-05,True,,,,False
97415000BZ0630,2024-12-19,True,,,,False
97413000DC1757,2024-05-29,False,,,,False
97402000AM0022,2025-05-26,True,,,,False
97409000AZ0027,2025-02-26,False,,,,False
97411000CI0340,2025-08-22,False,,,,False
97409000AI0944,2025-09-29,True,,,,False
97410000AI1460,2024-12-19,False,,,,False
97411000IA0135,2025-04-10,False,,,,False
97406000AV0608,2024-05-23,False,,,,False
97405000AR1297,2024-07-10,False,,,,False
97422000AX1253,2025-09-05,False,,,,False
97413000DE0071,2024-09-09,True,,,,False
97422000BT0703,2025-06-17,True,,,,False
97404000AT0874,2025-11-10,False,,,,False
97415000DM1160,2024-04-26,True,,,,False
97422000BD0066,2024-11-14,True,,,,False
97415000AY1627,2025-03-21,False,,,,False
97424000AM0421,2024-09-06,False,,,,False
97411000AE0365,2024-06-07,False,,,,False
97408000AM0416,2024-09-16,True,,,,False
97401000AS0650,2025-10-10,False,,,,False
97424000AM0163,2024-09-06,False,,,,False
97414000EX0628,2024-10-14,True,,,,False
97415000AS0339,2025-11-14,False,,,,False
97415000DI0060,2025-06-23,False,,,,False
97412000AZ0931,2024-11-26,False,,,,False
97422000DE0531,2024-05-07,False,,,,False
97415000CV0703,2025-11-28,True,,,,False
97412000AO0246,2025-01-21,False,,,,False
97412000BV0219,2025-07-07,True,,,,False
97415000CM2366,2024-11-02,True,,,,False
97416000ET2006,2025-10-24,False,,,,False
97416000CV1156,2025-09-05,False,,,,False
97410000AC0386,2025-12-11,False,,,,False
97421000AK0547,2025-11-27,False,,,,False
97408000AI0058,2024-10-02,True,,,,False
97416000EN0907,2024-06-20,False,,,,False
97415000CH3368,2024-02-14,True,,,,False
97414000CV0421,2024-11-21,False,,,,False
97416000EX1830,2025-08-01,False,,,,False
97412000AM2045,2024-03-11,True,,,,False
97414000CL0506,2024-07-09,False,,,,False
97413000AV2299,2024-10-03,True,,,,False
97422000BM0461,2025-02-04,True,,,,False
97416000EL0875,2025-03-26,True,,,,False
97419000AE0484,2024-04-26,True,,,,False
97411000ER0015,2025-03-24,False,,,,False
97410000BE0558,2024-01-26,True,,,,False
97415000CN0170,2024-07-10,False,,,,False
97413000DC0543,2025-08-27,True,,,,False
97422000AV0478,2025-06-11,False,,,,False
97415000AT0608,2024-08-20,False,,,,False
97411000IN0149,2024-03-26,False,,,,False
97422000BY0494,2025-03-11,True,,,,False
97413000DC0531,2025-08-27,True,,,,False
97411000AZ0236,2024-05-30,True,,,,False
97408000AO0505,2024-01-12,False,,,,False
97409000AD0543,2025-03-28,False,,,,False
97422000AY0720,2025-12-10,False,,,,False
97421000AB0413,2024-12-30,True,,,,False
97410000AS0780,2025-04-28,False,,,,False
97416000EX1896,2025-04-03,True,,,,False
97415000AS0009,2024-11-12,False,,,,False
97410000BW0690,2025-02-14,False,,,,False
97422000DL0842,2024-10-24,True,,,,False
97406000AL0684,2024-11-05,True,,,,False
97415000CW1085,2025-08-19,False,,,,False
97404000AE0659,2025-07-01,False,,,,False
97420000AS0876,2024-01-30,True,,,,False
97418000AP4050,2024-03-19,True,,,,False
97422000CI0436,2024-01-10,False,,,,False
97417000AO0550,2024-11-06,False,,,,False
97415000CV0976,2024-03-05,False,,,,False
97407000BI0348,2025-04-16,True,,,,False
97409000BR0177,2025-11-19,True,,,,False
97414000HE0168,2024-02-08,True,,,,False
97416000EM0777,2024-05-17,True,,,,False
97422000CE0281,2025-07-25,False,,,,False
97415000ES0614,2025-08-06,False,,,,False
97412000CD1456,2025-12-30,True,,,,False
97416000CS1336,2024-11-28,False,,,,False
97413000DE0514,2024-12-18,False,,,,False
97414000CR0677,2024-04-25,True,,,,False
97410000AE1162,2025-05-20,True,,,,False
97411000KE0393,2025-06-19,False,,,,False
97403000AR0621,2024-10-10,False,,,,False
97415000EO0916,2024-06-14,True,,,,False
97401000AN0119,2025-05-28,True,,,,False
97412000AH0873,2024-08-29,False,,,,False
97413000CG0522,2025-04-24,False,,,,False
97424000AI1263,2024-02-29,False,,,,False
97411000AE0382,2025-07-24,False,,,,False
97422000CN1666,2024-06-27,True,,,,False
97411000EL0464,2024-07-04,True,,,,False
97409000BK0766,2025-06-12,False,,,,False
97416000CS1578,2024-04-30,True,,,,False
97421000AH0198,2025-08-07,False,,,,False
97411000DR0478,2025-05-14,True,,,,False
97413000CX2221,2025-09-22,True,,,,False
97413000CY1450,2024-05-10,True,,,,False
97411000HW0545,2024-03-06,False,,,,False
97411000AS0052,2024-03-20,True,,,,False
97411000HO0756,2025-05-06,True,,,,False
97416000IE1435,2025-08-20,True,,,,False
97410000BE0664,2025-02-26,False,,,,False
97409000BK0696,2024-11-14,False,,,,False
97403000AP2274,2025-04-30,False,,,,False
97416000HP0365,2025-07-15,True,,,,False
97415000CH1663,2025-06-26,False,,,,False
97422000AK0915,2025-03-11,False,,,,False
97408000AC3715,2024-11-04,False,,,,False
97401000AP0645,2025-05-16,True,,,,False
97404000AM1017,2024-12-31,False,,,,False
97424000AD0367,2024-04-29,True,,,,False
97403000AO0892,2024-03-27,False,,,,False
97415000AB0536,2025-07-29,True,,,,False
97420000AO0657,2024-08-06,False,,,,False
97422000BH2059,2024-10-10,False,,,,False
97412000AS0038,2025-09-30,True,,,,False
97422000BW2556,2025-08-22,False,,,,False
97412000BT0344,2024-08-19,False,,,,False
97409000AB0736,2024-05-17,True,,,,False
97407000AO1877,2025-12-22,True,,,,False
97402000AB1210,2024-04-05,True,,,,False
97416000IL0334,2025-07-01,False,,,,False
97417000BH0366,2024-11-05,False,,,,False
97414000DV0608,2024-07-29,True,,,,False
97405000BH0680,2024-10-15,False,,,,False
97408000AM1160,2025-12-11,True,,,,False
97416000CX0825,2025-03-26,False,,,,False
97411000ER0147,2024-12-27,False,,,,False
97413000CI0129,2025-09-22,True,,,,False
97416000IE1433,2025-08-20,True,,,,False
97411000BC0079,2025-08-06,False,,,,False
97424000AE0021,2025-02-26,True,,,,False
97404000AC0890,2025-05-16,True,,,,False
97411000CV0659,2025-09-05,True,,,,False
97422000BV0194,2024-12-17,True,,,,False
97414000EW0578,2024-01-23,False,,,,False
97422000AK1044,2024-07-29,False,,,,False
97419000AC0457,2025-10-24,False,,,,False
97415000BZ0641,2024-12-19,True,,,,False
97416000EX1877,2024-07-04,False,,,,False
97415000DK1178,2025-04-24,False,,,,False
97415000CP0973,2025-08-25,True,,,,False
97401000AO0368,2024-07-25,True,,,,False
97411000BP0885,2024-12-30,True,,,,False
97424000AE0364,2024-08-07,False,,,,False
97405000BE1147,2024-02-08,False,,,,False
97403000AP1373,2025-07-22,False,,,,False
97415000AB0859,2025-08-29,True,,,,False
97416000IA0460,2024-10-02,False,,,,False
97416000EW0243,2024-04-11,False,,,,False
97413000CS1064,2024-08-09,False,,,,False
97409000AL2056,2024-12-26,True,,,,False
97415000DR0361,2024-02-20,False,,,,False
97415000BH0240,2025-10-14,True,,,,False
97415000CY1041,2025-08-14,True,,,,False
97411000HP0285,2025-07-31,True,,,,False
97414000DV0607,2024-07-29,True,,,,False
97416000HP0797,2024-01-25,True,,,,False
97422000BY0203,2025-03-11,True,,,,False
97414000EN2469,2025-06-03,True,,,,False
97411000KE0446,2025-01-31,False,,,,False
97415000DM0881,2025-09-09,False,,,,False
97410000AS0769,2024-03-20,False,,,,False
97413000DB0458,2024-09-24,False,,,,False
97410000AH1290,2024-03-22,True,,,,False
97406000AL0659,2024-11-05,True,,,,False
97407000AE0527,2024-09-26,True,,,,False
97414000DN0513,2024-08-29,False,,,,False
97420000AO0580,2025-03-18,False,,,,False
97411000EZ0033,2025-01-14,False,,,,False
97416000HX0185,2024-12-12,False,,,,False
97413000CF0636,2025-10-30,False,,,,False
97409000AL2382,2024-12-26,True,,,,False
97418000AR1519,2025-08-06,False,,,,False
97409000BR0189,2025-11-19,True,,,,False
97412000AY0313,2025-12-04,False,,,,False
97414000CO0645,2024-03-21,False,,,,False
97412000BW1349,2024-02-12,True,,,,False
97415000HK0136,2025-12-01,False,,,,False
97418000AP3231,2025-01-21,False,,,,False
97409000AX1120,2024-12-16,False,,,,False
97420000AO0647,2025-07-30,False,,,,False
97410000AX0099,2025-03-25,False,,,,False
97401000AR0778,2024-09-16,True,,,,False
97412000BN0648,2024-10-11,False,,,,False
97401000AO1106,2024-12-24,False,,,,False
97409000AW1252,2025-10-02,False,,,,False
97418000BD0252,2024-12-23,True,,,,False
97413000CW0258,2024-05-02,True,,,,False
97411000BK0251,2025-12-09,False,,,,False
97415000BX0243,2025-02-21,False,,,,False
97411000AE0252,2024-07-11,False,,,,False
97422000BT0986,2024-10-16,False,,,,False
97413000DE2483,2024-09-27,False,,,,False
97407000AT0038,2024-03-29,False,,,,False
97418000AT2328,2025-03-17,False,,,,False
97422000BS0794,2024-12-31,False,,,,False
97404000AL1248,2025-10-29,True,,,,False
97405000AY0735,2025-12-12,True,,,,False
97422000BS1558,2024-10-10,False,,,,False
97408000AY0389,2025-08-08,True,,,,False
97413000DE1938,2024-10-02,True,,,,False
97412000BW2369,2025-03-21,True,,,,False
97413000DL0272,2025-04-15,True,,,,False
97413000DK0243,2025-11-18,True,,,,False
97410000BH0427,2024-07-22,True,,,,False
97406000AW1234,2024-09-27,False,,,,False
97407000AO1250,2024-10-31,True,,,,False
97422000ED0314,2025-08-22,True,,,,False
97416000HX1208,2024-07-31,True,,,,False
97413000CD0739,2025-04-30,False,,,,False
97412000AO0748,2024-03-07,False,,,,False
97411000CV0781,2025-03-07,True,,,,False
97407000AO1856,2025-09-01,True,,,,False
97407000AS0503,2024-07-10,True,,,,False
97414000CR0720,2024-05-30,True,,,,False
97416000DT0870,2024-07-17,False,,,,False
97415000BZ0260,2025-03-18,True,,,,False
97409000BD0569,2024-10-11,False,,,,False
97413000DC1171,2025-02-26,False,,,,False
97422000BV2741,2024-05-14,False,,,,False
97411000HO0911,2025-01-27,True,,,,False
97419000AC0227,2024-12-31,False,,,,False
97411000CD1260,2024-01-30,False,,,,False
97409000AX1080,2025-03-04,False,,,,False
97410000BH0714,2024-07-26,True,,,,False
97422000AK1056,2024-02-09,False,,,,False
97410000AV0304,2024-04-30,False,,,,False
97411000AD0397,2024-07-09,False,,,,False
97418000AV1824,2025-12-26,False,,,,False
97414000DT0907,2024-04-25,False,,,,False
97415000AB0736,2025-09-30,True,,,,False
97422000AR0016,2024-11-25,False,,,,False
97415000DV0386,2025-11-20,False,,,,False
97401000AP0589,2025-03-19,True,,,,False
97416000CV1979,2024-07-23,False,,,,False
97412000AT1066,2025-04-15,False,,,,False
97420000AB1265,2025-03-03,False,,,,False
97411000EK0102,2024-05-03,True,,,,False
97413000CX2813,2024-08-23,True,,,,False
97423000AD0777,2024-11-13,False,,,,False
97401000AR0880,2025-03-13,True,,,,False
97412000CE2345,2025-03-27,False,,,,False
97422000DM0397,2024-05-17,True,,,,False
97412000AO0949,2024-08-19,False,,,,False
97418000BI0349,2024-04-18,False,,,,False
97416000CS1431,2025-03-26,True,,,,False
97412000CE1842,2025-04-25,True,,,,False
97422000AP0634,2024-12-10,True,,,,False
97409000AL2013,2024-12-26,True,,,,False
97418000AO1193,2025-03-05,True,,,,False
97408000BL0150,2025-06-12,False,,,,False
97411000EW0104,2024-08-30,False,,,,False
97422000AY1483,2024-07-04,True,,,,False
97405000AO0501,2025-06-18,True,,,,False
97412000BN0585,2024-09-26,False,,,,False
97401000AR1662,2024-01-22,False,,,,False
97421000AY0267,2024-09-12,False,,,,False
97414000DM0125,2025-05-13,False,,,,False
97413000BD0009,2024-09-09,True,,,,False
97401000AR1648,2025-07-10,True,,,,False
97409000AD0724,2025-06-18,False,,,,False
97415000DE0695,2024-11-08,False,,,,False
97403000AS2048,2024-11-06,False,,,,False
97415000HR0163,2024-07-08,True,,,,False
97423000AI0787,2024-09-13,True,,,,False
97412000CE2829,2025-10-13,True,,,,False
97415000BW2100,2024-10-09,True,,,,False
97416000DS0974,2025-02-14,False,,,,False
97418000AS0342,2024-10-11,False,,,,False
97404000AR0428,2024-11-14,False,,,,False
97415000DP0644,2025-03-13,True,,,,False
97414000ES0969,2024-05-02,False,,,,False
97408000BL0036,2025-06-30,False,,,,False
97415000AV0434,2024-12-06,True,,,,False
97416000DX0163,2024-01-08,False,,,,False
97416000IE0351,2024-04-18,False,,,,False
97419000AO0417,2025-10-16,True,,,,False
97410000BH0436,2024-07-22,True,,,,False
97422000CX1023,2025-03-12,False,,,,False
97408000AC2969,2024-04-30,False,,,,False
97413000CQ0886,2025-04-25,False,,,,False
97413000DE1840,2025-03-18,False,,,,False
97405000BE0659,2025-03-28,False,,,,False
97422000BN1533,2025-11-13,False,,,,False
97417000AO0556,2024-11-06,True,,,,False
97415000ES0647,2024-09-06,False,,,,False
97415000AS1950,2025-10-22,True,,,,False
97418000BT0910,2024-11-28,False,,,,False
97416000IB0224,2024-11-08,False,,,,False
97422000BV2535,2024-12-17,True,,,,False
97415000BZ0637,2024-12-19,True,,,,False
97416000HX0914,2025-11-17,False,,,,False
97408000AP0938,2024-04-18,False,,,,False
97415000AS1949,2025-10-22,True,,,,False
97413000CH0530,2025-04-30,False,,,,False
97419000AS0501,2024-01-24,False,,,,False
97414000DT0979,2024-08-01,False,,,,False
97411000EK0088,2025-02-07,True,,,,False
97412000BM0946,2024-05-16,False,,,,False
97415000CM2346,2024-11-02,True,,,,False
97414000DL0507,2024-12-30,False,,,,False
97424000AM0409,2024-09-06,False,,,,False
97416000EH1095,2024-08-19,True,,,,False
97407000AO1226,2025-09-01,True,,,,False
97408000AC2135,2025-03-27,False,,,,False
97411000AS0109,2024-07-29,False,,,,False
97409000AZ0732,2024-08-29,False,,,,False
97404000AE1407,2024-07-12,False,,,,False
97416000CW0942,2024-04-25,True,,,,False
97409000AN0608,2024-06-11,False,,,,False
97422000BD2347,2024-12-30,True,,,,False
97405000AK0310,2024-06-21,True,,,,False
97411000EN0654,2025-07-08,True,,,,False
97416000CO0629,2024-03-12,False,,,,False
97408000AP1665,2025-09-11,True,,,,False
97411000BH0547,2024-02-22,False,,,,False
97416000EM0774,2024-05-17,True,,,,False
97414000DT1006,2024-04-26,False,,,,False
97422000BT1255,2024-11-05,True,,,,False
97416000CO0993,2025-09-01,False,,,,False
97414000ER0977,2025-12-31,False,,,,False
97415000AZ1419,2024-04-30,True,,,,False
97415000EN0260,2024-12-26,True,,,,False
97408000AO1609,2025-07-24,False,,,,False
97405000BI1206,2024-08-02,False,,,,False
97415000CX1542,2024-02-21,False,,,,False
97416000DV0385,2024-05-28,False,,,,False
97402000AI1164,2024-07-30,False,,,,False
97418000AP4191,2024-09-05,True,,,,False
97421000BC0441,2024-12-17,True,,,,False
97404000AE1095,2024-03-06,True,,,,False
97407000AE0478,2025-06-30,True,,,,False
97408000AB0390,2024-08-30,True,,,,False
97407000AE0477,2025-06-30,True,,,,False
97418000BD0447,2024-03-28,True,,,,False
97415000EY0557,2025-10-09,False,,,,False
97412000BL1193,2025-03-12,False,,,,False
97416000HZ0557,2025-04-30,True,,,,False
97404000AV0179,2025-12-22,False,,,,False
97418000BM0113,2024-10-25,False,,,,False
97415000EY1447,2024-05-13,False,,,,False
97412000BY1466,2024-06-15,True,,,,False
97418000AV1716,2024-09-13,False,,,,False
97411000HX0130,2025-07-08,True,,,,False
97408000AP1521,2024-03-26,True,,,,False
97416000HY0352,2024-07-10,True,,,,False
97410000AK0099,2025-12-30,False,,,,False
97419000AR0733,2025-06-09,True,,,,False
97420000AL0292,2025-10-16,False,,,,False
97412000CE2230,2024-12-16,False,,,,False
97409000AK0675,2024-02-20,False,,,,False
97416000HP0801,2024-01-25,True,,,,False
97416000CZ1721,2024-04-24,False,,,,False
97422000AV0694,2024-07-04,False,,,,False
97423000AD0776,2024-11-13,False,,,,False
97408000AP1602,2025-09-11,True,,,,False
97412000BW1024,2024-08-07,False,,,,False
97412000CR0004,2024-10-16,True,,,,False
97409000BL0217,2024-08-01,True,,,,False
97413000DD0651,2024-08-09,True,,,,False
97416000IA1826,2025-06-02,False,,,,False
97409000BD0463,2024-01-26,False,,,,False
97412000BC0764,2025-06-10,False,,,,False
97422000BK2331,2024-08-30,True,,,,False
97422000BX1194,2025-07-29,False,,,,False
97410000AC0624,2025-06-25,True,,,,False
97416000EX1902,2024-12-10,True,,,,False
97416000HX1473,2025-02-18,False,,,,False
97411000AY0566,2025-12-17,True,,,,False
97408000AO0238,2025-04-14,False,,,,False
97415000CM0752,2024-03-29,False,,,,False
97420000BD0791,2025-10-29,False,,,,False
97415000EW0568,2025-01-20,True,,,,False
97411000AZ0129,2025-02-12,True,,,,False
97414000EO1413,2024-03-21,False,,,,False
97416000HY1097,2024-12-24,True,,,,False
97409000BD1387,2025-02-11,False,,,,False
97416000HZ1074,2025-07-17,False,,,,False
97408000BR0125,2024-10-15,False,,,,False
97416000CW1912,2024-07-03,False,,,,False
97422000BS0413,2025-06-20,True,,,,False
97409000AZ0694,2024-05-06,True,,,,False
97416000DM0815,2025-06-23,True,,,,False
97415000CY0972,2024-03-14,True,,,,False
97418000AC0876,2025-05-16,False,,,,False
97409000AY1119,2024-06-25,False,,,,False
97414000DI0403,2024-07-27,False,,,,False
97413000CG0872,2024-02-23,True,,,,False
97414000DV0602,2024-07-29,True,,,,False
97412000AO0292,2025-05-23,False,,,,False
97422000CS1261,2024-12-16,True,,,,False
97416000DE0380,2025-07-07,True,,,,False
97411000HS0473,2025-12-15,True,,,,False
97413000DB0349,2025-11-28,False,,,,False
97415000EY1410,2024-11-19,True,,,,False
97422000BK2324,2024-08-30,True,,,,False
97409000BI0819,2025-11-27,False,,,,False
97415000BP0628,2025-09-26,True,,,,False
97413000CX2534,2025-09-22,True,,,,False
97409000AL2216,2025-09-12,True,,,,False
97406000AM0641,2024-02-22,False,,,,False
97416000EI1427,2025-01-13,False,,,,False
97410000AS0687,2024-10-17,False,,,,False
97418000AV1141,2025-08-29,False,,,,False
97404000BA0031,2024-05-06,False,,,,False
97415000EY2024,2025-06-26,True,,,,False
97410000BH0720,2024-02-29,False,,,,False
97409000AB0433,2024-01-18,False,,,,False
97418000AD0966,2025-10-16,True,,,,False
97417000AT0939,2025-09-11,False,,,,False
97417000AI0112,2024-03-12,True,,,,False
97422000DE0775,2024-11-05,False,,,,False
97416000EM1034,2024-08-16,True,,,,False
97416000DS0647,2024-03-29,False,,,,False
97416000IB0554,2024-01-25,False,,,,False
97416000HN0662,2025-04-24,False,,,,False
97407000AE0241,2025-11-26,False,,,,False
97408000AT2025,2024-11-21,True,,,,False
97423000AK1869,2024-01-09,False,,,,False
97412000CI0395,2024-08-09,False,,,,False
97423000AD0614,2025-08-08,True,,,,False
97404000AV0233,2025-12-08,False,,,,False
97422000DO0276,2025-04-01,True,,,,False
97415000DP0329,2024-02-02,True,,,,False
97415000CY0338,2024-10-18,True,,,,False
97416000HT0282,2024-06-27,False,,,,False
97404000AS0359,2025-09-12,False,,,,False
97411000ER0094,2024-10-07,False,,,,False
97422000BT0477,2025-02-05,False,,,,False
97411000CD1515,2024-06-24,False,,,,False
97422000AX1450,2024-02-27,False,,,,False
97422000AE0711,2025-04-11,False,,,,False
97416000EY0604,2024-05-17,False,,,,False
97412000AX0551,2025-05-26,False,,,,False
97415000CS0830,2025-11-24,False,,,,False
97415000BW2135,2025-09-10,True,,,,False
97414000EL2400,2024-03-26,True,,,,False
97403000AR1319,2024-08-29,False,,,,False
97419000AS0760,2024-11-27,False,,,,False
97415000EW0043,2024-08-19,False,,,,False
97423000AB1704,2024-10-29,False,,,,False
97416000CW2911,2024-11-20,True,,,,False
97415000EZ0131,2025-07-15,False,,,,False
97408000BO0581,2024-09-27,True,,,,False
97415000HO0548,2025-09-19,False,,,,False
97414000EX0835,2024-07-25,True,,,,False
97415000ES0812,2024-11-21,False,,,,False
97409000AN0600,2025-03-19,False,,,,False
97423000AK1200,2024-08-14,True,,,,False
97416000HX0961,2024-11-28,False,,,,False
97416000HV0674,2024-11-13,False,,,,False
97415000AH1298,2024-02-13,False,,,,False
97415000AH1306,2025-08-05,True,,,,False
97418000AT2304,2025-09-19,False,,,,False
97415000BR0150,2025-07-22,True,,,,False
97410000BX1025,2025-06-06,True,,,,False
97404000AX0255,2024-07-09,False,,,,False
97415000BW0862,2024-04-30,True,,,,False
97417000BD1473,2025-09-11,False,,,,False
97416000EK0365,2025-08-20,True,,,,False
97408000AT1073,2024-05-07,False,,,,False
97413000CS0510,2024-12-10,True,,,,False
97422000DE0867,2025-07-04,True,,,,False
97414000HL0277,2024-11-08,False,,,,False
97415000HP0029,2025-01-23,False,,,,False
97413000CX2371,2024-05-28,True,,,,False
97404000AV0270,2025-08-07,False,,,,False
97415000AZ1217,2024-12-19,True,,,,False
97413000CV0170,2025-05-02,False,,,,False
97417000AT0943,2025-11-27,False,,,,False
97412000AW0519,2024-07-23,False,,,,False
97415000DK1160,2024-09-30,True,,,,False
97407000AY0408,2025-04-23,True,,,,False
97410000AN0680,2025-04-18,False,,,,False
97402000AK1866,2025-07-07,True,,,,False
97418000AP1092,2025-02-10,False,,,,False
97415000BN1276,2025-07-11,False,,,,False
97409000BP0100,2024-03-12,True,,,,False
97406000AM0919,2024-10-11,False,,,,False
97418000AT1674,2024-12-23,True,,,,False
97415000AR0009,2025-11-26,True,,,,False
97407000AZ0045,2025-12-22,False,,,,False
97418000AS1224,2024-01-31,False,,,,False
97401000AO1089,2024-09-06,True,,,,False
97407000AK1199,2025-09-30,True,,,,False
97408000AP1630,2025-09-11,True,,,,False
97415000CS1035,2024-04-26,False,,,,False
97416000EX1895,2025-05-26,False,,,,False
97411000BP0884,2024-12-30,True,,,,False
97416000EX1577,2025-06-02,False,,,,False
97416000CT1119,2025-06-03,False,,,,False
97417000AX0147,2024-11-13,False,,,,False
97422000CN1020,2025-09-03,False,,,,False
97411000DT0258,2025-04-03,False,,,,False
97409000BD0641,2025-10-08,False,,,,False
97406000AT0343,2025-04-18,False,,,,False
97406000AT0841,2025-02-27,False,,,,False
97414000CZ0110,2025-06-26,False,,,,False
97406000AV1246,2025-06-11,True,,,,False
97412000CE1769,2025-11-05,False,,,,False
97419000AO0369,2024-04-18,False,,,,False
97417000AT0492,2024-09-04,True,,,,False
97411000IN0341,2024-09-05,False,,,,False
97415000CZ0298,2024-06-24,False,,,,False
97405000AE0002,2025-09-09,False,,,,False
97402000AK2237,2025-08-20,False,,,,False
97414000DT0661,2025-09-19,False,,,,False
97414000CH0076,2025-05-16,False,,,,False
97422000BT0466,2024-09-05,True,,,,False
97415000CY0449,2025-05-20,False,,,,False
97422000CM0203,2025-07-31,False,,,,False
97423000AH1822,2025-07-18,True,,,,False
97415000CS1187,2025-09-01,True,,,,False
97411000HB0371,2025-08-01,True,,,,False
97412000CE1560,2025-01-10,True,,,,False
97416000EH1233,2025-07-11,True,,,,False
97408000AV1047,2024-12-31,True,,,,False
97408000AW0971,2024-04-12,False,,,,False
97412000BH0727,2024-05-06,False,,,,False
97416000EX0582,2024-03-28,False,,,,False
97412000AW0021,2025-11-27,False,,,,False
97409000AP1666,2024-02-28,True,,,,False
97405000AD0703,2024-07-15,True,,,,False
97408000AO1652,2024-09-30,False,,,,False
97410000AD1011,2025-07-30,True,,,,False
97424000AI2430,2025-03-31,True,,,,False
97414000EL2363,2024-09-11,False,,,,False
97414000ER0725,2025-05-16,True,,,,False
97418000BM0502,2025-10-16,True,,,,False
97406000AE0121,2025-04-14,False,,,,False
97419000AL0937,2024-02-23,False,,,,False
97423000AC0335,2024-01-14,True,,,,False
97414000EK0218,2025-07-15,True,,,,False
97415000EK0422,2024-12-16,False,,,,False
97409000AZ1066,2025-08-22,True,,,,False
97412000BW1864,2025-10-30,False,,,,False
97409000AK0828,2025-12-19,False,,,,False
97403000AP1851,2024-01-19,False,,,,False
97416000CZ1458,2025-12-05,False,,,,False
97413000CQ0246,2025-11-04,False,,,,False
97413000BH0934,2024-07-03,True,,,,False
97416000IM0777,2024-10-29,False,,,,False
97411000AE0274,2024-04-16,False,,,,False
97423000AB1936,2024-01-04,True,,,,False
97409000BE1854,2025-10-07,True,,,,False
97422000AD1123,2024-01-05,False,,,,False
97411000AR0075,2025-10-24,False,,,,False
97414000CY0439,2024-07-15,True,,,,False
97409000BE1594,2024-06-20,True,,,,False
97409000AV0921,2024-09-19,False,,,,False
97418000AS0661,2024-04-16,False,,,,False
97412000AW0151,2025-03-11,True,,,,False
97410000AB1193,2024-04-09,False,,,,False
97412000CY0889,2024-04-29,True,,,,False
97410000BK0319,2025-02-14,False,,,,False
97415000CW0831,2025-07-01,True,,,,False
97412000BW1596,2024-04-30,False,,,,False
97411000DM0503,2024-01-24,False,,,,False
97409000BI0548,2025-03-11,False,,,,False
97404000AM0736,2024-09-26,False,,,,False
97411000DS0864,2025-07-11,False,,,,False
97416000CS1614,2024-04-16,True,,,,False
97405000BD0165,2024-09-09,True,,,,False
97401000AO0184,2025-03-12,True,,,,False
97418000AT0318,2024-05-03,True,,,,False
97422000CH0784,2024-07-19,False,,,,False
97413000DG1024,2025-10-31,True,,,,False
97415000BP0689,2024-10-25,False,,,,False
97414000DV0599,2024-07-29,True,,,,False
97410000BE0711,2024-04-19,False,,,,False
97424000AI0277,2024-08-07,False,,,,False
97422000DM0606,2025-02-27,False,,,,False
97416000EZ0758,2025-10-21,False,,,,False
97403000AS0933,2024-02-09,False,,,,False
97418000AV2661,2024-09-26,True,,,,False
97414000ET0570,2024-02-29,True,,,,False
97409000AX1099,2025-07-31,True,,,,False
97410000AH1013,2024-02-21,False,,,,False
97422000CX0602,2025-07-24,False,,,,False
97415000EW1474,2025-07-30,True,,,,False
97417000AS0283,2024-07-01,False,,,,False
97424000AD0003,2024-08-06,False,,,,False
97418000AS0879,2024-09-16,False,,,,False
97420000AO0599,2025-09-30,False,,,,False
97418000AO1082,2024-10-10,False,,,,False
97422000BW0392,2025-05-22,False,,,,False
97416000EY1373,2024-03-20,True,,,,False
97410000AD0999,2025-02-27,False,,,,False
97415000CW0839,2025-07-01,True,,,,False
97415000BP0629,2025-09-26,True,,,,False
97410000AL0446,2025-06-06,True,,,,False
97410000AO0340,2025-11-27,False,,,,False
97413000DC1563,2025-04-30,True,,,,False
97415000AV0336,2024-11-15,True,,,,False
97404000AC1119,2025-09-25,False,,,,False
97405000AY0365,2025-08-22,True,,,,False
97416000HO0446,2025-09-29,False,,,,False
97416000EI0429,2025-08-14,False,,,,False
97418000AO1924,2025-11-21,False,,,,False
97405000AO0248,2024-07-03,True,,,,False
97416000CY0889,2025-09-29,False,,,,False
97403000AM0783,2024-07-23,False,,,,False
97411000AI0153,2024-09-09,False,,,,False
97415000ER1705,2024-08-01,False,,,,False
97415000EW1428,2025-05-30,False,,,,False
97406000AO0474,2024-11-14,True,,,,False
97415000CZ0962,2024-12-31,False,,,,False
97404000AH0980,2025-01-24,False,,,,False
97422000EC0118,2024-06-19,False,,,,False
97412000BK1123,2024-12-19,True,,,,False
97413000DE1466,2024-12-06,False,,,,False
97411000EN0028,2024-02-14,False,,,,False
97415000AV0906,2025-03-14,True,,,,False
97411000HB0513,2025-09-16,False,,,,False
97409000BE2152,2025-03-12,False,,,,False
97414000EN4124,2024-11-25,True,,,,False
97422000AN0669,2025-12-30,False,,,,False
97415000AW1758,2025-07-31,False,,,,False
97424000AH0243,2025-07-31,False,,,,False
97413000CX1412,2024-09-09,True,,,,False
97413000DD1118,2025-06-25,True,,,,False
97407000AH1245,2025-02-05,False,,,,False
97416000IE0200,2024-10-14,True,,,,False
97414000DH1309,2024-12-13,True,,,,False
97410000BM1332,2024-07-31,False,,,,False
97416000HY1458,2025-05-14,False,,,,False
97411000CM0202,2024-03-21,False,,,,False
97411000CD1344,2024-08-23,False,,,,False
97422000BX1102,2025-01-07,False,,,,False
97422000BK1093,2025-09-26,False,,,,False
97415000BV1289,2025-07-15,False,,,,False
97401000AS0180,2024-10-15,True,,,,False
97403000AS2120,2025-12-29,False,,,,False
97422000BV3053,2025-04-08,True,,,,False
97411000HE0280,2024-12-18,False,,,,False
97418000BS0168,2024-02-29,False,,,,False
97405000AR1628,2025-07-07,False,,,,False
97415000ET1708,2025-04-25,False,,,,False
97410000AL0443,2025-06-06,True,,,,False
97405000AL1568,2025-11-10,False,,,,False
97423000AK2013,2025-03-31,True,,,,False
97416000IA1191,2024-01-30,False,,,,False
97424000AD0120,2025-01-16,False,,,,False
97415000DM1533,2024-07-09,True,,,,False
97408000AB0366,2024-05-03,True,,,,False
97422000BP1973,2025-04-08,True,,,,False
97416000HV0697,2025-12-30,False,,,,False
97415000CX0802,2024-07-10,True,,,,False
97418000AV2671,2024-09-26,True,,,,False
97409000AY1304,2024-08-22,True,,,,False
97411000AN0644,2025-11-20,False,,,,False
97402000AK0534,2024-02-23,False,,,,False
97415000DN0104,2024-08-22,False,,,,False
97415000CV0333,2025-05-30,False,,,,False
97413000CY0800,2024-05-02,True,,,,False
97422000ED0150,2025-03-12,True,,,,False
97408000AM0628,2024-09-03,True,,,,False
97413000CE0310,2024-03-26,False,,,,False
97414000HE0579,2024-01-29,True,,,,False
97406000AV1138,2025-02-20,False,,,,False
97420000AP0110,2024-11-25,False,,,,False
97422000BW1897,2025-09-02,False,,,,False
97415000ER0755,2025-06-19,True,,,,False
97411000IB0339,2024-10-16,False,,,,False
97418000AO1772,2024-10-02,True,,,,False
97422000AP0076,2024-03-28,False,,,,False
97409000BE2099,2025-10-07,True,,,,False
97415000AZ1821,2024-08-09,False,,,,False
97410000AK0483,2024-12-31,True,,,,False
97405000BI1232,2024-01-25,True,,,,False
97416000CW0640,2024-02-15,True,,,,False
97420000AS0541,2025-12-30,True,,,,False
97405000AM0317,2024-06-20,False,,,,False
97422000BP1998,2025-04-08,True,,,,False
97423000AB1743,2025-09-08,True,,,,False
97416000CS1331,2024-12-19,False,,,,False
97411000CM0534,2024-07-08,True,,,,False
97418000AP4159,2024-07-31,True,,,,False
97418000AT1239,2024-07-31,False,,,,False
97405000AW1686,2025-08-07,False,,,,False
97416000CS1613,2024-04-16,True,,,,False
97411000EK0089,2025-02-07,True,,,,False
97420000AE0486,2024-06-24,False,,,,False
97414000EO1490,2024-12-26,False,,,,False
97414000ES0851,2025-05-15,False,,,,False
97421000BM0250,2025-12-18,False,,,,False
97423000AB1915,2024-08-26,False,,,,False
97414000EX0832,2024-07-25,True,,,,False
97409000BE1541,2025-10-07,True,,,,False
97409000AN0576,2025-04-28,False,,,,False
97412000CE2827,2024-09-26,False,,,,False
97415000BW1694,2024-12-18,False,,,,False
97401000AI0411,2025-03-31,True,,,,False
97414000EK0692,2025-10-28,False,,,,False
97412000AO0986,2025-12-30,False,,,,False
97411000CD0917,2024-09-09,False,,,,False
97416000ET2204,2025-11-27,False,,,,False
97422000DE1018,2025-04-25,False,,,,False
97419000AR0814,2025-09-18,False,,,,False
97416000EV1496,2025-04-30,False,,,,False
97410000AI0604,2024-05-31,True,,,,False
97418000AP4276,2025-08-18,False,,,,False
97422000BW3405,2024-08-08,False,,,,False
97418000AT1073,2025-12-26,False,,,,False
97407000AE0476,2025-06-30,True,,,,False
97416000HN1470,2025-10-08,True,,,,False
97416000EV1479,2025-05-30,True,,,,False
97415000CT0773,2025-11-21,False,,,,False
97415000AZ1418,2024-04-30,True,,,,False
97409000BH0435,2025-06-25,False,,,,False
97422000BS0013,2025-03-24,False,,,,False
97402000AI0949,2024-05-21,True,,,,False
97414000ES0461,2025-05-07,True,,,,False
97406000AI0374,2024-12-16,False,,,,False
97414000EL1303,2025-01-03,False,,,,False
97412000AX0797,2024-10-07,True,,,,False
97410000AH0079,2024-11-25,True,,,,False
97414000HL0688,2024-08-19,False,,,,False
97414000DS0230,2025-02-17,False,,,,False
97413000DL0275,2024-10-31,True,,,,False
97418000AS1376,2024-12-23,True,,,,False
97417000AT1238,2025-09-26,False,,,,False
97422000CE0449,2024-02-15,False,,,,False
97420000AZ0425,2024-12-30,False,,,,False
97411000AE0324,2024-03-01,True,,,,False
97422000EH0130,2025-09-08,True,,,,False
97423000AH1839,2025-03-27,True,,,,False
97415000CK0992,2025-08-26,False,,,,False
97418000BT0623,2025-05-02,False,,,,False
97414000EV0245,2025-03-27,False,,,,False
97409000BK0082,2025-04-04,False,,,,False
97401000AI0599,2024-08-14,True,,,,False
97414000EV0810,2025-12-16,False,,,,False
97416000EY0616,2025-12-29,False,,,,False
97422000CX1251,2025-03-12,False,,,,False
97413000CT0358,2025-03-05,True,,,,False
97411000AH0372,2025-08-25,True,,,,False
97408000AP1482,2024-09-05,False,,,,False
97406000AI0982,2024-07-24,False,,,,False
97411000KB0225,2025-11-14,False,,,,False
97422000BW3608,2025-06-10,True,,,,False
97412000BC0564,2024-06-24,True,,,,False
97413000BE0035,2024-06-28,False,,,,False
97411000BP0840,2025-02-07,False,,,,False
97422000AE1044,2025-06-19,False,,,,False
97414000HB0176,2025-09-25,False,,,,False
97415000CO0033,2025-11-06,True,,,,False
97411000BH0272,2024-02-28,True,,,,False
97405000AZ0871,2025-01-08,False,,,,False
97402000AH0252,2024-05-06,False,,,,False
97415000ET1578,2024-07-26,False,,,,False
97412000CX0269,2025-12-22,False,,,,False
97413000CH0537,2025-01-29,True,,,,False
97416000CZ0913,2024-04-16,True,,,,False
97415000AY1650,2024-05-03,True,,,,False
97410000AS1420,2024-02-12,False,,,,False
97416000CW1245,2024-07-17,True,,,,False
97412000AT0747,2025-10-14,True,,,,False
97416000DN0654,2025-09-18,True,,,,False
97416000EH1227,2024-08-12,False,,,,False
97416000ET2161,2024-12-30,False,,,,False
97416000CX1362,2025-03-20,True,,,,False
97415000CS0381,2025-01-28,False,,,,False
97416000EL0458,2024-05-15,False,,,,False
97422000BI1059,2025-07-07,True,,,,False
97422000BP1957,2025-04-08,True,,,,False
97411000DK0454,2024-12-02,True,,,,False
97411000AL0533,2025-09-15,False,,,,False
97415000BW1906,2025-11-27,True,,,,False
97420000BH1292,2024-10-26,False,,,,False
97414000EL1790,2025-01-24,False,,,,False
97408000AC3044,2024-03-28,False,,,,False
97413000CG0486,2024-04-12,False,,,,False
97415000DK1191,2025-11-19,False,,,,False
97407000AE0800,2025-08-18,True,,,,False
97416000HN1317,2025-09-16,True,,,,False
97416000EP0251,2025-11-04,True,,,,False
97415000CD0758,2025-12-23,False,,,,False
97410000AC0247,2024-01-11,False,,,,False
97415000DR0847,2025-08-08,True,,,,False
97413000CN1169,2024-05-31,False,,,,False
97412000BW0982,2024-10-29,True,,,,False
97409000AR2714,2025-03-28,False,,,,False
97412000BW1282,2024-11-28,False,,,,False
97402000AK1976,2025-11-13,False,,,,False
97422000CP0764,2024-12-17,False,,,,False
97422000CS1616,2024-12-16,True,,,,False
97415000DK1093,2024-06-11,False,,,,False
97409000AP0966,2024-03-25,False,,,,False
97405000AK0267,2024-03-29,False,,,,False
97404000AL1603,2025-04-18,True,,,,False
97418000AV0648,2025-09-18,False,,,,False
97404000AI2185,2025-08-22,False,,,,False
97415000DR0267,2024-02-02,True,,,,False
97422000BV1556,2025-08-06,False,,,,False
97405000AD0593,2024-05-27,False,,,,False
97422000CY0448,2024-03-29,True,,,,False
97416000DN0007,2024-02-29,False,,,,False
97414000DS0665,2025-06-11,False,,,,False
97411000HY0219,2024-05-21,True,,,,False
97414000EV0551,2025-07-10,True,,,,False
97415000AH1303,2025-08-05,True,,,,False
97422000BW1256,2024-07-26,True,,,,False
97402000AB0667,2024-06-06,False,,,,False
97402000AB1209,2024-04-05,True,,,,False
97415000CT3278,2025-06-10,False,,,,False
97409000AV0667,2025-06-11,False,,,,False
97405000BI0856,2025-10-31,True,,,,False
97415000BI0573,2024-07-19,False,,,,False
97418000AS0923,2024-12-23,True,,,,False
97405000BE0756,2024-05-29,True,,,,False
97410000BX0943,2024-04-22,True,,,,False
97416000HZ0188,2024-08-23,True,,,,False
97401000AS0965,2025-11-28,False,,,,False
97415000DI0645,2024-03-07,False,,,,False
97404000AV0197,2025-01-17,True,,,,False
97412000CD0388,2025-06-27,False,,,,False
97411000IA0544,2024-06-24,True,,,,False
97419000AR0431,2025-01-27,False,,,,False
97415000AW1521,2024-06-17,False,,,,False
97413000CX2000,2025-06-16,True,,,,False
97422000BV2635,2025-11-25,False,,,,False
97422000AP0877,2025-10-08,False,,,,False
97412000CW0756,2024-06-13,False,,,,False
97415000ET1734,2025-09-01,False,,,,False
97418000AY0397,2024-06-28,False,,,,False
97410000BX1633,2025-11-17,False,,,,False
97421000AS0273,2025-06-19,True,,,,False
97415000ET1019,2025-06-26,True,,,,False
97403000AO0585,2025-10-29,True,,,,False
97418000AT2370,2024-05-03,False,,,,False
97422000BV3179,2025-06-03,False,,,,False
97409000AS1895,2024-01-26,True,,,,False
97420000AC0759,2025-01-08,False,,,,False
97415000EM0233,2024-06-17,False,,,,False
97422000AP1094,2025-03-28,True,,,,False
97422000CL1487,2025-05-28,True,,,,False
97416000IE1821,2024-05-02,False,,,,False
97405000AE0936,2024-09-24,False,,,,False
97412000CK0916,2024-07-19,False,,,,False
97410000AP0434,2025-05-27,True,,,,False
97411000HV0226,2025-12-24,False,,,,False
97418000BP0005,2025-04-30,False,,,,False
97416000HP0795,2024-01-25,True,,,,False
97411000IR0616,2025-06-24,False,,,,False
97406000AV1027,2024-06-03,True,,,,False
97416000CS0585,2025-04-25,False,,,,False
97421000AV1155,2024-04-03,False,,,,False
97410000AS0431,2025-09-26,True,,,,False
97413000CX2179,2025-08-18,True,,,,False
97422000BD1754,2024-02-26,False,,,,False
97422000DE0018,2025-03-13,False,,,,False
97407000BI0448,2025-02-24,False,,,,False
97415000HK0532,2024-08-06,False,,,,False
97407000BE0063,2024-12-19,False,,,,False
97410000BX0411,2025-08-29,False,,,,False
97415000HK0387,2024-05-29,True,,,,False
97414000ES0880,2025-07-29,False,,,,False
97411000AM0326,2024-05-16,False,,,,False
97415000CT2126,2024-09-20,False,,,,False
97412000AV1083,2024-09-18,False,,,,False
97411000ID0323,2024-08-22,False,,,,False
97416000HY1243,2024-09-06,True,,,,False
97416000HI1109,2024-04-08,True,,,,False
97420000BH2086,2024-09-12,True,,,,False
97411000AM0147,2024-06-22,False,,,,False
97422000BM0614,2025-02-18,True,,,,False
97403000AN0271,2025-11-25,False,,,,False
97411000HS0142,2025-04-08,False,,,,False
97415000DM0303,2024-10-31,True,,,,False
97413000CC0189,2025-12-05,False,,,,False
97415000CL0069,2025-08-27,False,,,,False
97411000IA0232,2025-02-07,True,,,,False
97414000EN3530,2025-10-01,True,,,,False
97422000ED0295,2025-09-29,False,,,,False
97424000AL1322,2025-02-18,False,,,,False
97408000AP1645,2025-12-19,False,,,,False
97411000DX0124,2025-04-03,False,,,,False
97407000BC0554,2024-07-29,True,,,,False
97411000EX0264,2024-10-14,False,,,,False
97424000AI2000,2024-04-26,True,,,,False
97411000EK0050,2024-05-31,False,,,,False
97406000AC0630,2025-11-14,False,,,,False
97404000AI1804,2024-10-24,False,,,,False
97415000EO1089,2024-04-17,True,,,,False
97411000AP0416,2024-08-05,False,,,,False
97424000AE0395,2024-08-07,False,,,,False
97424000AC0797,2025-09-15,False,,,,False
97410000AI0560,2024-09-13,False,,,,False
97401000AP0673,2025-03-19,True,,,,False
97416000EV1813,2024-03-15,True,,,,False
97407000AY0436,2025-07-07,False,,,,False
97415000DO0191,2025-05-30,False,,,,False
97422000EN0147,2025-09-01,True,,,,False
97422000CD0542,2024-10-17,False,,,,False
97405000AR1774,2024-02-12,True,,,,False
97402000AK1578,2025-06-23,True,,,,False
97409000BE2216,2025-08-06,False,,,,False
97416000IA1388,2025-07-22,False,,,,False
97411000AD0035,2025-06-11,False,,,,False
97404000AZ0043,2024-03-25,False,,,,False
97410000AS1426,2024-01-09,False,,,,False
97422000BM0462,2025-02-04,True,,,,False
97415000DE0899,2024-10-25,True,,,,False
97421000AP0443,2024-07-12,True,,,,False
97419000AN0008,2024-03-28,True,,,,False
97415000CS0033,2024-04-29,False,,,,False
97401000AO0891,2025-11-25,False,,,,False
97410000AY0487,2024-07-04,False,,,,False
97413000CW0296,2024-08-14,True,,,,False
97424000AM0221,2024-07-12,False,,,,False
97414000EK0413,2025-11-24,False,,,,False
97422000BE2329,2024-06-27,True,,,,False
97415000BI0498,2025-03-14,False,,,,False
97410000AL0427,2025-06-06,True,,,,False
97422000BP1987,2025-04-08,True,,,,False
97409000AX1084,2024-08-07,True,,,,False
97410000AV0654,2024-04-04,False,,,,False
97418000BO0201,2024-12-23,True,,,,False
97422000CH0435,2024-08-01,False,,,,False
97416000HY1550,2025-04-29,False,,,,False
97407000AI1889,2024-08-19,True,,,,False
97415000EK0627,2024-05-31,True,,,,False
97405000BI0139,2025-07-17,True,,,,False
97415000DT0059,2025-02-14,False,,,,False
97414000DN0171,2024-08-19,False,,,,False
97422000CP0903,2025-10-23,True,,,,False
97422000BI1005,2025-11-27,True,,,,False
97415000BN1096,2025-12-01,True,,,,False
97412000CK0045,2025-08-01,True,,,,False
97410000AM0195,2024-07-02,False,,,,False
97421000AP0540,2024-11-22,False,,,,False
97415000ET1407,2024-10-31,False,,,,False
97402000AK2163,2025-04-04,True,,,,False
97405000AD0727,2024-06-13,True,,,,False
97401000AL0014,2024-04-30,False,,,,False
97411000AL0009,2025-01-24,False,,,,False
97424000AH0903,2025-07-31,True,,,,False
97406000AI0717,2025-07-23,True,,,,False
97414000DM0907,2025-12-22,False,,,,False
97405000AR1839,2025-01-28,True,,,,False
97412000BW0687,2025-03-21,True,,,,False
97416000CS1523,2024-06-13,True,,,,False
97413000CX2869,2025-10-24,False,,,,False
97408000AC3047,2024-03-25,False,,,,False
97412000BC0334,2025-08-19,False,,,,False
97413000BH0813,2024-03-19,False,,,,False
97411000BZ1002,2024-03-15,False,,,,False
97418000AC1585,2025-10-16,True,,,,False
97407000AE0827,2024-12-16,True,,,,False
97403000AS2097,2024-09-25,False,,,,False
97415000EL0527,2025-09-25,True,,,,False
97413000DC0529,2025-08-27,True,,,,False
97415000EW0728,2025-07-22,False,,,,False
97418000AR0498,2025-10-20,True,,,,False
97416000EV1517,2025-05-30,True,,,,False
97411000EM0151,2025-03-28,False,,,,False
97401000AL0581,2025-01-14,True,,,,False
97416000HK0078,2025-05-21,True,,,,False
97415000CY0477,2025-06-12,False,,,,False
97405000AH0754,2024-12-13,False,,,,False
97413000BM0699,2025-06-27,True,,,,False
97416000CS1238,2024-04-16,True,,,,False
97411000IS0679,2025-05-13,False,,,,False
97401000AR1475,2024-07-16,False,,,,False
97415000EH0549,2025-11-07,False,,,,False
97422000BP1945,2025-04-08,True,,,,False
97411000EI0052,2024-09-23,False,,,,False
97402000AI1207,2025-07-11,False,,,,False
97407000BE0314,2025-07-10,False,,,,False
97420000AE0460,2024-06-24,False,,,,False
97410000AB1219,2024-08-30,False,,,,False
97420000BD1207,2025-10-31,False,,,,False
97424000AM0120,2025-04-01,False,,,,False
97411000KC0251,2025-06-13,False,,,,False
97422000AK1457,2025-10-30,False,,,,False
97413000DE1446,2024-06-20,True,,,,False
97415000DT1225,2025-07-10,True,,,,False
97412000AX1062,2024-10-07,True,,,,False
97416000ID0843,2025-04-29,False,,,,False
97411000KD0020,2024-04-05,True,,,,False
97415000DI0473,2025-12-22,True,,,,False
97411000BP0598,2024-12-30,True,,,,False
97422000AX0898,2025-03-10,False,,,,False
97415000HI0539,2024-02-28,True,,,,False
97422000BS0940,2025-10-30,True,,,,False
97415000DT0993,2024-10-31,False,,,,False
97419000AP0181,2024-07-10,True,,,,False
97422000BD1569,2024-10-22,False,,,,False
97422000BL1558,2024-01-24,False,,,,False
97423000AD0775,2025-07-04,False,,,,False
97404000AE1583,2024-06-27,False,,,,False
97411000DT0287,2024-05-15,True,,,,False
97416000ET2110,2024-11-27,False,,,,False
97415000CX0461,2024-04-24,False,,,,False
97408000AC2259,2024-11-15,False,,,,False
97416000CD0267,2025-06-20,True,,,,False
97422000BV3185,2024-07-22,False,,,,False
97410000CD0928,2024-05-31,False,,,,False
97416000CZ1970,2024-02-06,False,,,,False
97413000BH0023,2024-05-28,True,,,,False
97415000AY1533,2025-05-15,False,,,,False
97421000BM0538,2024-06-21,True,,,,False
97423000AK1311,2025-09-05,False,,,,False
97422000DH0471,2025-09-29,False,,,,False
97411000CM0963,2025-05-16,True,,,,False
97416000IB0068,2024-12-31,False,,,,False
97403000AH0126,2025-01-15,True,,,,False
97407000AL0744,2025-04-22,False,,,,False
97413000CY1474,2024-12-27,True,,,,False
97413000CA0265,2024-01-29,False,,,,False
97415000BH0131,2024-08-22,False,,,,False
97416000HI1148,2025-11-13,True,,,,False
97409000AT1020,2025-07-31,False,,,,False
97406000AK0254,2024-12-02,False,,,,False
97416000EN0439,2025-03-18,False,,,,False
97411000KB0024,2024-10-25,False,,,,False
97413000CA0227,2024-12-30,True,,,,False
97406000AI0701,2025-07-23,True,,,,False
97410000AR0661,2024-11-29,True,,,,False
97420000AO0601,2025-12-03,False,,,,False
97409000AT1666,2024-04-11,False,,,,False
97414000ET1190,2024-07-30,True,,,,False
97422000CX1048,2025-02-17,False,,,,False
97416000HZ1070,2025-06-19,True,,,,False
97404000AM0970,2025-05-30,True,,,,False
97409000AS2128,2025-04-24,True,,,,False
97424000AM1008,2024-10-15,True,,,,False
97412000CD0248,2025-06-26,False,,,,False
97415000AS1002,2024-07-30,False,,,,False
97403000AS1274,2025-11-28,False,,,,False
97418000AV2093,2025-07-29,False,,,,False
97401000AN0935,2025-02-06,False,,,,False
97409000BE1592,2024-06-20,True,,,,False
97415000CO0284,2025-07-01,True,,,,False
97420000AZ0260,2024-04-24,False,,,,False
97414000EN2694,2025-09-24,False,,,,False
97415000CV1426,2025-07-02,False,,,,False
97414000EN2477,2025-12-10,True,,,,False
97403000AO0745,2024-03-19,True,,,,False
97422000DI0429,2025-07-25,False,,,,False
97416000HN1776,2024-01-22,False,,,,False
97407000BE0348,2024-09-30,False,,,,False
97415000AW0757,2025-07-17,False,,,,False
97407000AO0123,2025-12-01,True,,,,False
97412000BL0426,2025-11-28,False,,,,False
97411000DX0117,2025-07-25,True,,,,False
97412000CT0741,2024-06-25,True,,,,False
97411000CD0951,2024-09-19,False,,,,False
97412000CE2568,2025-07-23,False,,,,False
97415000CH3385,2024-05-07,False,,,,False
97422000BP1135,2025-06-23,True,,,,False
97414000EN1025,2024-03-29,False,,,,False
97424000AE0394,2025-01-16,False,,,,False
97403000AH0125,2025-01-15,True,,,,False
97415000CL0217,2025-10-30,False,,,,False
97409000BE0742,2024-12-31,True,,,,False
97410000BW1046,2024-07-30,True,,,,False
97412000BT0493,2024-10-18,False,,,,False
97415000DT1204,2024-08-13,True,,,,False
97413000DE1416,2024-06-20,True,,,,False
97422000BW3326,2024-10-15,False,,,,False
97412000BP0492,2024-04-04,True,,,,False
97416000DS0707,2024-11-12,False,,,,False
97413000CN0755,2024-11-28,True,,,,False
97411000EK0271,2024-06-13,False,,,,False
97416000EK0261,2024-12-17,False,,,,False
97424000AI2432,2025-10-14,True,,,,False
97407000AK0379,2024-04-23,False,,,,False
97415000CX0975,2025-04-30,False,,,,False
97410000AI0611,2024-11-12,False,,,,False
97413000CQ0899,2025-06-17,True,,,,False
97415000DR0614,2024-09-06,True,,,,False
97415000EW1479,2025-07-30,True,,,,False
97403000AH0350,2025-09-08,True,,,,False
97405000AL1146,2024-05-15,True,,,,False
97418000AP3868,2024-05-23,True,,,,False
97416000CW1247,2024-07-17,True,,,,False
97410000BH0314,2025-08-08,True,,,,False
97413000DD1120,2025-06-25,True,,,,False
97418000AS1294,2024-12-23,True,,,,False
97422000AX1432,2025-12-08,True,,,,False
97416000CV2362,2025-04-25,True,,,,False
97416000IE0645,2024-10-14,True,,,,False
97416000EX1148,2024-03-29,True,,,,False
97411000AO0331,2025-03-23,False,,,,False
97411000DW0120,2024-05-16,False,,,,False
97409000AR1727,2024-04-25,False,,,,False
97423000AB1742,2025-09-08,True,,,,False
97413000AV2276,2025-09-05,False,,,,False
97412000BP0477,2025-09-08,False,,,,False
97419000AL0247,2024-02-29,False,,,,False
97410000BV0683,2024-10-02,True,,,,False
97416000IA0632,2024-09-18,False,,,,False
97412000AS0208,2025-09-30,True,,,,False
97416000EM1023,2025-02-03,True,,,,False
97419000AK0067,2025-06-12,True,,,,False
97411000AO0308,2024-11-12,False,,,,False
97410000CL0489,2025-05-30,False,,,,False
97401000AS1322,2025-04-25,True,,,,False
97418000AX0514,2024-12-30,False,,,,False
97418000BT0504,2025-05-02,False,,,,False
97405000AO0703,2025-04-29,False,,,,False
97411000DW0114,2024-09-30,False,,,,False
97410000AN0807,2024-01-31,True,,,,False
97401000AM0964,2025-01-23,False,,,,False
97416000EI0270,2025-05-30,True,,,,False
97416000IA1335,2024-11-29,False,,,,False
97404000AR0069,2024-03-28,False,,,,False
97415000CM2361,2024-11-02,True,,,,False
97404000AY0586,2025-05-09,False,,,,False
97408000BO0243,2025-07-10,False,,,,False
97415000AB0538,2025-07-29,True,,,,False
97404000AL1321,2024-02-27,False,,,,False
97401000AM0686,2025-08-01,True,,,,False
97418000AS1029,2024-12-23,True,,,,False
97410000BW0849,2025-01-31,False,,,,False
97416000CW2014,2024-02-26,True,,,,False
97411000BD0553,2024-12-19,True,,,,False
97422000BS1900,2024-09-19,True,,,,False
97402000AM0024,2025-05-26,True,,,,False
97411000EK0006,2024-02-28,False,,,,False
97413000AC0961,2025-07-18,True,,,,False
97412000BP0510,2025-03-24,False,,,,False
97411000KE0298,2025-02-07,False,,,,False
97423000AC0510,2024-03-07,False,,,,False
97410000AV0658,2024-09-13,True,,,,False
97402000AB1051,2024-12-06,False,,,,False
97411000AK0113,2025-01-14,False,,,,False
97408000AC3680,2025-11-24,False,,,,False
97410000AY0313,2025-09-09,False,,,,False
97414000EN4083,2025-07-31,False,,,,False
97411000ER0193,2025-04-28,False,,,,False
97409000AS2033,2024-08-16,False,,,,False
97411000DX0122,2024-07-24,False,,,,False
97407000AV0048,2024-09-12,False,,,,False
97416000DE0497,2024-04-26,False,,,,False
97408000AR0438,2024-04-05,True,,,,False
97413000CL0409,2025-09-19,False,,,,False
97409000AV1276,2025-09-29,False,,,,False
97415000AS1917,2024-09-18,True,,,,False
97422000BV1905,2024-08-02,False,,,,False
97411000AZ0487,2024-10-04,True,,,,False
97415000EP1191,2024-03-20,True,,,,False
97412000CE1053,2024-04-09,False,,,,False
97412000BM1197,2025-01-14,False,,,,False
97402000AK2231,2025-12-15,False,,,,False
97408000AT0788,2024-03-11,True,,,,False
97422000AK1315,2025-10-01,False,,,,False
97420000AS0253,2024-12-13,False,,,,False
97422000DE0990,2025-10-07,True,,,,False
97409000AR0442,2025-07-28,False,,,,False
97408000AB0270,2024-04-29,False,,,,False
97417000AT1452,2025-01-03,True,,,,False
97410000BW1112,2025-07-22,True,,,,False
97411000HO0051,2024-06-10,False,,,,False
97416000HW0555,2024-05-11,False,,,,False
97411000DX0121,2024-04-02,False,,,,False
97418000AC1565,2024-08-09,False,,,,False
97423000AK2062,2024-12-23,True,,,,False
97407000AV0086,2025-05-27,True,,,,False
97415000AY1548,2025-02-25,False,,,,False
97418000AP4087,2025-06-03,False,,,,False
97422000BD1692,2025-02-12,False,,,,False
97412000AM0994,2024-09-03,True,,,,False
97422000BV2050,2024-12-18,False,,,,False
97408000AP1680,2025-09-11,True,,,,False
97422000AD1209,2024-08-29,False,,,,False
97411000IS0675,2024-07-25,True,,,,False
97420000BD0719,2025-01-28,True,,,,False
97410000BL0356,2025-08-08,False,,,,False
97411000HC0258,2025-06-27,True,,,,False
97422000DH0580,2025-03-03,False,,,,False
97414000EV0481,2025-07-30,True,,,,False
97416000ES2220,2025-02-07,False,,,,False
97411000HV0217,2025-12-19,False,,,,False
97424000AD0066,2025-01-20,False,,,,False
97414000CH0732,2024-11-27,True,,,,False
97405000AI0641,2025-09-17,True,,,,False
97413000CX2224,2025-09-22,True,,,,False
97414000EZ0483,2025-07-01,True,,,,False
97410000AS1460,2025-03-31,True,,,,False
97415000DE1320,2024-11-05,False,,,,False
97411000HE0591,2024-12-11,True,,,,False
97420000AC0453,2024-12-30,True,,,,False
97416000DM0930,2025-07-10,True,,,,False
97401000AS1403,2024-09-09,False,,,,False
97412000CE2782,2025-11-12,False,,,,False
97423000AB1304,2025-09-08,True,,,,False
97414000DI0459,2025-05-26,False,,,,False
97415000AW0759,2024-09-27,False,,,,False
97414000ER0949,2024-07-25,False,,,,False
97407000AI0727,2025-09-25,False,,,,False
97412000AT0263,2024-04-16,True,,,,False
97416000CY0789,2024-12-05,True,,,,False
97411000AW0331,2025-06-13,False,,,,False
97411000AN0173,2025-04-14,False,,,,False
97422000CH0372,2025-09-30,False,,,,False
97413000CX2860,2025-11-28,True,,,,False
97401000AS1390,2024-03-19,False,,,,False
97422000BT1020,2025-04-08,False,,,,False
97410000AK0016,2024-12-31,False,,,,False
97409000AP0751,2024-04-18,False,,,,False
97415000CY0363,2024-06-21,True,,,,False
97408000AP1608,2025-12-15,False,,,,False
97422000CE0071,2024-09-06,True,,,,False
97412000CE2686,2024-03-27,False,,,,False
97411000KE0038,2024-08-13,False,,,,False
97422000BH0783,2025-10-15,True,,,,False
97404000AM0655,2025-11-03,False,,,,False
97412000BX1929,2025-10-09,True,,,,False
97409000BE1937,2025-10-07,True,,,,False
97404000AD1120,2025-11-18,True,,,,False
97412000BH0744,2025-08-20,True,,,,False
97415000CP1392,2025-01-23,True,,,,False
97414000CR0377,2025-08-25,True,,,,False
97414000HI1431,2024-12-04,False,,,,False
97415000ER0074,2025-11-19,False,,,,False
97408000AP0731,2025-08-12,True,,,,False
97422000DH0211,2025-04-10,True,,,,False
97415000EO0909,2024-02-29,True,,,,False
97421000BN0033,2025-02-05,True,,,,False
97405000BE0063,2024-07-19,False,,,,False
97415000EO0900,2025-03-03,False,,,,False
97422000BH1170,2025-09-19,False,,,,False
97420000BC0665,2024-04-22,False,,,,False
97402000AC0123,2024-01-23,True,,,,False
97410000AE1359,2024-04-08,True,,,,False
97422000BH1060,2024-04-02,True,,,,False
97415000CK0907,2025-09-05,True,,,,False
97415000AY1626,2024-07-23,False,,,,False
97411000DR0382,2025-11-19,False,,,,False
97405000AK1313,2024-10-31,False,,,,False
97411000DR0739,2024-12-24,True,,,,False
97414000EK0584,2025-05-26,False,,,,False
97410000AP0561,2024-07-04,True,,,,False
97411000IC0133,2024-03-27,False,,,,False
97415000CW0598,2025-05-21,True,,,,False
97401000AO1103,2024-12-24,True,,,,False
97406000AS0282,2024-11-07,False,,,,False
97402000AH1941,2025-04-16,True,,,,False
97410000AT0486,2024-07-11,False,,,,False
97421000AV1167,2024-04-03,False,,,,False
97412000BW2488,2025-12-12,True,,,,False
97406000AR0360,2025-06-16,True,,,,False
97404000AY0398,2025-12-09,False,,,,False
97414000DO0068,2024-05-30,False,,,,False
97411000HT0039,2024-11-22,False,,,,False
97413000DJ0578,2025-12-30,False,,,,False
97413000DD0059,2024-09-09,True,,,,False
97420000AI0905,2024-12-09,False,,,,False
97409000AL2214,2024-12-16,False,,,,False
97415000DP0868,2024-12-26,True,,,,False
97415000CO0470,2025-07-01,True,,,,False
97413000DM0164,2024-04-15,False,,,,False
97415000AB0828,2025-09-30,True,,,,False
97422000CS0912,2024-12-12,False,,,,False
97415000DY0039,2025-07-01,True,,,,False
97414000HI0284,2024-10-31,False,,,,False
97418000AR1695,2024-03-05,True,,,,False
97415000AY0919,2024-02-01,False,,,,False
97405000AL1667,2025-09-02,False,,,,False
97413000BW0379,2024-02-27,False,,,,False
97405000AM0218,2024-02-08,True,,,,False
97413000CH0654,2025-09-22,True,,,,False
97415000EO1058,2025-10-10,True,,,,False
97410000CD0170,2024-11-29,True,,,,False
97416000EY1403,2025-05-22,False,,,,False
97421000BP0077,2024-10-29,False,,,,False
97416000DT0286,2024-08-21,False,,,,False
97420000BE0618,2024-10-03,False,,,,False
97415000ET1672,2024-01-30,False,,,,False
97410000AR1588,2025-08-28,False,,,,False
97422000CE0301,2024-06-28,False,,,,False
97412000CE0449,2025-07-15,True,,,,False
97423000AE0687,2024-07-15,True,,,,False
97411000CY0645,2024-12-12,False,,,,False
97405000BE1073,2024-12-24,True,,,,False
97416000IB0685,2024-11-14,False,,,,False
97404000AT0893,2025-02-17,False,,,,False
97411000DX0105,2024-01-30,False,,,,False
97412000CD0991,2024-08-07,False,,,,False
97420000AB1351,2025-12-03,False,,,,False
97415000CP0007,2025-01-23,True,,,,False
97410000AR1664,2024-11-29,True,,,,False
97422000ED0519,2025-03-12,True,,,,False
97410000CD0947,2024-08-29,False,,,,False
97412000CD0895,2025-10-28,False,,,,False
97415000EY0389,2024-11-13,True,,,,False
97412000CH0331,2025-03-19,False,,,,False
97416000CS1582,2024-04-30,True,,,,False
97416000CT1263,2025-11-28,False,,,,False
97411000AY0523,2024-07-08,True,,,,False
97415000CM2316,2025-04-01,True,,,,False
97409000AR2320,2025-01-20,False,,,,False
97412000BW0401,2025-08-05,False,,,,False
97413000CY1472,2024-12-23,True,,,,False
97412000CY0701,2024-05-07,False,,,,False
97416000HY1056,2024-08-05,True,,,,False
97423000AB1907,2024-12-17,False,,,,False
97410000BX1959,2024-08-08,False,,,,False
97411000CT1594,2024-12-23,True,,,,False
97415000EO0980,2024-05-14,True,,,,False
97413000CY0858,2024-05-02,True,,,,False
97424000AH0657,2025-07-31,True,,,,False
97412000CE2802,2024-09-17,False,,,,False
97422000BL1807,2024-10-29,False,,,,False
97423000AE1089,2025-06-28,False,,,,False
97409000BE1142,2024-04-24,True,,,,False
97422000AY1481,2024-07-04,True,,,,False
97416000ID0700,2025-10-31,False,,,,False
97409000AO0299,2024-12-18,False,,,,False
97411000AD0232,2024-12-31,False,,,,False
97411000CY0556,2024-08-22,True,,,,False
97422000DM0803,2025-03-21,False,,,,False
97404000AW0311,2024-10-10,True,,,,False
97404000AT0363,2025-06-17,False,,,,False
97409000AX0484,2024-02-23,False,,,,False
97414000HI1610,2025-04-22,True,,,,False
97423000AK2030,2025-09-09,True,,,,False
97415000CH1634,2025-11-19,False,,,,False
97422000BX1185,2024-01-30,False,,,,False
97411000IL0262,2025-02-10,False,,,,False
97415000AY1509,2024-12-26,False,,,,False
97405000AK1752,2024-01-10,False,,,,False
97416000CW1514,2024-07-17,True,,,,False
97411000DS0692,2024-12-12,False,,,,False
97416000EP0747,2024-09-06,False,,,,False
97409000AL1960,2024-12-26,True,,,,False
97416000EX1898,2025-07-28,True,,,,False
97417000BC0002,2025-08-13,False,,,,False
97419000AM0205,2024-07-18,True,,,,False
97405000BH0495,2024-02-20,False,,,,False
97413000DE2101,2024-06-07,True,,,,False
97414000DY0122,2025-08-18,False,,,,False
97412000BR0582,2025-10-31,False,,,,False
97406000AO0431,2024-03-27,False,,,,False
97415000BO0940,2024-07-09,True,,,,False
97416000DN0266,2025-03-25,True,,,,False
97421000AL0609,2024-11-29,True,,,,False
97402000AB0743,2024-12-30,False,,,,False
97423000AC0355,2024-01-14,True,,,,False
97415000DK0743,2024-04-26,True,,,,False
97413000CD0317,2024-12-16,False,,,,False
97412000BX1104,2025-12-24,False,,,,False
97416000EK0249,2024-09-17,False,,,,False
97408000AW0954,2025-10-13,False,,,,False
97420000BC1860,2024-10-31,False,,,,False
97417000BC0068,2024-12-17,True,,,,False
97415000HR0300,2024-06-26,False,,,,False
97413000CV0190,2025-03-27,False,,,,False
97421000AL0543,2025-10-23,True,,,,False
97412000AN0330,2024-09-11,True,,,,False
97424000AH0995,2025-11-07,False,,,,False
97410000AR0426,2024-03-27,False,,,,False
97416000EY1416,2024-09-20,True,,,,False
97411000KB0114,2024-10-25,False,,,,False
97405000AL0629,2024-09-05,True,,,,False
97416000DE1317,2024-01-31,False,,,,False
97408000AC2967,2025-03-18,True,,,,False
97418000BM0501,2025-10-16,True,,,,False
97410000BK0269,2025-06-19,True,,,,False
97416000EX0757,2024-04-17,False,,,,False
97411000DS0834,2024-02-01,False,,,,False
97412000AM2098,2025-11-21,True,,,,False
97424000AL0607,2024-01-11,False,,,,False
97421000AV1183,2025-10-31,False,,,,False
97424000AH0568,2024-11-20,False,,,,False
97405000BE1145,2024-02-29,False,,,,False
97415000AB0840,2025-09-30,True,,,,False
97411000AB0579,2025-03-28,True,,,,False
97409000AY1051,2024-11-05,True,,,,False
97412000BI0163,2025-10-07,False,,,,False
97412000AM1001,2025-03-31,True,,,,False
97415000CV1471,2025-11-04,False,,,,False
97420000AI0909,2025-06-05,False,,,,False
97409000AL1164,2025-09-29,False,,,,False
97421000AN0413,2025-03-12,True,,,,False
97416000EK0252,2024-10-23,False,,,,False
97415000BO0945,2024-07-09,True,,,,False
97405000AM0664,2025-06-27,True,,,,False
97413000DE2422,2025-10-24,False,,,,False
97420000AO0648,2024-03-13,False,,,,False
97406000AM0978,2025-11-22,False,,,,False
97409000AO0112,2024-08-20,False,,,,False
97416000DS0234,2024-05-23,True,,,,False
97409000BK0701,2024-03-20,False,,,,False
97413000CX2887,2025-12-11,False,,,,False
97409000BD0601,2025-01-30,True,,,,False
97419000AO0020,2025-10-16,True,,,,False
97410000AS1251,2024-11-29,True,,,,False
97415000EO0878,2024-05-27,False,,,,False
97423000AD0658,2025-05-06,False,,,,False
97415000HK0425,2025-06-03,False,,,,False
97423000AC0404,2024-01-14,True,,,,False
97411000IL0212,2025-08-20,False,,,,False
97421000AV1350,2025-07-18,False,,,,False
97414000EN2973,2025-10-28,True,,,,False
97412000BL1192,2024-12-18,False,,,,False
97411000AT0580,2025-07-18,True,,,,False
97415000DT0322,2024-12-04,True,,,,False
97415000EW1815,2024-04-09,False,,,,False
97424000AO0392,2024-03-15,True,,,,False
97404000AI2238,2024-02-21,False,,,,False
97418000AT2430,2024-12-23,True,,,,False
97409000AP1832,2024-03-20,True,,,,False
97409000BE0737,2025-06-27,False,,,,False
97416000IC0039,2025-10-17,False,,,,False
97411000AD0481,2024-09-10,False,,,,False
97422000BD2571,2025-06-10,True,,,,False
97416000ET1508,2025-02-08,False,,,,False
97423000AK1481,2024-07-17,True,,,,False
97422000CD0556,2025-03-31,False,,,,False
97415000HI0521,2024-06-07,True,,,,False
97413000AV1401,2024-04-26,False,,,,False
97403000AH0520,2024-08-29,False,,,,False
97416000DM0897,2024-09-13,True,,,,False
97401000AO0367,2024-07-25,True,,,,False
97423000AH1826,2024-12-10,False,,,,False
97409000AL1959,2024-12-26,True,,,,False
97416000EK0233,2024-09-26,False,,,,False
97414000HI1047,2025-06-16,True,,,,False
97415000AX0024,2024-03-07,False,,,,False
97422000EC0105,2024-07-18,False,,,,False
97416000HP0059,2025-10-31,False,,,,False
97424000AI0998,2024-07-11,False,,,,False
97408000AP1584,2024-04-09,True,,,,False
97415000CN0204,2024-07-16,True,,,,False
97416000HS0313,2025-04-15,False,,,,False
97405000AR1914,2025-03-27,False,,,,False
97412000BY1214,2025-08-13,False,,,,False
97420000BH0479,2024-06-21,True,,,,False
97404000AE1103,2024-07-05,False,,,,False
97416000ET1332,2024-09-19,False,,,,False
97422000CN1088,2024-08-05,False,,,,False
97414000EO0767,2025-09-22,False,,,,False
97422000CD0411,2025-06-30,False,,,,False
97412000BW1350,2024-05-31,False,,,,False
97414000ET2316,2025-05-30,False,,,,False
97412000BM0364,2024-12-17,True,,,,False
97418000AD0680,2025-10-16,True,,,,False
97413000CM0674,2025-07-16,False,,,,False
97424000AH0863,2025-02-26,False,,,,False
97408000AT2031,2025-05-15,True,,,,False
97404000AH1062,2025-10-27,False,,,,False
97408000BO0213,2025-06-16,False,,,,False
97422000CN1453,2024-03-05,False,,,,False
97415000DT1205,2024-08-13,True,,,,False
97424000AD0306,2024-12-27,False,,,,False
97413000CX1881,2025-09-22,True,,,,False
97422000BD3717,2024-09-13,False,,,,False
97405000AL0838,2025-07-21,False,,,,False
97404000AS0354,2024-07-17,False,,,,False
97416000EO0115,2024-08-30,False,,,,False
97402000AD0720,2025-09-08,False,,,,False
97411000KA0318,2025-11-26,False,,,,False
97422000ED0005,2024-08-14,False,,,,False
97410000BX1957,2025-10-22,False,,,,False
97418000AP1810,2024-12-23,True,,,,False
97416000DM0816,2025-06-23,True,,,,False
97413000CS0128,2025-12-10,False,,,,False
97405000AL0811,2025-02-05,False,,,,False
97411000AZ0320,2025-10-03,False,,,,False
97422000DE0988,2025-10-07,True,,,,False
97418000AY0616,2024-08-21,False,,,,False
97410000AL0495,2025-12-23,True,,,,False
97405000AR1876,2024-04-05,False,,,,False
97411000DR0581,2025-12-08,True,,,,False
97416000HY0386,2024-07-10,True,,,,False
97415000EK0064,2024-08-20,False,,,,False
97407000AE0395,2025-04-03,True,,,,False
97422000BV2039,2025-10-02,True,,,,False
97412000CP0466,2024-10-23,False,,,,False
97416000HO1103,2025-03-21,False,,,,False
97410000AR0660,2024-11-29,True,,,,False
97416000ES2203,2025-06-25,False,,,,False
97416000EP0976,2025-10-16,False,,,,False
97410000AS1389,2024-11-29,True,,,,False
97405000AL0808,2025-04-30,False,,,,False
97414000ET0571,2024-02-29,True,,,,False
97411000HA0124,2025-10-21,False,,,,False
97411000HW0538,2024-04-17,False,,,,False
97409000BE2182,2025-10-07,True,,,,False
97412000BK1713,2024-09-27,True,,,,False
97409000BK0747,2024-06-28,True,,,,False
97415000AC0253,2025-08-28,True,,,2026-07-06 20:20:11.979366+00:00,False
97415000BZ0631,2024-12-19,True,,,,False
97412000CY1096,2024-12-13,False,,,,False
97407000AH1390,2025-10-28,True,,,,False
97422000DH0994,2024-07-10,True,,,,False
97415000CT2975,2025-12-30,False,,,,False
97409000AD0627,2025-05-26,True,,,,False
97415000ER1069,2024-06-21,False,,,,False
97411000DW0037,2024-12-19,False,,,,False
97411000AZ0479,2024-05-30,True,,,,False
97409000AT1065,2024-05-24,False,,,,False
97412000BH0747,2025-10-09,False,,,,False
97422000BV0657,2025-10-02,True,,,,False
97422000EC0476,2024-01-16,False,,,,False
97407000AS1158,2024-12-04,False,,,,False
97411000AM0013,2025-08-25,False,,,,False
97415000BZ0739,2024-03-26,False,,,,False
97415000DR0538,2025-08-08,True,,,,False
97413000CL0419,2025-08-08,True,,,,False
97423000AC0346,2024-01-14,True,,,,False
97403000AS0517,2024-05-22,False,,,,False
97422000AS0976,2024-05-27,True,,,,False
97416000ID0793,2024-06-14,False,,,,False
97416000EV1582,2025-04-30,True,,,,False
97407000AH1392,2025-10-28,True,,,,False
97418000AS1351,2025-05-15,False,,,,False
97411000CD0065,2024-12-31,False,,,,False
97416000IE1940,2024-04-11,False,,,,False
97414000HA0610,2025-12-15,False,,,,False
97416000CS0816,2024-04-23,False,,,,False
97416000ES2177,2024-06-25,False,,,,False
97415000DE0093,2024-03-28,False,,,,False
97415000HP0063,2024-10-17,True,,,,False
97413000DC0790,2025-12-23,False,,,,False
97413000CT0541,2025-02-24,False,,,,False
97415000DK1117,2024-09-30,True,,,,False
97410000BS0629,2025-03-18,True,,,,False
97410000AH0901,2024-12-18,False,,,,False
97423000AH1841,2025-03-27,True,,,,False
97410000BX1634,2024-04-22,True,,,,False
97422000CE0072,2024-09-06,True,,,,False
97415000DP0484,2025-12-11,False,,,,False
97413000DC0503,2025-08-27,True,,,,False
97422000DK0246,2025-06-27,True,,,,False
97414000ET1756,2025-09-08,False,,,,False
97414000CO0128,2025-02-21,True,,,,False
97411000IS0294,2024-07-25,True,,,,False
97422000AR0392,2025-05-14,False,,,,False
97407000AK1200,2025-09-30,True,,,,False
97414000EL0388,2024-07-15,False,,,,False
97411000CV0130,2025-09-05,True,,,2026-08-31 12:57:14.866152+00:00,False
97415000AW2313,2024-02-28,False,,,,False
97422000BY0194,2025-03-11,True,,,,False
97414000CH1078,2024-03-08,False,,,,False
97410000AH0879,2025-12-16,True,,,,False
97418000BD0259,2024-12-23,True,,,,False
97411000ET0060,2024-08-19,False,,,,False
97415000CM1820,2024-04-22,False,,,,False
97420000AS1217,2025-03-19,False,,,,False
97409000AV0984,2025-11-21,False,,,,False
97413000CX2806,2024-05-16,True,,,,False
97413000DM0273,2025-03-04,True,,,,False
97422000BH2097,2024-11-22,False,,,,False
97414000CV0382,2024-11-04,False,,,,False
97405000AD0148,2024-01-03,True,,,,False
97421000AI0481,2024-05-22,True,,,,False
97422000CL1488,2025-05-28,True,,,,False
97412000AM1622,2024-04-26,True,,,,False
97414000ER0936,2025-12-11,True,,,,False
97410000BH0716,2024-07-26,True,,,,False
97415000DS1023,2024-11-19,True,,,,False
97416000HY1202,2025-12-18,False,,,,False
97414000HI0964,2025-04-30,False,,,,False
97416000HV0204,2025-11-21,False,,,,False
97422000DH0839,2025-10-27,True,,,,False
97415000AW2369,2025-02-24,True,,,,False
97413000DI0047,2025-04-22,True,,,,False
97422000BD0302,2025-04-30,False,,,,False
97408000AN2078,2024-12-06,False,,,,False
97413000CR1097,2024-01-09,False,,,,False
97415000AY1644,2024-12-31,False,,,,False
97414000HD0357,2024-03-05,False,,,,False
97422000BT0507,2025-12-23,False,,,,False
97414000EN3790,2024-12-27,False,,,,False
97412000AZ0101,2025-05-27,True,,,,False
97421000BL0066,2025-01-23,True,,,,False
97403000AS1640,2025-03-27,True,,,,False
97418000AW0292,2024-06-27,True,,,,False
97411000CY0547,2024-03-28,False,,,,False
97416000ES1193,2024-07-30,False,,,,False
97409000BE0188,2024-10-31,True,,,,False
97422000BY0684,2024-08-29,False,,,,False
97414000DE0475,2025-03-19,False,,,,False
97418000AR2424,2025-05-27,True,,,,False
97410000AE1352,2024-08-30,False,,,,False
97412000AX0174,2024-08-30,False,,,,False
97422000BM1342,2025-02-18,True,,,,False
97422000BW2058,2025-08-29,False,,,,False
97412000BT0195,2025-12-16,False,,,,False
97401000AO0794,2025-12-08,False,,,,False
97408000AO0674,2024-10-28,False,,,,False
97412000AN0762,2024-07-24,False,,,,False
97416000HR0380,2024-06-13,False,,,,False
97413000DC0542,2025-08-27,True,,,,False
97415000BY0449,2024-03-08,False,,,,False
97407000AE0341,2025-07-23,False,,,,False
97412000CV0383,2024-02-15,False,,,,False
97423000AC0340,2024-01-14,True,,,,False
97422000BH0680,2024-09-23,False,,,,False
97422000CE0800,2024-11-28,False,,,,False
97410000AO0201,2024-01-22,False,,,,False
97409000AP1819,2024-03-20,True,,,,False
97413000DG1081,2024-03-26,False,,,,False
97422000BK1683,2025-01-22,True,,,,False
97422000CK1501,2025-12-16,False,,,,False
97412000BV0178,2025-07-07,True,,,,False
97410000AL0426,2025-06-06,True,,,,False
97412000CL0329,2024-03-28,True,,,,False
97415000CD0757,2025-06-17,True,,,,False
97405000AL1676,2025-11-24,True,,,,False
97416000EV0188,2025-04-09,True,,,,False
97412000BY1467,2024-06-15,True,,,,False
97415000EY0776,2024-04-29,True,,,,False
97415000AV0903,2025-03-14,True,,,,False
97416000IB0159,2024-02-19,False,,,,False
97416000EX1593,2025-10-30,True,,,,False
97412000BN0731,2024-01-26,False,,,,False
97415000CT0589,2024-07-26,False,,,,False
97422000BK1337,2025-04-29,False,,,,False
97418000AC1606,2025-10-16,True,,,,False
97412000AM2097,2025-11-21,True,,,,False
97402000AM0013,2025-05-26,True,,,,False
97411000EM0115,2024-07-05,False,,,,False
97409000AL2142,2024-12-26,True,,,,False
97422000CN1292,2025-08-26,True,,,,False
97408000AT1184,2025-12-22,True,,,,False
97414000EN2610,2024-11-21,True,,,,False
97406000AV0317,2024-04-22,False,,,,False
97410000AN0858,2025-10-27,False,,,,False
97413000AV1757,2025-06-30,False,,,,False
97407000AH1192,2024-12-30,True,,,,False
97415000AY1586,2025-06-20,True,,,,False
97402000AB1211,2024-11-15,False,,,,False
97414000EO0644,2024-09-24,False,,,,False
97414000ET2302,2024-03-07,False,,,,False
97414000HC0353,2024-03-28,False,,,,False
97403000AH0540,2025-07-11,False,,,,False
97409000AL1821,2024-12-19,False,,,,False
97415000AW1455,2025-08-13,False,,,,False
97416000ID0202,2024-06-27,True,,,,False
97403000AP1961,2024-02-27,True,,,,False
97416000IK0170,2024-03-05,False,,,,False
97403000AP2003,2025-05-14,False,,,,False
97406000AE0546,2025-12-03,False,,,,False
97416000IB0494,2024-08-21,False,,,,False
97401000AN0593,2024-11-07,True,,,,False
97418000AV2660,2024-09-26,True,,,,False
97401000AM0823,2024-09-30,True,,,,False
97415000DE0310,2025-04-04,False,,,,False
97409000AS1888,2025-03-31,False,,,,False
97415000CT2188,2025-10-15,False,,,,False
97414000ES0507,2025-04-17,True,,,,False
97409000AK0976,2024-08-30,False,,,,False
97416000EX1805,2025-02-13,True,,,,False
97411000HO0197,2024-02-12,False,,,,False
97412000CL0334,2024-03-28,True,,,,False
97411000AW0693,2024-03-18,True,,,,False
97411000AL0101,2025-04-23,False,,,,False
97405000AH0845,2025-05-28,True,,,,False
97415000CT0217,2024-10-24,True,,,,False
97415000CL0814,2024-02-20,True,,,,False
97409000AP1667,2024-02-28,True,,,,False
97403000AR1091,2024-12-05,False,,,,False
97414000HI1125,2025-04-25,False,,,,False
97405000AW0173,2024-02-21,False,,,,False
97416000ET0458,2024-04-08,False,,,,False
97412000CY0439,2025-04-04,False,,,,False
97422000CS1510,2025-04-30,False,,,,False
97415000CT0663,2025-05-12,False,,,,False
97416000HX1542,2024-04-12,True,,,,False
97414000CI0717,2025-09-11,False,,,,False
97407000AS1049,2025-01-16,True,,,,False
97408000AP1661,2025-09-11,True,,,,False
97411000DW0282,2025-08-28,False,,,,False
97406000AV1298,2024-04-08,False,,,,False
97416000HX1275,2024-05-07,True,,,,False
97413000CX2665,2025-04-25,False,,,,False
97422000BW3474,2024-12-24,True,,,,False
97415000AV0350,2024-11-15,True,,,,False
97413000AV2199,2024-05-23,False,,,,False
97418000AV2893,2024-09-26,True,,,,False
97410000BV0783,2025-10-27,True,,,,False
97405000AO0246,2024-07-03,True,,,,False
97405000AR1472,2024-03-25,False,,,,False
97415000AS1937,2024-09-23,False,,,,False
97416000CZ2090,2024-06-05,True,,,,False
97414000ET2315,2025-12-19,False,,,,False
97411000CY0847,2024-10-11,False,,,,False
97415000EW2024,2025-08-27,False,,,,False
97415000EW1922,2024-12-04,False,,,,False
97412000AR0215,2024-12-16,True,,,,False
97417000AT1160,2024-12-26,True,,,,False
97415000ET1681,2025-11-28,False,,,,False
97415000CP1608,2024-07-11,False,,,,False
97409000AX1079,2025-03-05,True,,,,False
97415000DR0499,2024-02-02,True,,,,False
97411000AN0414,2024-09-19,False,,,,False
97410000AX0213,2024-01-31,False,,,,False
97412000BW1014,2024-07-30,False,,,,False
97404000AM1117,2024-03-26,False,,,,False
97411000DZ0032,2024-11-26,True,,,,False
97416000CS0901,2024-12-05,False,,,,False
97403000AP1964,2024-02-27,True,,,,False
97411000BK0610,2024-04-02,True,,,,False
97418000AS1378,2024-12-23,True,,,,False
97414000CW0581,2024-02-27,True,,,,False
97416000HR0196,2025-08-11,False,,,,False
97417000AT1101,2025-12-18,False,,,,False
97413000CR1042,2024-06-13,True,,,,False
97401000AM0822,2024-09-30,True,,,,False
97416000DV0287,2025-07-28,False,,,,False
97414000EV0643,2025-01-15,True,,,,False
97409000AT1601,2025-12-12,False,,,,False
97416000HV0661,2025-04-07,False,,,,False
97418000BE0262,2025-11-12,False,,,,False
97411000AO0379,2025-08-13,False,,,,False
97410000BS0517,2025-03-18,True,,,,False
97411000BZ1326,2025-04-01,False,,,,False
97401000AR1748,2024-08-12,False,,,,False
97421000BC0185,2024-09-24,False,,,,False
97413000DC1750,2025-02-24,False,,,,False
97423000AE0126,2024-05-31,False,,,,False
97408000AP1682,2025-09-11,True,,,,False
97416000IE2030,2024-04-23,True,,,,False
97415000EV0441,2025-02-10,False,,,,False
97411000DZ0179,2025-07-25,False,,,,False
97414000CR0372,2025-08-25,True,,,,False
97410000AY0102,2025-03-03,True,,,,False
97408000AO1365,2025-08-12,True,,,,False
97401000AO0421,2024-11-07,True,,,,False
97415000EH0394,2024-08-02,False,,,,False
97409000AR0024,2024-09-13,False,,,,False
97413000DF0031,2025-04-22,True,,,,False
97414000DN0428,2024-10-23,False,,,,False
97416000ET2121,2024-03-11,True,,,,False
97415000HI0022,2024-11-06,False,,,,False
97415000DZ0006,2024-11-07,False,,,,False
97415000CS1261,2025-05-26,True,,,,False
97422000CM1111,2025-09-29,False,,,,False
97412000AO0940,2024-08-26,False,,,,False
97415000CZ1194,2025-09-26,False,,,,False
97416000EK0463,2025-08-21,False,,,,False
97415000EY1488,2024-06-18,True,,,,False
97416000HX1555,2025-09-29,False,,,,False
97414000HB0221,2025-09-29,False,,,,False
97407000AZ0179,2025-01-31,False,,,,False
97401000AN0594,2024-11-07,True,,,,False
97413000CX1880,2025-09-22,True,,,,False
97411000HL0011,2024-07-26,False,,,2026-08-31 12:54:01.383002+00:00,False
97411000HY0179,2024-11-27,True,,,,False
97418000AC0647,2025-10-16,True,,,,False
97412000BW2466,2024-07-29,False,,,,False
97408000AR1282,2024-04-05,True,,,,False
97413000CI0651,2025-09-22,False,,,,False
97412000BK0314,2024-10-21,False,,,,False
97415000CK1040,2024-10-25,False,,,,False
97422000BI0897,2025-10-30,False,,,,False
97415000EN0238,2024-12-26,True,,,,False
97422000CP0498,2025-04-01,False,,,,False
97415000EO1035,2025-07-15,False,,,,False
97413000CI0577,2024-12-26,True,,,,False
97414000CM0210,2025-10-29,True,,,,False
97408000AO1904,2025-02-21,True,,,,False
97416000CD0604,2025-06-02,False,,,,False
97409000AT1665,2025-10-24,False,,,,False
97419000AI0089,2024-09-24,True,,,,False
97403000AP1004,2025-12-11,False,,,,False
97415000HK0167,2024-01-26,False,,,,False
97415000EX0123,2024-04-22,False,,,,False
97422000BP1969,2025-04-08,True,,,,False
97420000AN0229,2024-11-27,False,,,,False
97411000BZ1639,2025-08-12,True,,,,False
97422000AY1232,2024-11-21,True,,,,False
97418000AT1755,2024-12-23,True,,,,False
97420000BH0813,2024-04-24,False,,,,False
97416000EL0092,2024-08-30,False,,,,False
97408000AV0332,2024-03-11,False,,,,False
97415000BZ0644,2024-12-19,True,,,,False
97411000BK0123,2025-12-29,False,,,,False
97415000AS0772,2025-10-27,False,,,,False
97414000HH0505,2025-10-31,True,,,,False
97415000DE0741,2024-06-11,False,,,,False
97416000IA1008,2025-03-19,False,,,,False
97412000CD0940,2025-02-12,True,,,,False
97412000AM2039,2024-02-15,False,,,,False
97407000BI0016,2025-01-17,False,,,,False
97405000AL1279,2024-11-07,True,,,,False
97408000AT1103,2024-02-14,False,,,,False
97409000AC1033,2025-07-10,False,,,,False
97408000AC2055,2025-01-24,False,,,,False
97410000BX1624,2024-11-19,False,,,,False
97413000CM0569,2025-08-18,True,,,,False
97407000AO1220,2025-09-01,True,,,,False
97411000EW0132,2024-02-19,False,,,,False
97415000BV1053,2024-01-23,True,,,,False
97415000AY1585,2025-08-08,True,,,,False
97414000CY0152,2024-01-26,True,,,,False
97418000BV0377,2024-02-14,False,,,,False
97422000CN1658,2024-06-27,True,,,,False
97407000AT0050,2025-03-27,True,,,,False
97408000BO0559,2024-09-27,True,,,,False
97415000CD0673,2024-06-20,False,,,,False
97422000AP0836,2024-02-23,False,,,,False
97405000AK1814,2025-05-15,False,,,,False
97410000AS0745,2024-03-26,False,,,,False
97413000CH0813,2025-12-01,False,,,,False
97409000AX0213,2025-08-26,False,,,,False
97422000BX0072,2024-05-02,False,,,,False
97416000ET2124,2024-02-16,True,,,,False
97412000AX0828,2025-09-05,False,,,,False
97416000HI1147,2025-11-13,True,,,,False
97414000HK0676,2024-04-22,False,,,,False
97408000AP1640,2025-03-17,True,,,,False
97413000CN0004,2024-09-09,True,,,,False
97414000HE0586,2024-01-29,True,,,,False
97405000AR1864,2024-03-22,False,,,,False
97412000AM2076,2025-02-11,True,,,,False
97409000AK0931,2024-12-16,True,,,,False
97404000AI2397,2025-05-15,False,,,,False
97406000AV0857,2025-09-23,False,,,,False
97416000ES1722,2024-10-21,False,,,,False
97407000AO1148,2025-09-01,True,,,,False
97422000BH1836,2025-05-27,True,,,,False
97415000CT2922,2025-04-16,False,,,,False
97414000CI0736,2024-03-19,False,,,,False
97415000DR1040,2025-07-22,False,,,,False
97416000HP0192,2025-07-30,False,,,,False
97421000AV0431,2025-11-18,False,,,,False
97422000BI1095,2025-11-27,True,,,,False
97413000BH0874,2025-10-02,True,,,,False
97412000BL1195,2025-03-31,False,,,,False
97422000AS0704,2024-10-09,True,,,,False
97422000BM1484,2024-11-04,False,,,,False
97411000AO0074,2024-05-21,False,,,,False
97415000BZ0128,2024-12-19,True,,,,False
97409000AL1169,2025-12-31,False,,,,False
97413000DK0242,2024-09-13,False,,,,False
97416000IL0010,2024-08-28,False,,,,False
97416000EY1437,2025-03-28,False,,,,False
97420000AO0644,2024-12-23,False,,,,False
97418000BD0223,2024-12-23,True,,,,False
97416000CY0883,2025-01-23,True,,,,False
97415000CY1271,2025-09-23,False,,,,False
97424000AI2333,2024-04-26,True,,,,False
97416000DT0123,2025-01-03,False,,,,False
97415000CH1879,2024-01-19,False,,,,False
97415000CO0299,2025-07-01,True,,,,False
97422000DO0394,2025-04-01,True,,,,False
97414000EL1831,2024-03-14,False,,,,False
97422000BI0896,2025-08-29,False,,,,False
97416000DZ0330,2024-08-01,True,,,,False
97421000AS0299,2025-11-05,False,,,,False
97422000BD2829,2024-10-24,True,,,,False
97414000HD0463,2025-07-05,False,,,,False
97411000IY0078,2024-12-31,False,,,,False
97415000CM1827,2025-07-31,True,,,,False
97416000CV1933,2025-02-21,False,,,,False
97413000DE1274,2025-07-07,False,,,,False
97415000BV1337,2024-10-18,True,,,,False
97418000AV2717,2025-05-09,True,,,,False
97412000BH0608,2025-05-07,False,,,,False
97411000HW0032,2024-01-18,True,,,,False
97415000DT0795,2024-11-22,False,,,,False
97415000ET1609,2024-05-27,False,,,,False
97422000BI0874,2025-06-30,False,,,,False
97417000BD1112,2025-01-06,False,,,,False
97409000AL2019,2024-12-26,True,,,,False
97418000AI0160,2025-01-10,False,,,,False
97416000EI1432,2024-02-19,True,,,,False
97422000BX0043,2024-12-12,False,,,,False
97405000AD0469,2024-11-29,True,,,,False
97422000BN2962,2024-04-11,False,,,,False
97409000AX1088,2025-02-07,False,,,,False
97410000AT0182,2024-02-22,True,,,,False
97413000DC1699,2025-09-09,True,,,,False
97412000BX1031,2025-03-07,True,,,,False
97416000CT1279,2025-08-21,False,,,,False
97403000AS1673,2024-05-30,True,,,,False
97403000AR0115,2024-01-17,True,,,,False
97408000AM0909,2025-11-06,False,,,,False
97411000CP0425,2025-01-31,False,,,,False
97413000CX2545,2025-09-22,True,,,,False
97422000EN0305,2025-03-06,False,,,,False
97418000AV2881,2025-03-06,False,,,,False
97419000AW0166,2024-10-22,False,,,,False
97414000CS0892,2025-06-17,False,,,,False
97421000AN0554,2025-09-28,False,,,,False
97409000AL2217,2025-09-12,True,,,,False
97413000CX1957,2025-07-08,False,,,,False
97411000CT0258,2024-08-29,True,,,,False
97415000EH0550,2024-10-04,False,,,,False
97412000AM1097,2025-12-15,False,,,,False
97406000AV1301,2025-01-22,False,,,,False
97411000HO0630,2025-01-27,True,,,,False
97409000AS0420,2025-04-29,False,,,,False
97422000BN3002,2024-02-26,False,,,,False
97413000CT0562,2025-03-25,False,,,,False
97415000CM2164,2024-01-25,False,,,,False
97415000CX1578,2025-09-29,True,,,,False
97422000BP1959,2024-04-17,True,,,,False
97415000AB0843,2025-07-30,False,,,,False
97415000CR0094,2025-06-27,False,,,,False
97406000AV0612,2025-07-31,True,,,,False
97415000BZ0757,2024-10-29,True,,,,False
97409000AC0847,2024-08-28,False,,,,False
97412000BN0641,2025-09-12,False,,,,False
97422000CZ0966,2024-12-31,False,,,,False
97410000BN0271,2024-10-30,True,,,,False
97402000AI0954,2024-05-21,True,,,,False
97416000EW1257,2024-06-05,True,,,,False
97416000EX1334,2025-07-15,False,,,,False
97412000CE0040,2025-02-03,False,,,,False
97406000AV1240,2025-03-27,False,,,,False
97415000AR0011,2025-11-26,True,,,,False
97410000AS1397,2024-04-30,True,,,,False
97412000AM0022,2025-09-11,False,,,,False
97413000CX2373,2024-05-28,True,,,,False
97413000BD0366,2024-06-24,False,,,,False
97422000BI1002,2025-11-27,True,,,,False
97415000DY0169,2024-03-01,False,,,,False
97415000CX0801,2024-07-10,True,,,,False
97413000CX1795,2025-09-26,False,,,,False
97414000CS0016,2025-08-06,False,,,,False
97408000AP1671,2025-09-11,True,,,,False
97424000AE1270,2025-09-23,True,,,,False
97415000EX0054,2024-09-10,False,,,,False
97412000CE1298,2025-11-18,True,,,,False
97409000BE2177,2025-10-07,True,,,,False
97401000AS1560,2024-12-16,False,,,,False
97416000DS0394,2024-08-08,True,,,,False
97416000CD0555,2025-04-23,True,,,,False
97411000BZ1302,2024-11-26,False,,,,False
97411000HW0331,2025-12-15,True,,,,False
97408000AO0317,2025-08-26,False,,,,False
97422000BD0068,2024-11-14,True,,,,False
97408000BR0041,2025-12-09,False,,,,False
97419000AH0033,2025-10-23,False,,,,False
97415000HN0055,2025-10-30,True,,,,False
97407000BE0350,2024-12-10,False,,,,False
97413000DD0006,2024-09-09,True,,,,False
97422000CE0560,2025-11-27,False,,,,False
97422000CI0895,2024-06-21,True,,,,False
97412000CE1567,2025-01-10,True,,,,False
97423000AC0386,2024-01-14,True,,,,False
97422000AP1273,2025-08-18,False,,,,False
97415000HR0262,2024-10-24,False,,,,False
97414000HK0329,2024-05-10,True,,,,False
97424000AI2428,2025-08-20,True,,,,False
97412000BK1995,2025-06-18,False,,,,False
97409000BE1591,2024-06-20,True,,,,False
97414000DV0716,2024-08-16,False,,,,False
97416000HX1328,2025-03-28,True,,,,False
97410000BM0214,2024-01-31,True,,,,False
97405000AM0842,2025-03-05,True,,,,False
97405000AI0009,2025-05-12,True,,,,False
97418000AC1194,2024-10-23,True,,,,False
97416000IE1088,2024-12-09,True,,,,False
97410000AC0166,2024-10-10,True,,,,False
97409000BE1204,2024-11-07,False,,,,False
97417000BD0389,2025-09-04,True,,,,False
97415000CO0290,2025-07-01,True,,,,False
97409000AI1639,2024-03-05,True,,,,False
97415000HI0389,2024-02-16,True,,,,False
97424000AR0075,2025-01-16,False,,,,False
97411000HW0539,2025-09-22,False,,,,False
97422000EK0403,2024-10-09,True,,,,False
97422000BP2007,2025-04-08,True,,,,False
97404000AS0360,2025-05-16,False,,,,False
97405000AI0948,2025-03-03,False,,,,False
97411000ID0156,2025-09-29,False,,,,False
97416000DI0210,2025-04-30,False,,,,False
97418000BI0368,2024-09-18,True,,,,False
97404000AT0419,2024-03-14,False,,,,False
97410000BL0026,2025-02-26,False,,,,False
97415000CO0406,2025-07-01,True,,,,False
97411000DL0767,2024-05-27,False,,,,False
97409000AT1668,2025-03-17,True,,,,False
97422000BR1111,2024-05-31,False,,,,False
97416000CW0290,2025-04-28,False,,,,False
97422000AS0974,2024-10-09,True,,,,False
97415000BP0014,2024-05-13,True,,,,False
97401000AR0883,2025-03-13,True,,,,False
97411000IT0280,2025-01-10,False,,,,False
97407000BL0191,2024-11-22,False,,,,False
97415000DM1316,2024-01-23,True,,,,False
97416000HI0380,2025-12-12,True,,,,False
97415000AY1539,2024-06-13,False,,,,False
97422000EL0005,2025-12-19,False,,,,False
97402000AK0483,2024-11-06,False,,,,False
97407000BL0197,2025-06-27,False,,,,False
97416000CW2018,2024-02-26,True,,,,False
97409000AR2185,2024-03-20,False,,,,False
97414000DY0324,2025-04-24,False,,,,False
97410000AR1333,2024-01-18,False,,,,False
97422000BL1593,2024-08-07,True,,,,False
97411000BL0416,2024-12-04,True,,,,False
97422000AD0509,2025-03-10,False,,,,False
97416000ID0707,2024-08-29,True,,,,False
97407000BI0426,2025-07-28,False,,,,False
97422000CH0631,2025-02-27,False,,,,False
97408000AR0862,2025-09-08,True,,,,False
97412000AT0542,2024-07-15,True,,,,False
97410000AH0878,2025-12-16,True,,,,False
97420000AB0998,2025-02-13,False,,,,False
97411000DY0277,2024-01-30,True,,,,False
97418000BH1009,2024-10-21,False,,,,False
97412000CK0825,2025-09-19,True,,,,False
97406000AV0668,2024-12-16,False,,,,False
97413000CX0263,2025-08-29,False,,,,False
97413000DM0258,2024-02-15,False,,,,False
97411000AT0411,2025-06-19,False,,,,False
97415000ER1138,2025-01-03,False,,,,False
97414000ET2236,2024-09-20,False,,,,False
97405000AE0035,2024-07-11,True,,,,False
97415000EO1033,2024-06-28,False,,,,False
97415000DK1099,2025-01-27,True,,,,False
97422000AE0804,2024-04-30,True,,,,False
97416000CV1762,2025-03-04,True,,,,False
97415000EV0903,2024-02-08,True,,,,False
97415000BV1338,2024-10-18,True,,,,False
97416000DE0382,2025-07-07,True,,,,False
97416000EX1891,2025-05-07,False,,,,False
97418000AT1128,2024-11-19,True,,,,False
97415000BN1098,2025-12-01,True,,,,False
97415000AY1595,2024-01-24,False,,,,False
97407000AO0842,2025-12-01,True,,,,False
97422000DK0384,2025-10-09,True,,,,False
97418000AX0202,2025-09-09,True,,,,False
97409000AR0842,2024-04-24,False,,,,False
97410000CD0156,2025-05-26,True,,,,False
97421000AV1139,2025-04-01,False,,,,False
97420000AB1403,2024-05-13,False,,,,False
97422000BV2055,2024-02-14,False,,,,False
97415000AB0858,2025-08-29,True,,,,False
97415000AX1111,2024-11-22,True,,,,False
97414000CV1006,2025-03-25,True,,,,False
97412000AY0073,2025-01-30,True,,,,False
97422000BS0922,2025-04-29,False,,,,False
97411000HT0096,2024-07-12,False,,,,False
97412000AW0694,2024-12-12,True,,,,False
97414000CW0498,2024-05-28,False,,,,False
97414000CS0952,2025-06-25,True,,,,False
97418000AS1345,2025-06-19,False,,,,False
97412000CS0533,2024-06-18,False,,,,False
97422000BY0171,2025-03-11,True,,,,False
97415000CM2349,2024-11-02,True,,,,False
97411000EK0108,2025-04-30,False,,,,False
97412000BY1715,2024-05-28,True,,,,False
97415000EO1086,2024-04-17,True,,,,False
97410000AE0518,2024-04-10,False,,,,False
97404000AY0605,2025-01-23,False,,,,False
97411000HP0395,2025-04-18,True,,,,False
97411000AE0302,2024-02-29,False,,,,False
97401000AN0469,2025-02-24,True,,,,False
97416000DM0248,2025-08-01,False,,,,False
97404000AC0958,2024-05-17,False,,,,False
97420000AD0417,2024-10-31,True,,,,False
97412000BW2472,2024-12-19,True,,,,False
97422000BW3475,2024-12-24,True,,,,False
97410000CD0927,2024-05-31,False,,,,False
97408000AT1440,2025-12-22,True,,,,False
97422000DI0159,2025-01-28,True,,,,False
97410000AV0690,2025-11-13,False,,,,False
97405000BE0918,2024-12-24,True,,,,False
97415000AW0209,2024-07-08,False,,,,False
97416000CR0733,2024-07-26,False,,,,False
97416000CW2910,2024-07-17,True,,,,False
97411000AZ0148,2025-12-23,False,,,,False
97405000BI1208,2025-04-22,True,,,,False
97413000CX0178,2025-08-18,True,,,,False
97415000CO0555,2025-07-01,True,,,,False
97422000AD0159,2025-12-23,True,,,,False
97421000AL0582,2025-04-23,False,,,,False
97418000BD0422,2024-03-28,True,,,,False
97411000EL0679,2024-08-30,True,,,,False
97415000BV1124,2024-02-23,True,,,,False
97416000EP0449,2024-06-20,True,,,,False
97418000BT0911,2024-11-28,False,,,,False
97411000BL0314,2024-11-26,False,,,,False
97405000AN0615,2024-06-04,True,,,,False
97410000AB1211,2024-02-07,False,,,,False
97415000DM1531,2024-07-09,True,,,,False
97411000EL0351,2025-11-28,False,,,,False
97418000AR2588,2024-10-21,True,,,,False
97411000HS0383,2024-12-19,False,,,,False
97401000AR1607,2024-01-22,True,,,,False
97405000AK1638,2025-03-07,True,,,,False
97423000AB1847,2024-12-27,True,,,,False
97415000AS1194,2025-10-22,False,,,,False
97409000AL1989,2024-12-26,True,,,,False
97409000AC0305,2025-11-03,False,,,,False
97411000CM0931,2024-10-31,True,,,,False
97411000KE0255,2024-10-14,True,,,,False
97413000BM0791,2024-03-28,True,,,,False
97413000DK0486,2024-12-09,False,,,,False
97416000CW2342,2025-03-05,False,,,,False
97416000EI1012,2024-12-16,False,,,,False
97410000CD0417,2025-12-11,True,,,,False
97409000AR0241,2024-02-19,False,,,,False
97411000AY0568,2025-12-17,True,,,,False
97420000AI0704,2024-12-18,False,,,,False
97416000CY0579,2025-02-14,False,,,,False
97418000AP3874,2024-09-17,False,,,,False
97422000BT1431,2024-02-26,True,,,,False
97418000BD0256,2024-12-23,True,,,,False
97409000AI1683,2025-05-23,False,,,,False
97411000CX1701,2025-10-23,False,,,,False
97408000BR0118,2025-12-30,False,,,,False
97416000DT0629,2025-08-28,False,,,,False
97422000EL0388,2025-09-30,False,,,,False
97401000AI0016,2024-11-25,False,,,,False
97422000BV1101,2024-04-18,False,,,,False
97416000CW2912,2024-07-31,True,,,,False
97415000DT1149,2024-01-25,False,,,,False
97410000CD0416,2025-12-11,True,,,,False
97411000DR0580,2025-12-08,True,,,,False
97415000BP0511,2024-08-09,False,,,,False
97414000HL0666,2025-07-30,True,,,,False
97411000BP0789,2024-12-30,True,,,,False
97415000BO0614,2024-10-28,True,,,,False
97416000EI1240,2025-08-20,False,,,,False
97418000BD0133,2024-06-28,False,,,,False
97423000AB1914,2024-12-18,False,,,,False
97416000DE1332,2024-03-12,False,,,,False
97411000BZ1461,2024-09-06,False,,,,False
97415000CY1267,2025-03-31,True,,,,False
97422000EC0505,2024-06-03,False,,,,False
97414000CN0555,2024-02-09,True,,,,False
97410000AB1180,2025-09-17,False,,,,False
97422000DE0121,2025-10-07,True,,,,False
97416000CZ0756,2024-06-05,True,,,,False
97416000CS1320,2025-01-07,False,,,,False
97414000EL2507,2025-10-31,True,,,,False
97407000AY0584,2025-04-28,True,,,,False
97405000BI1177,2024-01-19,True,,,,False
97424000AI2431,2025-10-14,True,,,,False
97415000BW2012,2024-09-17,False,,,,False
97408000AP1654,2025-09-11,True,,,,False
97404000AY0596,2025-10-30,True,,,,False
97422000ED0605,2025-03-12,True,,,,False
97415000CO0399,2025-07-01,True,,,,False
97416000IA0807,2024-01-09,False,,,,False
97415000DE0205,2024-12-16,False,,,,False
97411000CD0703,2025-12-01,False,,,,False
97411000BL0186,2024-02-22,False,,,,False
97412000AZ0446,2024-07-30,False,,,,False
97409000AS2107,2024-08-01,True,,,,False
97415000EI0215,2025-11-28,True,,,,False
97415000AY0515,2025-06-25,False,,,,False
97415000AZ1549,2024-06-14,True,,,,False
97409000AI1636,2024-03-05,True,,,,False
97411000BH0976,2024-12-09,True,,,,False
97418000AX0204,2025-09-09,True,,,,False
97416000HN1047,2025-06-06,False,,,,False
97415000AY0353,2024-06-28,False,,,,False
97408000AM0572,2025-05-05,True,,,,False
97410000AX1002,2024-02-27,False,,,,False
97405000BI0861,2025-10-31,True,,,,False
97407000AO1089,2025-09-25,True,,,,False
97422000BN1795,2024-12-13,False,,,,False
97415000AS1920,2024-03-20,True,,,,False
97415000DE1109,2024-11-07,False,,,,False
97409000AY1116,2025-01-14,True,,,,False
97407000AS0109,2025-03-12,False,,,,False
97422000AM0277,2025-04-10,True,,,,False
97421000AV1349,2024-02-29,False,,,,False
97416000CW1149,2025-10-21,True,,,,False
97415000CS0923,2024-12-06,False,,,,False
97421000AN0411,2025-03-12,True,,,,False
97419000AP0417,2024-07-10,True,,,,False
97407000AO1119,2025-09-25,True,,,,False
97416000DE0653,2024-06-26,True,,,,False
97413000DC1756,2024-08-27,False,,,,False
97414000ES0196,2025-09-11,False,,,,False
97408000AC3762,2025-06-30,True,,,,False
97416000IM0524,2025-06-24,True,,,,False
97415000CO0280,2025-07-01,True,,,,False
97416000EX1252,2024-10-10,False,,,,False
97414000EV0771,2025-07-10,True,,,,False
97422000AR0196,2024-12-12,True,,,,False
97424000AR0079,2024-08-06,False,,,,False
97410000AK0484,2024-12-31,True,,,,False
97416000HY1657,2024-07-25,False,,,,False
97420000AO0205,2025-12-17,False,,,,False
97410000AH0212,2025-10-15,True,,,,False
97415000EW1845,2025-10-13,True,,,,False
97420000BD0998,2025-07-25,True,,,,False
97421000AL0607,2024-11-29,True,,,,False
97417000BC0754,2025-03-11,False,,,,False
97408000BO0446,2024-09-27,True,,,,False
97415000CW0814,2025-07-01,True,,,2026-08-26 15:37:39.178463+00:00,False
97412000BY0853,2024-10-09,False,,,,False
97424000AH0322,2025-09-30,False,,,,False
97421000AX0145,2025-10-16,True,,,,False
97413000CD0429,2025-05-20,False,,,,False
97415000EH0540,2024-11-12,False,,,,False
97415000CO0500,2025-07-01,True,,,,False
97401000AO1081,2024-09-30,True,,,,False
97416000CV2388,2025-07-31,False,,,,False
97418000AC1610,2025-10-16,True,,,,False
97404000AT0112,2024-01-12,False,,,,False
97415000CH3360,2024-10-04,False,,,,False
97410000BM0846,2025-05-22,False,,,,False
97408000AN0401,2024-04-08,False,,,,False
97416000EY1195,2025-01-03,False,,,,False
97415000AY1274,2025-08-05,False,,,,False
97415000AZ1704,2024-12-19,True,,,,False
97409000BM1129,2024-07-29,True,,,,False
97411000EY0177,2025-06-27,False,,,,False
97416000CV0474,2025-06-24,False,,,,False
97405000AL1677,2025-11-24,True,,,,False
97422000BK2499,2024-06-17,False,,,,False
97401000AO0428,2024-10-15,True,,,,False
97413000CR0439,2025-05-14,True,,,,False
97417000AT1381,2025-11-28,False,,,,False
97402000AH1976,2025-06-05,False,,,,False
97415000EY2023,2025-06-26,True,,,,False
97408000AP1626,2025-09-11,True,,,,False
97413000CY1531,2024-12-23,False,,,,False
97403000AM0669,2025-07-21,False,,,,False
97417000BC1058,2024-10-01,True,,,,False
97403000AL0314,2025-08-20,True,,,,False
97414000CI0796,2024-10-10,False,,,,False
97421000AV1109,2025-01-20,False,,,,False
97416000DY0412,2025-06-20,False,,,,False
97411000AP0430,2025-07-22,False,,,,False
97413000DC1391,2025-08-27,False,,,,False
97413000CL0906,2025-11-14,False,,,,False
97411000CR0581,2025-06-25,False,,,,False
97402000AD0178,2025-04-30,False,,,,False
97411000HN0391,2025-04-02,False,,,,False
97412000CX0888,2024-06-10,False,,,,False
97414000EL0507,2025-09-03,False,,,,False
97418000BN0230,2024-12-14,True,,,,False
97417000AZ0020,2025-03-18,True,,,,False
97416000EW1284,2025-04-29,True,,,,False
97411000AW0694,2024-02-16,True,,,,False
97420000AI0972,2024-08-20,False,,,,False
97415000CW0836,2025-07-01,True,,,,False
97412000BM1022,2025-09-19,False,,,,False
97417000BC0731,2024-09-06,False,,,,False
97415000CK0837,2025-07-01,True,,,,False
97414000CR0673,2024-04-25,True,,,,False
97409000BM0984,2024-12-11,True,,,,False
97411000BZ1516,2025-03-14,False,,,,False
97412000CY0645,2025-08-27,False,,,,False
97403000AS1628,2025-08-27,False,,,,False
97418000AD0678,2025-10-16,True,,,,False
97409000AX1082,2024-08-07,True,,,,False
97418000AT2294,2024-01-22,False,,,,False
97415000CO0458,2025-07-01,True,,,,False
97415000DE0524,2025-04-18,False,,,,False
97414000ET2335,2025-10-23,True,,,,False
97415000CR0797,2024-12-11,False,,,,False
97411000HS0145,2025-06-04,False,,,,False
97412000AM0534,2025-11-20,False,,,,False
97415000BZ0918,2024-12-19,True,,,,False
97414000EV0555,2025-07-10,True,,,,False
97422000DH0992,2024-07-10,True,,,,False
97407000AO1182,2025-09-01,True,,,,False
97413000CT0434,2024-01-25,False,,,,False
97411000HV0131,2025-10-14,False,,,,False
97411000AM0089,2024-12-16,True,,,,False
97422000ED0311,2024-12-06,True,,,,False
97415000BV1608,2024-07-22,True,,,,False
97401000AR1427,2025-08-11,False,,,,False
97416000DZ0582,2025-02-27,False,,,,False
97422000BV3052,2025-04-08,True,,,,False
97415000DM1112,2024-04-26,True,,,,False
97422000EL0389,2025-09-04,False,,,,False
97414000CI0982,2025-09-11,False,,,,False
97414000HB0398,2025-01-27,False,,,,False
97418000AT1997,2024-12-23,True,,,,False
97416000CS1541,2024-04-30,True,,,,False
97403000AS2056,2024-01-23,False,,,,False
97424000AM0173,2024-09-06,False,,,,False
97421000AP0542,2024-04-18,True,,,,False
97415000CO0506,2025-07-01,True,,,,False
97413000CN0999,2024-04-17,False,,,,False
97405000BI1256,2024-08-29,True,,,,False
97422000BD2233,2024-06-29,True,,,,False
97423000AE0385,2024-04-09,False,,,,False
97411000IZ0398,2024-09-26,False,,,,False
97422000DH0979,2025-08-25,True,,,,False
97411000IE0803,2024-12-09,False,,,,False
97409000AY1505,2024-12-30,True,,,,False
97423000AD0597,2025-08-08,True,,,,False
97416000CS1616,2024-04-16,True,,,,False
97409000AL2215,2025-09-12,True,,,,False
97416000DZ0243,2025-03-14,True,,,,False
97411000EP0181,2024-06-24,False,,,,False
97415000CP2076,2025-12-12,False,,,,False
97413000DC0557,2025-08-27,True,,,,False
97411000CE1326,2024-04-02,False,,,,False
97422000BV2819,2025-03-20,True,,,,False
97411000HY0163,2024-12-31,False,,,,False
97409000BM1417,2024-06-28,True,,,,False
97408000AM1279,2024-03-15,False,,,,False
97405000BH0043,2025-05-28,False,,,,False
97412000AK0084,2024-09-12,False,,,,False
97403000AS0753,2024-08-21,False,,,,False
97415000AS1915,2024-10-14,True,,,,False
97406000AM0846,2025-08-12,False,,,,False
97422000BT0364,2024-12-19,True,,,,False
97422000CS1588,2024-03-21,True,,,,False
97406000AR0343,2024-05-27,False,,,,False
97413000CR1139,2024-11-15,False,,,,False
97409000AI1676,2024-02-21,True,,,,False
97408000AO1415,2025-04-29,False,,,,False
97411000AO0763,2024-01-17,True,,,,False
97416000EX1205,2025-02-13,True,,,,False
97410000AY0152,2025-11-26,True,,,,False
97422000BN2973,2025-07-10,False,,,,False
97415000CO0287,2024-06-26,False,,,,False
97415000EW1442,2025-05-28,False,,,,False
97401000AS0980,2024-02-27,False,,,,False
97417000BD1434,2025-10-28,True,,,,False
97420000AH0141,2024-12-27,False,,,,False
97408000AP1267,2024-08-30,False,,,,False
97408000AP1683,2025-09-11,True,,,,False
97415000BV1272,2025-09-19,False,,,,False
97415000EL0525,2025-09-25,True,,,,False
97407000AV0129,2024-11-29,False,,,,False
97413000DJ0037,2024-03-22,True,,,,False
97413000CX2198,2025-08-18,True,,,,False
97408000AP1607,2025-06-30,False,,,,False
97408000AC0440,2025-02-13,False,,,,False
97411000IT0056,2024-10-15,False,,,,False
97422000EN0148,2025-09-01,True,,,,False
97413000DG0423,2024-08-08,False,,,,False
97416000HS0519,2024-02-05,True,,,,False
97421000BC0209,2025-01-22,False,,,,False
97412000BX1027,2024-04-09,False,,,,False
97410000CD0169,2024-11-29,True,,,,False
97406000AV1196,2025-08-07,False,,,,False
97412000AH0090,2024-01-05,False,,,,False
97405000AR1677,2024-07-03,False,,,,False
97422000BO1739,2025-07-16,False,,,,False
97401000AS1573,2025-12-24,True,,,,False
97417000AL0074,2024-06-05,False,,,,False
97411000EL0260,2024-05-17,True,,,,False
97411000AD0124,2025-05-06,True,,,,False
97415000CR0810,2024-12-02,True,,,,False
97418000BO0224,2024-12-16,False,,,,False
97415000BW2129,2025-10-21,True,,,,False
97404000AS0368,2025-11-28,False,,,,False
97414000CM0218,2024-12-30,False,,,,False
97408000AW0940,2025-08-01,False,,,,False
97422000DM0106,2024-06-10,True,,,,False
97422000CP0216,2024-01-03,False,,,,False
97414000DY0374,2024-06-13,True,,,,False
97412000AM1262,2025-05-28,True,,,,False
97408000AO1807,2025-05-19,False,,,,False
97415000DX0395,2025-03-17,True,,,,False
97410000AS1463,2024-10-21,False,,,,False
97422000BM0634,2025-01-28,False,,,,False
97411000HZ0062,2025-06-16,False,,,,False
97412000AH0695,2025-08-08,False,,,,False
97422000BP1053,2025-08-20,False,,,,False
97401000AD0536,2025-12-08,False,,,,False
97422000AH0506,2025-10-09,False,,,,False
97407000AE0826,2024-12-06,True,,,,False
97410000BX0406,2024-08-30,False,,,,False
97414000HL0503,2025-07-30,True,,,,False
97410000BW0282,2024-07-30,True,,,,False
97413000DM0370,2024-06-19,True,,,,False
97410000AB0119,2024-01-24,False,,,,False
97416000CW1146,2025-10-21,True,,,,False
97411000HH0277,2025-06-26,False,,,,False
97411000BE0272,2025-11-04,True,,,,False
97413000CX2553,2025-09-22,True,,,,False
97414000CM0323,2024-12-30,True,,,,False
97414000HI1630,2025-06-12,False,,,,False
97405000AB0200,2024-12-23,False,,,,False
97410000AS1395,2024-04-30,True,,,,False
97415000AY1596,2024-12-17,False,,,,False
97416000CZ2367,2024-11-19,False,,,,False
97415000DE1235,2024-07-05,True,,,,False
97409000BD1511,2025-10-09,False,,,,False
97415000AY0965,2025-12-15,False,,,,False
97415000CY0128,2024-07-31,False,,,,False
97422000CN1794,2025-05-16,False,,,,False
97416000HI0189,2025-01-29,False,,,,False
97415000AY1527,2024-01-29,False,,,,False
97406000AO0382,2025-01-24,False,,,,False
97415000EY0924,2025-05-26,False,,,,False
97412000CE1961,2025-07-29,False,,,,False
97411000EL0153,2025-12-17,True,,,,False
97416000EV0158,2024-05-06,True,,,,False
97410000AY0103,2025-03-03,True,,,,False
97414000EN2303,2024-06-18,False,,,,False
97415000DW0262,2024-09-26,False,,,,False
97407000AK1900,2024-07-30,False,,,,False
97412000CV0989,2024-12-27,False,,,,False
97422000CX0812,2025-08-04,False,,,,False
97404000BA0077,2024-07-25,True,,,,False
97409000AI1673,2024-02-21,True,,,,False
97412000BM1377,2024-09-18,False,,,,False
97411000AW0265,2024-08-27,True,,,,False
97413000CX1757,2024-05-02,True,,,,False
97423000AK2033,2025-09-09,True,,,,False
97406000AV1245,2025-06-11,True,,,,False
97406000AE0114,2025-01-31,True,,,,False
97408000AP1611,2025-09-11,True,,,,False
97410000AP0029,2025-12-09,False,,,,False
97406000AP0051,2024-12-10,False,,,,False
97411000AP0451,2024-06-21,False,,,,False
97416000HT0466,2025-06-02,False,,,,False
97411000BD0064,2025-08-28,False,,,,False
97407000AS0384,2025-08-13,False,,,,False
97418000AT1994,2024-12-23,True,,,,False
97407000AT0104,2024-06-26,False,,,,False
97415000EW1923,2025-02-14,False,,,,False
97416000HN1788,2024-08-07,False,,,,False
97422000DM0371,2024-06-21,False,,,,False
97422000BP0481,2024-01-12,False,,,,False
97413000CX1205,2025-12-16,False,,,,False
97416000DN0518,2025-10-10,True,,,,False
97422000CX1331,2025-10-31,True,,,,False
97416000ID0287,2024-06-27,True,,,,False
97414000HL0395,2025-10-30,False,,,,False
97408000AP1653,2025-09-11,True,,,,False
97415000CV0113,2025-06-03,False,,,,False
97413000CG0181,2025-07-31,False,,,,False
97412000CE2814,2024-04-24,True,,,,False
97401000AN0157,2024-11-07,True,,,,False
97410000AO0187,2024-03-20,False,,,,False
97414000HE0303,2025-06-21,False,,,,False
97413000CN0376,2024-07-16,True,,,,False
97404000AE1482,2025-11-06,False,,,,False
97420000AR0703,2024-02-09,False,,,,False
97416000DR0298,2024-11-08,True,,,,False
97405000AD0722,2024-09-20,True,,,,False
97422000AL0849,2025-07-22,True,,,,False
97407000AK0877,2025-09-26,False,,,,False
97409000AT0802,2025-06-24,False,,,,False
97418000BM0185,2025-02-10,False,,,,False
97411000DH0261,2024-06-18,False,,,,False
97415000BV1555,2024-03-15,False,,,,False
97410000AV0673,2024-12-04,True,,,,False
97411000IZ0129,2025-06-20,False,,,,False
97422000BK2513,2025-04-08,True,,,,False
97405000AY0645,2025-08-26,False,,,,False
97419000AR0736,2025-06-09,True,,,,False
97412000AO0923,2025-12-15,False,,,,False
97411000EM0273,2025-03-17,False,,,,False
97413000CY1473,2024-12-23,True,,,,False
97422000BP2010,2025-04-08,True,,,,False
97418000AS1017,2024-12-23,True,,,,False
97411000HW0255,2025-12-15,True,,,,False
97406000AW1041,2024-12-23,False,,,,False
97406000AI0598,2024-09-26,False,,,,False
97420000BD1000,2025-07-25,True,,,,False
97409000AY0362,2024-03-20,False,,,,False
97412000CY1088,2025-12-26,False,,,,False
97418000AT2300,2025-04-30,True,,,,False
97416000HM0061,2024-02-27,True,,,,False
97418000AP4324,2024-05-23,True,,,,False
97410000AW1063,2025-04-24,True,,,,False
97415000DT0800,2024-12-10,True,,,,False
97424000AI2354,2024-12-13,True,,,,False
97411000AP0476,2025-10-10,False,,,,False
97411000DW0146,2024-11-28,True,,,,False
97414000DS0845,2025-01-14,False,,,,False
97419000AR0819,2024-11-09,False,,,,False
97408000BK0451,2024-09-06,False,,,,False
97415000CT1811,2025-08-11,True,,,,False
97404000AY0404,2025-11-13,False,,,,False
97408000AT0799,2025-01-29,True,,,,False
97408000AN1372,2025-12-22,True,,,,False
97409000BK0761,2024-12-10,False,,,,False
97410000AE1174,2025-07-30,True,,,,False
97410000AT1076,2024-05-22,True,,,,False
97418000AS0787,2024-02-05,False,,,,False
97420000AC0857,2025-03-12,True,,,,False
97410000AN0832,2025-07-30,True,,,,False
97415000EY1086,2025-03-06,False,,,,False
97411000BZ0763,2025-01-30,False,,,,False
97424000AR0078,2025-01-16,False,,,,False
97413000AV2287,2025-04-24,True,,,,False
97413000DJ0582,2024-02-28,True,,,,False
97422000BP1993,2025-04-08,True,,,,False
97404000AV0543,2025-04-25,False,,,,False
97412000CV0737,2025-04-22,False,,,,False
97409000AK1315,2024-09-12,False,,,,False
97415000CX0660,2024-07-10,True,,,,False
97410000AS1465,2025-02-24,True,,,,False
97411000IB0342,2024-09-04,False,,,,False
97415000DN0489,2024-02-23,False,,,,False
97410000AV0644,2024-11-25,True,,,,False
97422000BT0699,2025-06-17,True,,,,False
97401000AI0480,2024-12-13,False,,,,False
97412000BO0125,2025-10-02,False,,,,False
97422000EC0035,2025-07-29,False,,,,False
97403000AP1224,2024-03-20,False,,,,False
97408000AO1266,2025-02-21,False,,,,False
97419000AN0009,2024-03-28,True,,,,False
97416000EL0199,2025-04-22,False,,,,False
97416000HV0688,2024-12-19,True,,,,False
97416000HY1225,2024-09-06,True,,,,False
97416000CX1430,2025-02-06,False,,,,False
97422000AY0308,2025-03-07,False,,,,False
97422000BK0160,2025-02-25,False,,,,False
97422000BE2813,2024-06-27,True,,,,False
97401000AR1077,2024-04-26,False,,,,False
97420000AS1222,2024-01-24,True,,,,False
97411000HC0173,2024-10-03,False,,,,False
97412000AV1088,2025-05-27,False,,,,False
97423000AK2018,2024-06-04,False,,,,False
97415000ET1422,2025-10-20,False,,,,False
97411000EZ0141,2025-08-05,True,,,,False
97415000CM2342,2024-11-02,True,,,,False
97422000AX1191,2024-03-12,False,,,,False
97422000ED0011,2024-11-04,False,,,,False
97416000HR0365,2024-09-06,True,,,,False
97415000BN0210,2024-06-27,False,,,,False
97414000ES0721,2025-11-13,True,,,,False
97414000CH1085,2025-06-12,True,,,,False
97411000EZ0355,2025-12-09,False,,,,False
97412000BN0663,2024-05-10,False,,,,False
97414000ET1827,2024-06-10,False,,,,False
97415000EM0432,2024-05-15,False,,,,False
97416000CD0546,2025-05-28,True,,,,False
97415000CM2358,2024-11-02,True,,,,False
97414000EZ0195,2024-08-30,False,,,,False
97414000CP0329,2025-03-31,True,,,,False
97422000BD0307,2024-03-01,True,,,,False
97422000CM1096,2024-10-31,True,,,,False
97412000AV1154,2024-09-20,False,,,,False
97422000AX1477,2025-10-21,False,,,,False
97405000AD0559,2024-04-25,False,,,,False
97422000BT0509,2025-04-10,False,,,,False
97423000AK1879,2024-04-22,False,,,,False
97409000AR1403,2024-05-30,False,,,,False
97415000AV0354,2025-01-17,True,,,,False
97416000CD0747,2025-06-20,True,,,,False
97412000AX1026,2024-12-26,True,,,,False
97409000AP1821,2024-03-20,True,,,,False
97409000AT0067,2024-04-10,False,,,,False
97411000BK0021,2025-08-29,False,,,,False
97415000AZ1544,2024-01-26,False,,,,False
97412000BX1322,2025-07-04,False,,,,False
97422000CX1160,2024-10-25,False,,,,False
97412000BS0431,2024-04-17,False,,,,False
97411000DM0020,2024-11-26,True,,,,False
97401000AR1731,2024-02-08,True,,,,False
97414000CH0894,2024-10-10,False,,,,False
97409000BK0709,2024-03-01,False,,,,False
97416000EI0999,2024-02-19,True,,,,False
97414000DM0814,2024-12-31,False,,,,False
97415000ET1581,2025-07-25,False,,,,False
97401000AR1611,2024-01-22,False,,,,False
97411000IH0543,2024-06-06,True,,,,False
97418000AE0422,2025-08-26,True,,,,False
97415000CZ0543,2024-01-30,False,,,,False
97401000AS0612,2024-03-12,False,,,,False
97422000AS0972,2024-10-09,True,,,,False
97415000BO0420,2024-06-18,True,,,,False
97422000BP1990,2025-04-08,True,,,,False
97409000AN0460,2024-02-12,False,,,,False
97414000HE0584,2025-03-25,False,,,,False
97410000CL0183,2024-10-22,False,,,,False
97416000DM0677,2024-05-31,True,,,,False
97413000CR1176,2025-02-24,True,,,,False
97413000BM0600,2024-12-19,True,,,,False
97413000CG0877,2024-02-23,True,,,,False
97411000IY0004,2024-02-21,False,,,,False
97416000CS1603,2024-08-23,False,,,,False
97414000DE1162,2025-08-14,False,,,,False
97415000DE0455,2025-05-27,False,,,,False
97413000CX2896,2025-09-22,True,,,,False
97415000CT2566,2024-02-22,False,,,,False
97405000BH1020,2024-06-21,True,,,,False
97407000AO0559,2025-07-11,False,,,,False
97414000ES1037,2025-02-14,False,,,,False
97422000AK0840,2024-07-05,False,,,,False
97409000AR1960,2024-04-30,False,,,,False
97422000CO0385,2024-06-28,True,,,,False
97416000IA1605,2024-09-27,False,,,,False
97417000AT1450,2025-01-03,True,,,,False
97416000ET0883,2024-07-12,False,,,,False
97411000DZ0037,2024-10-31,False,,,,False
97416000EX1890,2024-09-03,False,,,,False
97415000EO0907,2024-06-14,True,,,,False
97422000AD0253,2025-12-23,True,,,,False
97414000CH1153,2024-02-20,False,,,,False
97412000BS0233,2024-05-22,False,,,,False
97416000ET2122,2025-02-19,True,,,,False
97414000EV0838,2024-09-13,False,,,,False
97415000EK0628,2024-05-31,True,,,,False
97413000CX0778,2024-02-27,False,,,,False
97418000AC0504,2024-02-20,False,,,,False
97411000BZ1710,2025-05-12,False,,,,False
97411000AL0069,2025-09-22,False,,,,False
97416000CS1618,2024-04-16,True,,,,False
97410000BW1111,2025-07-22,True,,,,False
97405000AD0147,2024-01-03,True,,,,False
97422000ED0343,2025-09-29,True,,,,False
97416000CX1486,2024-01-04,True,,,,False
97410000BS0678,2024-08-29,False,,,,False
97422000BS2045,2025-04-18,False,,,,False
97415000BW2013,2024-05-07,False,,,,False
97414000DT0723,2024-06-11,False,,,,False
97418000AT2136,2025-10-23,False,,,,False
97406000AE0619,2024-06-17,True,,,,False
97418000AS1374,2024-12-23,True,,,,False
97413000DE1823,2024-12-31,False,,,,False
97409000BE2305,2025-06-02,True,,,,False
97413000CW0299,2024-08-14,True,,,,False
97415000EZ0181,2025-03-04,True,,,,False
97404000AV0247,2024-11-29,False,,,,False
97410000AL0423,2025-06-06,True,,,,False
97416000HY1772,2025-01-20,True,,,,False
97412000BW0370,2025-04-23,False,,,,False
97412000AX1090,2025-12-03,False,,,,False
97415000HI0019,2024-04-26,False,,,,False
97422000BP1461,2024-07-11,False,,,,False
97422000BV1830,2025-07-04,False,,,,False
97410000AI1328,2025-06-13,False,,,,False
97412000BK1969,2025-05-21,False,,,,False
97418000AY0023,2024-06-13,False,,,,False
97409000AS1553,2024-03-05,False,,,,False
97411000HA0048,2025-04-14,False,,,,False
97416000DV0212,2024-05-07,False,,,,False
97408000AB0265,2024-09-24,True,,,,False
97415000AH1079,2025-12-31,True,,,,False
97418000AC0566,2024-12-23,True,,,,False
97416000EY0493,2024-03-08,True,,,,False
97413000CM0573,2025-08-18,True,,,,False
97410000BX1956,2024-12-31,False,,,,False
97412000AX1020,2024-12-12,True,,,,False
97415000EW1991,2025-03-20,True,,,,False
97401000AS1393,2025-10-21,True,,,,False
97416000CV2081,2025-12-16,False,,,,False
97408000BO0384,2025-12-22,True,,,,False
97411000AL0449,2024-05-28,False,,,,False
97422000BR1808,2024-05-10,True,,,,False
97409000AR1662,2025-07-02,False,,,,False
97412000BR0808,2025-01-14,False,,,,False
97417000AO0552,2024-11-07,True,,,,False
97402000AK1500,2024-12-04,False,,,,False
97409000AX1123,2025-07-08,False,,,,False
97415000DS0474,2024-12-06,True,,,,False
97411000ES0054,2024-08-22,False,,,,False
97413000AV2293,2025-01-31,True,,,,False
97403000AO0742,2024-03-19,True,,,,False
97406000AV0879,2025-08-13,False,,,,False
97407000AI1549,2025-11-17,True,,,,False
97411000HY0170,2025-09-16,False,,,,False
97411000AV0207,2025-06-20,False,,,,False
97416000DE1457,2025-06-30,False,,,,False
97422000BP1953,2025-04-08,True,,,,False
97416000EY1278,2024-02-14,False,,,,False
97408000AP1596,2025-03-17,True,,,,False
97416000IE0341,2025-01-15,False,,,,False
97408000AH0317,2025-12-23,False,,,,False
97408000AR0573,2025-08-19,False,,,,False
97424000AI2335,2024-04-26,True,,,,False
97408000AM0562,2025-05-05,True,,,,False
97424000AM0012,2025-01-16,False,,,,False
97416000HR0291,2025-09-30,True,,,,False
97419000AR0524,2025-08-21,False,,,,False
97415000DR0500,2024-02-02,True,,,,False
97409000AS1266,2024-07-08,True,,,,False
97422000CS0631,2025-02-07,False,,,,False
97408000AC1838,2025-09-12,False,,,,False
97404000AE1481,2025-02-06,False,,,,False
97411000HO0031,2024-03-29,True,,,,False
97413000CG0846,2024-07-12,False,,,,False
97412000BI0158,2025-11-14,True,,,,False
97422000CE0245,2025-08-13,False,,,,False
97412000CI0429,2025-11-06,False,,,,False
97422000BT1420,2024-02-26,True,,,,False
97405000BI1235,2024-01-18,False,,,,False
97408000AP1651,2025-09-11,True,,,,False
97418000AR1498,2025-07-10,False,,,,False
97415000HO1132,2025-10-16,False,,,,False
97405000AD0085,2025-08-18,True,,,,False
97424000AI1995,2024-04-26,True,,,,False
97403000AS2090,2024-10-18,False,,,,False
97416000HZ0578,2025-03-28,False,,,,False
97416000IK0046,2024-08-09,False,,,,False
97408000AW0647,2025-07-30,False,,,,False
97410000AH0314,2025-09-26,True,,,,False
97415000CY0327,2024-06-21,True,,,,False
97415000ER1536,2025-12-17,False,,,,False
97411000EK0313,2024-12-18,False,,,,False
97411000CR0580,2025-03-12,False,,,,False
97403000AR0512,2024-09-12,False,,,,False
97414000HE0334,2024-05-24,False,,,,False
97410000AN0893,2025-12-15,True,,,,False
97405000AD0716,2024-07-15,True,,,,False
97415000AB0802,2025-12-30,True,,,,False
97412000AN0442,2024-02-09,False,,,,False
97411000BE0197,2024-11-26,False,,,,False
97415000EW1467,2025-05-16,False,,,,False
97415000BZ0129,2024-12-19,True,,,,False
97416000DE0375,2025-07-07,True,,,,False
97420000BD1298,2024-09-20,False,,,,False
97409000AS1872,2024-11-08,False,,,,False
97415000CX0664,2024-07-10,True,,,,False
97422000BW0660,2025-11-07,False,,,,False
97415000AW2398,2025-11-24,True,,,,False
97416000IM0583,2024-02-02,False,,,,False
97411000HI0607,2024-06-27,False,,,,False
97415000BZ0588,2024-12-19,True,,,,False
97411000IH0452,2024-06-25,True,,,,False
97421000BD0076,2025-06-13,False,,,,False
97404000AL1232,2024-09-27,False,,,,False
97411000HX0435,2024-05-24,False,,,,False
97422000DI0492,2025-03-27,False,,,,False
97415000CV1240,2025-09-09,True,,,,False
97415000EW1958,2025-04-07,True,,,,False
97407000AM1575,2025-11-27,False,,,,False
97423000AE0239,2025-06-19,False,,,,False
97416000IA1633,2024-04-29,False,,,,False
97414000EL1151,2025-02-21,False,,,,False
97415000CO0314,2025-07-01,True,,,,False
97401000AN1096,2025-07-07,False,,,,False
97412000CD1399,2025-07-24,True,,,,False
97412000AM1477,2024-07-24,True,,,,False
97412000AN0469,2025-07-30,False,,,,False
97409000AL2011,2024-12-26,True,,,,False
97403000AM0824,2024-03-08,False,,,,False
97405000AR1651,2025-06-05,True,,,,False
97414000HE0169,2024-02-08,True,,,,False
97424000AR0032,2025-01-16,False,,,,False
97401000AD1518,2024-09-26,True,,,,False
97413000AC0544,2025-06-12,False,,,,False
97412000BC0812,2024-05-31,True,,,,False
97416000EP0971,2024-04-16,False,,,,False
97411000CM0535,2024-07-08,True,,,,False
97411000AP0488,2024-09-11,False,,,,False
97413000DE2395,2024-11-25,False,,,,False
97418000AY0293,2024-07-30,False,,,,False
97418000AD0871,2025-10-16,True,,,,False
97412000CT0782,2024-10-17,False,,,,False
97409000BM0588,2025-04-11,True,,,,False
97416000CV2323,2024-07-01,True,,,,False
97410000BE0097,2025-05-15,False,,,,False
97407000AS0428,2024-07-10,True,,,,False
97415000DT0808,2024-09-24,False,,,,False
97411000HZ0205,2025-10-06,False,,,,False
97410000AW0370,2025-08-22,True,,,,False
97415000DZ0282,2025-12-30,False,,,,False
97422000BE3023,2025-11-19,False,,,,False
97416000CW2943,2025-07-01,False,,,,False
97402000AK0974,2025-04-11,False,,,,False
97413000BH0935,2024-07-03,True,,,,False
97422000AL0850,2025-07-22,True,,,,False
97416000CX1341,2025-09-30,False,,,,False
97407000BC0515,2024-01-25,False,,,,False
97416000IE0962,2024-01-23,False,,,,False
97412000AV0754,2024-08-09,False,,,,False
97412000CS0616,2025-03-13,False,,,,False
97411000HX0347,2024-07-15,False,,,,False
97405000AE0874,2025-09-04,False,,,,False
97415000AW2404,2025-08-01,True,,,,False
97406000AV0610,2025-07-04,False,,,,False
97407000BC0043,2024-11-26,False,,,,False
97415000EH0548,2024-04-19,False,,,,False
97422000BK1289,2024-07-30,False,,,,False
97416000CO0946,2024-08-16,False,,,,False
97416000HX1274,2024-05-07,True,,,,False
97415000AW2312,2024-02-28,False,,,,False
97422000AE0919,2024-08-19,False,,,,False
97409000AO0370,2024-11-27,False,,,,False
97414000HH0539,2025-02-13,False,,,,False
97414000HK0159,2024-08-08,False,,,,False
97418000AP3309,2025-08-27,True,,,,False
97421000BC0307,2024-12-17,True,,,,False
97401000AO0711,2025-10-31,False,,,,False
97405000AI0405,2024-09-07,False,,,,False
97412000AV1164,2024-08-29,True,,,,False
97408000AB0414,2024-12-13,True,,,,False
97414000ES0528,2024-10-14,False,,,,False
97412000CS0580,2025-07-21,False,,,,False
97416000HP0881,2025-09-30,False,,,,False
97415000BO0477,2025-06-17,True,,,,False
97415000CP2041,2024-12-30,True,,,,False
97415000DE0279,2025-12-05,False,,,,False
97414000ET2271,2024-05-24,True,,,,False
97411000AT0475,2025-04-09,False,,,,False
97411000HS0501,2024-07-31,True,,,,False
97412000AM1606,2024-01-31,True,,,,False
97422000BS2075,2024-05-30,False,,,,False
97415000DM1575,2024-10-31,True,,,,False
97416000HI0987,2024-04-08,True,,,,False
97422000ED0596,2024-03-26,True,,,,False
97407000AS0153,2024-06-26,False,,,,False
97416000HV0489,2025-06-23,True,,,,False
97419000AT0006,2024-07-10,True,,,,False
97406000AH0673,2025-05-20,True,,,,False
97414000CT1486,2024-12-16,True,,,,False
97415000DR0471,2024-03-13,True,,,,False
97408000AR1345,2025-04-10,False,,,,False
97409000AY1527,2025-11-19,False,,,,False
97414000ES0995,2024-08-06,True,,,,False
97422000CH0103,2025-04-22,False,,,,False
97416000CS1643,2024-04-16,True,,,,False
97416000HN0800,2025-04-15,False,,,,False
97401000AS0181,2024-10-15,True,,,,False
97416000ID0844,2025-11-05,False,,,,False
97422000AL0998,2025-04-04,True,,,,False
97417000AK0124,2025-08-08,False,,,,False
97416000DM0931,2025-07-10,True,,,,False
97416000EW1291,2025-08-28,True,,,,False
97411000IL0263,2025-03-31,False,,,,False
97405000AD0739,2024-09-20,True,,,,False
97411000AO0447,2025-05-28,False,,,,False
97415000EW0810,2025-05-09,True,,,,False
97414000CH1726,2025-12-04,False,,,,False
97421000AP0433,2025-07-02,True,,,,False
97415000CO0294,2025-07-01,True,,,,False
97412000AO0191,2025-01-21,False,,,,False
97407000AY0312,2024-02-13,False,,,,False
97411000HT0200,2025-08-05,False,,,,False
97416000CW1513,2024-07-17,True,,,,False
97414000EN4148,2024-10-10,False,,,,False
97410000CD0042,2024-10-03,False,,,,False
97415000AT0704,2025-04-02,False,,,,False
97416000HX0823,2025-06-26,False,,,,False
97415000CT2976,2025-06-04,False,,,,False
97414000DH1439,2025-09-29,True,,,,False
97415000AZ1645,2024-06-06,False,,,,False
97415000AB0530,2025-07-29,True,,,,False
97409000AS1883,2025-02-26,False,,,,False
97422000BD2731,2024-03-07,True,,,,False
97422000CE0798,2024-11-08,False,,,,False
97414000CI1034,2024-06-13,False,,,,False
97422000AY1562,2024-11-13,True,,,,False
97415000EV0578,2025-04-10,True,,,,False
97415000DP0872,2024-12-26,True,,,,False
97408000BK0211,2024-09-13,False,,,,False
97410000AM0292,2025-01-28,False,,,,False
97402000AN0241,2025-03-28,False,,,,False
97420000AB1984,2025-06-05,True,,,,False
97420000BE0954,2025-10-14,False,,,,False
97413000DE2120,2024-06-07,True,,,,False
97422000AK0778,2025-11-10,False,,,,False
97415000AV0359,2024-11-15,True,,,,False
97411000HN0649,2025-06-16,False,,,,False
97405000AR1731,2024-11-26,False,,,,False
97406000AM0559,2025-07-17,False,,,,False
97408000AN0769,2025-10-10,False,,,,False
97415000CO0486,2025-07-01,True,,,,False
97418000BH1032,2025-04-23,False,,,,False
97401000AI0161,2024-08-14,True,,,,False
97418000AS1230,2024-05-07,False,,,,False
97405000AW0290,2024-09-19,True,,,,False
97401000AO1086,2024-09-06,True,,,,False
97405000AE0945,2025-10-23,False,,,,False
97414000ET2336,2025-10-23,True,,,,False
97418000AR2565,2025-04-25,True,,,,False
97404000AP0082,2025-10-31,False,,,,False
97409000AC1099,2025-03-11,False,,,,False
97414000ET1513,2025-08-26,True,,,,False
97416000HX1515,2024-06-14,False,,,,False
97415000CZ0275,2024-07-12,False,,,,False
97422000ED0593,2024-03-26,True,,,,False
97413000CH0778,2025-01-29,False,,,,False
97408000BL0157,2025-05-14,False,,,,False
97415000BV1634,2025-10-28,False,,,,False
97411000CT1439,2024-12-30,False,,,,False
97404000AP0194,2024-11-25,False,,,,False
97416000ET2120,2025-03-14,True,,,,False
97407000AE0396,2025-04-03,True,,,,False
97411000AZ0127,2025-07-21,True,,,,False
97414000ES0034,2024-03-08,False,,,,False
97416000ET2169,2024-12-19,True,,,,False
97415000AT0550,2025-03-04,True,,,,False
97406000AW1174,2024-11-26,True,,,,False
97402000AD1116,2025-03-18,False,,,,False
97411000DW0278,2025-07-03,True,,,,False
97414000EZ0486,2025-09-11,False,,,,False
97403000AM0581,2025-09-30,True,,,,False
97414000EK0686,2024-09-23,False,,,,False
97413000CO0443,2024-06-29,False,,,,False
97416000EX0663,2024-05-15,True,,,,False
97414000HL0276,2025-09-26,False,,,,False
97417000BC0737,2025-10-30,False,,,,False
97422000EI0273,2025-03-10,True,,,,False
97415000AV0980,2025-10-18,False,,,,False
97420000AB1570,2025-02-05,False,,,,False
97411000IK0290,2025-05-27,True,,,,False
97422000EL0173,2025-05-27,True,,,,False
97415000ET1606,2024-07-25,False,,,,False
97408000AT2024,2024-09-25,True,,,,False
97411000EL0337,2024-05-28,False,,,,False
97404000AY0403,2025-11-21,False,,,,False
97405000AR1852,2024-07-12,False,,,,False
97414000HA0325,2025-01-17,True,,,,False
97415000CK1019,2024-09-26,False,,,,False
97411000AL0211,2024-11-20,False,,,,False
97416000CT0946,2024-08-14,False,,,,False
97410000CD0171,2024-11-29,True,,,,False
97412000BX0256,2025-11-26,False,,,,False
97411000DM0537,2024-07-24,True,,,,False
97410000BZ0390,2025-12-11,False,,,,False
97412000AZ0907,2024-07-08,False,,,,False
97417000BC1215,2025-08-28,False,,,,False
97410000BM0076,2024-03-05,False,,,,False
97408000AP1616,2024-11-04,False,,,,False
97415000DM1535,2024-12-10,False,,,,False
97411000DE0175,2025-07-04,False,,,,False
97415000AB0376,2025-07-29,True,,,,False
97423000AK2051,2024-07-17,True,,,,False
97412000BY1161,2025-10-24,False,,,,False
97405000AO0704,2024-09-05,False,,,,False
97408000AO1552,2025-01-27,False,,,,False
97411000HB0382,2025-08-01,True,,,,False
97410000AS1438,2024-05-23,False,,,,False
97411000DY0267,2025-04-03,True,,,,False
97409000AE0229,2024-06-26,False,,,,False
97409000AL2021,2024-12-26,True,,,,False
97404000AS0361,2025-05-15,False,,,,False
97412000BY1832,2025-09-09,False,,,,False
97414000EO1395,2024-07-23,True,,,,False
97413000DH0014,2024-05-22,False,,,,False
97408000AP1600,2025-09-11,True,,,,False
97410000AD0993,2024-08-22,True,,,,False
97416000ET2130,2025-06-27,True,,,,False
97413000DI0071,2025-01-14,True,,,,False
97412000BC0010,2024-01-26,True,,,,False
97422000BP2074,2025-07-18,False,,,,False
97415000DM1487,2025-10-30,True,,,,False
97406000AI0563,2024-05-24,False,,,,False
97408000AV1282,2025-09-17,False,,,,False
97416000IL0348,2024-09-25,False,,,,False
97401000AT0638,2024-08-22,False,,,,False
97420000BH2084,2024-10-14,True,,,,False
97411000DT0300,2024-05-15,True,,,,False
97415000BV0588,2025-02-11,True,,,,False
97408000AT1921,2024-09-18,False,,,,False
97411000KE0333,2024-05-17,False,,,,False
97409000AO0138,2024-04-15,True,,,,False
97424000AM0913,2025-06-25,False,,,,False
97422000BH2087,2025-04-16,False,,,,False
97406000AO0380,2025-12-15,False,,,,False
97411000DN0035,2024-05-24,False,,,,False
97412000AM1623,2024-04-26,True,,,,False
97401000AD1336,2025-11-24,False,,,,False
97413000CF0298,2025-11-27,True,,,,False
97401000AP1337,2024-06-28,False,,,,False
97418000AR2150,2024-09-03,False,,,,False
97418000AP3217,2024-08-06,False,,,,False
97424000AO0682,2025-10-21,False,,,,False
97422000BN2867,2024-11-04,True,,,,False
97413000CR1075,2025-05-14,True,,,,False
97414000EL2519,2025-05-26,True,,,,False
97414000DT0720,2024-07-12,False,,,,False
97410000BW0967,2024-12-16,True,,,,False
97412000BN0788,2024-12-24,False,,,,False
97416000DH1228,2025-09-26,True,,,,False
97412000BW0495,2025-08-27,False,,,,False
97402000AK2194,2024-01-29,False,,,,False
97412000CX0615,2024-05-27,False,,,,False
97418000AP2355,2024-10-07,False,,,,False
97424000AI1133,2024-03-05,False,,,,False
97416000EW0774,2024-01-29,False,,,,False
97409000AM0620,2024-07-31,True,,,,False
97401000AS1572,2025-12-24,True,,,,False
97416000CS1605,2024-12-13,False,,,,False
97415000BO0887,2024-07-09,True,,,,False
97404000AH0244,2025-10-23,False,,,,False
97416000EM0653,2024-05-21,True,,,,False
97416000IA1864,2025-05-20,True,,,,False
97404000AS0363,2025-03-27,False,,,,False
97410000AE1176,2025-07-30,True,,,,False
97413000DC1085,2025-12-12,False,,,,False
97412000CY0973,2024-12-17,True,,,,False
97422000BI1144,2025-12-16,False,,,,False
97422000CS1542,2024-10-18,True,,,,False
97415000HI0295,2025-03-14,False,,,,False
97408000BM0174,2025-06-30,True,,,,False
97422000BW0992,2024-09-23,False,,,,False
97418000AV2672,2024-09-26,True,,,,False
97415000CT1237,2025-03-07,True,,,,False
97416000CX1373,2025-03-20,True,,,,False
97416000ES0922,2025-08-04,False,,,,False
97415000AY0187,2024-12-16,True,,,,False
97407000AE0479,2025-06-30,True,,,,False
97422000BE1955,2024-09-13,True,,,,False
97408000BL0129,2024-04-30,False,,,,False
97412000CD0280,2025-07-16,True,,,,False
97411000BP0880,2024-12-30,True,,,,False
97418000BD0448,2024-03-28,True,,,,False
97420000BC1889,2024-02-09,False,,,,False
97422000AZ0177,2025-06-27,False,,,,False
97415000BO0615,2024-10-28,True,,,,False
97423000AE0525,2025-01-23,False,,,,False
97414000DL0505,2024-04-11,False,,,,False
97412000AM1476,2024-07-24,True,,,,False
97410000BS0410,2025-09-12,False,,,,False
97416000ES1704,2024-11-26,False,,,,False
97422000BP1974,2025-04-08,True,,,,False
97409000AZ0996,2024-04-22,False,,,,False
97409000AX0989,2025-09-16,True,,,,False
97416000HL0385,2024-06-27,False,,,,False
97422000EL0172,2025-05-27,True,,,,False
97416000HY1781,2025-01-20,True,,,,False
97415000BW0746,2024-03-21,False,,,,False
97416000DN0012,2024-02-15,False,,,,False
97411000EI0451,2024-04-25,True,,,,False
97422000BD2400,2024-10-02,False,,,,False
97415000DK0905,2024-12-10,False,,,,False
97414000EN2753,2024-12-30,False,,,,False
97405000BE1344,2024-01-18,False,,,,False
97417000AT1187,2025-04-23,True,,,,False
97415000CM2360,2024-11-02,True,,,,False
97423000AH1768,2025-04-17,True,,,,False
97415000CM2363,2024-11-02,True,,,,False
97411000EI0241,2024-06-20,True,,,,False
97412000AX1032,2025-05-21,True,,,,False
97406000AI0621,2024-12-11,False,,,,False
97418000AY0209,2025-03-21,False,,,,False
97422000DL0996,2025-09-26,True,,,,False
97406000AW0867,2024-06-28,False,,,,False
97422000DH0362,2025-08-09,False,,,,False
97401000AM0323,2024-09-30,True,,,,False
97414000CH1944,2025-10-23,False,,,,False
97407000AK0534,2025-04-28,False,,,,False
97422000EL0414,2025-09-30,False,,,,False
97413000CJ0224,2024-09-09,True,,,,False
97411000CM0017,2024-03-22,False,,,,False
97411000EZ0142,2025-08-05,True,,,,False
97415000AV0329,2024-11-15,True,,,,False
97415000BW0618,2024-03-18,False,,,,False
97415000AY0850,2025-10-09,False,,,,False
97412000BM0948,2025-03-07,True,,,,False
97414000CH0416,2025-02-07,True,,,,False
97423000AK0828,2024-03-19,False,,,,False
97421000AR0043,2024-05-30,True,,,,False
97413000AV2295,2024-10-03,True,,,,False
97422000AL0993,2025-04-04,True,,,,False
97401000AT0601,2024-09-10,True,,,,False
97411000DZ0243,2025-04-28,True,,,,False
97416000ET1942,2024-08-23,False,,,,False
97422000DL0536,2024-08-01,False,,,,False
97415000AV0361,2024-11-15,True,,,,False
97418000AT1130,2024-11-19,True,,,,False
97413000CY1467,2024-12-27,True,,,,False
97408000BI0407,2024-04-26,False,,,,False
97415000EO0904,2024-11-27,False,,,,False
97416000CX0617,2024-01-04,True,,,,False
97415000ER1422,2025-02-18,False,,,,False
97411000AD0322,2024-06-12,False,,,,False
97406000AL0614,2024-03-29,False,,,,False
97414000EN2035,2025-05-30,False,,,,False
97414000CI1030,2024-11-15,False,,,,False
97412000AH1198,2025-11-27,False,,,,False
97416000CZ1816,2024-10-01,True,,,,False
97412000CE1559,2025-01-10,True,,,,False
97415000CY0385,2024-06-21,True,,,,False
97418000BO0182,2024-12-23,True,,,,False
97408000BK0360,2025-01-20,False,,,,False
97410000BN0580,2025-10-30,True,,,,False
97409000BE0646,2024-12-31,True,,,,False
97416000EH1392,2024-05-28,False,,,,False
97415000BO0124,2024-04-23,False,,,,False
97404000BA0019,2025-07-24,False,,,,False
97413000DE2510,2025-10-21,False,,,,False
97413000DG0781,2025-12-26,False,,,,False
97407000AO0435,2024-11-28,False,,,,False
97410000AS1430,2024-06-24,False,,,,False
97411000EK0247,2024-11-21,False,,,,False
97415000EN0263,2025-07-11,False,,,,False
97411000CV0774,2024-10-29,False,,,,False
97413000CG0647,2025-04-29,False,,,,False
97415000AB0408,2025-09-26,True,,,,False
97406000AT0728,2024-02-20,False,,,,False
97408000AP1632,2025-09-11,True,,,,False
97413000DE2099,2025-03-06,True,,,,False
97418000BM0535,2025-10-16,True,,,,False
97410000AH1289,2024-03-22,True,,,,False
97422000DL0493,2024-04-26,False,,,,False
97415000CZ0523,2024-12-09,False,,,,False
97410000CN0147,2024-08-29,True,,,,False
97415000EW0808,2025-03-20,True,,,,False
97415000HK0052,2025-08-05,False,,,,False
97406000AE0251,2024-06-17,True,,,,False
97404000AW0256,2025-03-18,False,,,,False
97411000EI0360,2024-04-25,True,,,,False
97410000BH0445,2025-11-28,False,,,,False
97415000BX0252,2024-09-16,True,,,,False
97422000DW0072,2024-07-16,False,,,,False
97408000AN1556,2025-09-01,False,,,,False
97422000CN0252,2024-12-30,False,,,,False
97410000CN0146,2024-08-29,True,,,,False
97410000AW0916,2025-11-28,False,,,,False
97411000HS0464,2024-07-31,True,,,,False
97412000BK1708,2024-09-27,True,,,,False
97408000BO0354,2024-06-28,True,,,,False
97418000BE0458,2024-12-31,False,,,,False
97407000BB0020,2025-02-19,False,,,,False
97411000BZ1514,2024-10-18,False,,,,False
97422000BD0792,2024-04-08,False,,,,False
97411000DR0632,2025-07-11,False,,,,False
97412000AY0131,2025-02-10,True,,,,False
97411000EX0213,2024-03-22,False,,,,False
97416000CW1223,2025-06-24,True,,,,False
97412000AX0823,2025-05-21,True,,,,False
97412000BP0389,2025-12-11,True,,,,False
97423000AC0030,2024-01-09,False,,,,False
97422000BX0031,2025-08-06,False,,,,False
97414000HH0474,2025-07-10,False,,,,False
97409000AY0512,2025-09-25,False,,,,False
97413000CC0251,2025-03-31,False,,,,False
97409000AX0827,2025-06-03,False,,,,False
97416000CX1192,2024-02-07,False,,,,False
97415000EX0378,2025-01-17,True,,,,False
97401000AP0467,2025-05-16,True,,,,False
97418000AP4053,2024-03-19,True,,,,False
97422000AD0951,2025-11-21,False,,,,False
97401000AI0992,2024-05-28,False,,,,False
97422000AE1046,2025-09-30,False,,,,False
97414000CO1643,2024-07-18,False,,,,False
97422000BO1701,2024-04-26,True,,,,False
97411000CE0872,2025-07-30,True,,,,False
97418000AV2750,2024-06-10,False,,,,False
97416000CD0552,2024-02-27,True,,,,False
97422000BE3020,2025-03-31,False,,,,False
97416000HM0621,2024-02-27,True,,,,False
97416000ET2137,2024-12-19,True,,,,False
97420000AE0455,2024-06-24,False,,,,False
97416000ES1666,2024-12-23,False,,,,False
97412000BC0814,2024-05-31,True,,,,False
97413000DE1249,2025-05-20,False,,,,False
97409000AS1892,2025-09-01,False,,,,False
97411000HH0252,2025-02-05,False,,,,False
97415000EV0310,2025-07-07,True,,,,False
97408000AC3509,2025-03-31,True,,,,False
97415000AY1631,2025-08-25,False,,,,False
97415000DS0102,2024-11-19,True,,,,False
97422000BR0490,2025-06-25,False,,,,False
97409000AW1032,2025-07-15,False,,,,False
97411000AH0367,2025-08-25,True,,,,False
97415000DE0892,2025-08-13,False,,,,False
97411000DM0673,2025-09-12,True,,,,False
97405000AK0309,2025-06-24,True,,,,False
97415000DK1139,2024-02-26,True,,,,False
97417000AT1308,2025-07-31,False,,,,False
97412000AH1322,2024-12-18,False,,,,False
97415000DE0595,2024-09-12,False,,,,False
97416000EL0168,2025-05-15,False,,,,False
97415000ER0426,2025-08-08,False,,,,False
97412000BI0031,2025-11-14,True,,,,False
97408000AC3721,2025-08-06,False,,,,False
97414000EM0488,2024-06-19,True,,,,False
97416000EX1660,2024-11-28,False,,,,False
97412000BR0726,2024-01-26,False,,,,False
97411000IW0133,2024-02-02,True,,,,False
97415000ER1641,2024-08-30,False,,,,False
97418000AC1456,2025-06-24,False,,,,False
97411000CH0796,2024-10-03,False,,,,False
97422000DH0341,2024-07-01,False,,,,False
97418000AO1768,2024-10-02,True,,,,False
97418000BM0156,2024-09-09,False,,,,False
97408000AP1582,2024-04-09,True,,,,False
97415000BZ0880,2025-04-02,True,,,,False
97421000AL0575,2024-07-19,False,,,,False
97414000CV0003,2025-04-02,True,,,,False
97404000AS0370,2025-11-24,False,,,,False
97415000EY0123,2024-04-15,False,,,,False
97410000BW0966,2025-01-29,True,,,,False
97418000AP4403,2025-09-30,False,,,,False
97405000AL1185,2024-09-26,False,,,,False
97411000AW0831,2024-06-18,False,,,,False
97415000EP1165,2025-04-16,False,,,,False
97414000HI1617,2024-02-15,True,,,,False
97410000BX0159,2025-10-03,True,,,,False
97408000BO0421,2025-12-19,True,,,,False
97416000EP0517,2024-05-02,False,,,,False
97422000BW1411,2024-02-13,False,,,,False
97409000AR0240,2025-06-13,False,,,,False
97409000AL1988,2024-12-26,True,,,,False
97415000AW0444,2024-06-07,False,,,,False
97415000DP0828,2024-08-30,False,,,,False
97408000AP1684,2025-09-11,True,,,,False
97422000AR0689,2024-07-17,False,,,,False
97416000CZ2375,2025-07-09,False,,,,False
97422000CS0970,2024-05-23,False,,,,False
97416000CW1244,2024-07-17,True,,,,False
97420000AZ1127,2024-10-25,False,,,,False
97411000CD1014,2025-12-15,False,,,,False
97411000CM0188,2024-03-01,False,,,,False
97418000AS1386,2024-12-23,True,,,,False
97424000AH0048,2024-03-28,False,,,,False
97416000EV1588,2024-07-11,True,,,,False
97422000AL1345,2025-09-12,False,,,,False
97411000HT0019,2025-05-30,True,,,,False
97405000BE1223,2024-09-20,True,,,,False
97419000AR0817,2025-05-02,False,,,,False
97412000AZ0949,2024-09-27,True,,,,False
97415000BW1105,2025-11-13,False,,,,False
97422000DM0479,2024-01-09,False,,,,False
97405000AM0213,2025-10-31,True,,,,False
97413000CX2897,2025-09-22,True,,,,False
97422000BV2041,2025-10-02,True,,,,False
97415000BZ0874,2024-12-19,True,,,,False
97422000EN0141,2025-09-01,True,,,,False
97422000BD1834,2025-12-23,False,,,,False
97412000CE0454,2025-07-15,True,,,,False
97422000BR1112,2024-12-26,False,,,,False
97422000BH0644,2025-05-27,True,,,,False
97410000BW0920,2024-07-26,False,,,,False
97416000CZ1919,2025-09-24,False,,,,False
97402000AH1603,2025-04-30,False,,,,False
97412000BL1183,2024-04-19,True,,,,False
97412000AW0498,2024-12-17,True,,,,False
97414000EN3813,2024-02-02,True,,,,False
97409000AR1873,2024-01-30,False,,,,False
97409000BM1330,2025-07-04,True,,,,False
97412000BI0418,2025-03-21,True,,,,False
97415000ER0923,2024-08-08,False,,,,False
97422000AW0249,2024-10-23,True,,,,False
97415000CH1672,2024-05-24,False,,,,False
97411000EZ0106,2025-03-31,False,,,,False
97408000AP1519,2024-03-26,True,,,,False
97416000CZ2087,2024-06-27,False,,,,False
97405000AL1616,2024-04-04,False,,,,False
97413000CS0254,2024-12-19,False,,,,False
97406000AD0353,2025-07-12,False,,,,False
97418000AO1196,2025-03-05,True,,,,False
97415000BZ0929,2024-12-19,True,,,,False
97416000ES1601,2024-08-08,False,,,,False
97409000AR1436,2024-02-12,False,,,,False
97412000BP0476,2024-12-17,False,,,,False
97415000EY0248,2024-10-21,False,,,,False
97414000EW0411,2024-05-22,True,,,,False
97405000BE1447,2025-07-23,False,,,,False
97409000BD0635,2024-08-13,False,,,,False
97416000EW0234,2024-02-29,False,,,,False
97414000EN3140,2024-01-26,False,,,,False
97415000ER1721,2024-01-18,False,,,,False
97420000AO0651,2025-03-11,False,,,,False
97401000AP1199,2025-10-07,True,,,,False
97405000AK1824,2025-04-28,False,,,,False
97411000DP0140,2024-07-03,False,,,,False
97416000DE0759,2025-08-21,False,,,,False
97422000BP1958,2024-04-17,True,,,,False
97421000AV1166,2024-04-03,False,,,,False
97416000DM0470,2024-09-24,False,,,,False
97415000EP1168,2024-03-26,False,,,,False
97411000DN0055,2025-06-20,False,,,,False
97407000BL0247,2025-11-27,True,,,,False
97414000ES1073,2025-12-01,False,,,,False
97408000AP1618,2025-09-11,True,,,,False
97403000AS2023,2024-07-25,True,,,,False
97401000AP0687,2025-10-28,True,,,,False
97415000ES0558,2025-12-15,False,,,,False
97413000CS0742,2024-12-11,False,,,,False
97417000AI0127,2024-05-22,False,,,,False
97407000BE0262,2025-09-15,False,,,,False
97414000EK0649,2024-04-02,True,,,,False
97416000DL0169,2024-05-31,True,,,,False
97422000DE0693,2025-03-26,False,,,,False
97411000EP0073,2025-12-09,False,,,,False
97405000AT0049,2024-11-07,True,,,,False
97422000BO1702,2024-04-26,True,,,,False
97423000AB0338,2024-04-16,False,,,,False
97414000ET2159,2024-05-21,False,,,,False
97422000BL1551,2024-11-08,False,,,,False
97405000AE0921,2025-06-23,False,,,,False
97408000AS0449,2025-12-03,False,,,,False
97424000AI1545,2025-08-07,False,,,,False
97413000DJ0581,2024-10-01,True,,,,False
97409000BD0437,2024-01-22,False,,,,False
97415000HR0233,2025-07-18,False,,,,False
97411000BC0452,2025-03-07,False,,,,False
97414000DR0560,2024-10-23,False,,,,False
97403000AP1629,2024-10-23,True,,,,False
97419000AW0302,2024-07-29,True,,,,False
97403000AP1792,2024-04-03,False,,,,False
97415000AX0748,2024-09-06,True,,,,False
97411000BK0232,2024-03-26,True,,,,False
97416000HY0239,2025-03-03,True,,,,False
97415000AT0617,2025-12-22,False,,,,False
97409000AS2127,2025-04-24,True,,,,False
97411000AO0339,2025-08-29,False,,,,False
97422000AY1336,2025-09-23,True,,,,False
97410000BM1316,2025-01-23,False,,,,False
97416000DZ0667,2025-09-12,True,,,,False
97413000CR0680,2024-03-05,False,,,,False
97417000BC0067,2024-12-17,True,,,2026-08-25 14:01:55.195823+00:00,False
97415000ET1583,2025-01-27,False,,,,False
97415000HI0493,2024-03-14,False,,,,False
97411000HM0260,2024-02-06,False,,,,False
97422000DO0300,2024-07-31,False,,,,False
97412000CE2495,2025-10-16,False,,,,False
97414000EN4114,2024-11-25,True,,,,False
97415000AY0172,2024-12-16,True,,,,False
97415000CM2343,2024-11-02,True,,,,False
97402000AB1078,2025-03-27,False,,,,False
97412000AN0435,2025-01-31,True,,,,False
97423000AK2028,2025-09-09,True,,,,False
97414000CV0723,2024-06-18,False,,,,False
97412000BL0591,2025-07-10,True,,,,False
97418000AC1642,2024-05-17,False,,,,False
97409000AY1121,2024-10-25,True,,,,False
97422000AD0269,2024-06-25,True,,,,False
97422000BV0224,2024-04-30,False,,,,False
97417000AT1225,2025-10-30,False,,,,False
97416000HI0499,2024-06-28,False,,,,False
97418000BT0037,2024-07-31,False,,,,False
97415000DP0330,2024-02-02,True,,,,False
97415000CS0849,2024-04-04,False,,,,False
97410000BE0566,2024-01-26,True,,,,False
97422000BY0489,2025-03-11,True,,,,False
97409000BL0202,2025-03-25,True,,,,False
97412000BY0397,2025-01-23,False,,,,False
97405000AI0365,2025-02-24,False,,,,False
97405000AR1188,2024-02-16,False,,,,False
97406000AV1212,2024-10-29,True,,,,False
97421000AL0616,2025-02-06,False,,,,False
97416000HI0556,2024-08-27,True,,,,False
97424000AL0608,2024-01-11,False,,,,False
97413000BM0847,2025-08-29,True,,,,False
97412000BT0600,2025-03-07,False,,,,False
97418000BE0254,2025-11-26,False,,,,False
97418000AT0909,2025-07-30,True,,,,False
97415000BZ0921,2024-12-19,True,,,,False
97422000CS0201,2024-07-15,False,,,,False
97410000BM1353,2024-08-13,True,,,,False
97422000BW1248,2024-07-26,True,,,,False
97424000AM0164,2024-09-06,False,,,,False
97418000AS1356,2025-10-29,False,,,,False
97401000AD1629,2024-08-27,False,,,,False
97418000AT0144,2025-07-21,True,,,,False
97415000EP1160,2024-05-28,False,,,,False
97411000HI0569,2024-12-06,False,,,,False
97422000BT0473,2024-05-27,False,,,,False
97416000DL0089,2024-07-25,False,,,,False
97415000BV1122,2024-02-23,True,,,,False
97409000BI0740,2025-10-31,False,,,,False
97422000BP1972,2025-04-08,True,,,,False
97424000AM0009,2025-01-16,False,,,,False
97412000BW0673,2024-07-16,False,,,,False
97402000AI1003,2024-08-22,True,,,,False
97409000BH0311,2025-01-24,True,,,,False
97401000AO1126,2025-09-23,False,,,,False
97416000EZ0551,2024-06-27,True,,,,False
97414000DL0001,2024-03-18,False,,,,False
97415000BV1707,2025-07-25,False,,,,False
97415000CH2874,2024-02-14,True,,,,False
97411000CD0492,2025-09-08,False,,,,False
97413000DE2508,2025-10-08,True,,,,False
97410000AW0253,2024-08-13,False,,,,False
97410000AX1019,2024-04-12,True,,,,False
97405000AL0835,2024-07-23,False,,,,False
97415000EW0076,2025-10-08,False,,,,False
97412000BL1188,2024-01-05,True,,,,False
97416000CS1330,2025-03-19,False,,,,False
97414000HB0358,2024-12-27,True,,,,False
97411000EP0049,2025-09-22,False,,,,False
97416000HP0656,2025-03-14,False,,,,False
97410000BV0250,2025-07-31,False,,,,False
97415000DK1109,2024-09-30,True,,,,False
97410000AV0674,2024-09-13,True,,,,False
97422000BE2799,2024-02-06,False,,,,False
97414000DT0711,2024-07-15,False,,,,False
97410000AW0822,2025-08-20,False,,,,False
97404000AX0186,2025-06-25,True,,,,False
97409000BD0111,2025-08-01,False,,,,False
97416000CW1943,2024-01-30,True,,,,False
97422000CN1398,2024-02-20,True,,,,False
97421000AN0412,2025-03-12,True,,,,False
97406000AI0012,2025-04-08,False,,,,False
97412000BR0196,2024-05-06,False,,,,False
97424000AM0404,2024-09-06,False,,,,False
97420000AB0494,2024-05-17,False,,,,False
97415000EY0812,2024-04-29,True,,,,False
97415000EZ0092,2024-11-12,False,,,,False
97415000AV0932,2024-06-21,False,,,,False
97414000DV0597,2024-07-29,True,,,,False
97411000HT0207,2025-01-29,False,,,,False
97422000BN2869,2024-11-04,True,,,,False
97412000BC0506,2025-10-09,True,,,,False
97415000BP0457,2024-10-11,True,,,,False
97419000AP0214,2024-07-10,True,,,,False
97416000EY0546,2024-11-27,False,,,,False
97414000HE0589,2024-01-29,True,,,,False
97407000AE0739,2025-07-30,False,,,,False
97422000BD0938,2025-11-03,True,,,,False
97404000AL1063,2025-08-20,False,,,,False
97423000AH1569,2025-06-11,True,,,,False
97415000DR0458,2024-03-13,True,,,,False
97412000CY0354,2024-09-03,False,,,,False
97412000AW0695,2024-12-12,True,,,,False
97420000BD1166,2024-05-29,False,,,,False
97411000IL0460,2025-05-27,False,,,,False
97415000DS0463,2024-08-05,False,,,,False
97415000AW1815,2025-07-30,True,,,,False
97418000AV0740,2025-06-27,False,,,,False
97422000AS0971,2024-07-10,True,,,,False
97423000AC0418,2024-01-14,True,,,,False
97413000DI0005,2025-12-16,False,,,,False
97410000AB1212,2024-02-07,False,,,,False
97407000BL0202,2025-10-24,False,,,,False
97404000AX0653,2024-07-08,True,,,,False
97413000CW0297,2024-08-14,True,,,,False
97407000AZ0014,2025-03-31,False,,,,False
97409000BE2194,2025-10-07,True,,,,False
97422000CM0865,2024-05-17,False,,,,False
97405000BI1258,2024-08-29,True,,,,False
97410000BH0702,2025-10-15,False,,,,False
97422000DK0381,2024-07-03,False,,,,False
97424000AI2243,2025-08-26,False,,,,False
97414000EZ0481,2025-07-01,True,,,,False
97410000AR0559,2024-03-26,False,,,,False
97410000AL0447,2025-06-06,True,,,,False
97405000BI1248,2024-02-05,True,,,,False
97414000CH0177,2024-11-27,True,,,,False
97412000BO0536,2024-12-10,True,,,,False
97401000AR1727,2025-06-10,True,,,,False
97416000IE0838,2024-12-09,True,,,,False
97422000CD0543,2024-12-17,False,,,,False
97412000BO0474,2025-11-24,False,,,,False
97418000AC0952,2025-12-15,True,,,,False
97423000AH0262,2025-05-07,True,,,,False
97401000AM0322,2024-09-30,True,,,,False
97413000DJ0500,2024-07-02,False,,,,False
97415000BZ0638,2024-12-19,True,,,,False
97412000BW2451,2024-12-31,False,,,,False
97410000AH0876,2025-12-16,True,,,,False
97411000EM0117,2024-05-30,False,,,,False
97406000AP0364,2024-10-31,True,,,,False
97412000BE0437,2024-06-26,True,,,,False
97417000AT1180,2025-01-03,True,,,,False
97411000AY0560,2025-12-17,True,,,,False
97416000DS0182,2024-11-04,False,,,,False
97406000AR0359,2025-08-28,False,,,,False
97405000BE0586,2025-05-30,False,,,,False
97414000EX0778,2024-12-16,False,,,,False
97407000AE0829,2024-12-16,True,,,,False
97411000HB0175,2025-12-31,False,,,,False
97409000AM0589,2025-10-31,False,,,,False
97413000CE0319,2025-04-18,False,,,,False
97418000BN0245,2024-12-14,True,,,,False
97404000AC0641,2025-10-28,True,,,,False
97408000AC3605,2025-01-31,False,,,,False
97411000IR0191,2024-11-15,True,,,,False
97422000CX1314,2024-06-24,False,,,,False
97404000AC1198,2025-11-13,False,,,,False
97410000AO0223,2025-07-28,False,,,,False
97410000AS1440,2025-10-02,False,,,,False
97414000CW0579,2024-02-27,True,,,,False
97421000AP0087,2024-01-08,False,,,,False
97411000AR0334,2024-06-10,False,,,,False
97407000AO1505,2025-09-01,True,,,,False
97406000AL0180,2024-11-18,False,,,,False
97404000AV0523,2025-08-22,True,,,,False
97413000CX2605,2025-09-19,False,,,,False
97414000DN0087,2025-06-05,True,,,,False
97411000HO0912,2025-01-27,True,,,,False
97409000AB0972,2025-03-13,False,,,,False
97405000AN0268,2025-06-24,False,,,,False
97418000AV1575,2025-05-05,True,,,,False
97411000HS0496,2024-07-31,True,,,,False
97414000DL0320,2024-09-20,False,,,,False
97414000EO1482,2024-10-10,False,,,,False
97409000AI1635,2024-03-05,True,,,,False
97412000BR0530,2024-08-27,False,,,,False
97404000AD1107,2025-02-17,False,,,,False
97422000EH0285,2025-04-25,False,,,,False
97414000EK0682,2024-12-27,False,,,,False
97416000HP0854,2024-10-31,False,,,,False
97409000AC0955,2024-03-20,False,,,,False
97414000EN0902,2025-12-18,False,,,,False
97413000DJ0580,2024-02-28,True,,,,False
97417000AS0110,2025-04-16,False,,,,False
97409000BI0098,2025-01-30,False,,,,False
97401000AR1742,2024-11-05,True,,,,False
97411000CD1114,2025-11-14,False,,,,False
97407000AY0060,2025-01-31,False,,,,False
97422000CX0981,2025-10-24,True,,,,False
97401000AI1107,2025-03-24,False,,,,False
97415000BR0127,2024-02-01,True,,,,False
97424000AM0316,2024-09-06,False,,,,False
97410000AD0905,2024-04-16,True,,,,False
97412000CW1057,2025-06-26,True,,,,False
97402000AC0118,2024-01-23,True,,,,False
97423000AK1342,2025-09-11,True,,,,False
97416000DW0119,2024-03-29,False,,,,False
97413000CS0354,2025-07-11,True,,,,False
97414000EN3531,2025-10-01,True,,,,False
97414000ER0886,2024-04-30,False,,,,False
97416000IE1581,2024-12-24,False,,,,False
97414000HI0992,2025-05-30,False,,,,False
97413000DG1094,2025-09-19,False,,,,False
97422000ED0476,2025-09-29,True,,,,False
97410000AT1138,2024-02-22,True,,,,False
97412000BK1994,2024-05-31,True,,,,False
97415000EO1099,2025-02-11,True,,,,False
97412000CT0747,2024-06-25,True,,,,False
97416000CS1318,2024-07-31,False,,,,False
97422000BI0647,2024-08-28,False,,,,False
97410000AH1166,2024-09-06,True,,,,False
97409000AS0672,2025-11-12,False,,,,False
97415000ER1745,2024-12-13,True,,,,False
97411000EP0046,2025-09-22,False,,,,False
97422000BN3020,2024-08-30,False,,,,False
97413000DM0369,2024-01-19,True,,,,False
97411000EN0663,2024-10-30,False,,,,False
97411000AE0633,2025-08-28,False,,,,False
97411000DE0267,2025-01-30,False,,,,False
97422000BH1214,2025-09-24,False,,,,False
97405000AH0474,2024-05-22,False,,,,False
97413000DI0066,2024-12-10,False,,,,False
97408000AP1564,2024-04-17,False,,,,False
97414000CP0351,2024-04-22,True,,,,False
97413000CW0236,2024-05-02,True,,,,False
97414000HH0127,2024-02-21,False,,,,False
97420000BC1448,2025-05-28,True,,,,False
97405000AO0690,2024-06-07,True,,,,False
97422000CE0799,2025-07-31,False,,,,False
97422000AD1048,2025-08-13,False,,,,False
97420000AM0405,2024-03-20,False,,,,False
97417000BC0095,2024-12-17,True,,,,False
97408000BM0087,2024-09-30,False,,,,False
97407000AL1535,2025-05-28,True,,,,False
97410000BI0248,2024-04-18,False,,,,False
97411000AE0319,2024-03-01,True,,,,False
97410000AS1464,2024-04-18,False,,,,False
97403000AR0795,2025-08-21,False,,,,False
97411000CV0745,2024-12-31,False,,,,False
97406000AI1032,2025-10-16,False,,,,False
97424000AM0166,2024-09-06,False,,,,False
97415000DR0577,2024-11-29,False,,,,False
97416000EW0111,2025-03-14,False,,,,False
97413000CQ0738,2025-06-17,True,,,,False
97416000EX1839,2024-11-27,False,,,,False
97418000BI0370,2024-09-18,True,,,,False
97423000AE0754,2025-05-22,True,,,,False
97411000AE0058,2024-12-27,True,,,,False
97405000AT0046,2024-11-07,True,,,,False
97411000ET0113,2024-12-24,False,,,,False
97419000AI0499,2024-09-24,True,,,,False
97415000CY1052,2025-08-14,True,,,,False
97418000AP1935,2025-09-26,True,,,,False
97414000DN0592,2025-10-23,False,,,,False
97415000BP0372,2024-11-14,False,,,,False
97420000AL0373,2024-09-09,True,,,,False
97409000AV0432,2024-09-10,False,,,,False
97409000AN0724,2024-12-13,False,,,,False
97419000AR0735,2025-06-09,True,,,,False
97415000BN0307,2024-10-11,False,,,,False
97411000HS0366,2025-08-05,True,,,,False
97413000AC0968,2025-07-18,True,,,,False
97422000BS0939,2025-10-30,True,,,,False
97415000EH0547,2024-08-30,False,,,,False
97414000HC0374,2025-09-26,False,,,,False
97418000AT1757,2024-12-23,True,,,,False
97422000BW0692,2024-05-28,False,,,,False
97409000BI0421,2024-10-10,False,,,,False
97412000AM1624,2024-01-31,True,,,,False
97421000BD0178,2024-12-30,True,,,,False
97410000BE0197,2025-03-13,False,,,,False
97415000AV0367,2024-11-15,True,,,,False
97415000CS0793,2024-01-30,False,,,,False
97415000EV0643,2024-02-15,False,,,,False
97407000AH1379,2024-12-11,True,,,,False
97419000AS0229,2025-05-28,False,,,,False
97415000AY1630,2025-12-29,False,,,,False
97415000AY0212,2024-12-16,True,,,,False
97413000AV2017,2024-10-03,True,,,,False
97414000DN0088,2025-06-10,False,,,,False
97415000AY1641,2024-10-28,False,,,,False
97412000BW0173,2025-12-30,False,,,,False
97407000AY0483,2025-06-05,False,,,,False
97404000AY0418,2025-08-12,False,,,,False
97418000BO0202,2024-12-23,True,,,,False
97404000AD1323,2024-11-21,True,,,,False
97411000AR0183,2024-12-31,False,,,,False
97415000BI0313,2024-12-13,False,,,,False
97408000AB0391,2024-07-04,True,,,,False
97422000AH0119,2024-07-25,False,,,,False
97415000BV0220,2025-02-20,False,,,,False
97411000DZ0041,2024-11-26,True,,,,False
97406000AT0489,2025-01-21,False,,,,False
97422000BO1704,2024-04-26,True,,,,False
97418000AR2048,2025-09-12,False,,,,False
97415000DE1025,2025-12-26,False,,,,False
97402000AK1169,2024-08-06,True,,,,False
97412000BY1852,2025-11-07,False,,,,False
97405000AK0311,2024-06-21,True,,,,False
97411000AT0416,2024-06-28,False,,,,False
97416000CW1039,2024-11-27,False,,,,False
97420000BH1862,2025-06-03,True,,,,False
97414000EN4208,2025-12-04,False,,,,False
97413000CC0430,2024-12-03,False,,,,False
97411000AN0558,2024-01-30,False,,,,False
97406000AM0993,2025-03-27,False,,,,False
97409000AI1638,2024-03-05,True,,,,False
97407000AX0222,2025-03-14,False,,,,False
97415000AZ0533,2025-11-04,False,,,,False
97422000BN3074,2024-11-25,False,,,,False
97416000HT0140,2024-01-25,False,,,,False
97412000BT0453,2024-07-25,False,,,,False
97418000BD0361,2024-12-23,False,,,,False
97412000AX1089,2024-02-20,False,,,,False
97413000DD1537,2025-12-19,True,,,,False
97409000AI0429,2024-10-18,True,,,,False
97410000BW0965,2025-01-29,True,,,,False
97408000BO0388,2025-08-13,True,,,,False
97411000HW0339,2025-12-15,True,,,,False
97412000CE2826,2025-04-07,False,,,,False
97424000AE0345,2025-01-16,False,,,,False
97413000CX2476,2025-07-19,True,,,,False
97411000ER0089,2025-08-22,False,,,,False
97420000AH0124,2025-09-30,False,,,,False
97411000HP0397,2025-04-18,True,,,,False
97414000CH1636,2025-05-19,False,,,,False
97412000CE2256,2024-08-13,False,,,,False
97408000AO1879,2025-07-18,False,,,,False
97414000CO1280,2024-08-13,True,,,,False
97415000HO1029,2024-05-30,False,,,,False
97401000AN0949,2025-11-05,False,,,,False
97413000CR0663,2024-06-19,False,,,,False
97415000CT0331,2024-09-05,True,,,,False
97424000AB0024,2025-01-15,False,,,,False
97401000AR1617,2024-01-22,True,,,,False
97407000BE0313,2025-11-06,True,,,,False
97410000AS1299,2024-10-31,False,,,,False
97410000BI0016,2024-11-28,True,,,,False
97416000CZ0860,2024-10-31,True,,,,False
97415000DX0397,2025-03-17,True,,,,False
97414000DK0574,2025-06-30,True,,,,False
97413000DE1671,2024-06-12,False,,,,False
97424000AE0099,2024-08-07,False,,,,False
97404000AC0876,2025-06-30,True,,,,False
97415000CW0832,2025-07-01,True,,,,False
97411000BD0605,2024-12-19,True,,,,False
97416000EX1204,2025-02-13,True,,,,False
97421000BC0090,2025-05-16,True,,,,False
97409000AS0350,2024-11-12,False,,,,False
97418000AT2571,2025-12-03,True,,,,False
97416000CV1790,2024-03-06,False,,,,False
97422000DI0401,2025-04-04,False,,,,False
97411000EK0448,2025-02-11,False,,,,False
97407000BI0435,2024-10-02,False,,,,False
97415000CY0420,2024-07-04,False,,,,False
97409000AY0450,2024-01-29,False,,,,False
97405000AT0175,2024-11-07,True,,,,False
97414000HB0347,2024-06-21,True,,,,False
97418000AT0361,2025-07-21,True,,,,False
97422000BY0167,2024-05-31,False,,,,False
97411000AH0173,2024-10-28,False,,,,False
97411000EH0176,2025-04-03,True,,,,False
97411000HO0629,2025-01-27,True,,,,False
97413000DM0209,2025-06-30,False,,,,False
97412000CR0383,2025-06-26,False,,,,False
97422000AE0734,2024-11-25,False,,,,False
97420000AO0652,2024-11-28,False,,,,False
97409000BK0797,2024-06-28,True,,,,False
97416000CS1556,2024-03-22,True,,,,False
97422000AY1032,2025-07-04,True,,,,False
97415000DE1222,2024-07-22,True,,,,False
97412000AT0374,2024-02-16,False,,,,False
97419000AL1177,2025-07-15,True,,,,False
97418000AT2380,2024-02-16,False,,,,False
97424000AL0018,2025-01-16,False,,,,False
97412000CP0165,2024-09-27,False,,,,False
97414000HB0083,2024-06-21,True,,,,False
97411000DR0367,2025-05-15,False,,,,False
97413000DC0040,2024-08-19,False,,,,False
97415000CS0526,2024-06-13,True,,,,False
97408000AC2787,2025-12-16,False,,,,False
97410000CD0583,2024-03-06,False,,,,False
97407000AE0828,2024-12-06,True,,,,False
97419000AK0066,2025-06-12,True,,,,False
97415000AY1416,2025-08-04,False,,,,False
97411000EK0007,2025-12-12,False,,,,False
97415000AZ0785,2025-02-21,False,,,,False
97413000CX2895,2025-09-22,True,,,,False
97414000EN4188,2025-10-06,True,,,,False
97415000CT1326,2024-06-14,True,,,,False
97415000BV0212,2024-04-11,False,,,,False
97422000CX0984,2025-10-24,True,,,,False
97415000DE0203,2025-03-11,False,,,,False
97416000HX0900,2025-12-29,False,,,,False
97412000CS0116,2025-12-22,True,,,,False
97402000AH0715,2024-10-31,False,,,,False
97411000AW0631,2025-10-22,False,,,,False
97422000BV2031,2025-02-21,False,,,,False
97411000IH0516,2025-02-05,False,,,,False
97410000BM1188,2025-10-18,True,,,,False
97422000DL0938,2024-05-31,False,,,,False
97410000AS1422,2024-10-17,True,,,,False
97415000CT2717,2024-06-13,False,,,,False
97416000HO1096,2024-04-04,False,,,,False
97415000AB0534,2025-07-29,True,,,,False
97415000CX1396,2025-02-24,False,,,,False
97417000BM0005,2024-09-09,True,,,,False
97417000AT0564,2025-05-16,False,,,,False
97422000CY0154,2024-07-30,False,,,,False
97422000CO0717,2025-06-27,False,,,,False
97413000DE0675,2024-08-06,False,,,,False
97415000BW0853,2024-04-30,True,,,,False
97412000BL1191,2024-04-15,False,,,,False
97416000IM0376,2024-04-29,False,,,,False
97414000HL0762,2025-11-29,False,,,,False
97414000HB0521,2024-08-09,False,,,,False
97411000HO0892,2025-07-08,False,,,,False
97418000AS1199,2024-05-22,True,,,,False
97422000BS1042,2024-06-20,False,,,,False
97418000AW0691,2025-02-21,False,,,,False
97415000DR1022,2024-02-19,True,,,,False
97411000AI0030,2024-04-09,False,,,,False
97418000AP4057,2024-05-03,False,,,,False
97411000AD0497,2025-01-30,True,,,,False
97418000BM0054,2025-04-24,False,,,,False
97409000AC0492,2024-08-13,False,,,,False
97422000AH0111,2024-12-03,True,,,,False
97422000BW3605,2025-06-10,True,,,,False
97421000AV0333,2025-07-23,False,,,,False
97412000CK0911,2024-03-28,False,,,,False
97422000AK0714,2024-12-26,True,,,,False
97413000AV0592,2024-12-18,False,,,,False
97416000HO0892,2024-05-16,True,,,,False
97405000AY0364,2025-08-22,True,,,,False
97415000ET1577,2024-06-17,False,,,,False
97422000CR0177,2024-06-21,True,,,,False
97411000AK0007,2025-12-08,True,,,,False
97422000BS0941,2025-10-30,True,,,,False
97414000EN4018,2024-10-25,False,,,,False
97407000AK1892,2025-04-29,False,,,,False
97418000AO1769,2024-10-02,True,,,,False
97411000HH0445,2024-12-26,False,,,,False
97416000HP0864,2025-06-26,True,,,,False
97415000CO0345,2025-07-01,True,,,,False
97405000AK0681,2025-12-29,False,,,,False
97408000AP1613,2025-07-15,False,,,,False
97407000AT0049,2025-03-27,True,,,,False
97415000CK1042,2025-12-18,False,,,,False
97416000DT0342,2024-10-30,False,,,,False
97422000BD2064,2024-08-28,False,,,,False
97403000AR0974,2024-01-17,True,,,,False
97423000AB1848,2024-12-27,True,,,,False
97410000AR0662,2024-11-29,True,,,,False
97413000AC0618,2024-08-12,True,,,,False
97422000BP2000,2024-04-17,True,,,,False
97413000BH0876,2025-10-02,True,,,,False
97409000AY0367,2024-12-04,False,,,,False
97407000AK1853,2025-06-27,False,,,,False
97422000AN0057,2025-10-30,False,,,,False
97415000BR0145,2025-11-28,True,,,,False
97412000CP0226,2024-01-12,True,,,,False
97416000IC0059,2024-10-10,False,,,,False
97422000BK1528,2025-04-28,True,,,,False
97416000HY1744,2024-07-09,False,,,,False
97404000AS0366,2025-06-11,False,,,,False
97415000CT2125,2024-03-21,False,,,,False
97422000BK2441,2024-07-29,False,,,,False
97407000AI0911,2024-10-21,True,,,,False
97423000AB1850,2024-12-27,True,,,,False
97414000DS0551,2025-11-25,False,,,,False
97412000BX0648,2024-01-25,False,,,,False
97422000AL1313,2025-12-22,False,,,,False
97411000DW0284,2025-12-04,True,,,,False
97409000BK0949,2025-09-12,False,,,,False
97418000BN0243,2024-12-14,True,,,,False
97411000DR0653,2024-10-18,True,,,,False
97423000AK0356,2025-02-26,True,,,,False
97415000CY0224,2025-02-07,False,,,,False
97415000CV1255,2024-06-25,True,,,,False
97413000CY1070,2024-06-04,False,,,,False
97407000AL1514,2025-05-28,True,,,,False
97411000AO0645,2024-12-31,False,,,,False
97412000CD1574,2025-12-19,True,,,,False
97415000ET1682,2024-03-28,False,,,,False
97416000HZ0905,2025-06-13,False,,,,False
97409000AR0140,2025-04-23,False,,,,False
97412000BY0241,2025-04-29,False,,,,False
97418000AT2326,2025-08-20,False,,,,False
97418000AT2404,2024-03-27,False,,,,False
97422000CD0544,2024-09-30,False,,,,False
97421000BP0226,2025-03-12,True,,,,False
97416000CX1458,2024-03-12,False,,,,False
97415000AZ1238,2024-08-23,True,,,,False
97411000KE0455,2024-12-16,False,,,,False
97410000AS1435,2024-06-24,False,,,,False
97401000AT0587,2025-10-16,True,,,,False
97416000IE1574,2024-08-23,False,,,,False
97416000CW0641,2024-02-15,True,,,,False
97408000AO1093,2025-08-25,False,,,,False
97415000CP2043,2025-07-18,False,,,,False
97405000AR1717,2024-06-07,False,,,,False
97403000AL0409,2025-08-20,True,,,,False
97405000AN0423,2025-10-23,True,,,,False
97409000BP0275,2025-06-17,True,,,,False
97416000CV1751,2025-03-04,True,,,,False
97422000AM0354,2024-08-13,False,,,,False
97413000DM0239,2025-03-04,True,,,,False
97401000AM0867,2025-09-23,False,,,,False
97416000EP0777,2025-07-17,False,,,,False
97411000EI0135,2024-03-28,False,,,,False
97411000DP0088,2024-09-26,False,,,,False
97416000HX1417,2025-11-18,False,,,,False
97408000BO0632,2025-10-23,False,,,,False
97405000AN0421,2025-10-23,True,,,,False
97415000CT1941,2025-01-30,False,,,,False
97405000AE0039,2024-07-11,True,,,,False
97410000AW0613,2025-07-16,False,,,,False
97413000CN0777,2024-11-28,True,,,,False
97422000EC0331,2024-08-30,True,,,,False
97413000CS1024,2025-11-25,False,,,,False
97416000IA1893,2025-11-14,True,,,,False
97415000CS0720,2024-07-29,False,,,,False
97415000CH2212,2025-12-15,False,,,,False
97418000AR1755,2024-05-07,False,,,,False
97416000ID0805,2024-11-13,False,,,,False
97405000BI0138,2025-07-17,True,,,,False
97416000DT0578,2025-10-02,False,,,,False
97410000BH0704,2024-06-11,False,,,,False
97416000DR0357,2025-07-31,False,,,,False
97412000CE1558,2025-01-10,True,,,,False
97409000BR0032,2025-11-19,True,,,,False
97411000AL0072,2025-10-09,False,,,,False
97418000AO1931,2025-11-06,False,,,,False
97420000AO0643,2024-03-14,False,,,,False
97416000HN1676,2024-09-03,False,,,,False
97416000EX1806,2025-02-13,True,,,,False
97415000AS1848,2024-04-12,True,,,,False
97412000BW2125,2024-02-19,False,,,,False
97416000IL0359,2024-08-05,False,,,,False
97415000CO0412,2025-07-01,True,,,,False
97408000AO0507,2024-07-10,False,,,,False
97419000AO0187,2025-12-04,False,,,,False
97422000DL0524,2025-06-13,False,,,,False
97411000BZ0233,2025-10-10,False,,,,False
97414000DV0595,2024-07-29,True,,,,False
97415000BK0114,2025-10-14,True,,,,False
97416000IM0261,2024-02-28,False,,,,False
97403000AS1642,2025-06-27,True,,,,False
97415000BV1686,2025-12-23,False,,,,False
97412000BT0351,2024-02-27,False,,,,False
97411000HP0339,2024-09-30,False,,,,False
97415000EY1415,2025-04-28,False,,,,False
97412000BW1050,2024-10-25,False,,,,False
97408000AP1583,2025-01-15,True,,,,False
97411000CM0479,2025-11-25,False,,,,False
97411000HW0130,2025-11-27,True,,,,False
97416000IE2029,2024-04-23,False,,,,False
97415000DK1155,2025-01-27,True,,,,False
97410000AI1333,2024-01-18,False,,,,False
97412000BR0814,2025-01-24,True,,,,False
97413000CJ0343,2025-09-08,False,,,,False
97413000CS0740,2024-06-12,False,,,,False
97411000BZ1705,2024-12-23,True,,,,False
97415000HK0388,2024-05-29,True,,,,False
97410000AR1445,2024-10-30,True,,,,False
97402000AH0660,2025-05-15,False,,,,False
97423000AB1931,2024-01-04,True,,,,False
97409000BL0039,2025-11-14,True,,,,False
97416000HY1565,2024-02-09,True,,,,False
97416000CT0963,2025-07-09,True,,,,False
97415000DE0124,2024-09-06,False,,,,False
97415000DM0575,2025-08-14,False,,,,False
97408000AM1120,2025-08-22,False,,,,False
97408000AS0621,2024-10-04,True,,,,False
97413000CS0834,2025-07-29,False,,,,False
97411000DW0005,2025-06-27,True,,,,False
97414000CH1432,2024-12-31,False,,,,False
97420000AS1008,2025-03-19,False,,,,False
97414000HA0428,2025-07-10,True,,,,False
97405000AN0673,2024-11-29,True,,,,False
97416000HZ0387,2024-09-17,False,,,,False
97414000CT0961,2025-12-15,True,,,,False
97424000AM0011,2025-01-16,False,,,,False
97409000AB0723,2024-02-09,False,,,,False
97415000BC0365,2024-09-27,True,,,,False
97407000AO0668,2025-08-07,False,,,,False
97414000HB0057,2025-09-15,False,,,,False
97412000CD1398,2025-07-24,True,,,,False
97415000CS0482,2024-10-31,False,,,,False
97418000BD0411,2025-04-02,False,,,,False
97414000CV0005,2025-04-02,True,,,,False
97418000AT2331,2025-02-18,False,,,,False
97411000KE0453,2025-03-12,True,,,,False
97413000CX1843,2024-07-03,False,,,,False
97423000AC0384,2024-01-14,True,,,,False
97416000CW0014,2024-11-29,False,,,,False
97416000HY1778,2025-01-21,True,,,,False
97416000CZ1809,2024-10-01,True,,,,False
97413000CW0256,2024-05-02,True,,,,False
97411000ET0222,2025-12-17,True,,,,False
97409000BM1415,2025-08-22,False,,,,False
97414000CT1237,2025-07-15,False,,,,False
97415000EN0245,2024-11-19,True,,,,False
97412000AM1626,2024-07-24,True,,,,False
97414000ES0521,2024-04-30,False,,,,False
97406000AT0603,2025-08-01,True,,,,False
97415000BN1390,2025-11-07,True,,,,False
97414000EX0131,2025-08-13,False,,,,False
97416000DN0468,2024-10-18,True,,,,False
97416000EX1601,2025-10-30,True,,,,False
97413000CD0287,2024-12-31,False,,,,False
97412000CY0888,2024-04-29,True,,,,False
97411000DP0386,2024-11-25,False,,,,False
97418000AC1347,2025-10-16,True,,,,False
97409000BR0144,2025-11-19,True,,,,False
97415000DP0862,2024-12-26,True,,,,False
97416000EX0981,2025-04-29,True,,,,False
97414000HC0360,2024-02-14,False,,,,False
97409000BE2195,2025-10-07,True,,,,False
97411000BX0171,2024-05-30,False,,,,False
97420000AD0273,2024-02-23,False,,,,False
97417000AO0549,2025-02-27,False,,,,False
97415000CS1188,2025-09-01,True,,,,False
97411000IE0241,2024-09-13,False,,,,False
97412000AT0485,2024-07-15,True,,,,False
97410000CL0912,2025-06-04,False,,,,False
97424000AI1346,2025-10-06,False,,,,False
97414000EX0833,2024-07-25,True,,,,False
97408000AC2497,2024-03-20,False,,,,False
97416000IE2028,2024-04-23,True,,,,False
97421000AP0210,2024-12-20,False,,,,False
97414000HE0354,2025-06-25,True,,,,False
97404000AD1123,2025-06-11,False,,,,False
97409000AR2753,2025-10-30,False,,,,False
97414000HL0733,2024-12-26,False,,,,False
97404000AL1774,2024-03-04,True,,,,False
97424000AE1322,2025-01-16,False,,,,False
97412000BR0359,2024-03-08,False,,,,False
97422000AK1407,2024-05-22,True,,,,False
97405000BE1779,2025-11-27,True,,,,False
97407000AO1644,2025-09-01,True,,,,False
97415000HK0404,2024-09-06,True,,,,False
97409000AR2761,2025-12-05,True,,,,False
97409000AL1911,2024-01-31,False,,,,False
97405000AC0092,2024-11-14,True,,,,False
97410000BH0315,2025-08-08,True,,,,False
97403000AS1785,2024-02-27,False,,,,False
97410000AV0411,2024-12-26,False,,,,False
97424000AD0064,2025-01-20,False,,,,False
97417000BC0287,2025-11-19,False,,,,False
97416000EV1775,2025-07-18,False,,,,False
97422000CL1475,2024-04-10,False,,,,False
97408000AC3442,2025-06-05,False,,,,False
97412000CH0427,2024-08-20,True,,,,False
97418000AY0496,2024-12-16,True,,,,False
97412000AR0217,2024-12-16,True,,,,False
97410000AP0581,2024-07-17,False,,,,False
97415000BV1002,2025-07-30,False,,,,False
97415000DI0346,2024-10-04,False,,,,False
97408000BO0633,2025-12-15,False,,,,False
97411000IC0198,2024-09-20,False,,,,False
97416000EX1901,2024-12-10,True,,,,False
97422000BH1859,2024-12-18,False,,,,False
97412000AP0143,2025-11-06,False,,,,False
97415000DE1248,2024-07-05,True,,,,False
97418000BM0175,2024-12-23,True,,,,False
97418000AL0069,2024-04-29,True,,,,False
97416000CX1365,2025-03-20,True,,,,False
97407000AI1822,2025-08-18,True,,,,False
97418000AR0735,2024-04-23,False,,,,False
97415000EZ0060,2025-12-04,False,,,,False
97411000IC0473,2024-07-16,True,,,,False
97415000EZ0264,2025-04-28,False,,,,False
97412000BX0537,2024-06-12,False,,,,False
97416000CZ2097,2024-06-05,True,,,,False
97414000CM0004,2025-03-04,False,,,,False
97416000EX1203,2025-02-13,True,,,,False
97416000IA1895,2025-11-14,True,,,,False
97410000BE1205,2025-11-10,False,,,,False
97415000BO0755,2024-10-01,False,,,,False
97422000AS0950,2025-06-17,False,,,,False
97409000AX1090,2025-10-22,False,,,,False
97415000DI0712,2025-07-11,True,,,,False
97406000AI0768,2025-05-19,False,,,,False
97404000AT0750,2025-03-04,True,,,,False
97411000EH0031,2024-11-29,True,,,,False
97414000DN0590,2025-11-27,False,,,,False
97409000AL2387,2024-03-22,True,,,,False
97422000CO0299,2024-11-28,True,,,,False
97412000CR0229,2024-10-16,True,,,,False
97401000AS1404,2025-02-13,False,,,,False
97410000BK0501,2025-06-25,True,,,,False
97401000AN0605,2024-11-07,True,,,,False
97414000EX0867,2025-02-14,False,,,,False
97415000DR0415,2024-02-02,True,,,,False
97415000CS0829,2025-12-23,False,,,,False
97422000BV2750,2024-07-31,False,,,,False
97412000BO0496,2024-10-29,True,,,,False
97411000DW0155,2024-11-28,True,,,,False
97422000CX0681,2024-04-12,False,,,,False
97408000BO0425,2025-12-19,True,,,,False
97418000AC1011,2025-05-27,True,,,2026-08-31 20:52:31.161256+00:00,False
97408000AI0050,2024-10-02,True,,,,False
97416000CV1666,2025-01-24,False,,,,False
97418000AP3123,2025-10-16,False,,,,False
97408000BO0563,2024-09-27,True,,,,False
97416000HO1140,2024-07-25,False,,,,False
97423000AC0392,2024-01-14,True,,,,False
97414000DT0651,2025-09-24,False,,,,False
97408000AC3725,2024-12-18,False,,,,False
97416000IE0196,2025-12-11,True,,,,False
97412000AH0660,2025-05-16,False,,,,False
97419000AO0023,2025-10-16,True,,,,False
97415000CH0979,2025-04-17,True,,,,False
97413000BM0721,2025-12-16,False,,,,False
97413000DI0072,2025-01-14,True,,,,False
97422000BT1509,2024-06-14,False,,,,False
97406000AI1030,2024-08-02,False,,,,False
97415000BZ0927,2024-12-19,True,,,,False
97410000AI1166,2025-08-01,False,,,,False
97416000CV1992,2025-11-26,False,,,,False
97411000HW0178,2025-02-19,True,,,,False
97412000CE2663,2025-01-10,True,,,,False
97411000AO0408,2024-03-30,False,,,,False
97411000AI0059,2024-06-19,True,,,,False
97410000BX1490,2024-06-20,False,,,,False
97422000AR0424,2024-06-06,False,,,,False
97412000CE0679,2024-04-09,False,,,,False
97418000AT2014,2024-05-03,True,,,,False
97410000AV0692,2024-05-06,False,,,,False
97414000DH1314,2024-12-13,True,,,,False
97409000AV1013,2025-02-21,False,,,,False
97411000AS0208,2025-02-04,False,,,,False
97412000BP0116,2024-07-17,False,,,,False
97414000EM0683,2024-09-09,False,,,,False
97411000DR0332,2025-03-20,False,,,,False
97419000AS0346,2024-10-17,True,,,,False
97422000EH0005,2025-06-27,False,,,,False
97418000AZ0445,2024-12-23,True,,,,False
97412000BO0535,2024-12-10,True,,,,False
97422000CN1298,2025-08-26,True,,,,False
97414000EO0226,2024-07-23,True,,,,False
97407000AY0347,2024-03-05,False,,,,False
97408000AP1601,2025-05-27,False,,,,False
97416000IM0082,2024-12-06,False,,,,False
97415000AB0779,2025-08-25,True,,,,False
97422000EL0443,2024-09-06,False,,,,False
97409000AD0087,2025-02-10,False,,,,False
97423000AI0732,2025-10-30,False,,,,False
97422000ED0594,2024-03-26,True,,,,False
97415000EY0163,2024-08-30,False,,,,False
97412000CN0149,2024-03-01,True,,,,False
97409000AL1527,2024-12-26,True,,,,False
97413000CX2814,2024-08-23,True,,,,False
97415000BW2150,2025-06-30,True,,,,False
97422000AP1089,2025-12-08,True,,,,False
97422000AX1345,2025-04-25,True,,,,False
97405000AD0692,2024-06-13,True,,,,False
97421000AL0547,2024-02-23,False,,,,False
97410000AW1050,2025-08-22,True,,,,False
97415000DI0478,2025-12-22,True,,,,False
97412000AN0707,2025-08-29,True,,,,False
97415000AY1575,2024-06-20,True,,,,False
97412000BD0340,2025-05-19,False,,,,False
97414000CS0734,2025-11-12,True,,,,False
97416000EM0089,2024-05-21,True,,,,False
97414000DS0483,2025-12-10,False,,,,False
97415000AW2092,2024-08-21,False,,,,False
97418000AS1371,2024-12-23,True,,,,False
97415000CO0568,2025-07-01,True,,,,False
97416000HX1541,2024-04-12,True,,,,False
97411000AT0414,2024-07-12,False,,,,False
97411000HV0192,2024-05-21,False,,,,False
97422000DK0081,2025-04-29,False,,,,False
97411000HS0500,2024-07-31,True,,,,False
97414000HH0535,2025-04-30,False,,,,False
97408000AC1047,2025-03-04,True,,,,False
97414000DT0996,2024-04-02,False,,,,False
97416000EW1289,2025-02-24,True,,,,False
97422000AK1409,2024-05-22,True,,,,False
97401000AR0837,2025-03-13,True,,,,False
97408000BI0355,2024-02-12,False,,,,False
97411000EP0291,2024-12-16,True,,,,False
97408000AM0904,2024-05-03,True,,,,False
97411000HM0281,2024-01-29,False,,,,False
97415000AX1094,2025-05-20,False,,,,False
97418000AT2388,2024-03-05,False,,,,False
97422000DE0932,2025-07-04,True,,,,False
97405000AM0531,2024-09-09,True,,,,False
97411000ET0296,2024-02-23,True,,,,False
97422000BP0778,2025-11-14,False,,,,False
97403000AM0792,2025-07-04,False,,,,False
97415000BP0961,2024-09-09,True,,,,False
97422000BT1250,2024-11-05,True,,,,False
97405000BI1270,2024-10-21,True,,,,False
97418000AO2166,2025-05-16,False,,,,False
97407000AE0394,2025-04-03,True,,,,False
97411000AY0565,2024-11-25,True,,,,False
97416000ID0706,2024-08-29,True,,,,False
97416000CS1554,2024-06-13,True,,,,False
97415000DE0652,2024-11-19,False,,,,False
97409000BE2139,2025-10-01,False,,,,False
97418000AC1647,2024-07-09,False,,,,False
97411000CP0094,2025-01-10,False,,,,False
97402000AD0575,2024-07-26,False,,,,False
97411000KE0451,2025-03-12,True,,,,False
97415000EP0234,2024-05-22,False,,,,False
97404000BA0116,2025-08-28,False,,,,False
97402000AK1220,2025-10-23,False,,,,False
97415000EO0393,2024-06-27,False,,,,False
97414000DE1771,2025-12-02,False,,,,False
97412000CD0794,2024-10-23,False,,,,False
97402000AI0964,2025-09-08,False,,,,False
97413000CX2893,2025-09-22,True,,,,False
97422000CM1093,2024-10-31,True,,,,False
97415000AY0674,2025-03-07,True,,,,False
97416000IA0534,2024-08-08,True,,,,False
97414000ES0396,2025-05-28,False,,,,False
97415000BZ0878,2024-12-19,True,,,,False
97415000CW0818,2025-07-01,True,,,,False
97416000HN1299,2025-09-16,True,,,,False
97422000AD0268,2024-06-25,True,,,,False
97423000AB1818,2025-12-02,False,,,,False
97422000AS0982,2025-06-30,False,,,,False
97411000HC0038,2024-08-14,False,,,,False
97415000EW1709,2025-10-30,False,,,,False
97415000EV0577,2025-04-10,True,,,,False
97415000BZ0116,2024-04-15,True,,,,False
97412000BV0126,2025-11-03,False,,,,False
97416000IA1808,2024-12-23,False,,,,False
97401000AR0042,2025-03-13,True,,,,False
97415000BO0113,2025-04-25,False,,,,False
97422000AP0405,2024-05-17,False,,,,False
97418000AV1015,2025-01-27,False,,,,False
97415000ER1119,2024-03-08,False,,,,False
97422000AK0772,2024-12-27,True,,,,False
97411000DR0640,2025-12-01,True,,,,False
97422000BD0941,2025-11-03,True,,,,False
97422000BD3786,2025-11-14,False,,,,False
97417000AO0463,2025-09-12,True,,,,False
97412000CX0314,2024-09-10,False,,,,False
97411000HO0632,2025-01-27,True,,,,False
97416000EP1014,2025-03-19,True,,,,False
97409000BN0562,2024-09-18,False,,,,False
97416000IE0195,2025-12-11,True,,,,False
97415000EW1819,2024-07-12,False,,,,False
97413000BH1226,2024-01-25,False,,,,False
97405000AD0012,2025-08-18,True,,,,False
97411000KA0305,2025-10-21,False,,,,False
97414000CO1553,2025-03-14,False,,,,False
97422000AP0249,2024-02-28,True,,,,False
97411000AM0134,2024-03-22,False,,,,False
97412000AV1176,2025-09-26,False,,,,False
97411000BD1065,2024-07-26,False,,,,False
97408000AO1918,2025-10-01,False,,,,False
97413000DE0792,2024-09-12,True,,,,False
97416000CW0017,2025-12-23,True,,,,False
97416000IB0422,2025-12-16,False,,,,False
97411000EL0466,2024-08-19,False,,,,False
97421000AN0167,2024-10-25,False,,,,False
97415000DI0102,2025-02-20,False,,,,False
97415000EW1938,2024-10-31,False,,,,False
97401000AN1318,2024-11-15,True,,,,False
97412000AV1073,2024-04-26,False,,,,False
97412000AZ0945,2024-01-12,False,,,,False
97423000AH1793,2025-01-03,True,,,,False
97422000BD0697,2024-10-29,False,,,,False
97415000CS0450,2025-03-05,False,,,,False
97416000IK0095,2024-02-29,True,,,,False
97411000KA0229,2025-12-10,False,,,,False
97419000AE0262,2024-04-17,False,,,,False
97408000AM0960,2024-04-04,False,,,,False
97411000AO0762,2024-01-17,True,,,,False
97415000BW2067,2024-04-26,False,,,,False
97406000AL0464,2025-01-29,False,,,,False
97419000AN0139,2024-11-29,False,,,,False
97422000DM0726,2024-10-24,True,,,,False
97415000DM1581,2024-10-31,False,,,,False
97412000BL0213,2025-09-01,False,,,,False
97420000BI0041,2025-11-27,True,,,,False
97410000AS1023,2025-02-25,False,,,,False
97415000BO0942,2024-07-09,True,,,,False
97416000EI1070,2025-04-30,False,,,,False
97408000BM0162,2024-09-26,False,,,,False
97415000CH3269,2024-04-30,False,,,,False
97415000ER0624,2024-02-22,False,,,,False
97422000AP0785,2024-11-27,True,,,,False
97410000BX1584,2024-07-30,True,,,,False
97414000EN3329,2025-07-08,False,,,,False
97411000IO0012,2025-11-21,False,,,,False
97415000DR0466,2024-03-13,True,,,,False
97410000AN0813,2025-10-29,True,,,,False
97415000CO0259,2024-04-09,False,,,,False
97416000DW0019,2024-04-29,False,,,,False
97412000CR0049,2025-02-12,False,,,,False
97409000AY0427,2024-12-26,False,,,,False
97412000CS0414,2024-05-17,False,,,,False
97415000DM1608,2025-08-20,False,,,,False
97412000BW0606,2025-07-30,False,,,,False
97412000BY1337,2024-09-17,False,,,,False
97422000AS0973,2024-07-10,True,,,,False
97415000CO0567,2025-07-01,True,,,,False
97417000BD1438,2025-06-05,False,,,,False
97411000DZ0196,2025-04-10,False,,,,False
97411000HZ0043,2025-12-16,False,,,,False
97406000AD0612,2024-08-09,False,,,,False
97415000AS1919,2024-05-28,True,,,,False
97404000AV0386,2025-10-23,False,,,,False
97415000CX0618,2024-06-17,False,,,,False
97413000AV2046,2024-02-21,False,,,,False
97416000ET2211,2025-11-27,True,,,,False
97408000AI0030,2024-03-19,True,,,,False
97418000AV2619,2025-09-05,True,,,,False
97412000BW2439,2024-02-27,False,,,,False
97411000DL0286,2025-02-03,False,,,,False
97416000HN1811,2025-10-21,False,,,,False
97415000AZ0160,2024-06-14,True,,,,False
97414000CV1010,2024-12-16,False,,,,False
97419000AL0904,2025-05-28,False,,,,False
97409000BL0215,2024-08-01,True,,,,False
97403000AM0304,2025-08-11,False,,,,False
97421000AW0142,2024-10-30,True,,,,False
97410000BX1940,2024-10-17,True,,,,False
97415000HN0168,2024-05-07,True,,,,False
97415000BW0877,2025-08-01,False,,,,False
97418000AC1017,2025-05-27,True,,,,False
97409000AL1990,2024-12-26,True,,,,False
97411000CY0989,2025-05-20,True,,,,False
97411000AE0501,2025-07-10,False,,,,False
97404000AM1144,2025-02-11,False,,,,False
97415000DH0330,2024-02-06,False,,,,False
97415000AY1639,2024-03-11,False,,,,False
97405000AK1860,2025-01-30,True,,,,False
97415000CW0851,2025-07-01,True,,,,False
97411000CY0975,2024-10-14,False,,,,False
97416000EV0914,2025-07-24,False,,,,False
97415000DT0132,2025-07-01,True,,,,False
97414000EL0962,2025-08-28,False,,,,False
97420000AB1818,2024-01-31,True,,,,False
97424000AD0113,2025-01-16,False,,,,False
97406000AT0249,2024-03-13,False,,,,False
97413000CH0169,2024-03-20,True,,,,False
97418000AS0576,2024-07-19,False,,,,False
97411000DP0408,2025-07-07,False,,,,False
97405000AK0880,2025-12-10,False,,,,False
97415000AX0237,2024-02-06,True,,,,False
97416000HN1808,2025-10-21,False,,,,False
97416000EY1205,2024-04-25,False,,,,False
97413000DE0596,2025-09-05,False,,,,False
97412000BN0652,2025-06-12,True,,,,False
97422000BZ0090,2024-05-29,False,,,,False
97418000BD0421,2024-03-28,True,,,,False
97419000AW0304,2024-07-29,True,,,,False
97422000AX0294,2024-08-22,True,,,,False
97423000AC0336,2024-01-14,True,,,,False
97410000BD0829,2024-12-19,True,,,,False
97408000AP1638,2025-03-17,True,,,,False
97406000AI1063,2025-03-27,False,,,,False
97422000BD3149,2025-08-29,False,,,,False
97415000EZ0180,2025-03-04,True,,,,False
97416000DE0229,2025-03-31,False,,,,False
97416000EM1014,2024-05-17,True,,,,False
97404000AE0769,2025-10-09,False,,,,False
97424000AR0076,2025-01-16,False,,,,False
97414000EN4120,2024-11-25,True,,,,False
97401000AP0598,2025-05-30,True,,,,False
97406000AW0940,2025-02-19,False,,,,False
97415000BZ0627,2024-12-19,True,,,,False
97413000CR0831,2024-04-04,False,,,,False
97422000CS1366,2025-09-29,True,,,,False
97415000EN0262,2024-12-26,True,,,,False
97418000AW0675,2024-09-20,True,,,,False
97413000DJ0211,2025-12-05,False,,,,False
97415000AB0369,2024-12-06,False,,,,False
97422000BP1960,2025-04-08,True,,,,False
97408000AP1552,2024-02-01,False,,,,False
97410000BX1888,2025-12-01,True,,,,False
97415000DE1306,2024-11-06,False,,,,False
97415000HO1111,2024-02-08,True,,,,False
97415000CT2583,2024-03-08,False,,,,False
97415000HP0238,2024-10-22,False,,,,False
97422000BD2684,2024-04-24,True,,,,False
97412000BZ0328,2024-10-17,False,,,,False
97421000AB0215,2024-10-11,False,,,,False
97412000BX1358,2024-09-13,False,,,,False
97411000HS0520,2025-07-22,False,,,,False
97407000AI0873,2025-04-16,False,,,,False
97412000CI0298,2024-02-20,False,,,,False
97416000CS1531,2024-03-22,True,,,,False
97416000CS1580,2024-02-29,True,,,,False
97409000BM1438,2025-06-19,False,,,,False
97424000AD0369,2024-04-29,True,,,,False
97415000DH0301,2024-12-23,False,,,,False
97417000AT0543,2024-02-28,False,,,,False
97415000HI0507,2024-06-07,True,,,,False
97406000AM0938,2024-05-15,False,,,,False
97412000CS0359,2024-12-12,False,,,,False
97422000BP1062,2025-06-24,False,,,,False
97424000AE1197,2024-05-27,True,,,,False
97411000BH0546,2024-02-22,False,,,,False
97408000BR0108,2025-06-13,False,,,,False
97424000AH1019,2024-05-29,True,,,,False
97411000AP0150,2025-01-30,False,,,,False
97414000ER0731,2024-12-10,True,,,,False
97413000DJ0595,2025-04-18,False,,,,False
97410000AN0846,2025-10-03,True,,,,False
97413000DM0371,2024-09-05,True,,,,False
97416000HW0337,2024-04-02,False,,,,False
97414000EV0083,2025-11-12,False,,,,False
97411000BD0767,2024-08-20,False,,,,False
97411000AW0322,2024-03-18,True,,,,False
97409000AT1250,2024-07-05,True,,,,False
97408000BI0047,2025-02-25,False,,,,False
97422000BO1795,2024-04-19,False,,,,False
97423000AC0361,2024-01-14,True,,,,False
97420000BD0928,2024-03-26,False,,,,False
97403000AR1167,2025-03-13,False,,,,False
97409000AO0406,2025-09-26,False,,,,False
97416000IA1607,2024-09-19,True,,,,False
97416000HP0494,2025-03-26,True,,,,False
97412000BL0619,2025-07-10,True,,,,False
97408000AM0867,2025-09-30,False,,,,False
97404000AX0661,2025-07-31,False,,,,False
97410000BM1186,2025-10-18,True,,,,False
97424000AH1018,2024-05-29,True,,,,False
97410000AP0555,2025-09-15,False,,,,False
97404000AM1079,2024-04-24,True,,,,False
97420000AO0656,2025-02-26,False,,,,False
97416000DM0872,2025-04-30,True,,,,False
97410000AC0689,2024-11-29,True,,,,False
97422000DM0725,2024-10-24,True,,,,False
97413000BD0046,2024-09-09,True,,,,False
97423000AC0412,2024-01-14,True,,,,False
97415000AB0020,2025-07-29,True,,,,False
97422000BT1429,2024-02-26,True,,,,False
97411000EI0260,2025-06-05,False,,,,False
97411000IS0500,2024-07-05,False,,,,False
97422000BL0731,2025-06-10,True,,,,False
97411000BP0801,2024-12-30,True,,,,False
97418000AC1607,2025-10-16,True,,,,False
97411000HS0466,2024-07-31,True,,,,False
97413000CX2180,2025-08-18,True,,,,False
97419000AX0303,2025-12-15,False,,,,False
97411000HY0156,2025-10-23,False,,,,False
97410000BD0827,2024-12-19,True,,,,False
97416000EO0200,2025-07-24,True,,,,False
97419000AR0467,2024-07-10,False,,,,False
97406000AH0641,2024-02-19,True,,,,False
97411000EL0295,2024-10-29,False,,,,False
97411000DW0118,2025-07-04,False,,,,False
97412000BW2319,2025-10-31,False,,,,False
97416000CW1361,2025-08-22,True,,,,False
97413000CX2870,2025-07-28,False,,,,False
97422000DE1012,2024-03-28,False,,,,False
97411000HW0434,2024-05-03,False,,,,False
97415000DM1211,2025-04-24,True,,,,False
97422000CI1148,2024-09-02,False,,,,False
97406000AO0473,2024-11-14,True,,,,False
97420000AY0115,2025-02-26,False,,,,False
97408000AB0311,2024-11-28,False,,,,False
97422000EM0017,2025-03-31,False,,,,False
97415000DE1273,2024-07-05,True,,,,False
97418000AY0527,2025-07-07,False,,,,False
97416000CW1999,2024-01-30,True,,,,False
97409000AM0520,2025-10-29,False,,,,False
97408000AM0317,2024-09-30,True,,,,False
97415000CR0831,2025-11-13,True,,,,False
97416000HS0388,2024-10-14,True,,,,False
97423000AH1314,2024-11-26,False,,,,False
97422000BK1527,2025-04-28,True,,,,False
97412000BR0009,2025-08-19,False,,,,False
97411000DY0284,2024-12-02,False,,,,False
97409000AX1055,2024-12-31,False,,,,False
97401000AR1601,2024-01-22,True,,,,False
97412000BY0609,2024-11-28,False,,,,False
97410000CL0841,2025-04-14,True,,,,False
97409000AD0629,2025-05-26,True,,,,False
97411000EL0277,2024-05-17,True,,,,False
97414000EL0220,2025-07-16,False,,,,False
97408000AS0483,2024-01-25,False,,,,False
97401000AR1711,2024-01-22,False,,,,False
97405000AL0807,2025-10-10,False,,,,False
97406000AV1042,2024-03-29,True,,,,False
97410000CD0915,2025-11-28,False,,,,False
97422000AN0697,2025-10-23,True,,,,False
97414000DH0928,2025-05-05,False,,,,False
97409000BM1396,2024-06-14,False,,,,False
97411000DZ0023,2025-09-25,False,,,,False
97412000BI0240,2025-08-29,False,,,,False
97410000AN0860,2025-11-27,True,,,,False
97413000CU0046,2024-08-14,False,,,,False
97416000DT0131,2024-01-26,False,,,,False
97408000AO0759,2025-06-05,False,,,,False
97411000AE0262,2025-07-31,False,,,,False
97413000DM0013,2024-01-19,True,,,,False
97410000BV0446,2025-03-13,False,,,,False
97408000AI0027,2024-05-07,True,,,,False
97422000AK0722,2024-12-26,True,,,,False
97416000HY1671,2024-04-04,False,,,,False
97409000BM1409,2024-06-03,False,,,,False
97412000AX1093,2025-03-31,False,,,,False
97408000AC3123,2025-12-03,False,,,,False
97409000AP1442,2025-02-10,False,,,,False
97405000AD0742,2024-06-13,True,,,,False
97408000AI0042,2024-03-22,True,,,,False
97411000CD0050,2024-09-19,True,,,,False
97405000BI0818,2024-12-10,True,,,,False
97422000BO1245,2025-03-24,True,,,,False
97415000ER1426,2025-02-11,False,,,,False
97416000DT0651,2025-09-23,True,,,,False
97415000DX0396,2025-03-17,True,,,,False
97414000EX0010,2025-11-07,True,,,,False
97424000AO1322,2025-12-30,False,,,,False
97422000BL0322,2025-06-20,True,,,,False
97424000AL1266,2025-09-12,False,,,,False
97403000AP1999,2025-11-21,False,,,,False
97409000AM0059,2025-12-23,False,,,,False
97415000AT0257,2025-07-10,False,,,,False
97410000AL0421,2025-06-06,True,,,,False
97410000AW0371,2024-11-13,False,,,,False
97411000AY0559,2025-12-17,True,,,,False
97421000BC0234,2024-09-24,False,,,,False
97416000HO0889,2024-05-16,True,,,,False
97415000CP0377,2025-03-27,False,,,,False
97415000HN0150,2024-05-07,True,,,,False
97405000AR1845,2024-12-03,False,,,,False
97416000IE0182,2024-05-15,False,,,,False
97415000EH0395,2024-08-02,True,,,,False
97410000AN0837,2025-10-27,True,,,,False
97423000AH0461,2024-05-07,True,,,,False
97404000AH0595,2025-04-07,True,,,,False
97410000BN0395,2025-10-07,False,,,,False
97410000AE1163,2025-05-20,True,,,,False
97415000EW0818,2025-05-09,True,,,,False
97416000EP0415,2025-02-18,False,,,,False
97415000BV1313,2024-03-13,False,,,,False
97408000AP1517,2024-03-26,True,,,,False
97411000CV0444,2025-12-16,False,,,,False
97404000AI2362,2025-04-11,False,,,,False
97422000CD0252,2024-03-22,True,,,,False
97408000AB0369,2024-05-03,True,,,,False
97418000AR2563,2025-04-25,True,,,,False
97410000AN0705,2025-04-30,True,,,,False
97409000AI0945,2025-09-29,True,,,,False
97406000AM0165,2025-12-16,False,,,,False
97402000AC0411,2024-08-30,True,,,,False
97412000AM2057,2025-10-23,False,,,,False
97422000BN0270,2025-08-08,False,,,,False
97407000AS1276,2025-11-27,False,,,,False
97422000AX1188,2025-12-08,True,,,,False
97409000BI0086,2024-12-27,False,,,,False
97415000EP1167,2025-10-01,False,,,,False
97411000DH0211,2024-06-10,False,,,,False
97411000AO0469,2024-01-17,True,,,,False
97416000CW1220,2025-11-20,True,,,,False
97408000AN0575,2025-12-12,False,,,,False
97415000CP1019,2025-09-09,False,,,,False
97415000CO0239,2025-07-01,True,,,,False
97415000BW2125,2025-10-21,True,,,,False
97411000EH0204,2025-08-27,False,,,,False
97408000AM0833,2024-09-27,False,,,,False
97416000CS1624,2024-04-16,True,,,,False
97408000AC2250,2024-08-21,False,,,,False
97409000AL1949,2024-12-26,True,,,,False
97413000CY1508,2025-12-16,False,,,,False
97405000AR1765,2024-12-02,True,,,,False
97415000BZ0901,2024-12-19,True,,,,False
97411000BL0007,2024-11-08,True,,,,False
97419000AO0418,2025-10-16,True,,,,False
97411000HP0393,2025-04-18,True,,,,False
97415000DE0667,2024-12-24,False,,,,False
97404000AH0622,2025-05-20,True,,,,False
97414000HB0595,2025-09-26,False,,,,False
97401000AP0522,2025-10-28,True,,,,False
97405000BE1224,2024-09-20,True,,,,False
97415000ET1674,2024-04-23,False,,,,False
97416000CW2913,2025-04-29,False,,,,False
97415000BN0898,2024-08-08,True,,,,False
97414000ES0341,2025-04-08,False,,,,False
97422000BW2595,2024-08-27,False,,,,False
97405000AI0927,2025-07-22,False,,,,False
97415000DI0097,2025-11-27,False,,,,False
97402000AH0137,2024-02-29,False,,,,False
97412000AW0149,2025-03-11,True,,,,False
97416000HN1458,2025-11-06,False,,,,False
97415000EY1728,2024-09-30,False,,,,False
97420000BH0897,2024-12-18,False,,,,False
97410000AW0453,2025-12-31,True,,,,False
97407000AK1915,2024-07-05,False,,,,False
97422000BN2539,2025-03-03,False,,,,False
97410000BK0038,2025-02-03,False,,,,False
97422000AK0792,2024-08-30,False,,,,False
97415000DM1508,2025-09-03,True,,,,False
97422000AD1094,2025-02-11,False,,,,False
97415000DR1029,2024-02-19,True,,,,False
97416000HT0551,2025-03-19,False,,,,False
97401000AD0857,2025-05-30,True,,,,False
97416000CV2378,2024-04-25,False,,,,False
97405000AI0010,2025-05-12,True,,,,False
97422000EK0188,2025-03-31,False,,,,False
97416000DT0335,2024-01-31,False,,,,False
97408000AN0760,2024-10-11,False,,,,False
97415000EV0712,2024-03-22,False,,,,False
97411000BZ0548,2025-04-30,False,,,,False
97409000BM1333,2025-11-20,False,,,,False
97422000BY0176,2025-03-11,True,,,,False
97409000AH0126,2025-08-29,False,,,,False
97409000AM0870,2025-11-06,False,,,,False
97411000CH0581,2024-04-02,True,,,,False
97414000EN3529,2025-10-01,True,,,,False
97416000DZ0896,2024-03-05,False,,,,False
97415000AT0589,2025-01-09,True,,,,False
97413000CY0526,2024-06-26,False,,,,False
97416000EI0653,2024-01-10,False,,,,False
97422000BV3057,2025-04-08,True,,,,False
97402000AD1129,2024-04-15,False,,,,False
97404000AM0444,2025-10-16,False,,,,False
97422000AH0089,2025-11-26,False,,,,False
97414000EX0840,2025-04-25,True,,,,False
97415000CM2350,2024-11-02,True,,,,False
97416000EL0324,2024-06-21,False,,,,False
97424000AE0820,2025-12-30,False,,,,False
97417000BD1382,2024-08-19,False,,,,False
97416000CS1572,2024-12-13,True,,,,False
97416000EN1316,2024-02-19,True,,,,False
97416000IA1851,2024-11-21,False,,,,False
97422000BP0505,2024-10-17,False,,,,False
97415000DM1102,2025-03-18,False,,,,False
97413000AV0415,2024-01-30,False,,,,False
97412000AN0020,2024-09-20,True,,,,False
97409000BK0688,2025-03-17,False,,,,False
97415000DM1503,2025-09-03,True,,,,False
97416000CV2303,2024-07-01,True,,,,False
97419000AR0793,2025-06-09,True,,,,False
97416000EN0637,2024-02-29,True,,,,False
97409000AS2032,2024-09-20,False,,,,False
97419000AI0360,2024-01-26,True,,,,False
97408000AV1061,2024-12-31,True,,,,False
97424000AI2190,2024-12-13,True,,,,False
97406000AL0169,2024-11-18,True,,,,False
97416000HY1552,2025-11-19,False,,,,False
97415000DK0228,2025-05-28,True,,,,False
97415000AH1207,2024-04-22,True,,,,False
97409000BD0616,2025-11-06,False,,,,False
97414000CR0724,2024-05-30,True,,,,False
97422000BR1339,2025-09-09,False,,,,False
97411000AP0418,2025-08-05,False,,,,False
97409000AC1081,2024-04-03,False,,,,False
97401000AL0377,2024-11-19,False,,,,False
97410000AY0153,2025-11-26,True,,,,False
97416000CV1897,2024-07-10,True,,,,False
97422000DK0311,2025-05-28,False,,,,False
97423000AD0190,2024-05-07,True,,,,False
97422000DM0798,2024-05-22,False,,,,False
97412000CP0312,2025-05-22,False,,,,False
97403000AK0248,2025-12-24,False,,,,False
97419000AM0622,2024-03-27,False,,,,False
97408000AO0750,2025-06-13,False,,,,False
97408000AI0045,2024-05-07,True,,,,False
97419000AL0641,2024-01-19,True,,,,False
97416000DE1913,2025-08-29,False,,,,False
97421000AB0414,2024-12-30,True,,,,False
97413000CH0873,2024-08-26,False,,,,False
97411000IZ0437,2025-07-17,False,,,,False
97416000CW0469,2025-09-19,False,,,,False
97414000EN4122,2024-11-25,True,,,,False
97414000CM0212,2025-10-29,True,,,,False
97422000AX1479,2025-10-10,False,,,,False
97403000AP1596,2024-03-12,False,,,,False
97413000CH0874,2024-03-22,False,,,,False
97415000EO0557,2025-10-29,False,,,,False
97414000HE0409,2025-06-25,True,,,,False
97416000HO0023,2024-05-28,False,,,,False
97409000AL1276,2025-07-21,False,,,,False
97410000BI0032,2024-11-28,True,,,,False
97413000CU0083,2025-09-30,False,,,,False
97416000HX1087,2025-11-27,False,,,,False
97422000BN2766,2024-07-31,False,,,,False
97423000AK1822,2024-08-14,True,,,,False
97416000HM0352,2024-04-29,False,,,,False
97415000CP1287,2024-01-11,False,,,,False
97414000EN3799,2024-02-29,False,,,,False
97419000AL0637,2024-01-19,True,,,,False
97413000CX2647,2024-03-28,False,,,,False
97420000AI0903,2025-12-12,False,,,,False
97416000CZ2368,2025-03-18,True,,,,False
97422000BP1981,2025-04-08,True,,,,False
97410000AS0443,2025-09-26,True,,,,False
97415000EO0463,2025-03-28,False,,,,False
97420000AO0607,2025-12-26,False,,,,False
97410000AE1356,2024-04-08,True,,,,False
97410000AO0520,2025-12-16,True,,,,False
97406000AP0362,2024-10-31,True,,,,False
97401000AM0318,2024-09-30,False,,,,False
97413000DG1112,2025-10-31,False,,,,False
97411000EK0005,2025-06-20,False,,,,False
97413000CS0346,2025-03-26,False,,,,False
97409000AR2437,2025-10-03,False,,,,False
97405000AY0746,2024-10-18,False,,,,False
97411000HC0299,2025-08-27,True,,,,False
97416000DR0441,2025-08-20,False,,,,False
97422000BL0870,2024-05-20,False,,,,False
97420000BD1168,2025-11-25,False,,,,False
97416000HW0140,2024-03-05,False,,,,False
97406000AM0979,2025-07-29,False,,,,False
97411000DY0116,2025-12-22,False,,,,False
97408000AC1152,2025-09-01,True,,,,False
97405000BE0585,2025-05-30,False,,,,False
97416000EX1150,2024-05-15,True,,,,False
97410000AS1437,2024-04-29,False,,,,False
97424000AE1440,2024-12-12,True,,,,False
97411000IB0035,2024-05-03,False,,,,False
97415000CX1364,2024-10-08,False,,,,False
97413000DA0537,2024-06-24,True,,,,False
97415000AX0115,2025-07-25,False,,,,False
97403000AS1646,2025-03-27,True,,,,False
97404000AV0291,2024-02-22,True,,,,False
97410000AH1162,2024-09-06,True,,,,False
97413000CY1469,2024-12-23,True,,,,False
97412000CE2316,2024-11-06,False,,,,False
97410000AS1387,2024-11-29,True,,,,False
97411000EX0021,2024-05-17,False,,,,False
97412000BP0281,2024-10-16,False,,,,False
97416000IE1186,2025-02-12,False,,,,False
97415000BW1908,2025-11-27,True,,,,False
97414000EN4204,2025-09-23,False,,,,False
97416000CX1307,2024-06-07,True,,,,False
97419000AK0984,2025-06-26,False,,,,False
97408000AI0059,2024-03-22,True,,,,False
97415000BZ0209,2024-12-19,True,,,,False
97409000BE2009,2024-07-02,False,,,,False
97415000CY1195,2025-12-12,False,,,,False
97412000BW1985,2024-11-29,False,,,,False
97422000CZ0115,2024-04-25,True,,,,False
97412000BW0487,2024-09-12,False,,,,False
97417000AT1353,2024-07-01,False,,,,False
97416000DH0968,2025-09-26,True,,,,False
97422000AX0632,2024-08-22,True,,,,False
97405000AC0040,2025-08-18,True,,,,False
97408000AV0750,2025-01-29,False,,,,False
97421000BD0295,2024-04-30,True,,,,False
97405000AW1213,2025-08-28,True,,,,False
97415000AZ1426,2025-07-18,False,,,,False
97415000AY0216,2024-12-16,True,,,,False
97414000EY0211,2024-01-23,True,,,,False
97407000BE0228,2025-07-16,False,,,,False
97422000AY1317,2025-09-23,True,,,,False
97415000DT1229,2024-07-03,False,,,,False
97415000DM0177,2025-04-24,True,,,,False
97422000AP0782,2024-11-27,True,,,,False
97410000AK0368,2025-04-24,False,,,,False
97411000DP0014,2024-02-14,False,,,,False
97404000BA0202,2025-09-01,False,,,,False
97411000DX0116,2025-07-25,True,,,,False
97424000AI1336,2024-11-28,False,,,,False
97424000AI1443,2024-03-11,False,,,,False
97411000DX0114,2024-09-20,False,,,,False
97415000CW0887,2025-07-01,True,,,,False
97407000AS0921,2025-06-26,True,,,,False
97408000AM0640,2024-09-03,True,,,,False
97424000AI0572,2024-08-07,False,,,,False
97417000AT1100,2024-07-19,False,,,,False
97416000IE1978,2025-12-15,False,,,,False
97408000AO1779,2024-01-30,False,,,,False
97411000HR0089,2025-09-10,False,,,,False
97412000AZ0571,2025-04-22,False,,,,False
97411000AK0079,2024-10-11,False,,,,False
97415000DE0086,2024-04-08,False,,,,False
97422000DL0494,2024-04-26,False,,,,False
97416000CS1347,2025-02-25,False,,,,False
97413000CR1133,2025-02-24,True,,,,False
97422000EC0140,2025-03-20,False,,,,False
97411000EK0100,2024-05-03,True,,,,False
97416000EX1478,2024-07-26,False,,,,False
97407000BC0567,2024-03-07,False,,,,False
97417000AS0265,2025-12-12,False,,,,False
97424000AM0915,2025-11-10,False,,,,False
97422000BT1462,2025-11-26,True,,,,False
97409000BP0123,2025-08-14,True,,,,False
97412000BM0974,2024-04-30,True,,,,False
97409000AX0533,2025-09-16,False,,,,False
97412000BX1369,2024-07-11,True,,,,False
97409000AS2113,2024-10-21,False,,,,False
97415000DR1333,2024-11-08,False,,,,False
97412000AM1543,2025-01-30,False,,,,False
97414000HI1577,2024-05-13,False,,,,False
97422000BR0822,2024-07-11,True,,,,False
97412000BT0335,2025-11-25,True,,,,False
97401000AL0140,2025-09-30,False,,,,False
97418000AC1219,2025-10-16,True,,,,False
97421000BD0177,2025-04-18,False,,,,False
97411000IY0083,2025-10-29,False,,,,False
97417000BD1288,2024-10-07,False,,,,False
97405000AR1014,2025-06-30,False,,,,False
97410000AN0062,2025-11-19,False,,,,False
97412000BK1980,2025-05-30,False,,,,False
97406000AO0480,2024-11-14,True,,,,False
97408000AS0255,2025-09-30,False,,,,False
97416000CD0551,2024-02-27,True,,,,False
97411000HT0180,2024-12-05,False,,,,False
97413000CX2890,2025-09-22,True,,,,False
97411000HS0403,2024-12-18,True,,,,False
97414000HE0144,2024-11-13,False,,,,False
97418000AV1234,2025-04-01,False,,,,False
97401000AD1611,2025-04-04,False,,,,False
97420000BH0346,2024-05-23,False,,,,False
97410000AE1360,2024-04-08,True,,,,False
97414000EV0634,2025-01-15,True,,,,False
97408000AP1620,2025-09-11,True,,,,False
97409000AL2379,2024-12-26,True,,,,False
97416000CZ2020,2024-05-30,False,,,,False
97405000BE1074,2024-12-24,True,,,,False
97412000CX0313,2024-12-13,False,,,,False
97402000AD1132,2024-04-09,False,,,,False
97410000AE0912,2025-09-10,False,,,,False
97422000CH0551,2025-08-14,True,,,,False
97411000AV0208,2024-06-26,False,,,,False
97410000AD0729,2024-08-29,False,,,,False
97414000CH0847,2024-10-15,False,,,,False
97408000AO1869,2024-01-23,False,,,,False
97414000CI0902,2025-10-16,False,,,,False
97415000CT2615,2024-06-14,True,,,,False
97415000BH0264,2025-10-14,True,,,,False
97423000AH0788,2024-05-16,False,,,,False
97415000ET1721,2024-10-18,False,,,,False
97414000EL1264,2025-01-22,False,,,,False
97405000AB0053,2024-01-03,True,,,,False
97415000DE0902,2025-01-07,False,,,,False
97422000BY0183,2025-03-11,True,,,,False
97409000BK0417,2025-08-08,False,,,,False
97415000EM0371,2025-04-30,False,,,,False
97413000CR0153,2024-05-21,False,,,,False
97414000EN2607,2024-03-12,True,,,,False
97416000EN0635,2024-02-29,True,,,,False
97401000AM1532,2024-04-12,False,,,,False
97414000EL1864,2024-10-10,False,,,,False
97409000AR0936,2024-06-20,False,,,,False
97414000EL0685,2024-08-23,False,,,,False
97413000AV2236,2024-10-03,True,,,,False
97414000CS0921,2025-11-12,True,,,,False
97410000AS1394,2024-11-29,True,,,,False
97408000BI0412,2025-04-09,False,,,,False
97409000BP0099,2024-03-12,True,,,,False
97409000BM1419,2024-06-28,True,,,,False
97418000AO1572,2024-10-02,True,,,,False
97416000DM0986,2024-01-08,False,,,,False
97406000AM0093,2025-01-31,True,,,,False
97422000DK0290,2025-01-28,False,,,,False
97407000BC0208,2024-07-29,True,,,,False
97415000BV1126,2024-02-23,True,,,,False
97411000AM0323,2024-02-28,False,,,,False
97411000EI0232,2024-06-20,True,,,,False
97422000DW0079,2024-11-21,False,,,,False
97415000AB0532,2025-07-29,True,,,,False
97408000AP1635,2025-03-17,True,,,,False
97415000EO1057,2025-10-10,True,,,,False
97408000AO0303,2024-02-26,False,,,,False
97413000DE1262,2025-09-19,False,,,,False
97416000CZ1846,2024-08-28,True,,,,False
97407000BL0239,2024-01-09,False,,,,False
97422000CK1493,2025-12-30,False,,,,False
97418000AT1644,2025-03-20,False,,,,False
97411000CD0399,2025-04-30,False,,,,False
97405000AE0036,2024-07-11,True,,,,False
97415000EW0572,2024-08-27,False,,,,False
97418000AS1382,2024-12-23,True,,,,False
97404000AS0365,2025-07-18,False,,,,False
97416000CX1372,2025-03-20,True,,,,False
97413000CQ0502,2025-12-19,True,,,,False
97415000AC0003,2025-08-28,True,,,,False
97414000EN3718,2024-03-12,True,,,,False
97410000AC0163,2024-10-10,True,,,,False
97415000EX0287,2024-10-08,False,,,2026-08-31 11:40:24.637188+00:00,False
97416000HX1114,2025-01-24,False,,,,False
97421000AV1337,2024-09-04,False,,,,False
97422000BT0467,2024-09-05,True,,,,False
97422000BK2226,2024-12-27,True,,,,False
97408000AB0396,2024-07-04,True,,,,False
97416000ET2107,2025-09-29,False,,,,False
97412000CD0271,2025-09-29,False,,,,False
97414000HB0402,2025-12-02,True,,,,False
97409000AI1640,2024-03-05,True,,,,False
97408000BO0430,2024-11-28,False,,,,False
97416000IA1345,2025-06-27,True,,,,False
97422000AK1193,2024-11-05,False,,,,False
97415000BK0096,2025-10-14,True,,,,False
97413000CN0979,2024-07-16,True,,,,False
97414000CO1644,2024-11-15,False,,,,False
97422000BZ0357,2024-11-13,False,,,,False
97411000AL0447,2025-11-24,False,,,,False
97413000DG0544,2025-10-31,True,,,,False
97416000DS0178,2024-04-23,False,,,,False
97402000AK2140,2025-03-31,False,,,,False
97416000CX1244,2025-12-22,False,,,,False
97411000IR0138,2025-05-26,False,,,,False
97422000AY1563,2024-11-13,True,,,,False
97415000BO0489,2024-06-18,False,,,,False
97409000BR0185,2025-11-19,False,,,,False
97422000CX0682,2025-01-30,False,,,,False
97411000IA0045,2024-06-24,True,,,,False
97416000HX1348,2025-03-28,True,,,,False
97411000KC0012,2025-11-27,False,,,,False
97422000BT1360,2025-11-26,True,,,,False
97411000DT0286,2024-05-15,True,,,,False
97418000AW0674,2024-09-20,True,,,,False
97412000CP0228,2024-01-12,True,,,,False
97406000AO0522,2024-09-27,True,,,,False
97422000BV2557,2025-04-25,False,,,,False
97420000AI0911,2025-07-09,False,,,,False
97408000AP1677,2025-09-11,True,,,,False
97408000AM0514,2025-12-11,True,,,,False
97409000AB0976,2024-12-12,False,,,,False
97413000AV2285,2025-04-24,True,,,,False
97412000AV0347,2025-09-12,False,,,,False
97416000EK0256,2024-01-29,False,,,,False
97422000BL1547,2024-12-27,False,,,,False
97406000AL0682,2024-11-05,True,,,,False
97415000BC0374,2024-09-27,True,,,,False
97414000EV0777,2025-07-10,True,,,,False
97410000BE0881,2024-07-29,False,,,,False
97414000ER0937,2025-12-11,True,,,,False
97414000EN4044,2024-06-28,False,,,,False
97415000BV1647,2025-05-30,True,,,,False
97422000CH0409,2025-10-20,True,,,,False
97415000DM1108,2024-04-26,True,,,,False
97411000AL0451,2024-05-10,False,,,,False
97408000AP0732,2024-12-30,True,,,,False
97414000DK0676,2024-04-02,False,,,,False
97410000AB0769,2024-12-27,False,,,,False
97413000CL0420,2025-08-08,True,,,,False
97422000AY1528,2025-12-30,False,,,,False
97420000AP0112,2024-06-10,False,,,,False
97411000CM0754,2025-02-10,False,,,,False
97411000DR0657,2024-10-18,True,,,,False
97418000AC1355,2025-10-16,True,,,,False
97415000AZ1715,2024-03-04,True,,,,False
97412000AM1674,2025-11-04,False,,,,False
97411000BD0326,2024-04-15,True,,,,False
97421000AK0536,2025-12-08,True,,,,False
97414000EL1880,2024-05-24,False,,,,False
97401000AS1386,2025-10-21,True,,,,False
97411000EO0216,2025-06-05,False,,,,False
97422000AP0636,2024-12-10,True,,,,False
97411000HD0015,2025-03-31,False,,,,False
97418000AO1690,2024-10-02,True,,,,False
97420000BC1864,2024-12-19,True,,,,False
97405000AL1657,2025-02-26,False,,,,False
97411000HZ0061,2024-04-22,False,,,,False
97411000BP0867,2024-12-30,True,,,,False
97422000BV2441,2024-11-12,False,,,,False
97421000AL0617,2025-01-24,False,,,,False
97414000HD0167,2024-07-05,False,,,,False
97416000DS0988,2024-09-06,False,,,,False
97412000BW1442,2025-09-18,True,,,,False
97411000HS0389,2024-12-18,True,,,,False
97401000AL0425,2025-01-14,True,,,,False
97416000HZ1032,2024-07-08,False,,,,False
97415000AY1652,2024-05-03,True,,,,False
97404000AD1562,2025-07-15,True,,,,False
97411000AE0613,2025-11-18,False,,,,False
97414000HE0469,2025-04-30,True,,,,False
97416000CO1028,2024-07-12,False,,,,False
97415000AY1569,2024-05-31,False,,,,False
97421000AN0180,2025-03-28,False,,,,False
97418000BD0329,2024-12-23,True,,,,False
97416000CX1441,2024-04-26,False,,,,False
97423000AB1906,2024-04-11,False,,,,False
97407000AM0363,2025-10-27,False,,,,False
97411000IR0075,2024-11-15,True,,,,False
97410000AL0428,2025-06-06,True,,,,False
97422000AD0542,2024-01-30,False,,,,False
97414000DO0388,2025-01-21,False,,,,False
97414000ES0676,2024-08-06,True,,,,False
97408000AO1635,2024-08-06,True,,,,False
97411000DR0583,2025-12-08,True,,,,False
97411000AV0533,2025-03-26,False,,,,False
97416000EP1004,2024-08-13,False,,,,False
97416000HP0170,2025-10-29,False,,,,False
97412000AT0543,2024-06-25,True,,,,False
97408000AP1585,2025-01-15,True,,,,False
97413000DG0456,2024-03-29,False,,,,False
97409000AI0494,2025-04-17,True,,,,False
97415000AY0225,2024-12-16,True,,,,False
97412000BX0578,2024-07-30,False,,,,False
97410000AR1594,2024-06-28,False,,,,False
97407000AO1820,2025-09-01,True,,,,False
97410000AW0238,2025-09-30,False,,,,False
97418000AT1828,2024-04-23,False,,,,False
97418000AC0624,2024-12-23,True,,,,False
97414000EN3939,2024-12-30,True,,,,False
97414000EV0743,2024-08-30,True,,,,False
97411000KB0258,2025-09-17,True,,,,False
97422000ED0603,2025-03-12,True,,,,False
97415000DP0860,2024-12-26,True,,,,False
97415000BV1644,2025-05-30,True,,,,False
97407000AS0351,2024-02-02,True,,,,False
97415000HR0154,2024-11-15,False,,,,False
97409000AN0215,2025-04-23,False,,,,False
97414000DK0627,2025-03-24,False,,,,False
97404000AT0875,2025-10-28,False,,,,False
97416000CW2423,2024-06-27,True,,,,False
97411000CD1453,2024-10-09,True,,,,False
97405000BE0973,2025-10-02,False,,,,False
97415000DK1137,2025-01-27,True,,,,False
97422000BP0791,2025-02-19,True,,,,False
97416000DW0125,2025-12-19,False,,,,False
97414000EL2495,2024-11-29,True,,,,False
97422000CS1359,2025-09-29,True,,,,False
97414000CR0368,2025-08-25,True,,,,False
97418000AV2891,2024-10-08,True,,,,False
97403000AO0174,2025-06-11,False,,,,False
97415000HO1032,2024-01-30,False,,,,False
97403000AS1232,2025-01-06,True,,,,False
97410000AS1461,2025-03-31,True,,,,False
97415000BP0980,2025-12-30,True,,,,False
97407000AS1235,2025-02-21,False,,,,False
97415000CS0271,2025-06-23,False,,,,False
97416000DE1887,2024-04-23,False,,,,False
97422000EN0061,2024-11-05,True,,,,False
97416000ER0471,2024-03-06,False,,,,False
97415000AZ2005,2024-03-27,False,,,,False
97411000HY0104,2024-06-04,False,,,,False
97416000CW2071,2024-12-17,False,,,,False
97411000AD0218,2024-01-31,False,,,,False
97415000BI0577,2025-10-23,False,,,,False
97407000AO0108,2024-01-27,False,,,,False
97422000AS0367,2024-09-25,False,,,,False
97408000AO1788,2025-07-29,True,,,,False
97411000AD0499,2024-10-07,True,,,,False
97410000AN0831,2024-03-15,True,,,,False
97418000AR2566,2024-06-12,False,,,,False
97411000HR0066,2024-09-13,False,,,,False
97401000AP1281,2024-04-26,False,,,,False
97410000AN0456,2024-11-05,False,,,,False
97415000CT1892,2025-03-28,False,,,,False
97414000EX0872,2024-07-10,False,,,,False
97421000AV0155,2024-12-27,False,,,,False
97420000AD0479,2025-11-05,True,,,,False
97409000AL2381,2024-03-12,False,,,,False
97410000BS0074,2024-12-27,True,,,,False
97422000BM1498,2024-02-07,True,,,,False
97415000EH0554,2024-10-04,False,,,,False
97416000DT0290,2025-05-19,True,,,,False
97410000AS1432,2024-03-06,False,,,,False
97409000BE1978,2025-10-07,True,,,,False
97409000AL2163,2024-12-26,True,,,,False
97406000AI0642,2024-08-19,True,,,,False
97420000BE0027,2025-04-29,False,,,,False
97404000AW0440,2025-05-30,False,,,,False
97401000AD0133,2024-09-26,True,,,,False
97409000BE1977,2025-10-07,True,,,,False
97422000AP0817,2024-01-10,False,,,,False
97407000AX0223,2025-03-14,True,,,,False
97415000AB0801,2025-12-30,True,,,,False
97422000EK0349,2024-02-07,False,,,,False
97416000CX0560,2024-06-25,False,,,,False
97423000AC0396,2024-01-14,True,,,,False
97422000BI1093,2025-11-27,True,,,,False
97424000AB0022,2025-01-15,False,,,,False
97416000HX1350,2025-03-28,True,,,,False
97412000CE1799,2024-07-09,False,,,,False
97415000BP0978,2025-12-30,False,,,,False
97416000EM0881,2024-06-25,False,,,,False
97410000AN0842,2025-10-03,True,,,,False
97410000AS0097,2025-07-07,False,,,,False
97415000AY0595,2025-06-12,False,,,,False
97414000HB0308,2024-02-28,False,,,,False
97415000AW2165,2025-06-18,False,,,,False
97423000AC0401,2024-01-14,True,,,,False
97405000BE1795,2025-12-15,False,,,,False
97415000DK0224,2025-05-28,True,,,,False
97422000CI0591,2025-09-22,True,,,,False
97420000BH1860,2025-06-03,True,,,,False
97423000AB1918,2024-04-05,False,,,,False
97413000CQ0127,2024-09-09,True,,,,False
97413000CI0630,2024-07-02,False,,,,False
97416000IK0162,2024-02-29,True,,,,False
97417000AT0493,2024-09-04,True,,,,False
97411000CD1011,2025-07-22,False,,,,False
97415000CM2031,2025-04-01,True,,,,False
97411000AO0476,2024-01-17,True,,,,False
97411000CT1626,2025-01-21,True,,,,False
97423000AC0402,2024-01-14,True,,,,False
97414000ET0067,2024-07-25,False,,,,False
97424000AC0961,2024-04-29,False,,,,False
97407000AS1265,2025-01-16,True,,,,False
97418000AE0487,2025-10-16,True,,,,False
97418000AV1081,2025-02-26,False,,,,False
97417000AZ0021,2025-03-18,True,,,,False
97411000CH0657,2025-07-10,True,,,,False
97416000EX1803,2025-02-13,True,,,,False
97401000AD0680,2024-03-14,False,,,,False
97418000AS1278,2024-12-23,True,,,,False
97414000HK0456,2025-07-08,False,,,,False
97415000BZ0389,2025-11-26,True,,,,False
97422000BP1971,2025-04-08,True,,,,False
97418000BM0273,2025-11-19,False,,,,False
97414000HH0508,2024-06-13,False,,,,False
97406000AI0950,2024-11-14,False,,,,False
97423000AI0786,2024-09-13,True,,,,False
97417000BC0096,2024-12-17,True,,,,False
97415000AY0329,2025-04-18,True,,,,False
97412000AY0147,2025-02-10,True,,,,False
97414000CO1115,2024-12-30,False,,,,False
97411000AH0374,2025-08-25,True,,,,False
97405000AK1853,2024-11-08,False,,,,False
97411000AO0375,2025-04-24,True,,,,False
97422000BN1821,2024-05-23,False,,,,False
97404000AH1058,2025-03-25,False,,,,False
97422000CS1603,2024-12-02,True,,,,False
97418000AD0173,2025-03-24,False,,,,False
97415000DE0704,2025-06-06,False,,,,False
97411000CE1331,2024-12-19,False,,,,False
97422000CS1589,2024-03-21,True,,,,False
97412000CE1307,2025-07-15,True,,,,False
97415000AY1513,2024-10-30,True,,,,False
97422000BT1537,2025-10-16,False,,,,False
97415000BI0545,2024-12-06,False,,,,False
97401000AR1599,2024-01-22,True,,,,False
97415000CM2323,2024-06-13,False,,,,False
97417000AI0104,2025-01-31,False,,,,False
97419000AI0359,2024-01-26,True,,,,False
97412000CX0613,2025-01-16,False,,,,False
97401000AT0297,2025-07-11,True,,,,False
97416000HN0851,2024-06-27,True,,,,False
97418000BM0046,2024-07-09,False,,,,False
97411000DL0028,2025-02-18,False,,,,False
97411000HS0506,2024-07-31,True,,,,False
97423000AK1884,2024-01-12,False,,,,False
97416000ET2009,2024-02-27,True,,,,False
97408000AI0033,2024-03-19,True,,,,False
97412000BY1656,2025-03-04,False,,,,False
97408000AT1491,2025-07-15,False,,,,False
97415000EW1518,2025-03-21,False,,,,False
97415000BZ0871,2024-12-19,True,,,,False
97411000AP0243,2024-08-01,False,,,,False
97410000AH0875,2025-12-16,True,,,,False
97420000AC0802,2024-03-27,False,,,,False
97405000AO0691,2024-06-07,True,,,,False
97407000BL0170,2025-10-30,False,,,,False
97411000EI0328,2024-06-17,False,,,,False
97422000CY0444,2024-03-29,True,,,,False
97407000BD0176,2025-10-13,False,,,,False
97416000HN1809,2025-10-21,True,,,,False
97422000CX1176,2025-12-08,False,,,,False
97412000AM1443,2024-01-05,False,,,,False
97418000BP0116,2024-01-31,False,,,,False
97418000AD0873,2025-10-16,True,,,,False
97411000IS0493,2025-07-22,False,,,,False
97416000DM0869,2025-04-30,True,,,,False
97412000BM0763,2024-10-10,False,,,,False
97415000BP0172,2024-12-31,False,,,,False
97414000HL0618,2024-04-09,False,,,,False
97414000ES1065,2025-08-13,False,,,,False
97412000AP0753,2025-01-17,False,,,,False
97416000EV1824,2024-03-15,True,,,,False
97411000CH0557,2024-08-01,False,,,,False
97405000AP0216,2024-10-28,True,,,,False
97422000DM0620,2024-05-17,True,,,,False
97408000AC3507,2025-03-31,True,,,,False
97424000AI0821,2025-04-16,True,,,,False
97410000AS1414,2024-06-26,False,,,,False
97411000HS0388,2024-12-18,True,,,,False
97405000BE0919,2024-05-29,True,,,,False
97410000CD0172,2024-11-29,True,,,,False
97408000AV1190,2024-06-28,False,,,,False
97416000DR0343,2024-01-31,False,,,,False
97414000EV0490,2024-10-31,False,,,,False
97411000AL0036,2025-09-16,False,,,,False
97412000BZ0369,2025-04-29,False,,,,False
97422000DM0107,2024-06-10,True,,,,False
97422000BW0083,2025-01-27,False,,,,False
97406000AE0785,2025-09-15,False,,,,False
97415000HK0588,2025-09-25,True,,,,False
97417000AO0553,2024-11-06,True,,,,False
97416000IA1639,2024-10-07,False,,,,False
97422000EK0162,2025-11-12,False,,,,False
97415000DE0753,2025-07-24,False,,,,False
97416000DW0124,2025-08-05,False,,,,False
97411000DS0521,2025-04-16,False,,,,False
97418000AY0048,2024-05-23,False,,,,False
97406000AK0153,2024-10-30,False,,,,False
97422000BS0516,2025-08-08,False,,,,False
97423000AB1852,2024-12-27,True,,,,False
97418000AS1339,2024-12-23,False,,,,False
97416000HT0290,2024-09-10,False,,,,False
97411000AC0068,2024-09-11,True,,,,False
97411000IT0026,2025-07-30,False,,,,False
97407000AS0624,2024-07-30,False,,,,False
97401000AO1026,2025-03-18,False,,,,False
97401000AM0319,2024-09-30,True,,,,False
97408000AO1373,2024-04-04,False,,,,False
97416000CT1001,2025-11-17,False,,,,False
97413000CG0956,2024-07-22,False,,,,False
97408000BI0402,2025-02-17,False,,,,False
97422000BP1963,2025-04-08,True,,,,False
97414000EN4034,2024-11-25,True,,,,False
97415000AY0144,2024-12-16,True,,,,False
97410000AR1562,2025-04-29,False,,,,False
97409000AV1273,2025-03-14,False,,,,False
97407000AS0381,2024-10-31,False,,,,False
97424000AI0038,2025-03-03,False,,,,False
97414000HA0567,2024-02-14,False,,,,False
97410000BE0314,2024-02-20,False,,,,False
97409000BR0008,2025-11-19,True,,,,False
97420000AZ0821,2025-02-25,False,,,,False
97422000DE0974,2025-03-24,True,,,,False
97414000EO1400,2024-12-11,False,,,,False
97414000HH0515,2024-05-30,True,,,,False
97413000DK0514,2025-05-15,True,,,,False
97415000AB0531,2025-07-29,True,,,,False
97420000AD0245,2025-06-26,False,,,,False
97411000HS0368,2025-08-05,True,,,,False
97417000BI0051,2024-12-17,True,,,,False
97410000AB0748,2024-01-23,False,,,,False
97401000AN1065,2025-05-28,True,,,,False
97422000CE0628,2025-01-15,False,,,,False
97401000AM0729,2025-11-28,True,,,,False
97410000BI0562,2025-02-12,False,,,,False
97412000BP0508,2025-10-30,False,,,,False
97423000AE1090,2025-06-28,False,,,,False
97422000BO1246,2025-03-24,True,,,,False
97405000AR1896,2024-10-15,False,,,,False
97415000EX0277,2024-12-31,False,,,,False
97407000AO1882,2025-09-01,True,,,,False
97411000DK0453,2024-12-02,True,,,,False
97409000BK0504,2025-01-30,False,,,,False
97422000EI0043,2024-01-12,False,,,,False
97405000AD0681,2025-07-18,False,,,,False
97408000AC3764,2025-06-30,True,,,,False
97422000DM0284,2025-06-26,True,,,,False
97411000CD1460,2024-10-09,True,,,,False
97415000AX1096,2025-09-15,False,,,,False
97422000DE0975,2025-03-24,True,,,,False
97416000HR0307,2025-07-21,False,,,,False
97415000CL0455,2024-02-16,False,,,,False
97415000CL0172,2025-04-30,False,,,,False
97416000EK0262,2024-03-22,False,,,,False
97415000DP0859,2024-12-26,True,,,,False
97415000CO0205,2025-07-01,True,,,,False
97422000BO0349,2025-02-27,False,,,,False
97408000AV1421,2025-12-01,False,,,,False
97412000BY1098,2024-07-04,False,,,,False
97409000AS0140,2025-05-22,True,,,,False
97411000ER0049,2025-07-30,False,,,,False
97415000BW0859,2024-04-30,True,,,,False
97413000CA0195,2024-12-30,True,,,,False
97422000BV3216,2025-10-16,False,,,,False
97416000DS0582,2024-07-22,False,,,,False
97410000AE1293,2024-05-28,True,,,,False
97422000BY0189,2025-03-11,True,,,,False
97422000BL0738,2025-06-10,True,,,,False
97422000BK1829,2025-09-30,False,,,,False
97420000AZ0781,2024-09-09,False,,,,False
97416000DT0873,2025-03-17,True,,,,False
97405000AW0990,2024-09-19,True,,,,False
97410000AV0133,2025-09-11,False,,,,False
97415000HM0141,2024-10-30,False,,,,False
97405000AS0555,2024-10-08,False,,,,False
97414000EM0412,2025-08-14,False,,,,False
97421000BN0518,2024-05-30,False,,,,False
97405000BE0779,2025-10-31,True,,,,False
97413000DK0511,2025-05-15,True,,,,False
97403000AL0282,2025-05-16,True,,,,False
97414000EM0481,2024-12-30,False,,,,False
97402000AH1310,2024-12-19,False,,,,False
97415000AD0234,2025-06-23,False,,,,False
97415000DI0970,2024-05-23,True,,,,False
97418000AP3709,2025-07-10,False,,,,False
97419000AR0779,2025-08-05,False,,,,False
97402000AH1450,2025-12-11,False,,,,False
97416000EZ0163,2024-12-05,False,,,,False
97422000BP1955,2025-04-08,True,,,,False
97411000IS0357,2025-07-02,False,,,,False
97415000CL0916,2024-06-12,False,,,,False
97417000AX0364,2024-05-07,False,,,,False
97412000BR0480,2024-09-12,False,,,,False
97409000AB0967,2024-09-03,True,,,,False
97405000AN0671,2024-11-29,True,,,,False
97405000BD0195,2025-10-09,True,,,,False
97414000EV0062,2024-11-22,False,,,,False
97412000BY1269,2025-07-03,False,,,,False
97414000HI0706,2024-03-29,True,,,,False
97418000AT2383,2024-04-09,False,,,,False
97412000BK1967,2025-04-30,False,,,,False
97415000CP1551,2025-02-13,False,,,,False
97423000AI0426,2024-02-14,False,,,,False
97415000CW0835,2025-07-01,True,,,,False
97423000AK0201,2024-11-15,False,,,,False
97416000EP0153,2024-10-04,False,,,,False
97413000BH1243,2025-03-05,False,,,,False
97416000HN1437,2025-02-27,False,,,,False
97420000BC1906,2025-04-16,False,,,,False
97404000AX0275,2025-07-25,True,,,,False
97422000DO0241,2024-07-05,False,,,,False
97406000AC0505,2024-08-16,True,,,,False
97411000HP0170,2024-08-13,False,,,,False
97411000CM0849,2024-09-09,True,,,,False
97415000BV1410,2025-12-11,False,,,,False
97415000CY1177,2025-06-19,True,,,,False
97415000BH0091,2024-11-29,False,,,,False
97413000CY0639,2024-08-14,True,,,,False
97411000CV0669,2025-07-18,False,,,,False
97423000AH1830,2025-03-11,False,,,,False
97415000BN1392,2025-11-07,True,,,,False
97412000AN0018,2024-09-20,True,,,,False
97403000AP1709,2024-06-25,False,,,,False
97415000DL0140,2025-04-11,False,,,,False
97418000AT2270,2024-08-30,True,,,,False
97415000CO0566,2025-07-01,True,,,,False
97413000BD0044,2024-09-09,True,,,,False
97408000AP1634,2025-03-24,False,,,,False
97421000AS0298,2025-05-07,False,,,,False
97414000DV0634,2024-09-25,False,,,,False
97402000AH0202,2024-10-30,False,,,,False
97422000DE1009,2024-10-28,False,,,,False
97410000AL0437,2025-12-23,True,,,,False
97415000CP2045,2025-05-30,False,,,,False
97406000AI0606,2024-06-12,True,,,,False
97412000CR0561,2025-03-17,False,,,,False
97414000HI1268,2025-06-20,False,,,,False
97403000AP2008,2025-05-05,False,,,,False
97401000AL0503,2025-09-29,False,,,,False
97414000HI0370,2024-02-23,False,,,,False
97418000AW0106,2024-12-23,False,,,,False
97415000AD0237,2024-09-30,False,,,,False
97415000DE1240,2025-05-09,False,,,,False
97416000IB0661,2024-06-21,False,,,,False
97423000AC0398,2024-01-14,True,,,,False
97422000BH2101,2025-07-21,False,,,,False
97412000CD1241,2025-04-18,True,,,,False
97422000CY0432,2024-06-21,False,,,,False
97412000BK1128,2024-12-19,True,,,,False
97407000BE0343,2024-12-30,False,,,,False
97414000HA0167,2024-02-07,False,,,,False
97411000DP0355,2025-06-12,False,,,,False
97406000AR0358,2025-06-16,True,,,,False
97408000AI0036,2024-05-07,True,,,,False
97422000BS1700,2024-10-22,False,,,,False
97422000BL1800,2024-03-04,False,,,,False
97405000AL1672,2025-11-24,True,,,,False
97403000AR1509,2025-09-29,False,,,,False
97409000AH0416,2025-12-09,False,,,,False
97415000BZ0899,2024-12-19,True,,,,False
97407000AO1165,2025-09-01,True,,,,False
97416000ET2007,2024-02-27,True,,,,False
97418000AT1598,2024-11-27,False,,,,False
97410000AE1341,2024-06-03,False,,,,False
97411000EK0282,2025-09-17,False,,,,False
97415000BN1363,2024-04-12,False,,,,False
97415000CH0908,2024-12-19,True,,,,False
97411000HS0526,2025-12-15,False,,,,False
97416000ET1374,2024-07-08,True,,,,False
97416000HV0488,2025-06-23,True,,,,False
97422000EL0006,2025-12-16,False,,,,False
97409000BE1580,2024-06-20,True,,,,False
97415000AX1086,2024-07-26,True,,,,False
97411000AH0373,2025-08-25,True,,,,False
97412000AX0827,2025-05-21,True,,,,False
97412000BW2483,2025-02-24,True,,,,False
97422000CR0254,2024-08-09,False,,,,False
97411000CM0180,2025-05-28,False,,,,False
97420000AC1093,2024-12-30,True,,,,False
97411000EV0097,2025-12-01,False,,,,False
97418000AP4436,2025-07-11,True,,,,False
97416000CV2368,2025-04-25,True,,,,False
97416000HX1347,2025-03-28,True,,,,False
97416000EI0475,2025-10-31,False,,,,False
97415000EX0433,2025-01-17,True,,,,False
97412000AN0706,2025-03-06,True,,,,False
97416000HV0685,2024-02-12,False,,,,False
97416000DR0450,2024-11-08,True,,,,False
97422000AZ0167,2024-04-15,False,,,,False
97408000AO1339,2025-03-28,False,,,,False
97416000CZ0524,2025-11-13,False,,,,False
97413000DE1512,2024-07-12,False,,,,False
97409000BM1418,2024-06-28,True,,,,False
97423000AC0343,2024-01-14,True,,,,False
97410000AN0701,2025-04-30,True,,,,False
97412000BM0610,2024-02-08,False,,,,False
97403000AS2072,2024-06-14,False,,,,False
97416000DM0742,2024-06-25,True,,,,False
97411000IK0104,2024-05-31,False,,,,False
97411000CD0766,2025-11-14,True,,,,False
97422000BT0237,2025-12-08,False,,,,False
97416000EI0120,2024-07-08,False,,,,False
97413000DE1560,2025-12-22,False,,,,False
97411000BH0977,2024-12-09,True,,,,False
97422000BS1447,2025-07-10,False,,,,False
97412000BK1724,2024-07-05,False,,,,False
97409000AN0598,2025-02-18,False,,,,False
97413000CF0117,2025-04-29,True,,,,False
97403000AS0546,2025-01-17,True,,,,False
97418000AR1852,2025-09-10,False,,,,False
97422000AK1408,2025-10-24,True,,,,False
97422000AX0763,2024-04-03,True,,,,False
97423000AI0249,2025-12-02,False,,,,False
97420000BH0940,2024-09-19,False,,,,False
97415000DR1241,2024-08-01,False,,,,False
97413000DL0270,2025-04-15,True,,,,False
97409000AR0433,2025-07-10,False,,,,False
97404000BA0172,2025-12-05,False,,,,False
97413000CN1221,2025-01-24,False,,,,False
97415000DK1119,2024-06-19,True,,,,False
97416000EN1482,2024-12-23,False,,,,False
97414000EN1597,2024-06-27,False,,,,False
97408000AP1617,2025-09-11,True,,,,False
97416000CV2360,2025-04-25,True,,,,False
97422000CH0445,2025-03-14,False,,,,False
97422000BL1031,2024-06-20,False,,,,False
97412000CY0972,2024-12-17,True,,,,False
97414000EL1886,2025-08-12,False,,,,False
97422000AX1659,2024-01-04,False,,,,False
97401000AM1819,2024-12-26,False,,,,False
97412000CX0435,2024-06-21,False,,,,False
97404000AY0597,2025-10-30,True,,,,False
97408000BK0134,2025-12-29,False,,,,False
97412000AW0565,2025-10-17,False,,,,False
97416000IB0687,2024-11-07,False,,,,False
97422000AP0563,2024-02-28,True,,,,False
97415000ER1418,2025-07-15,False,,,,False
97422000BP1992,2025-04-08,True,,,,False
97422000CN1554,2025-09-26,False,,,,False
97422000AX0631,2024-08-22,True,,,,False
97414000ES1075,2025-11-07,False,,,,False
97403000AO0524,2025-03-07,False,,,,False
97407000AY0413,2025-04-23,True,,,,False
97418000AW0472,2024-01-31,True,,,,False
97412000BX0727,2025-03-17,False,,,,False
97409000AX1100,2025-03-05,True,,,,False
97414000DI0632,2025-07-04,False,,,,False
97401000AR1202,2025-08-22,True,,,,False
97414000ES1076,2025-10-31,False,,,,False
97416000DN0341,2025-03-25,True,,,,False
97423000AK2027,2025-09-09,True,,,,False
97403000AN0096,2024-10-15,True,,,,False
97415000AT0587,2025-01-09,True,,,,False
97422000AV0773,2025-04-24,False,,,,False
97412000BM1417,2024-10-07,False,,,,False
97420000AY0226,2025-04-10,False,,,,False
97406000AE0620,2025-11-28,False,,,,False
97422000BW1403,2025-12-31,False,,,,False
97405000BE0105,2024-09-20,True,,,,False
97422000BH2011,2024-10-23,False,,,,False
97413000DE2507,2025-10-08,True,,,,False
97409000AS0329,2024-07-08,True,,,,False
97416000HZ1066,2025-07-11,False,,,,False
97411000DM0479,2024-06-25,False,,,,False
97410000AX0651,2025-07-02,True,,,,False
97407000AY0596,2024-05-24,False,,,,False
97421000BC0306,2024-12-17,True,,,,False
97419000AN0360,2024-11-29,True,,,,False
97418000AP1165,2024-04-19,False,,,,False
97422000BD3771,2024-10-11,True,,,,False
97411000EI0489,2024-05-31,False,,,,False
97418000AD0800,2025-05-26,False,,,,False
97409000AX1098,2025-06-16,False,,,,False
97414000CP0227,2024-04-22,True,,,,False
97410000BX0853,2024-11-26,False,,,,False
97415000EY1405,2024-11-19,True,,,,False
97412000BC0180,2024-01-26,True,,,,False
97411000AZ0481,2024-05-30,True,,,,False
97409000BM1131,2024-07-29,True,,,,False
97404000AD0632,2024-11-21,True,,,,False
97404000AR0064,2025-12-22,False,,,,False
97422000EK0237,2024-09-13,False,,,,False
97411000EN0560,2024-06-28,False,,,,False
97418000AC1354,2025-10-16,True,,,,False
97412000AV1156,2024-09-30,False,,,,False
97409000BL0198,2024-07-03,False,,,,False
97418000AO1901,2024-12-30,False,,,,False
97411000AE0061,2024-04-19,False,,,,False
97407000AO1568,2025-09-01,True,,,,False
97415000CY0384,2024-06-21,True,,,,False
97416000IM0909,2024-01-31,False,,,,False
97422000CI0673,2025-09-18,False,,,,False
97408000BO0562,2024-09-27,True,,,,False
97415000HI0533,2024-02-28,True,,,,False
97414000DL0388,2024-05-21,False,,,,False
97413000AV2050,2024-11-20,True,,,,False
97409000AR2667,2024-07-29,False,,,,False
97416000CT0965,2025-07-09,True,,,,False
97403000AH0519,2024-03-25,False,,,,False
97413000DI0048,2025-04-22,True,,,,False
97409000AP1742,2024-04-17,False,,,,False
97422000AE0810,2024-04-30,True,,,,False
97413000DE2464,2025-09-30,False,,,,False
97424000AM0317,2024-09-06,False,,,,False
97410000BV0626,2024-10-02,True,,,,False
97411000AZ0134,2025-02-12,True,,,,False
97423000AK1728,2025-07-23,False,,,,False
97415000CH2752,2024-01-10,False,,,,False
97418000AR0031,2025-08-05,False,,,,False
97416000HI0194,2024-08-27,True,,,,False
97416000EW1287,2025-04-29,True,,,,False
97410000CD0904,2024-01-31,False,,,,False
97415000CX0644,2025-01-13,True,,,,False
97422000BK2273,2025-11-19,False,,,,False
97411000BP0918,2024-11-27,True,,,,False
97420000BH1182,2025-09-09,False,,,,False
97415000EV0167,2025-02-12,False,,,,False
97415000DE1272,2024-07-05,True,,,,False
97415000AW2405,2025-11-24,True,,,,False
97412000BK1426,2025-08-26,False,,,,False
97412000AL0404,2025-05-05,True,,,,False
97410000BX1631,2024-05-31,False,,,,False
97405000BE1508,2024-06-26,False,,,,False
97411000AT0393,2025-05-30,False,,,,False
97411000IN0344,2025-11-10,False,,,,False
97411000BE0577,2025-11-04,True,,,,False
97416000HX1499,2025-09-18,True,,,,False
97409000AC0423,2024-11-04,False,,,,False
97419000AI0361,2024-01-26,True,,,,False
97411000DL0191,2024-10-03,False,,,,False
97416000DS0292,2024-07-29,False,,,,False
97413000CN1204,2024-05-29,False,,,,False
97422000BN0709,2024-09-25,False,,,,False
97416000IC0603,2024-11-27,False,,,,False
97408000AR1333,2024-06-24,False,,,,False
97422000BH1770,2025-10-03,False,,,,False
97411000HO0464,2024-11-13,False,,,,False
97415000BZ0251,2025-03-18,True,,,,False
97416000HO0741,2025-04-07,False,,,,False
97420000AO0658,2024-08-29,False,,,,False
97415000EY0054,2024-06-20,False,,,,False
97411000EP0332,2025-08-29,True,,,,False
97422000BV3058,2025-04-08,True,,,,False
97411000IS0476,2025-09-16,True,,,,False
97402000AK2169,2024-03-13,False,,,,False
97421000BD0293,2025-12-11,True,,,,False
97416000HN1472,2025-02-04,True,,,,False
97415000AV0445,2025-09-08,True,,,,False
97416000ID0011,2025-06-12,False,,,,False
97415000CH2387,2025-10-10,True,,,,False
97421000AK0064,2025-11-28,False,,,,False
97416000HR0356,2024-09-06,True,,,,False
97408000BM0224,2025-12-29,False,,,,False
97414000CH1939,2025-09-26,False,,,,False
97410000BE1196,2024-10-18,False,,,,False
97417000AP0030,2024-02-23,True,,,,False
97416000HP0346,2025-07-15,True,,,,False
97412000CS0117,2025-12-22,True,,,,False
97402000AI0946,2024-05-21,True,,,,False
97415000BW0854,2024-04-30,True,,,,False
97410000BK0482,2024-10-31,False,,,,False
97413000DE0693,2025-08-22,False,,,,False
97405000AO0175,2024-07-03,True,,,,False
97411000AM0550,2024-06-07,False,,,,False
97415000AW2098,2025-06-13,False,,,,False
97419000AI0500,2024-09-24,True,,,,False
97416000CS1517,2024-01-18,True,,,,False
97413000DD1543,2025-06-25,True,,,,False
97415000AW1353,2025-09-26,True,,,,False
97417000AO0385,2024-12-16,True,,,,False
97407000AV0016,2024-08-08,False,,,,False
97422000BD1561,2024-09-13,True,,,,False
97416000EY1376,2024-03-20,True,,,,False
97411000DL0645,2025-09-02,False,,,,False
97407000AS0091,2024-01-16,False,,,,False
97422000EH0153,2024-05-28,False,,,,False
97415000DS0435,2024-11-19,True,,,,False
97413000CX1803,2025-09-22,True,,,2026-08-31 19:23:10.829367+00:00,False
97407000AH1194,2024-02-29,False,,,,False
97408000AT2090,2025-07-23,False,,,,False
97422000BK1947,2025-09-18,False,,,,False
97409000AL1523,2024-12-26,True,,,,False
97422000AY0776,2024-10-15,False,,,,False
97406000AI0556,2025-07-31,False,,,,False
97411000BL0364,2025-10-29,True,,,,False
97411000DS0685,2024-08-14,False,,,,False
97405000BI0957,2024-09-05,False,,,,False
97410000AW0027,2025-12-26,True,,,,False
97418000AV1770,2024-10-28,False,,,,False
97404000AM0963,2025-05-30,True,,,,False
97413000CX2892,2025-09-22,True,,,,False
97403000AM0802,2024-09-25,False,,,,False
97405000AR1897,2024-10-15,False,,,,False
97405000AP0217,2024-10-28,True,,,,False
97420000AS0870,2024-02-07,False,,,,False
97411000CY0344,2025-07-30,False,,,,False
97411000BE0488,2025-06-13,False,,,,False
97414000EN3325,2025-11-20,True,,,,False
97412000CD1005,2024-04-26,False,,,,False
97414000EK0406,2025-09-29,False,,,,False
97424000AN0027,2024-09-09,False,,,,False
97418000AT2377,2024-01-23,False,,,,False
97412000BP0100,2024-11-15,False,,,,False
97406000AE0558,2025-05-14,False,,,,False
97415000DE1106,2025-02-24,False,,,,False
97416000EY1418,2024-09-20,True,,,,False
97411000DR0348,2025-09-02,False,,,,False
97415000HO1113,2024-12-11,False,,,,False
97422000BD2477,2024-04-17,False,,,,False
97407000AT0051,2025-03-27,True,,,,False
97412000BP0137,2025-12-11,True,,,,False
97414000EM0962,2025-09-22,False,,,,False
97410000BD0373,2024-06-25,True,,,,False
97416000HM0058,2024-02-27,True,,,,False
97411000HY0015,2024-10-01,False,,,,False
97410000AL0420,2025-06-06,True,,,,False
97414000DM0066,2024-02-16,False,,,,False
97414000HH0396,2025-12-04,False,,,,False
97410000BX1887,2025-12-01,True,,,,False
97422000EK0253,2024-06-13,True,,,,False
97422000AN0037,2024-06-20,False,,,,False
97409000AC0211,2025-06-25,False,,,,False
97415000CK0830,2025-07-01,True,,,,False
97405000AZ0707,2024-09-16,False,,,,False
97415000EY1800,2024-04-29,True,,,,False
97415000EZ0094,2024-06-24,False,,,,False
97416000EY0224,2025-02-06,False,,,,False
97409000AV0169,2024-01-09,False,,,,False
97412000AW0722,2024-09-09,True,,,,False
97415000BO0883,2024-07-09,True,,,,False
97411000IZ0438,2025-07-17,True,,,,False
97415000AS0997,2025-10-23,False,,,,False
97414000EN4049,2024-08-16,False,,,,False
97412000AX1019,2024-12-12,True,,,,False
97416000CT1284,2025-12-30,False,,,,False
97415000HI0534,2024-02-28,True,,,,False
97404000AW0325,2024-06-13,True,,,,False
97422000BD3595,2025-08-12,False,,,,False
97422000DW0084,2025-12-29,False,,,,False
97416000EL0026,2024-07-03,False,,,,False
97422000BN2959,2024-06-19,False,,,,False
97406000AO0367,2025-08-21,False,,,,False
97419000AK0261,2025-08-26,False,,,,False
97416000CW2946,2025-06-24,False,,,,False
97408000AM0428,2024-03-11,True,,,,False
97405000BI1175,2024-01-19,True,,,,False
97412000CR0721,2025-10-10,False,,,,False
97413000DE1390,2024-06-27,True,,,,False
97408000AP1675,2025-09-11,True,,,,False
97406000AT0781,2025-09-15,False,,,,False
97412000CD1123,2024-06-07,False,,,,False
97422000BM1493,2024-08-05,False,,,,False
97414000ET0980,2024-03-04,True,,,,False
97415000BW0858,2024-04-30,True,,,,False
97409000AM0259,2024-02-21,False,,,,False
97414000DY0170,2024-05-17,False,,,,False
97411000CM0858,2024-09-09,True,,,,False
97421000AV1156,2024-04-03,False,,,,False
97415000ET1662,2024-07-26,False,,,,False
97407000AY0488,2025-06-13,False,,,,False
97414000DT0973,2025-04-03,False,,,,False
97415000DI0066,2024-11-20,False,,,,False
97422000DH0486,2025-05-30,False,,,,False
97415000CY0052,2024-05-10,False,,,,False
97410000AS1436,2024-07-23,True,,,,False
97405000AN0025,2024-05-06,False,,,,False
97411000BL0355,2025-10-29,True,,,,False
97407000BE0358,2024-09-30,False,,,,False
97424000AM0165,2024-09-06,False,,,,False
97416000DS0245,2025-09-01,False,,,,False
97408000AT2038,2024-09-25,True,,,,False
97413000DE0611,2025-05-31,False,,,,False
97414000DK0416,2024-05-30,False,,,,False
97416000CW0939,2024-04-25,True,,,,False
97412000CP0084,2025-05-22,False,,,,False
97424000AM0001,2025-01-16,False,,,,False
97416000DE0657,2024-06-26,True,,,,False
97415000AX0958,2025-05-30,False,,,,False
97415000DT1166,2024-12-10,True,,,,False
97422000BK0996,2025-12-01,False,,,,False
97415000CT0315,2024-09-05,True,,,,False
97415000CH0909,2024-12-19,True,,,,False
97410000AK0668,2025-11-06,False,,,,False
97422000EN0693,2024-10-28,False,,,,False
97410000BZ0388,2025-12-11,False,,,,False
97409000BI0391,2025-07-09,False,,,,False
97421000BD0292,2024-04-30,True,,,,False
97416000EM1035,2024-08-16,True,,,,False
97415000CO0360,2025-07-01,True,,,,False
97412000BL1186,2024-01-05,True,,,,False
97415000ER1127,2024-02-29,False,,,,False
97416000HX1562,2024-08-21,False,,,,False
97411000AO0561,2024-01-17,True,,,,False
97409000AZ0428,2025-05-28,False,,,,False
97411000AE0328,2025-05-27,False,,,,False
97416000ET1956,2024-05-02,False,,,,False
97406000AI0481,2025-08-28,False,,,,False
97422000BI1136,2024-04-10,False,,,,False
97418000AP2947,2024-10-11,False,,,,False
97422000CX1068,2024-04-26,True,,,,False
97405000AV0445,2024-05-10,False,,,,False
97411000BD0153,2025-09-17,False,,,,False
97416000DX0294,2025-12-09,False,,,,False
97408000AP1652,2025-09-11,True,,,,False
97409000BM1279,2025-09-12,False,,,,False
97409000AV1031,2025-04-09,False,,,,False
97411000IZ0062,2024-06-10,False,,,,False
97414000DL0308,2024-07-12,False,,,,False
97405000AE0290,2025-11-28,False,,,,False
97420000AD0415,2024-10-31,True,,,,False
97422000BN2149,2025-04-25,False,,,,False
97411000AY0564,2025-12-17,True,,,,False
97405000AR1464,2024-12-23,False,,,,False
97416000EL0390,2024-11-29,False,,,,False
97415000CO0564,2025-07-01,True,,,,False
97416000CS0811,2025-11-14,True,,,,False
97414000DR0113,2025-04-16,False,,,,False
97411000AE0537,2025-05-07,False,,,,False
97416000CT0565,2024-10-15,True,,,,False
97411000KD0019,2024-04-05,True,,,,False
97415000DR1047,2025-07-11,False,,,,False
97424000AD0034,2025-01-20,False,,,,False
97401000AR0334,2024-10-25,False,,,,False
97411000DZ0184,2025-09-03,False,,,,False
97409000AX1078,2025-07-31,True,,,,False
97422000BD3683,2024-05-03,False,,,,False
97418000AC0476,2024-12-23,True,,,,False
97417000AI0091,2024-03-12,True,,,,False
97418000AD0977,2025-01-29,False,,,,False
97415000CP0953,2025-12-04,True,,,,False
97416000CT1287,2025-09-29,False,,,,False
97416000EK0269,2025-08-04,False,,,,False
97406000AL0672,2024-11-05,True,,,,False
97412000BD0076,2024-09-26,True,,,,False
97422000BD2865,2024-04-24,True,,,,False
97413000BH1244,2025-09-08,False,,,,False
97412000CD0947,2025-02-12,True,,,,False
97415000DR0616,2024-09-06,True,,,,False
97416000IA0817,2024-07-24,True,,,,False
97415000ER1639,2024-04-18,False,,,,False
97418000AR2328,2024-03-05,True,,,,False
97422000CS1030,2025-06-26,False,,,,False
97414000HA0436,2025-07-10,True,,,,False
97415000ER0311,2024-10-25,False,,,,False
97412000BN0195,2024-06-24,False,,,,False
97414000HA0155,2025-07-16,False,,,,False
97401000AO1079,2024-09-06,True,,,,False
97416000DS0673,2025-04-11,False,,,,False
97405000AM0401,2025-04-18,False,,,,False
97412000AV1163,2024-08-29,True,,,,False
97422000AP1129,2025-08-21,False,,,,False
97416000ET2195,2025-11-27,False,,,,False
97415000DI0879,2024-05-23,True,,,,False
97413000DL0274,2024-10-31,True,,,,False
97415000EN0236,2024-11-19,True,,,,False
97405000AS0560,2025-12-30,True,,,,False
97422000BH2096,2025-07-28,False,,,,False
97415000BV1655,2024-04-11,False,,,,False
97406000AO0169,2025-09-29,True,,,,False
97416000HY1204,2024-12-19,True,,,,False
97412000BX1143,2025-06-06,False,,,,False
97409000AS1210,2025-05-29,False,,,,False
97414000DT0669,2025-05-28,False,,,,False
97408000AT0407,2025-04-14,False,,,,False
97416000EY0422,2025-05-27,True,,,,False
97411000DI0316,2024-09-19,True,,,,False
97415000BC0282,2025-04-28,False,,,,False
97401000AD1454,2024-05-30,False,,,,False
97410000BW0459,2025-10-06,False,,,,False
97411000KB0210,2025-07-11,False,,,,False
97409000AT1051,2024-08-08,False,,,,False
97415000BY0712,2024-02-08,False,,,,False
97413000CQ0672,2024-09-16,True,,,,False
97411000CY0988,2024-10-09,True,,,,False
97424000AI2241,2025-06-30,False,,,,False
97403000AP1706,2024-10-22,True,,,,False
97415000CP0965,2025-08-25,True,,,,False
97412000AN0704,2025-08-29,True,,,,False
97405000AK0308,2025-06-24,True,,,,False
97405000AH0694,2025-03-04,False,,,,False
97410000BM1339,2024-09-06,False,,,,False
97409000BH0333,2024-03-27,False,,,,False
97403000AM0514,2025-09-12,False,,,,False
97411000EI0239,2024-06-20,True,,,,False
97409000BP0235,2024-09-30,False,,,,False
97412000AT1108,2024-12-26,False,,,,False
97416000CW1078,2024-07-22,False,,,,False
97407000AL0128,2024-03-04,False,,,,False
97413000AC0965,2025-07-18,True,,,,False
97415000CV1223,2024-12-30,False,,,,False
97415000DP0783,2024-04-30,True,,,,False
97409000AR1586,2024-08-30,False,,,,False
97413000CX2861,2025-09-24,False,,,,False
97409000AR2452,2025-03-05,True,,,,False
97405000BI0786,2025-09-22,False,,,,False
97415000DT1228,2025-07-10,True,,,,False
97411000DP0351,2024-11-22,False,,,,False
97403000AS1672,2024-05-30,True,,,,False
97408000AP1650,2025-09-11,True,,,,False
97408000AM0934,2025-02-19,False,,,,False
97411000HN0442,2025-09-03,True,,,,False
97416000CS0061,2025-05-30,False,,,,False
97415000BZ1067,2025-10-13,False,,,,False
97416000HX1320,2025-12-05,True,,,,False
97414000DH1334,2025-06-20,False,,,,False
97414000CV0692,2025-07-30,True,,,,False
97422000CZ0283,2024-08-21,False,,,,False
97405000AO0498,2025-06-18,True,,,,False
97411000AN0194,2025-08-05,False,,,,False
97412000BW2449,2024-08-29,False,,,,False
97405000AL1666,2025-09-05,False,,,,False
97407000AE0595,2025-09-30,False,,,,False
97413000DK0498,2025-07-09,False,,,,False
97403000AS1189,2024-09-19,False,,,,False
97418000AC1583,2025-10-16,True,,,,False
97402000AK2130,2024-04-10,False,,,,False
97422000BP2003,2025-04-08,True,,,,False
97412000CN0150,2024-03-01,True,,,,False
97403000AM0586,2024-10-24,False,,,,False
97420000BH0973,2025-12-18,False,,,,False
97405000AS0553,2024-01-24,False,,,,False
97405000AR1898,2024-08-26,False,,,,False
97411000CD1266,2024-07-29,True,,,,False
97415000CX0598,2025-12-16,False,,,,False
97415000HL0120,2024-03-29,True,,,,False
97413000DE2221,2024-12-17,False,,,,False
97404000AR0521,2025-09-08,False,,,,False
97422000CL1490,2025-03-11,False,,,,False
97413000DE1253,2024-07-11,False,,,,False
97410000AO0235,2025-08-20,False,,,,False
97421000AL0156,2024-08-27,False,,,,False
97415000CH3372,2024-02-14,True,,,,False
97411000EI0314,2025-05-02,False,,,,False
97416000EI1429,2024-02-19,True,,,,False
97412000BY0902,2025-04-17,False,,,,False
97422000BP2036,2025-08-08,False,,,,False
97411000AT0187,2025-07-18,True,,,,False
97416000EK0358,2025-08-20,True,,,,False
97409000AR1554,2024-12-17,True,,,,False
97415000EY1523,2024-11-19,True,,,,False
97405000BH0511,2024-09-26,True,,,,False
97415000BZ0375,2025-12-15,True,,,,False
97415000CX1306,2024-09-17,False,,,,False
97410000BX0534,2025-10-29,False,,,,False
97414000EN4039,2024-03-11,True,,,,False
97422000EK0063,2024-06-17,False,,,,False
97417000AT1157,2024-12-26,False,,,,False
97422000AH0090,2025-11-27,False,,,,False
97422000CM0003,2025-09-25,False,,,,False
97422000CX0716,2025-01-28,False,,,,False
97412000CY1109,2025-06-30,False,,,,False
97422000AX1339,2024-03-29,False,,,,False
97412000BL1077,2025-06-12,False,,,,False
97416000IM0585,2024-02-19,True,,,,False
97411000IS0439,2025-08-22,False,,,,False
97415000CZ0287,2024-09-03,False,,,,False
97422000BP2006,2025-04-08,True,,,,False
97422000CE0080,2024-02-12,False,,,,False
97412000BE0438,2024-06-26,True,,,,False
97416000HY1239,2024-09-06,True,,,,False
97418000AC0531,2024-05-23,True,,,,False
97411000IC0478,2024-09-27,False,,,,False
97422000BD0555,2024-01-25,False,,,,False
97414000HB0028,2024-01-29,False,,,,False
97415000AV0996,2025-09-08,True,,,,False
97405000AO0096,2024-10-28,True,,,,False
97406000AV0800,2024-09-24,False,,,,False
97422000AX1636,2024-08-22,True,,,,False
97410000AL0404,2024-05-29,False,,,,False
97410000BL0252,2025-12-18,True,,,,False
97418000AV2894,2024-09-12,True,,,,False
97406000AM1000,2025-12-22,False,,,,False
97414000DN0161,2024-05-23,False,,,,False
97422000CP0340,2025-10-31,False,,,,False
97416000CV1346,2025-04-01,True,,,,False
97415000DR0694,2025-03-24,True,,,,False
97410000AH1286,2024-03-22,True,,,,False
97422000CX0930,2025-06-12,False,,,,False
97411000BL0412,2024-12-04,True,,,,False
97407000AE0594,2025-03-06,False,,,,False
97408000AP1672,2025-09-11,True,,,,False
97416000HX1497,2025-09-18,True,,,,False
97419000AL0644,2024-11-15,False,,,,False
97411000HT0190,2024-06-03,False,,,,False
97422000BW3164,2025-10-06,False,,,,False
97415000CO0379,2025-07-01,True,,,,False
97403000AP0497,2024-02-16,False,,,,False
97422000DM0802,2024-03-07,False,,,,False
97408000AO1716,2024-02-26,True,,,,False
97415000BI0369,2025-11-19,False,,,,False
97413000CX1225,2025-09-05,False,,,,False
97411000IC0484,2025-11-13,False,,,,False
97407000AB0074,2024-03-27,True,,,,False
97415000AW2348,2024-07-31,False,,,,False
97415000BP0175,2024-02-05,False,,,,False
97416000DM0722,2024-06-26,False,,,,False
97415000AB0741,2024-12-30,True,,,,False
97416000HY1667,2025-12-29,False,,,,False
97413000AV1685,2024-02-13,False,,,,False
97415000CT1943,2025-09-29,False,,,,False
97422000BP1436,2025-06-10,False,,,,False
97408000BK0363,2025-07-10,False,,,,False
97422000BH1421,2025-07-15,False,,,,False
97411000HO0754,2025-05-06,True,,,,False
97417000AT0491,2024-09-04,True,,,,False
97422000AX1478,2025-10-10,False,,,,False
97411000EY0130,2024-05-27,False,,,,False
97416000EW1283,2025-04-29,True,,,,False
97413000BH0222,2024-05-28,True,,,,False
97416000IM0611,2024-05-17,False,,,,False
97409000AS1236,2025-11-19,False,,,,False
97408000AP0648,2024-04-17,False,,,,False
97412000CD1572,2025-12-19,True,,,,False
97412000CK0004,2024-12-26,True,,,,False
97415000CH3411,2025-09-17,False,,,,False
97414000HB0407,2025-12-02,True,,,,False
97411000EP0268,2025-01-31,True,,,,False
97405000AD0746,2025-09-15,False,,,,False
97412000AM2080,2025-03-31,True,,,,False
97419000AI0092,2024-09-24,True,,,,False
97416000EP1002,2025-06-19,False,,,,False
97422000AP0777,2025-09-18,True,,,,False
97416000HP0815,2024-01-25,True,,,,False
97421000AL0407,2024-10-17,False,,,,False
97424000AI2240,2025-10-02,False,,,,False
97414000EN0860,2024-01-29,False,,,,False
97415000CV0920,2024-06-11,False,,,,False
97414000EK0417,2025-04-22,False,,,,False
97411000DY0176,2024-08-08,False,,,,False
97420000AC0412,2025-10-30,False,,,,False
97412000BX0523,2024-09-27,False,,,,False
97415000BS0211,2024-08-19,False,,,,False
97408000BK0046,2025-12-30,False,,,,False
97423000AB1849,2024-12-27,True,,,,False
97410000AS1427,2024-08-28,False,,,,False
97419000AO0431,2025-10-16,True,,,,False
97413000DK0229,2025-11-12,False,,,,False
97422000CR0523,2024-06-21,True,,,,False
97422000BV3169,2024-05-02,False,,,,False
97412000AM2072,2025-09-23,False,,,,False
97413000CH0916,2024-10-30,False,,,,False
97412000CK0416,2024-05-15,False,,,,False
97416000HO0274,2025-12-19,False,,,,False
97408000AB0395,2024-08-30,True,,,,False
97403000AO0746,2024-08-09,True,,,,False
97422000AX0901,2024-05-15,False,,,,False
97416000IA0209,2024-07-18,False,,,,False
97414000HC0034,2024-03-29,False,,,,False
97416000CW2908,2024-07-17,True,,,,False
97415000DR0486,2024-02-02,True,,,,False
97408000AP1599,2025-09-11,True,,,,False
97422000BH1992,2025-03-07,False,,,,False
97422000EC0421,2025-03-06,False,,,,False
97414000EV0773,2025-07-10,True,,,,False
97405000AD0471,2024-11-29,True,,,,False
97413000CA0263,2024-04-22,False,,,,False
97413000DK0291,2025-11-18,True,,,,False
97418000AO1671,2024-10-02,True,,,,False
97414000ET1406,2025-10-31,False,,,,False
97410000CD0380,2024-10-08,False,,,,False
97411000HO0111,2024-11-21,False,,,,False
97416000DE1634,2025-07-21,False,,,,False
97416000HN1320,2025-09-16,True,,,,False
97419000AP0257,2025-06-26,False,,,,False
97416000ET1510,2025-09-17,False,,,,False
97401000AS1399,2025-01-28,False,,,,False
97418000AR2598,2024-12-09,False,,,,False
97402000AI0391,2025-08-28,False,,,,False
97412000BW1487,2025-09-18,True,,,,False
97411000BZ1549,2025-09-02,True,,,,False
97416000HY1094,2024-12-24,True,,,,False
97418000BP0111,2025-07-18,False,,,,False
97422000BW1469,2024-04-08,False,,,,False
97415000BP0060,2024-06-04,False,,,,False
97413000BD0260,2024-01-11,True,,,,False
97414000DL0631,2025-02-21,False,,,,False
97408000AN1708,2024-08-23,True,,,,False
97416000HI0621,2025-04-15,False,,,,False
97418000AR0122,2025-10-20,True,,,,False
97413000DC0530,2025-08-27,True,,,,False
97412000BH0748,2024-07-19,False,,,,False
97415000CM2067,2025-10-10,False,,,,False
97412000AZ0098,2025-05-27,True,,,,False
97407000AS1238,2025-02-13,True,,,,False
97424000AI2337,2025-12-22,False,,,,False
97415000BV1687,2025-08-18,False,,,,False
97410000CD0948,2024-12-30,False,,,,False
97405000AL1223,2024-11-29,True,,,,False
97409000BN0037,2025-11-27,True,,,,False
97422000EC0191,2025-06-10,False,,,,False
97412000BW2482,2025-02-24,True,,,,False
97416000CZ1074,2024-02-01,False,,,,False
97423000AB1970,2025-09-18,True,,,,False
97408000BO0579,2024-09-27,True,,,,False
97415000ET1675,2024-03-29,False,,,,False
97415000CO0386,2025-07-01,True,,,,False
97409000AL1525,2024-12-26,True,,,,False
97416000CX1366,2025-03-20,True,,,,False
97404000AL1773,2024-10-01,True,,,,False
97413000CQ0771,2024-09-20,True,,,,False
97415000CH1825,2025-02-11,False,,,,False
97411000EP0255,2025-01-31,True,,,,False
97409000AM0088,2025-01-10,False,,,,False
97410000BW0082,2024-05-21,False,,,,False
97411000DI0297,2025-11-26,False,,,,False
97405000AE0590,2025-12-12,True,,,,False
97421000BO0344,2024-07-18,True,,,,False
97416000HI0448,2024-06-27,False,,,,False
97424000AH0186,2025-10-02,False,,,,False
97401000AM1940,2025-08-01,True,,,,False
97408000AT1559,2025-09-09,False,,,,False
97415000AZ1237,2024-08-23,True,,,,False
97409000AL2213,2024-12-16,False,,,,False
97422000BP2009,2025-04-08,True,,,,False
97415000CO0270,2025-07-01,True,,,,False
97413000DG1079,2025-07-25,False,,,,False
97413000CV0138,2024-09-30,False,,,,False
97401000AN0497,2024-01-30,False,,,,False
97415000HK0281,2024-03-28,False,,,,False
97412000AW0256,2024-10-04,False,,,,False
97422000BK2323,2025-06-30,True,,,,False
97414000CM0324,2024-12-30,True,,,,False
97413000CH0921,2025-08-20,False,,,,False
97413000DD0683,2024-03-13,False,,,,False
97414000HL0664,2025-07-30,True,,,,False
97415000AB0712,2025-07-29,True,,,,False
97411000HP0405,2025-01-21,True,,,,False
97414000EN3336,2025-08-08,False,,,,False
97410000AE0723,2024-02-09,False,,,,False
97416000HN1234,2025-04-18,False,,,,False
97415000AW2349,2024-07-30,False,,,,False
97415000AZ1692,2024-12-19,True,,,,False
97415000ET1735,2025-11-25,False,,,,False
97401000AS0755,2024-12-13,False,,,,False
97416000ER0726,2024-04-30,False,,,,False
97412000CX0627,2024-01-10,False,,,,False
97420000BD1197,2025-12-08,False,,,,False
97414000EM0993,2024-08-30,True,,,,False
97414000CD0132,2024-05-22,True,,,,False
97411000HB0354,2024-01-11,False,,,,False
97411000DL0616,2024-10-09,False,,,,False
97415000BZ0643,2024-12-19,True,,,,False
97416000HZ0193,2025-08-22,False,,,,False
97417000BC1105,2024-08-30,False,,,,False
97422000CH0789,2024-09-30,False,,,,False
97411000IC0465,2024-02-19,False,,,,False
97404000BA0192,2024-09-10,False,,,,False
97409000BK0458,2024-01-19,False,,,,False
97412000BK2004,2025-02-11,False,,,,False
97408000AS0464,2024-04-23,False,,,,False
97402000AM0012,2025-05-26,True,,,,False
97407000BE0304,2025-10-23,False,,,,False
97411000DK0456,2024-12-02,True,,,,False
97407000AO0417,2025-12-29,False,,,,False
97412000BE0300,2024-09-27,False,,,,False
97422000AP0960,2025-11-14,False,,,,False
97402000AB1079,2025-03-31,False,,,,False
97409000AN0016,2024-06-11,False,,,,False
97415000CD0053,2025-02-26,True,,,,False
97414000EN4086,2025-05-30,False,,,,False
97416000ET2111,2025-08-25,False,,,,False
97412000CT0630,2025-01-31,True,,,,False
97421000AV1324,2024-01-31,False,,,,False
97411000KE0105,2024-03-29,False,,,,False
97409000BM1488,2025-09-08,True,,,,False
97418000AN0174,2024-08-29,True,,,,False
97409000AM0772,2024-07-31,True,,,,False
97420000AC0589,2024-09-03,False,,,,False
97422000CM0101,2024-05-22,False,,,,False
97415000HO0990,2024-03-08,False,,,,False
97406000AT0302,2024-09-26,True,,,,False
97413000AV1194,2024-12-12,False,,,,False
97409000BI0245,2024-04-04,False,,,,False
97408000AN1713,2024-08-23,True,,,,False
97422000EN0031,2024-08-20,False,,,,False
97409000AZ0034,2025-03-28,True,,,,False
97411000DR0349,2024-08-13,False,,,,False
97411000DS0824,2025-03-20,False,,,,False
97415000EO1032,2024-04-19,False,,,,False
97415000EW1983,2024-08-28,False,,,,False
97408000AT2039,2024-09-25,True,,,,False
97416000HT0287,2025-07-16,False,,,,False
97413000DG0307,2024-05-30,False,,,,False
97412000CD0099,2024-12-03,False,,,,False
97422000BN2589,2024-01-11,False,,,,False
97418000AV2882,2024-06-27,True,,,,False
97410000AH0660,2025-02-13,False,,,,False
97414000EL1520,2024-08-01,False,,,,False
97408000BO0498,2024-06-28,True,,,,False
97411000BL0466,2025-07-09,False,,,,False
97404000AV0215,2025-04-25,True,,,,False
97411000EL0638,2025-01-31,False,,,,False
97419000AE0201,2024-10-10,False,,,,False
97405000AR1840,2025-01-28,True,,,,False
97416000CS1633,2024-04-16,True,,,,False
97411000AD0494,2024-01-04,False,,,,False
97402000AI1002,2024-08-22,True,,,,False
97415000CV0441,2024-11-07,False,,,,False
97411000IL0608,2025-05-05,True,,,,False
97415000EV0160,2024-07-11,False,,,,False
97415000AW2347,2025-12-24,False,,,,False
97410000AD0986,2025-07-30,True,,,,False
97413000BW0372,2024-04-09,False,,,,False
97411000DH0269,2024-11-12,False,,,,False
97410000BD0780,2025-01-24,False,,,,False
97411000HO0011,2025-01-27,True,,,,False
97412000BW0478,2024-07-08,False,,,,False
97415000CO0419,2025-07-01,True,,,,False
97422000ED0457,2025-11-20,False,,,,False
97417000AT0102,2025-04-23,True,,,,False
97415000DE1207,2024-10-18,False,,,,False
97422000AV0229,2024-12-23,False,,,,False
97415000BV0709,2024-06-04,True,,,,False
97420000AC0586,2024-06-24,False,,,,False
97415000CV1478,2025-03-07,False,,,,False
97415000BZ1085,2024-04-04,False,,,,False
97411000BX0278,2024-07-11,True,,,,False
97413000CD0043,2024-06-19,False,,,,False
97418000BE0194,2024-08-20,False,,,,False
97411000HW0335,2025-12-15,True,,,,False
97412000AP0204,2025-07-15,True,,,,False
97411000AZ0136,2025-07-21,True,,,,False
97415000AX0969,2025-12-19,False,,,,False
97412000AH1321,2024-11-07,False,,,,False
97416000HL0023,2025-06-03,True,,,,False
97414000ES1033,2025-09-25,False,,,,False
97402000AC0465,2025-12-19,True,,,,False
97418000AT2161,2025-08-20,False,,,,False
97407000AS0798,2025-06-26,True,,,,False
97415000AZ2022,2025-07-17,True,,,,False
97408000AI0041,2024-10-02,True,,,,False
97411000EL0664,2025-12-02,False,,,,False
97414000CM0194,2025-07-30,True,,,,False
97412000BW2265,2024-04-24,True,,,,False
97410000CD0405,2025-01-17,False,,,,False
97414000HE0459,2025-09-15,True,,,,False
97413000BH0154,2024-05-28,True,,,,False
97410000AL0378,2024-12-27,False,,,,False
97410000AR1468,2024-03-21,False,,,,False
97408000AT1383,2025-07-18,True,,,,False
97410000BW1098,2025-06-26,False,,,,False
97411000AI0053,2024-06-19,True,,,,False
97411000KB0263,2025-06-12,False,,,,False
97416000EX0717,2024-03-07,False,,,,False
97411000IE0633,2025-12-16,False,,,,False
97412000AS0201,2025-09-30,True,,,,False
97422000BI1001,2025-11-27,True,,,,False
97415000AS1911,2024-03-20,True,,,,False
97411000HS0402,2024-12-18,True,,,,False
97401000AR1652,2024-04-15,True,,,,False
97405000AP0084,2025-05-21,True,,,,False
97422000CH0130,2025-07-08,False,,,,False
97421000BM0248,2025-12-18,False,,,,False
97416000IL0572,2025-08-21,False,,,,False
97416000DN0487,2025-10-10,True,,,,False
97408000AT0794,2025-01-29,True,,,,False
97413000DE2105,2025-06-18,True,,,,False
97422000BD2917,2025-12-05,False,,,,False
97422000CH0708,2024-03-26,False,,,,False
97415000DH0170,2024-08-13,False,,,,False
97405000AR0478,2025-06-05,True,,,,False
97403000AO0664,2025-03-31,True,,,,False
97418000AC1218,2025-10-16,True,,,,False
97410000AO0375,2024-05-21,True,,,,False
97409000AR2316,2024-11-29,True,,,,False
97411000KE0236,2024-08-08,False,,,,False
97416000CS1386,2024-11-08,True,,,,False
97410000AD0702,2024-04-18,False,,,,False
97423000AD0769,2025-10-30,False,,,,False
97422000AL0910,2025-07-22,True,,,,False
97411000BZ1697,2025-06-16,False,,,,False
97416000HY0198,2024-01-30,False,,,,False
97411000EL0275,2024-05-17,True,,,,False
97416000IM0804,2024-07-11,False,,,,False
97409000BD0562,2025-11-28,False,,,,False
97415000ES0782,2025-06-30,False,,,,False
97414000DV0687,2025-01-31,False,,,,False
97412000BW1087,2025-01-07,False,,,,False
97416000HO0895,2024-05-16,True,,,,False
97411000HW0252,2025-12-15,True,,,,False
97406000AV1338,2025-08-06,False,,,,False
97408000AR0572,2025-08-19,False,,,,False
97422000CY0441,2024-05-10,True,,,,False
97405000AH0186,2025-08-28,True,,,,False
97415000HN0169,2024-05-07,True,,,,False
97416000HX1508,2025-11-27,False,,,,False
97412000AN0558,2025-01-30,False,,,,False
97404000AT0892,2025-09-30,False,,,,False
97409000AR1514,2025-02-14,False,,,,False
97415000DR0460,2024-03-13,True,,,,False
97411000CV0406,2024-09-20,False,,,,False
97422000CS0392,2024-08-29,False,,,,False
97411000HP0247,2024-06-28,False,,,,False
97405000AD0699,2024-07-15,True,,,,False
97404000AR0523,2025-10-29,False,,,,False
97411000DS0812,2024-08-30,False,,,,False
97414000HI1128,2025-06-05,False,,,,False
97415000CL0860,2025-03-13,False,,,,False
97407000BL0213,2025-03-13,False,,,,False
97412000BW1347,2024-02-12,True,,,,False
97407000AS1236,2025-02-13,True,,,,False
97414000DT0726,2024-07-17,False,,,,False
97411000HS0516,2024-12-18,True,,,,False
97411000HP0221,2024-03-28,False,,,,False
97408000BL0045,2025-05-14,False,,,,False
97414000EV0553,2025-07-10,True,,,,False
97410000CD0157,2025-05-26,True,,,,False
97412000BE0436,2024-04-24,False,,,,False
97408000AC3434,2024-02-20,True,,,,False
97409000BE1587,2024-06-20,True,,,,False
97413000CX1892,2024-08-26,False,,,,False
97415000HL0123,2024-03-29,True,,,,False
97409000AP1828,2024-03-20,True,,,,False
97412000BD0205,2024-09-26,True,,,,False
97403000AP1152,2024-12-11,False,,,,False
97414000CP0259,2024-04-22,True,,,,False
97410000AS1428,2025-02-24,True,,,,False
97411000AT0402,2025-10-10,False,,,,False
97410000AS0743,2024-07-08,False,,,,False
97413000DD1534,2025-12-19,True,,,,False
97416000IA1815,2024-07-24,True,,,,False
97415000AY0952,2025-02-25,False,,,,False
97408000BK0149,2024-09-03,False,,,,False
97412000CV0589,2025-09-30,False,,,,False
97422000BS1377,2024-07-18,True,,,,False
97424000AI0815,2025-01-16,False,,,,False
97415000DS0807,2024-12-26,False,,,,False
97415000DT1143,2024-03-12,False,,,,False
97410000AY0065,2025-03-03,True,,,,False
97424000AN0026,2024-09-09,False,,,,False
97413000DF0424,2024-01-18,False,,,,False
97412000BR0812,2025-01-24,True,,,,False
97404000AD1236,2025-03-28,False,,,,False
97423000AE0501,2024-08-06,False,,,,False
97409000BE1924,2025-10-07,True,,,,False
97422000BT1296,2025-04-17,False,,,,False
97416000EI0409,2024-03-01,False,,,,False
97416000CX0786,2024-11-14,False,,,,False
97414000DR0286,2025-06-30,False,,,,False
97414000HK0247,2025-07-07,False,,,,False
97405000AD0726,2025-05-21,True,,,,False
97416000ES1789,2025-11-28,False,,,,False
97412000BX1028,2024-02-29,False,,,,False
97409000AY0832,2025-12-22,True,,,,False
97420000AW0027,2024-12-31,False,,,,False
97414000DS0611,2025-03-31,False,,,,False
97408000AT1631,2024-12-05,True,,,,False
97416000CS1565,2024-04-30,False,,,,False
97416000IE1380,2024-02-06,False,,,,False
97414000DK0569,2025-06-06,False,,,,False
97401000AN1348,2025-02-10,False,,,,False
97409000BE1590,2024-06-20,True,,,,False
97420000AZ1105,2024-12-27,False,,,,False
97423000AK2074,2025-11-21,False,,,,False
97408000BN3626,2025-10-23,False,,,,False
97414000DT0270,2025-03-07,True,,,,False
97413000DE1720,2025-01-10,False,,,,False
97411000HW0179,2025-02-19,True,,,,False
97414000DH1540,2024-04-03,False,,,,False
97422000CV0212,2025-02-20,True,,,,False
97422000BH0174,2025-06-18,False,,,,False
97409000AY0449,2024-09-13,False,,,,False
97407000AH1376,2024-12-11,True,,,,False
97415000BZ0628,2024-12-19,True,,,,False
97407000AE0469,2025-06-30,True,,,,False
97408000AP1649,2025-09-11,True,,,,False
97416000DE1809,2024-08-09,True,,,,False
97415000EW1275,2025-09-02,True,,,,False
97418000BT0807,2025-07-09,False,,,,False
97416000EZ0759,2025-08-22,True,,,,False
97409000AH0455,2024-04-30,False,,,,False
97408000AR0052,2024-02-26,False,,,,False
97415000EY1124,2025-04-09,False,,,,False
97415000HI0545,2024-02-28,True,,,,False
97413000DC1419,2025-03-13,True,,,,False
97417000BD0397,2024-01-11,False,,,,False
97424000AM0350,2025-10-16,False,,,,False
97412000BN0678,2024-06-24,False,,,,False
97423000AC0395,2024-01-14,True,,,,False
97411000HS0518,2024-12-18,True,,,,False
97422000AW0867,2024-09-19,False,,,,False
97411000BP0748,2024-12-30,True,,,,False
97414000ET0754,2024-08-08,False,,,,False
97415000AB0832,2025-09-30,True,,,,False
97416000DZ0244,2025-03-14,True,,,,False
97408000BO0383,2025-12-22,True,,,,False
97416000EM0842,2025-08-28,True,,,,False
97409000AL0977,2024-01-24,False,,,,False
97415000ER1736,2024-12-13,True,,,,False
97408000AP1674,2025-09-11,True,,,,False
97418000AS1201,2024-05-22,True,,,,False
97401000AR0813,2025-07-24,False,,,,False
97420000AK0146,2024-03-19,True,,,,False
97422000BP2004,2025-04-08,True,,,,False
97416000ET2146,2024-03-11,True,,,,False
97413000CY0671,2024-09-17,False,,,,False
97422000BT1538,2025-11-04,False,,,,False
97415000EV0797,2024-04-23,False,,,,False
97415000CV0173,2024-11-21,False,,,,False
97413000AH0290,2025-08-29,False,,,,False
97416000EH1235,2025-07-11,True,,,,False
97420000BE0964,2025-07-28,False,,,,False
97415000BW2081,2025-09-30,False,,,,False
97413000CH0096,2024-06-10,False,,,,False
97411000CD1279,2024-11-06,False,,,,False
97407000AS0327,2024-05-22,False,,,,False
97412000BL1152,2024-02-20,False,,,,False
97415000AW0092,2024-03-08,False,,,,False
97412000BW2490,2025-12-12,True,,,,False
97416000HX1530,2024-05-31,False,,,,False
97415000CM0791,2025-04-30,False,,,,False
97411000CV0775,2025-03-27,False,,,,False
97415000AZ0977,2024-03-04,True,,,,False
97406000AV0045,2025-06-24,True,,,,False
97409000AP1838,2025-08-26,False,,,,False
97410000BM1265,2024-11-08,False,,,,False
97422000BM0803,2024-02-07,True,,,,False
97408000AC1407,2024-04-19,False,,,,False
97408000AW0043,2024-07-18,False,,,,False
97415000EW1211,2025-09-11,False,,,,False
97403000AP2287,2025-09-23,False,,,,False
97420000BD0715,2025-01-28,True,,,,False
97412000BN0861,2025-04-07,True,,,,False
97423000AC0338,2024-01-14,True,,,,False
97414000CL0368,2024-02-01,False,,,,False
97414000EL2184,2025-11-13,False,,,,False
97422000CN1652,2024-10-24,False,,,,False
97401000AR1743,2024-12-06,False,,,,False
97415000CM2344,2024-11-02,True,,,,False
97416000HZ0140,2024-09-17,False,,,,False
97414000DE0506,2024-06-19,False,,,,False
97422000DO0536,2024-03-14,False,,,,False
97416000EW1251,2024-04-26,False,,,,False
97414000EN3610,2025-09-12,False,,,,False
97415000EH0552,2024-01-08,False,,,,False
97411000AD0449,2025-12-30,False,,,,False
97408000AN1694,2024-08-23,True,,,,False
97420000BH2165,2024-04-19,False,,,,False
97414000CR0373,2025-08-25,True,,,,False
97417000BD0965,2025-08-18,False,,,,False
97415000CW1004,2025-07-01,True,,,,False
97415000AV0969,2024-10-14,True,,,,False
97418000AP0276,2025-03-24,False,,,,False
97415000BN1145,2024-04-17,False,,,,False
97411000HW0210,2024-09-27,False,,,,False
97414000CX0150,2025-02-20,True,,,,False
97422000AP1250,2025-09-05,False,,,,False
97415000EY0346,2025-04-30,True,,,,False
97409000AK1085,2024-12-26,False,,,,False
97412000CX0620,2024-12-23,False,,,,False
97410000AI0971,2024-07-25,False,,,,False
97418000AP3771,2025-07-11,True,,,,False
97408000AP1621,2025-05-27,False,,,,False
97415000EY2069,2025-06-26,True,,,,False
97401000AP1247,2024-02-12,True,,,,False
97413000CX1858,2025-09-24,False,,,,False
97411000CR0324,2024-05-21,False,,,,False
97401000AD1636,2024-09-30,False,,,,False
97404000AC1208,2025-10-27,False,,,,False
97408000BL0143,2024-09-13,False,,,,False
97412000CD0260,2025-12-26,False,,,,False
97423000AH0156,2024-09-27,False,,,,False
97413000DG1093,2024-04-05,False,,,,False
97415000CM2359,2024-11-02,True,,,,False
97408000AC2361,2025-10-23,False,,,,False
97417000AX0236,2025-06-13,False,,,,False
97410000AT1136,2024-02-22,True,,,,False
97414000HI1632,2024-06-27,False,,,,False
97424000AM0916,2024-04-30,False,,,,False
97422000AR0142,2025-07-18,True,,,,False
97416000DH1410,2025-07-07,False,,,,False
97405000BE1093,2024-09-17,True,,,,False
97413000AV2311,2025-03-28,False,,,,False
97404000AL1693,2025-04-14,False,,,,False
97415000DK1098,2024-02-26,True,,,,False
97418000AE0089,2025-10-16,True,,,,False
97414000EV0776,2025-07-10,True,,,,False
97407000AV0058,2024-12-11,False,,,,False
97422000BV0730,2025-08-05,False,,,,False
97422000CX0107,2025-06-12,False,,,,False
97407000BA0372,2025-12-29,True,,,,False
97405000BE1499,2024-05-17,False,,,,False
97405000AM0881,2025-12-12,False,,,,False
97415000DH0223,2024-12-12,False,,,,False
97424000AI1701,2025-05-28,True,,,,False
97411000IH0512,2025-04-11,False,,,,False
97411000DP0295,2025-01-16,False,,,,False
97408000AO0600,2025-07-21,False,,,,False
97415000EY1071,2024-06-18,False,,,,False
97416000HN1481,2024-01-08,False,,,,False
97411000AD0148,2024-12-13,False,,,,False
97401000AM0889,2024-10-31,False,,,,False
97422000BP2017,2025-04-08,True,,,,False
97414000ES0483,2025-05-07,True,,,,False
97414000CY0123,2024-01-26,True,,,,False
97414000DH0773,2024-12-31,True,,,,False
97411000BH0742,2025-01-30,False,,,,False
97402000AI0413,2024-10-28,True,,,,False
97403000AS1667,2024-05-30,True,,,,False
97410000AS0377,2025-09-30,False,,,,False
97415000CD0148,2024-12-12,False,,,,False
97412000AZ0598,2024-10-25,True,,,,False
97416000DT0779,2024-05-07,False,,,,False
97422000BD1008,2025-09-17,False,,,,False
97415000CP1350,2024-10-15,False,,,,False
97407000AI0327,2025-03-12,False,,,,False
97415000DI0034,2025-04-30,False,,,,False
97409000BK0966,2025-07-18,False,,,,False
97416000HP0804,2024-01-25,True,,,,False
97422000BP1970,2025-04-08,True,,,,False
97422000CS1540,2024-10-18,True,,,,False
97410000CD0933,2024-12-05,True,,,,False
97415000CV1245,2025-09-09,True,,,,False
97408000AC1946,2025-03-17,True,,,,False
97418000AP4353,2024-04-16,False,,,,False
97416000HN0594,2025-12-04,False,,,,False
97413000CY0660,2024-08-14,True,,,,False
97415000EY0428,2024-04-09,False,,,,False
97415000CL0940,2025-10-30,False,,,,False
97422000BI1004,2025-11-27,True,,,,False
97411000KE0450,2024-10-04,False,,,,False
97407000AS1278,2025-06-26,False,,,,False
97421000BM0015,2025-05-12,True,,,,False
97422000BH1226,2025-04-29,False,,,,False
97410000AW0084,2025-02-26,True,,,,False
97411000IB0154,2025-05-16,False,,,,False
97415000AZ1706,2024-12-19,True,,,,False
97422000BO1822,2025-06-23,False,,,,False
97414000CN0337,2024-02-09,True,,,,False
97414000HI0550,2025-03-31,False,,,,False
97415000CM2376,2025-05-20,False,,,,False
97417000AT0496,2024-09-04,True,,,,False
97408000AC1373,2025-03-04,True,,,,False
97409000AL1426,2024-11-27,False,,,,False
97405000AR0787,2025-10-10,False,,,,False
97405000AI0709,2024-11-14,False,,,,False
97415000DK1120,2024-12-17,True,,,,False
97413000CU0734,2024-08-19,True,,,,False
97407000AY0456,2024-10-02,False,,,,False
97401000AR0643,2025-03-21,False,,,,False
97416000HN1319,2025-09-16,True,,,,False
97422000BE1794,2025-12-10,False,,,,False
97418000AT0329,2024-11-19,True,,,,False
97422000AK1442,2024-12-27,True,,,,False
97414000DV0598,2024-07-29,True,,,,False
97414000CE0250,2024-12-18,False,,,,False
97411000CX0596,2025-10-09,True,,,,False
97416000EX1879,2024-11-25,False,,,,False
97408000AT1441,2025-12-22,True,,,,False
97421000AV0646,2025-02-12,False,,,,False
97411000DP0145,2025-06-24,False,,,,False
97401000AR0565,2024-06-26,False,,,,False
97415000CO0133,2025-11-06,True,,,,False
97411000DM0491,2024-10-15,False,,,,False
97424000AE0130,2025-01-16,False,,,,False
97415000CK0850,2025-05-12,False,,,,False
97415000AB0823,2025-09-30,True,,,,False
97409000AC1105,2025-11-26,False,,,,False
97422000BD2572,2025-06-10,True,,,,False
97421000BC0174,2024-01-31,False,,,,False
97412000BX1747,2024-03-28,True,,,,False
97411000AD0498,2024-10-07,True,,,,False
97412000BY0608,2025-06-12,True,,,,False
97411000CX1364,2024-03-29,False,,,,False
97414000HE0467,2025-04-30,True,,,,False
97410000AR1661,2024-04-30,True,,,,False
97413000DE1013,2025-07-29,True,,,,False
97411000EV0098,2025-09-30,False,,,,False
97416000HZ0549,2025-04-30,True,,,,False
97401000AN1213,2025-01-09,True,,,,False
97411000HX0432,2024-02-13,False,,,,False
97422000BS1899,2024-09-19,True,,,,False
97416000DM0783,2025-02-14,True,,,,False
97411000AE0057,2024-11-07,False,,,,False
97421000BM0035,2025-05-12,True,,,,False
97411000HO0167,2025-11-27,False,,,,False
97411000EZ0230,2025-07-22,False,,,,False
97411000DP0142,2024-10-10,False,,,,False
97411000AD0163,2025-01-30,True,,,,False
97418000AP0693,2025-06-13,False,,,,False
97415000AV0924,2024-08-23,False,,,,False
97422000BD1027,2025-12-22,False,,,,False
97414000CH1658,2025-02-07,True,,,,False
97415000BZ0632,2024-12-19,True,,,,False
97408000AP1615,2025-09-29,False,,,,False
97415000EI0213,2025-11-28,True,,,,False
97404000AS0374,2025-11-07,False,,,,False
97411000CD0778,2025-05-14,True,,,,False
97416000HN1465,2025-02-04,True,,,,False
97411000AM0145,2025-05-09,False,,,,False
97411000DY0164,2025-03-03,False,,,,False
97401000AM1458,2024-12-11,True,,,,False
97415000BW2039,2024-06-06,True,,,,False
97406000AW0638,2024-09-03,True,,,,False
97408000AC3590,2025-03-17,True,,,,False
97422000BR1128,2025-09-30,True,,,,False
97416000HO0958,2024-07-17,False,,,,False
97415000DR1094,2025-08-05,False,,,,False
97415000EX0435,2025-01-17,True,,,,False
97424000AM0568,2025-01-16,False,,,,False
97413000DM0230,2024-08-14,True,,,,False
97409000AL1972,2024-12-26,True,,,,False
97410000AH1308,2025-12-09,True,,,,False
97410000BM0179,2025-02-04,False,,,,False
97416000CY0882,2025-01-23,True,,,,False
97416000EL0165,2025-06-11,False,,,,False
97413000BM0845,2025-08-29,True,,,,False
97408000AC2692,2024-07-16,False,,,,False
97414000EN2664,2024-03-06,False,,,,False
97415000CM2321,2025-10-29,False,,,,False
97417000AO0070,2024-05-03,False,,,,False
97405000AO0705,2024-09-12,False,,,,False
97422000AD0828,2025-08-27,False,,,,False
97422000AK0587,2025-09-27,False,,,,False
97409000AX1101,2025-03-19,False,,,,False
97415000AZ1495,2025-07-31,False,,,,False
97410000AI1258,2025-03-07,False,,,,False
97410000BX0587,2025-12-04,False,,,,False
97410000AT0884,2025-09-08,False,,,,False
97414000HK0230,2024-05-10,True,,,,False
97411000HD0305,2025-05-22,True,,,,False
97407000AB0064,2024-10-01,True,,,,False
97415000CD0485,2024-08-08,False,,,,False
97416000EL0553,2025-03-26,True,,,,False
97418000AO1680,2024-10-02,True,,,,False
97415000DE0184,2024-10-03,False,,,,False
97422000BP1966,2025-04-08,True,,,,False
97424000AD0078,2025-01-16,False,,,,False
97412000AM2077,2025-02-11,True,,,,False
97419000AN0011,2024-03-28,True,,,,False
97411000DL0826,2024-05-27,False,,,,False
97422000AW0578,2025-09-01,False,,,,False
97411000IE0163,2025-03-06,False,,,,False
97416000HN1605,2024-07-24,False,,,,False
97419000AR0791,2024-10-04,False,,,,False
97407000AO0361,2025-10-28,False,,,,False
97409000AT0645,2024-07-05,True,,,,False
97408000AO1888,2025-12-02,False,,,,False
97409000AS2142,2024-12-26,False,,,,False
97416000CS1636,2024-04-16,True,,,,False
97405000BE1774,2025-11-27,True,,,,False
97412000CE1568,2025-01-10,True,,,,False
97415000DK0708,2024-06-07,True,,,,False
97415000HO0639,2025-07-22,False,,,,False
97405000AW1703,2025-09-19,True,,,,False
97423000AE0419,2025-05-22,True,,,,False
97416000ES0106,2024-06-19,False,,,,False
97418000AS0683,2024-04-12,True,,,,False
97416000ES0507,2024-11-04,False,,,,False
97422000BO1131,2024-10-10,False,,,,False
97413000DE2133,2025-07-29,True,,,,False
97411000BZ0230,2024-07-18,False,,,,False
97411000BD0274,2024-04-15,True,,,,False
97404000AL1655,2025-05-30,False,,,,False
97413000DG0454,2024-05-15,True,,,,False
97424000AB0027,2025-01-15,False,,,,False
97420000AS0650,2024-01-24,True,,,,False
97407000AO1499,2025-09-01,True,,,,False
97412000AZ0878,2025-11-27,False,,,,False
97422000BN1181,2025-06-27,False,,,,False
97408000BL0160,2024-12-16,False,,,,False
97415000CW0886,2025-07-01,True,,,,False
97412000CW1193,2025-06-26,True,,,,False
97416000CV2093,2025-04-01,True,,,,False
97414000DH0831,2025-09-12,False,,,,False
97414000DR0484,2024-11-06,False,,,,False
97415000EW0924,2025-08-22,False,,,,False
97415000CL0822,2024-02-20,True,,,,False
97415000DK1043,2024-09-20,False,,,,False
97413000CX2625,2025-09-22,True,,,,False
97415000CL0145,2024-02-22,False,,,,False
97413000CX1157,2024-08-27,True,,,,False
97418000AE0275,2024-07-22,True,,,,False
97415000CY0791,2024-06-21,False,,,,False
97412000BK1730,2025-05-05,True,,,,False
97401000AT0584,2025-10-16,True,,,,False
97407000AI1895,2025-07-11,False,,,,False
97415000EO0889,2024-11-21,False,,,,False
97415000BZ0586,2024-12-19,True,,,,False
97415000BV0123,2024-09-26,False,,,,False
97416000CY0138,2024-10-30,False,,,,False
97416000CV1952,2024-12-16,False,,,,False
97416000IK0331,2024-08-14,False,,,,False
97409000AK0834,2024-11-08,False,,,,False
97422000BH0639,2025-06-25,True,,,,False
97411000CM0276,2025-07-11,True,,,,False
97403000AP1857,2024-03-21,False,,,,False
97403000AM0618,2025-06-03,True,,,,False
97414000EN2686,2024-11-21,True,,,,False
97421000AY0149,2024-10-30,True,,,,False
97422000BD3804,2025-10-28,False,,,,False
97415000DP0054,2025-03-14,False,,,,False
97422000BP2012,2025-04-08,True,,,,False
97415000EO1018,2024-07-25,True,,,,False
97414000ET0087,2025-11-19,False,,,,False
97424000AM0172,2024-09-06,False,,,,False
97415000ET1703,2024-11-26,False,,,,False
97416000EL0243,2025-05-27,False,,,,False
97415000AZ1739,2024-10-04,False,,,,False
97403000AL0273,2025-05-16,True,,,,False
97407000AL0341,2024-09-24,False,,,,False
97402000AM0011,2025-05-26,True,,,,False
97416000ES2249,2025-10-28,False,,,,False
97408000AO1634,2024-08-06,True,,,,False
97414000EN4020,2024-10-25,False,,,,False
97402000AB0308,2024-10-16,False,,,,False
97416000DN0667,2025-04-14,True,,,,False
97416000CZ2016,2025-01-10,False,,,,False
97412000AP0202,2025-07-15,True,,,,False
97409000AB0966,2024-09-03,True,,,,False
97422000AY1480,2024-07-04,True,,,,False
97412000CD1419,2025-12-30,True,,,,False
97415000BZ0873,2024-12-19,True,,,,False
97411000AN0583,2025-11-19,False,,,,False
97423000AC0358,2024-01-14,True,,,,False
97415000CP1519,2025-01-29,True,,,,False
97411000AV0547,2024-11-19,False,,,,False
97416000DO0051,2025-04-28,False,,,,False
97411000AP0434,2024-07-31,False,,,,False
97409000AL0473,2025-04-22,False,,,,False
97416000HN0670,2025-10-21,False,,,,False
97412000AX0089,2024-10-29,False,,,,False
97418000AX0524,2025-10-13,True,,,,False
97411000CH0772,2024-01-23,False,,,,False
97423000AK1276,2024-07-23,False,,,,False
97411000CM0732,2025-07-11,True,,,,False
97422000BD3787,2025-12-03,True,,,,False
97410000AR1439,2024-10-30,True,,,,False
97414000CW0578,2024-02-27,True,,,,False
97416000ET1478,2025-12-22,False,,,,False
97416000HN1249,2025-12-01,False,,,,False
97415000EH0563,2025-09-24,False,,,,False
97419000AK0458,2025-02-26,False,,,,False
97415000CW0228,2025-07-11,False,,,,False
97418000AL0117,2024-08-29,True,,,,False
97418000AT2402,2024-02-12,False,,,,False
97422000BX0882,2025-12-05,True,,,,False
97423000AK2054,2024-10-04,False,,,,False
97415000AB0723,2024-12-11,True,,,,False
97419000AP0421,2024-07-10,True,,,,False
97412000AO0256,2025-01-21,False,,,,False
97411000DW0258,2025-11-25,True,,,,False
97418000AT2393,2025-08-29,False,,,,False
97412000BK1508,2025-01-24,False,,,,False
97411000HE0387,2024-08-28,False,,,,False
97414000CV0455,2025-03-25,True,,,,False
97422000AW0113,2024-09-27,False,,,,False
97405000AO0184,2024-07-03,True,,,,False
97416000EV1447,2025-05-30,True,,,,False
97420000BI0187,2024-10-22,False,,,,False
97422000BR0366,2025-06-10,False,,,,False
97422000BX0742,2025-12-05,True,,,,False
97402000AH0741,2025-11-12,False,,,,False
97414000CT1414,2025-11-27,False,,,,False
97422000AY0525,2024-09-25,True,,,,False
97408000AC1232,2025-05-07,False,,,,False
97413000DE2117,2024-05-29,True,,,,False
97412000AZ0437,2024-08-06,False,,,,False
97415000HN0188,2024-05-07,True,,,,False
97416000ET2196,2025-12-11,False,,,,False
97415000DV0411,2024-07-23,False,,,,False
97424000AI1266,2024-12-26,False,,,,False
97402000AE0617,2025-09-22,False,,,,False
97415000BO0933,2024-07-09,True,,,,False
97409000AR2323,2025-12-16,False,,,,False
97414000EW0094,2025-02-07,False,,,,False
97416000EN0369,2024-06-18,False,,,,False
97415000AB0797,2025-12-30,True,,,,False
97420000AE0197,2024-07-08,False,,,,False
97408000AN1638,2024-08-27,False,,,,False
97422000DW0094,2025-06-16,False,,,,False
97414000CW0583,2024-02-27,True,,,,False
97415000AX1102,2025-08-08,True,,,,False
97412000BL0959,2024-04-19,True,,,,False
97413000DJ0447,2025-05-19,False,,,,False
97413000CX1033,2024-11-18,False,,,,False
97409000BE2175,2025-10-07,True,,,,False
97404000AE1480,2025-02-06,False,,,,False
97424000AH0591,2025-07-31,True,,,,False
97408000AB0268,2024-10-04,False,,,,False
97414000EN4189,2025-11-27,True,,,,False
97415000BH0085,2024-04-23,False,,,,False
97405000AD0688,2024-09-20,False,,,,False
97415000DM1030,2024-01-17,True,,,,False
97412000CT0229,2024-12-13,False,,,,False
97410000AH1287,2024-03-22,True,,,,False
97421000AZ0198,2024-12-24,False,,,,False
97415000DE0545,2024-03-27,False,,,,False
97415000CN0056,2024-07-16,True,,,,False
97402000AI1180,2024-05-28,False,,,,False
97409000AM0327,2024-10-09,True,,,,False
97408000AP0920,2025-06-30,False,,,,False
97408000AP1662,2025-12-15,False,,,,False
97414000HB0059,2024-11-26,False,,,,False
97422000EM0450,2024-12-26,True,,,,False
97415000CW1080,2025-05-21,True,,,,False
97404000AT0879,2024-07-16,False,,,,False
97422000EN0614,2024-07-18,False,,,,False
97409000BD1650,2025-08-27,True,,,,False
97410000CL0093,2025-03-27,True,,,,False
97423000AD0595,2025-09-23,False,,,,False
97415000AW2371,2025-02-24,True,,,,False
97418000AT2276,2024-08-30,True,,,,False
97414000EN4190,2025-10-06,True,,,,False
97414000CN0021,2024-12-09,False,,,,False
97416000EX0359,2025-07-31,False,,,,False
97411000BP0862,2025-08-13,False,,,,False
97408000AM0639,2024-09-03,True,,,,False
97410000AW1054,2025-08-22,True,,,,False
97414000HL0512,2025-10-06,False,,,,False
97415000DK1094,2024-03-22,False,,,,False
97408000BI0411,2024-11-28,False,,,,False
97411000IA0152,2024-06-24,False,,,,False
97422000BD1177,2025-11-05,True,,,,False
97415000DE0635,2025-02-24,False,,,,False
97403000AL0367,2025-08-28,False,,,,False
97407000AB0063,2024-10-01,True,,,,False
97418000AP1991,2025-03-14,True,,,,False
97413000AV2292,2025-01-31,True,,,,False
97408000BI0251,2025-04-18,False,,,,False
97422000AD0270,2024-06-25,True,,,,False
97410000BT0123,2024-01-31,True,,,,False
97422000CY0426,2024-01-17,False,,,,False
97408000AC2640,2024-10-21,False,,,,False
97406000AV1353,2025-07-31,True,,,,False
97419000AM0175,2024-07-18,True,,,,False
97408000AM1330,2025-10-27,True,,,,False
97411000IC0441,2025-10-15,False,,,,False
97414000CV0993,2024-11-29,False,,,,False
97409000AB0969,2024-09-03,True,,,,False
97414000CM0204,2024-12-30,True,,,,False
97422000CS0333,2025-11-20,False,,,,False
97405000BI0655,2025-12-11,False,,,,False
97422000AZ0382,2025-10-09,True,,,,False
97411000IR0453,2025-12-12,True,,,,False
97415000CO0502,2025-07-01,True,,,,False
97415000DM1020,2024-10-31,True,,,,False
97416000ET2129,2025-05-19,True,,,,False
97402000AC0124,2024-01-23,True,,,,False
97412000BY1642,2024-04-23,False,,,,False
97411000IW0127,2024-02-02,True,,,,False
97413000DB0462,2024-08-23,False,,,,False
97412000BK1975,2025-11-27,False,,,,False
97416000CS1335,2025-09-24,False,,,,False
97414000EZ0228,2025-07-01,False,,,,False
97422000CN1446,2025-12-10,False,,,,False
97415000EO0910,2025-10-10,True,,,,False
97422000CP0901,2025-10-23,True,,,,False
97416000EX1113,2025-04-29,True,,,,False
97411000IW0288,2025-08-13,True,,,,False
97413000AC0962,2025-07-18,True,,,,False
97401000AP0649,2025-12-17,False,,,,False
97414000HI1272,2025-04-01,False,,,,False
97402000AK2165,2025-02-13,True,,,,False
97401000AM1121,2025-07-10,False,,,,False
97412000AR0218,2024-12-16,True,,,,False
97412000AW0650,2025-03-11,True,,,,False
97411000HO0899,2025-03-12,False,,,,False
97415000DH0411,2024-08-26,False,,,,False
97401000AN1354,2025-06-17,True,,,,False
97420000AZ1019,2024-12-18,False,,,,False
97412000CH0272,2024-05-22,False,,,,False
97409000BM1498,2025-10-13,False,,,,False
97416000EW1290,2025-02-24,True,,,,False
97406000AI0477,2025-08-19,False,,,,False
97415000CP2044,2025-06-23,False,,,,False
97422000CX0093,2024-06-26,False,,,,False
97414000EV0476,2025-07-10,True,,,,False
97415000DK1033,2025-05-30,False,,,,False
97418000AT0966,2024-08-06,True,,,,False
97407000AO1229,2025-09-01,True,,,,False
97416000HP0859,2025-06-26,True,,,,False
97416000HP0366,2025-07-15,True,,,,False
97418000AV2669,2024-09-26,True,,,,False
97422000CM1110,2025-12-23,False,,,,False
97412000BW1354,2025-07-16,False,,,,False
97422000BP2002,2025-04-08,True,,,,False
97415000CW0264,2024-07-04,False,,,,False
97422000BS2041,2024-05-21,False,,,,False
97403000AM0572,2025-09-05,False,,,,False
97414000EV0478,2025-07-30,True,,,,False
97411000CR0604,2024-10-04,False,,,,False
97412000CE1562,2025-01-10,True,,,,False
97415000CR1265,2025-04-28,False,,,,False
97422000BD2427,2025-07-31,False,,,,False
97415000HO1036,2024-01-30,False,,,,False
97422000BS1378,2024-07-18,True,,,,False
97422000DH0554,2025-01-28,True,,,,False
97414000EN4143,2025-11-14,False,,,,False
97411000AM0199,2025-04-24,True,,,,False
97415000BZ0642,2024-12-19,True,,,,False
97404000AL1589,2025-04-18,True,,,,False
97410000BW0999,2024-07-30,True,,,,False
97410000AE1215,2024-05-27,False,,,,False
97410000AD0480,2024-08-30,True,,,,False
97410000AR1684,2025-03-05,False,,,,False
97415000DS0231,2024-12-04,True,,,,False
97411000EP0333,2025-08-29,True,,,,False
97418000AO0931,2024-10-23,False,,,,False
97403000AP2256,2025-08-06,False,,,,False
97416000CW1997,2025-10-13,True,,,,False
97410000AL0489,2025-12-23,True,,,,False
97418000AT0869,2025-12-15,True,,,,False
97411000AE0585,2025-04-07,False,,,,False
97414000EV0736,2024-12-19,True,,,,False
97421000BM0540,2024-06-21,True,,,,False
97408000AV1463,2025-03-19,False,,,,False
97402000AC0122,2024-01-23,True,,,,False
97412000BY1740,2024-06-04,False,,,,False
97409000BE1589,2024-06-20,True,,,,False
97414000DR0099,2025-06-05,False,,,,False
97422000AY0954,2025-06-11,False,,,,False
97413000DG0802,2024-09-24,True,,,,False
97413000CN0754,2024-11-28,True,,,,False
97416000EM0866,2025-08-28,True,,,,False
97416000CW1378,2024-11-05,False,,,,False
97410000AS1431,2024-06-24,False,,,,False
97422000CE0349,2025-05-23,True,,,,False
97415000HN0179,2025-12-19,True,,,,False
97411000DP0380,2025-09-26,False,,,,False
97413000CD0477,2025-01-29,False,,,,False
97418000AT2320,2024-07-29,True,,,,False
97416000HO1142,2025-08-27,True,,,,False
97409000AL1191,2024-04-16,False,,,,False
97410000BE0563,2024-01-26,True,,,,False
97405000AV0025,2024-09-09,True,,,,False
97408000AO1273,2025-01-27,False,,,,False
97412000BH0745,2025-08-20,True,,,,False
97415000CX0464,2024-02-15,False,,,,False
97409000BD0994,2025-11-24,False,,,,False
97413000AC0370,2025-05-27,False,,,,False
97415000CD0627,2024-04-19,False,,,,False
97423000AH0638,2024-08-09,True,,,,False
97411000IM0272,2025-03-14,False,,,,False
97411000CH0039,2024-09-19,False,,,,False
97412000AS0365,2024-06-25,True,,,,False
97415000BV1595,2024-02-26,False,,,,False
97405000AM0659,2025-06-27,True,,,,False
97416000DS0671,2025-04-11,False,,,,False
97415000BW2029,2024-06-06,True,,,,False
97409000BH0310,2025-01-24,True,,,,False
97401000AM1664,2025-10-21,True,,,,False
97410000CL1040,2025-03-27,True,,,,False
97410000AL0135,2025-10-31,False,,,,False
97412000CW1182,2025-09-18,False,,,,False
97407000AY0484,2025-07-24,False,,,,False
97410000BD0226,2025-11-26,False,,,,False
97411000AS0022,2025-08-07,False,,,,False
97422000BK2497,2025-09-24,False,,,,False
97423000AH1565,2025-06-11,True,,,,False
97410000BK0126,2024-03-25,True,,,,False
97414000CR0675,2024-04-25,True,,,,False
97422000AE0627,2024-10-31,False,,,,False
97412000BW2252,2024-12-19,True,,,,False
97409000AM0790,2024-03-07,True,,,,False
97402000AB0661,2025-03-26,False,,,,False
97413000AV2273,2024-11-18,False,,,,False
97412000CX0263,2025-07-25,False,,,,False
97418000AV1645,2025-06-23,False,,,,False
97412000BW0324,2024-09-02,False,,,,False
97422000DK0245,2025-06-27,True,,,,False
97416000HI1019,2024-07-18,False,,,,False
97414000ET1969,2024-07-30,True,,,,False
97412000CV0561,2024-07-31,False,,,,False
97422000BD1176,2025-11-05,True,,,,False
97422000BV2728,2025-09-30,True,,,,False
97422000CD0374,2024-03-22,True,,,,False
97405000AL1100,2025-08-29,False,,,,False
97416000ER0694,2024-08-14,False,,,,False
97405000AY0737,2025-10-27,False,,,,False
97410000AO0462,2025-05-13,False,,,,False
97415000CH3296,2024-11-19,False,,,,False
97415000EY1329,2025-11-05,False,,,,False
97412000BM1379,2025-11-27,False,,,,False
97401000AT0729,2024-10-31,True,,,,False
97411000DR0479,2025-05-14,True,,,,False
97405000BE0921,2024-12-24,True,,,,False
97401000AP0560,2024-02-12,True,,,,False
97416000DT0143,2024-03-05,False,,,,False
97415000AY0733,2025-07-31,False,,,,False
97415000CZ1180,2025-05-15,False,,,,False
97410000AS1462,2024-01-31,False,,,,False
97422000BX0677,2024-07-11,False,,,,False
97412000AM1804,2025-12-26,True,,,,False
97408000BK0071,2025-08-13,False,,,,False
97412000CW0627,2025-03-12,True,,,,False
97414000HE0597,2025-12-12,False,,,,False
97407000AH0343,2025-10-02,True,,,,False
97405000AN0314,2025-09-04,False,,,,False
97418000BE0101,2024-12-23,True,,,,False
97409000AL1961,2024-12-26,True,,,,False
97416000EI0800,2024-12-27,False,,,,False
97414000CV0988,2024-09-10,True,,,,False
97415000AV0967,2024-10-14,True,,,,False
97416000ET1373,2024-07-08,True,,,,False
97411000DX0106,2025-05-15,True,,,,False
97416000EV1480,2025-05-30,True,,,,False
97423000AC0348,2024-01-14,True,,,,False
97422000BS1932,2025-03-04,False,,,,False
97412000AH0972,2024-10-30,False,,,,False
97418000AE0424,2025-08-26,True,,,,False
97422000EC0259,2024-07-30,False,,,,False
97407000BC0058,2024-01-09,False,,,,False
97416000CT1257,2024-10-16,False,,,,False
97416000CT1264,2025-05-19,False,,,,False
97412000CD0637,2024-08-19,False,,,,False
97415000EO1061,2025-02-21,False,,,,False
97401000AR0291,2025-11-27,False,,,,False
97406000AI1034,2025-10-02,False,,,,False
97404000AH0803,2025-01-28,False,,,,False
97416000DN0607,2025-08-29,True,,,,False
97413000CN1164,2025-11-26,False,,,,False
97412000AZ0951,2024-09-27,True,,,,False
97407000BD0165,2024-12-27,False,,,,False
97411000AD0260,2025-11-28,False,,,,False
97415000CO0465,2025-07-01,True,,,,False
97419000AI1063,2025-04-10,False,,,,False
97413000CU0951,2025-10-08,False,,,,False
97415000AH1170,2025-07-25,True,,,,False
97410000AE1081,2025-07-11,False,,,,False
97417000BD1433,2025-07-22,True,,,,False
97413000DE0787,2024-09-12,True,,,,False
97415000BZ0749,2024-05-10,False,,,,False
97415000AW2240,2024-09-25,False,,,,False
97421000AV1175,2024-04-10,False,,,,False
97416000EM0966,2025-08-27,False,,,,False
97416000EW1023,2025-08-28,True,,,,False
97411000IZ0421,2024-04-11,False,,,,False
97422000BI0871,2024-02-16,False,,,,False
97414000CS0722,2025-11-03,False,,,,False
97422000CY0057,2024-03-05,False,,,,False
97406000AH0664,2025-05-20,True,,,,False
97422000BY0432,2025-03-10,False,,,,False
97410000AS1250,2024-11-29,True,,,,False
97410000AC0613,2025-12-17,True,,,,False
97422000BV1894,2024-09-26,False,,,,False
97414000ET2305,2024-03-04,True,,,,False
97415000CH3237,2024-12-26,True,,,,False
97422000EK0132,2025-11-12,False,,,,False
97414000CV0989,2024-09-10,True,,,,False
97406000AR0244,2024-11-28,False,,,,False
97416000CW2816,2025-11-25,False,,,,False
97416000HR0420,2025-09-30,True,,,,False
97415000ET1715,2024-04-12,False,,,,False
97412000BN1051,2025-01-28,False,,,,False
97412000AM1993,2024-02-05,False,,,,False
97415000CV1239,2024-03-11,True,,,,False
97415000BV1326,2024-09-27,False,,,,False
97422000CR0524,2024-06-21,True,,,,False
97409000AL1957,2024-05-10,False,,,,False
97417000AT1361,2025-09-15,False,,,,False
97416000CZ2246,2025-03-18,True,,,,False
97422000AK1104,2024-11-22,False,,,,False
97414000CH1088,2025-06-12,True,,,,False
97403000AH0328,2025-09-08,True,,,,False
97422000AW0323,2025-12-16,False,,,,False
97401000AR0747,2025-12-03,False,,,,False
97424000AI2331,2024-04-26,True,,,,False
97414000CT1028,2024-07-25,False,,,,False
97411000IC0381,2024-07-16,True,,,,False
97424000AO0031,2024-03-15,True,,,,False
97415000HO0514,2024-03-01,False,,,,False
97410000AV0650,2024-05-10,False,,,,False
97405000AL1396,2024-08-01,False,,,,False
97404000AY0018,2024-09-26,True,,,,False
97415000CM2347,2024-11-02,True,,,,False
97408000AV0747,2025-10-10,False,,,,False
97406000AI1073,2025-07-18,False,,,,False
97416000EW0244,2024-06-10,False,,,,False
97424000AB0021,2025-01-15,False,,,,False
97416000ES1719,2025-07-09,False,,,,False
97410000AT1194,2025-11-27,False,,,,False
97411000BE0460,2024-02-09,False,,,,False
97412000BK0274,2025-04-18,False,,,,False
97421000AK0537,2025-12-08,True,,,,False
97405000AH0767,2025-08-28,True,,,,False
97409000AR2729,2024-12-06,False,,,,False
97415000CM0717,2024-02-21,False,,,,False
97415000BZ0875,2024-12-19,True,,,,False
97413000CX1965,2024-07-11,False,,,,False
97411000AO0471,2024-01-17,True,,,,False
97411000HS0390,2024-12-18,True,,,,False
97418000AS0698,2024-04-16,False,,,,False
97401000AS1046,2025-01-27,False,,,,False
97411000HB0377,2025-08-01,True,,,,False
97415000EN0242,2024-12-26,True,,,,False
97418000BO0326,2024-12-23,True,,,,False
97401000AP1138,2024-10-23,True,,,,False
97415000BV1599,2025-04-04,True,,,,False
97408000AC3724,2025-07-10,False,,,,False
97416000HY1748,2024-12-19,True,,,,False
97410000AW0229,2025-08-22,True,,,,False
97424000AI1709,2025-05-28,True,,,,False
97422000BV3180,2024-10-18,False,,,,False
97415000AV0904,2025-03-14,True,,,,False
97416000CX1243,2025-05-16,False,,,,False
97412000AH0996,2024-04-12,False,,,,False
97410000CD0911,2024-01-24,False,,,,False
97405000BI1181,2024-03-04,True,,,,False
97416000EX1731,2024-01-29,False,,,,False
97415000EW1424,2025-01-16,False,,,,False
97422000BN1446,2025-04-29,False,,,,False
97408000AW1164,2025-07-23,False,,,,False
97412000BM0905,2024-09-11,False,,,,False
97411000EX0037,2025-12-05,False,,,,False
97413000DG0164,2025-04-01,False,,,,False
97422000CI0198,2025-06-18,False,,,,False
97411000EV0340,2024-05-30,False,,,,False
97408000AP1657,2025-09-11,True,,,,False
97412000BM0764,2025-10-16,False,,,,False
97422000BD0775,2024-05-31,False,,,,False
97409000AV0633,2025-05-30,False,,,,False
97409000AP1823,2024-03-20,True,,,,False
97416000EK0161,2025-09-09,False,,,,False
97410000BN0298,2024-10-30,True,,,,False
97422000CN1267,2025-03-20,False,,,,False
97409000AN0734,2025-12-12,False,,,,False
97415000DR0469,2024-03-13,True,,,,False
97423000AE0313,2024-07-15,True,,,,False
97415000DM0979,2025-03-11,True,,,,False
97415000BO0714,2025-06-17,False,,,,False
97410000BS0129,2024-11-19,False,,,,False
97418000BN0029,2025-02-06,True,,,,False
97401000AO0217,2024-02-12,True,,,,False
97409000AB0968,2024-09-03,True,,,,False
97413000DI0301,2024-11-26,False,,,,False
97403000AL0270,2025-05-16,True,,,,False
97424000AD0095,2025-01-16,False,,,,False
97415000CZ1232,2025-12-01,False,,,,False
97416000ID0901,2024-06-27,False,,,,False
97408000AP1667,2025-09-11,True,,,,False
97411000EL0680,2024-08-30,True,,,,False
97416000CW1553,2024-07-17,True,,,,False
97401000AR0777,2024-09-16,True,,,,False
97411000DR0357,2024-12-12,False,,,,False
97423000AK1155,2025-07-22,False,,,,False
97411000AP0083,2025-12-17,False,,,,False
97422000CN1819,2024-09-06,False,,,,False
97406000AL0688,2024-11-05,True,,,,False
97401000AR0033,2025-12-12,True,,,,False
97422000BV3061,2025-04-08,True,,,,False
97412000BO0459,2024-11-07,False,,,,False
97422000BD1679,2024-10-17,False,,,,False
97414000ET2344,2025-10-28,False,,,,False
97411000HT0197,2025-10-06,False,,,,False
97422000AL0997,2025-04-04,True,,,,False
97416000EV0432,2025-06-06,False,,,,False
97411000KB0251,2025-02-07,False,,,,False
97415000DH0234,2024-09-04,False,,,,False
97410000AR1538,2024-04-23,True,,,,False
97414000DT1007,2025-09-17,False,,,,False
97415000BI0312,2024-05-24,False,,,,False
97420000BE0706,2025-07-30,False,,,,False
97416000CY0788,2024-12-05,True,,,,False
97411000AY0521,2024-07-08,True,,,,False
97422000BD3132,2025-06-30,False,,,,False
97415000AY1529,2024-10-30,True,,,,False
97411000EN0126,2025-01-10,False,,,,False
97403000AN0141,2024-09-24,True,,,,False
97407000BI0440,2024-07-22,True,,,,False
97422000BO1768,2025-11-28,False,,,,False
97418000AV1792,2024-05-22,True,,,,False
97418000AY0495,2024-12-16,True,,,,False
97405000AL0149,2024-02-29,True,,,,False
97403000AR1075,2024-09-24,True,,,,False
97409000AR2724,2025-01-14,False,,,,False
97415000EP1247,2025-11-26,False,,,,False
97401000AS0684,2024-06-04,False,,,,False
97422000BD1755,2025-01-31,False,,,,False
97408000AP1622,2025-09-11,True,,,,False
97416000HY1658,2024-11-22,False,,,,False
97412000CE2815,2024-04-24,True,,,,False
97415000BY0730,2025-10-08,False,,,,False
97401000AL0895,2024-02-14,False,,,,False
97422000BN3098,2025-11-26,False,,,,False
97413000BH0646,2025-09-25,False,,,,False
97422000CS1341,2025-05-06,False,,,,False
97410000AB0254,2025-05-05,False,,,,False
97421000AX0133,2024-11-04,False,,,,False
97410000BY0287,2025-12-11,True,,,,False
97416000EV0059,2025-04-17,False,,,,False
97403000AS1397,2025-05-30,False,,,,False
97411000HX0361,2025-07-25,False,,,,False
97422000AL0976,2025-01-14,False,,,,False
97405000BI1247,2024-02-05,True,,,,False
97414000DT0815,2025-03-07,True,,,,False
97422000BX1193,2025-08-19,False,,,,False
97416000HX0878,2025-04-29,False,,,,False
97422000BN2531,2025-05-30,False,,,,False
97410000BX0921,2024-07-30,True,,,,False
97422000CX1311,2024-01-30,False,,,,False
97416000CD0550,2024-02-27,True,,,,False
97409000AL2048,2024-12-26,True,,,,False
97415000BW2148,2025-06-30,True,,,,False
97405000AD0724,2024-09-20,False,,,,False
97420000AD0487,2025-11-05,True,,,,False
97415000DS0431,2024-11-19,True,,,,False
97414000EW0304,2024-08-19,False,,,,False
97423000AK2040,2024-04-26,False,,,,False
97409000AC1106,2025-09-15,False,,,,False
97414000EN4022,2024-10-25,False,,,,False
97411000CY0980,2024-10-09,True,,,,False
97422000CD0410,2024-11-20,False,,,,False
97413000CX2873,2025-12-10,False,,,,False
97416000CD0544,2025-05-28,True,,,,False
97418000AR2589,2024-10-21,True,,,,False
97408000AP1496,2024-04-19,False,,,,False
97409000BS0228,2024-08-29,False,,,,False
97421000AL0576,2024-07-31,True,,,,False
97409000AL2052,2024-12-26,True,,,,False
97411000HC0308,2025-06-17,True,,,,False
97402000AL0124,2024-09-13,False,,,,False
97408000AP1629,2025-09-11,True,,,,False
97417000BD1183,2025-09-04,True,,,,False
97412000BH0251,2024-05-06,False,,,,False
97415000EW1750,2025-11-03,False,,,,False
97410000AN0859,2025-11-27,True,,,,False
97411000CM0728,2025-07-11,True,,,,False
97401000AN1336,2025-09-08,False,,,,False
97422000BD1902,2025-08-26,True,,,,False
97410000CL0772,2024-07-24,False,,,,False
97412000BW0656,2024-10-24,True,,,,False
97422000AX1182,2025-12-08,True,,,,False
97408000AB0267,2025-10-09,False,,,,False
97414000DE1473,2025-04-10,False,,,,False
97422000BH1715,2024-06-28,False,,,,False
97416000EV0189,2025-04-09,True,,,,False
97410000AD0482,2024-08-30,True,,,,False
97420000BE0490,2024-02-28,False,,,,False
97414000EN2980,2025-08-27,True,,,,False
97408000AS0546,2025-12-31,False,,,,False
97416000CD0554,2025-04-23,True,,,,False
97422000CY0209,2025-07-30,False,,,,False
97414000EM0489,2024-06-19,True,,,,False
97412000BY0223,2024-06-25,False,,,,False
97411000HS0511,2024-07-31,True,,,,False
97414000DS0951,2025-08-22,False,,,,False
97422000AE0281,2024-09-24,False,,,,False
97411000AV0560,2025-03-05,False,,,,False
97413000CQ0437,2024-05-07,False,,,,False
97409000AE0242,2025-08-21,False,,,,False
97414000DV0601,2024-07-29,True,,,,False
97412000BE0450,2024-12-23,False,,,,False
97416000ET1849,2025-08-29,False,,,,False
97415000DI0079,2025-01-16,False,,,,False
97418000BM0496,2025-10-16,True,,,,False
97405000AM0882,2024-05-23,False,,,,False
97404000AL1629,2024-03-20,False,,,,False
97407000AK1120,2024-10-22,True,,,,False
97420000AI0910,2025-04-24,False,,,,False
97405000AL0268,2024-12-27,False,,,,False
97409000AS2130,2025-10-24,True,,,,False
97415000EY0164,2024-12-27,False,,,,False
97418000BE0166,2025-04-29,False,,,,False
97406000AV0976,2025-04-30,True,,,,False
97415000AX0659,2024-02-06,True,,,,False
97416000EX1197,2025-02-13,True,,,,False
97415000BZ0752,2024-10-15,True,,,,False
97411000CH0775,2024-01-18,False,,,,False
97422000AK1406,2024-05-22,True,,,,False
97422000BR1077,2024-07-08,False,,,,False
97416000CZ0833,2025-01-31,False,,,,False
97412000CR0003,2024-10-16,True,,,,False
97415000CW1081,2025-05-21,True,,,,False
97401000AD1571,2025-09-22,False,,,,False
97422000BD1665,2025-06-25,False,,,,False
97422000AL0995,2025-04-04,True,,,,False
97414000EL1357,2025-05-31,False,,,,False
97414000ET2345,2025-12-26,False,,,,False
97408000AN0621,2025-12-18,False,,,,False
97415000CO0369,2025-07-01,True,,,,False
97409000BS0129,2024-03-28,True,,,,False
97415000CW0830,2025-07-01,True,,,,False
97412000AM2015,2024-09-05,False,,,,False
97412000BX1036,2025-03-07,True,,,,False
97422000CN1296,2024-03-18,True,,,,False
97420000AS1234,2025-04-03,False,,,,False
97409000BD0293,2024-05-27,False,,,,False
97410000AN0840,2025-10-27,True,,,,False
97415000EY0398,2024-11-13,True,,,,False
97410000BI0556,2025-04-28,False,,,,False
97411000AT0454,2025-04-24,False,,,,False
97422000BV3055,2025-04-08,True,,,,False
97401000AR1650,2024-04-15,True,,,,False
97416000HN1461,2025-02-04,True,,,,False
97416000CT1034,2024-07-11,False,,,,False
97409000BE1584,2024-06-20,True,,,,False
97408000AX0363,2024-11-25,False,,,,False
97411000AE0184,2025-01-28,False,,,,False
97411000BH0744,2025-01-30,False,,,,False
97415000CW0852,2025-07-01,True,,,,False
97415000DR0461,2024-03-13,True,,,,False
97415000CP1448,2025-08-26,False,,,,False
97422000BK0004,2025-01-15,False,,,,False
97407000AO1566,2025-09-01,True,,,,False
97422000CS1511,2024-08-13,False,,,,False
97413000CX2538,2025-03-18,False,,,2026-08-31 19:23:11.129235+00:00,False
97414000CM0205,2024-12-30,True,,,,False
97415000DT1208,2024-08-13,True,,,,False
97416000DN0669,2025-09-18,True,,,,False
97401000AM1495,2025-03-26,True,,,,False
97415000CZ0581,2024-12-04,False,,,,False
97401000AR1732,2024-02-08,True,,,,False
97416000CY0422,2024-01-30,False,,,,False
97415000CT1168,2025-08-11,True,,,,False
97422000CX0986,2024-08-14,False,,,,False
97406000AH0198,2024-07-15,False,,,,False
97416000EL0725,2024-12-13,False,,,,False
97411000DP0312,2024-06-13,False,,,,False
97411000EI0329,2024-11-29,False,,,,False
97410000AC0663,2024-04-18,True,,,,False
97410000AI0525,2025-09-12,False,,,,False
97415000BI0629,2024-03-15,False,,,,False
97415000CD0490,2024-12-30,False,,,,False
97412000AW0198,2024-06-27,True,,,,False
97405000AN0351,2024-09-26,False,,,,False
97411000EN0181,2025-08-25,False,,,,False
97422000BT0898,2025-08-11,False,,,,False
97411000IH0344,2025-04-30,False,,,,False
97422000BW3620,2025-11-18,False,,,,False
97410000CL0965,2025-03-31,False,,,,False
97424000AI2244,2025-08-29,False,,,,False
97415000AS1913,2024-10-24,True,,,,False
97410000AN0827,2024-03-15,True,,,,False
97412000BW1348,2024-02-12,True,,,,False
97401000AO0025,2025-03-12,True,,,,False
97415000CO0265,2025-07-01,True,,,,False
97409000AV0421,2025-12-10,False,,,,False
97410000BX0873,2024-02-09,False,,,,False
97410000AL0425,2025-06-06,True,,,,False
97405000AW1214,2025-08-28,True,,,,False
97415000EO0979,2024-07-15,True,,,,False
97413000CX2803,2024-05-16,True,,,,False
97414000EL1876,2025-02-20,False,,,,False
97409000BH0263,2025-08-25,False,,,,False
97415000BP0969,2025-11-05,False,,,,False
97417000AX0262,2025-11-28,False,,,,False
97411000HX0163,2024-07-18,True,,,,False
97424000AE1273,2025-09-23,True,,,,False
97421000BC0403,2025-01-24,False,,,,False
97416000EH1026,2025-03-27,False,,,,False
97418000AW0624,2025-10-30,False,,,,False
97415000AX1097,2025-12-08,False,,,,False
97415000BI0217,2024-12-26,True,,,,False
97422000BD2859,2024-04-24,True,,,,False
97404000AS0369,2025-07-31,False,,,,False
97408000AT1736,2025-01-29,True,,,,False
97408000BO0580,2024-09-27,True,,,,False
97422000AP0199,2024-02-07,False,,,,False
97407000AE0529,2024-09-26,True,,,,False
97415000AX0987,2025-12-17,True,,,,False
97415000EW1164,2025-01-30,False,,,,False
97416000EK0475,2025-03-31,False,,,,False
97420000AZ0279,2025-03-07,True,,,,False
97407000AE0309,2025-05-27,False,,,,False
97412000CR0620,2024-03-08,False,,,,False
97403000AR1497,2024-10-30,False,,,,False
97423000AC0382,2024-01-14,True,,,,False
97422000DM0444,2024-03-29,False,,,,False
97422000EM0128,2025-07-29,False,,,,False
97416000ET1823,2024-09-20,False,,,,False
97418000BD0464,2024-07-03,False,,,,False
97404000AC1216,2024-04-08,False,,,,False
97413000CI0727,2024-05-06,False,,,,False
97416000EK0623,2025-06-26,False,,,,False
97409000AM0824,2025-11-17,False,,,,False
97412000BW2433,2024-05-10,False,,,,False
97414000CN0992,2024-02-22,False,,,,False
97404000AD1554,2024-06-27,True,,,,False
97409000BR0188,2025-11-19,True,,,,False
97424000AI0270,2025-12-08,False,,,,False
97409000AT1669,2025-03-17,True,,,,False
97419000AL0478,2024-07-26,False,,,,False
97414000DL0145,2024-02-07,False,,,,False
97418000BH0568,2025-09-09,False,,,,False
97416000CZ1812,2024-10-01,True,,,,False
97416000CV2316,2024-10-22,False,,,,False
97415000DK0763,2024-07-09,True,,,,False
97412000AT0967,2025-01-30,True,,,,False
97408000AN0783,2025-11-13,False,,,,False
97414000CH0770,2024-02-27,False,,,,False
97422000AX1480,2025-09-16,False,,,,False
97416000HL0331,2024-05-29,False,,,,False
97411000AV0242,2024-07-16,False,,,,False
97415000AY0186,2024-12-16,True,,,,False
97424000AM0344,2024-09-06,False,,,,False
97410000BV0784,2025-10-27,True,,,,False
97414000EM0479,2024-12-30,False,,,,False
97417000BC1095,2024-09-06,False,,,,False
97422000BD3450,2024-07-08,False,,,,False
97415000AY1577,2024-06-20,True,,,,False
97409000BD0575,2024-10-11,False,,,,False
97415000CO0247,2025-07-01,True,,,,False
97408000BM0036,2024-07-03,False,,,,False
97422000DH0991,2024-09-30,True,,,,False
97411000AL0042,2025-05-27,False,,,,False
97411000DR0313,2025-02-14,False,,,,False
97412000BX1654,2025-12-17,False,,,,False
97415000CP1951,2024-01-17,False,,,,False
97416000EX1808,2025-10-09,False,,,,False
97424000AM0924,2024-12-13,True,,,,False
97415000DT1230,2025-03-10,False,,,,False
97408000AT2040,2024-09-25,True,,,,False
97423000AC0393,2024-01-14,True,,,,False
97401000AR1615,2024-01-22,False,,,,False
97415000ET1706,2025-12-16,False,,,,False
97412000BP0463,2024-12-12,True,,,,False
97413000CM0257,2024-09-09,True,,,,False
97422000BS2052,2024-08-27,False,,,,False
97416000ET1573,2024-04-22,False,,,,False
97416000EI1426,2024-07-22,False,,,,False
97411000AY0567,2024-11-25,True,,,,False
97415000BW0698,2024-04-30,True,,,,False
97416000HY1236,2024-09-06,True,,,,False
97411000EP0256,2025-01-31,True,,,,False
97422000DH0993,2024-07-10,True,,,,False
97420000AC1116,2025-09-02,False,,,,False
97415000EO1063,2025-10-10,True,,,,False
97415000AZ1707,2024-12-19,True,,,,False
97416000DT0817,2024-11-14,False,,,,False
97422000BN0809,2025-08-12,False,,,,False
97416000DE1805,2024-08-09,True,,,,False
97410000BM0085,2025-07-29,True,,,,False
97411000KE0452,2025-03-12,True,,,,False
97408000BR0088,2025-08-27,False,,,,False
97410000BN0560,2025-10-30,True,,,,False
97416000ET2153,2024-05-14,True,,,,False
97408000AP1670,2025-09-11,True,,,,False
97415000AX0991,2025-12-17,True,,,,False
97414000CI0781,2025-09-05,False,,,,False
97402000AC0119,2024-01-23,True,,,,False
97415000DR0739,2025-07-07,True,,,,False
97418000AW0747,2024-04-17,False,,,,False
97410000BL0009,2024-03-20,False,,,,False
97409000AL2059,2024-12-26,True,,,,False
97411000HS0406,2024-12-18,True,,,,False
97422000BV2850,2025-01-20,False,,,,False
97422000BO1871,2025-09-30,False,,,,False
97414000HE0040,2024-02-02,False,,,,False
97405000AK1739,2024-11-13,False,,,,False
97411000AN0692,2025-11-21,False,,,,False
97401000AO0988,2024-02-12,True,,,,False
97415000AZ0166,2024-04-04,False,,,,False
97415000CW0911,2025-07-01,True,,,,False
97403000AP1024,2024-09-24,False,,,,False
97407000AM1464,2025-11-04,True,,,,False
97412000AN0436,2025-01-31,True,,,,False
97401000AM1704,2025-12-16,False,,,,False
97412000BW0616,2025-03-28,False,,,,False
97411000DX0007,2024-04-29,False,,,,False
97412000BK1998,2024-09-16,False,,,,False
97411000DK0004,2025-08-18,False,,,,False
97402000AH1280,2025-10-10,False,,,,False
97416000DH0935,2025-09-26,True,,,,False
97415000EH0512,2024-01-31,True,,,,False
97416000HY1564,2024-02-09,True,,,,False
97412000CS0406,2025-07-29,False,,,,False
97411000AM0103,2025-10-20,False,,,,False
97413000CH0915,2025-08-22,True,,,,False
97415000CW1109,2025-11-24,False,,,,False
97416000IK0214,2025-07-25,False,,,,False
97411000HM0184,2025-04-25,False,,,,False
97415000DN0518,2024-08-22,False,,,,False
97424000AD0122,2025-01-16,False,,,,False
97404000AH0512,2024-02-22,False,,,,False
97422000BW2946,2024-05-14,True,,,,False
97424000AE0903,2024-05-15,False,,,,False
97416000EI0847,2024-08-09,False,,,,False
97406000AW1143,2024-12-05,False,,,,False
97422000CO0494,2025-08-28,False,,,,False
97416000CZ1506,2025-10-21,False,,,,False
97411000AS0287,2025-01-29,False,,,,False
97414000EW0410,2024-05-22,True,,,,False
97416000IK0018,2024-01-25,False,,,,False
97405000AR1187,2025-07-07,False,,,,False
97420000BC1429,2025-04-10,False,,,,False
97414000CM0208,2024-12-30,True,,,,False
97412000AW0499,2025-03-11,True,,,,False
97420000AO0645,2025-03-25,False,,,,False
97416000HN1471,2025-02-04,True,,,,False
97422000AV0905,2024-11-29,False,,,,False
97413000CH0472,2024-02-02,False,,,,False
97422000CP0704,2024-12-11,False,,,,False
97405000AK1744,2024-11-22,False,,,,False
97414000ET0841,2024-11-07,False,,,,False
97408000AW1291,2025-04-09,False,,,,False
97409000AV0880,2025-12-10,False,,,,False
97422000AP0776,2025-09-18,True,,,,False
97404000AI2037,2025-03-04,False,,,,False
97407000AH0342,2025-10-02,True,,,,False
97412000CX0091,2025-07-29,False,,,,False
97416000IH0066,2024-12-02,False,,,,False
97412000AO0257,2025-01-21,False,,,,False
97416000IB0402,2024-05-30,False,,,,False
97422000CN0121,2025-06-04,True,,,,False
97407000BE0256,2025-07-03,False,,,,False
97412000CE2821,2024-08-02,True,,,,False
97411000DI0315,2024-09-19,True,,,,False
97405000AK1379,2025-05-12,False,,,,False
97416000HW0066,2025-10-13,False,,,,False
97411000DT0254,2024-08-06,False,,,,False
97410000BX1706,2024-11-06,False,,,,False
97415000DE0945,2024-10-31,False,,,,False
97411000KE0388,2025-07-21,True,,,,False
97416000HY1664,2024-08-09,False,,,,False
97415000CM2351,2024-11-02,True,,,,False
97411000IO0014,2025-08-07,False,,,,False
97411000IA0120,2025-05-20,False,,,,False
97409000BL0203,2024-06-25,True,,,,False
97422000AX1689,2025-04-01,False,,,,False
97403000AR0447,2024-10-18,False,,,,False
97408000AN1009,2025-11-28,False,,,,False
97416000EH1143,2025-10-01,False,,,,False
97416000HO0750,2025-03-07,False,,,,False
97411000BZ0965,2024-06-06,False,,,,False
97407000AX0224,2025-03-14,True,,,,False
97413000CW0232,2024-05-02,True,,,,False
97408000AO1057,2024-03-11,False,,,,False
97405000AW1688,2024-07-16,False,,,,False
97414000EK0478,2025-01-31,False,,,,False
97412000AM1352,2025-06-27,False,,,,False
97403000AO0788,2025-05-26,False,,,,False
97415000BV0606,2025-02-11,True,,,,False
97422000DE0513,2024-08-12,False,,,,False
97402000AD1130,2024-04-05,False,,,,False
97414000ES1062,2025-02-13,False,,,,False
97424000AI1828,2025-02-25,True,,,,False
97415000ET1378,2025-08-29,False,,,,False
97411000BH0210,2024-12-09,False,,,,False
97411000EL0158,2025-12-17,True,,,,False
97405000AX0220,2024-05-15,False,,,,False
97412000CZ0726,2024-10-24,False,,,,False
97415000EW0816,2025-03-20,True,,,,False
97415000BW0357,2024-03-01,False,,,,False
97405000AV0478,2025-08-21,False,,,,False
97420000AS1020,2024-07-04,False,,,,False
97411000IL0612,2025-05-05,True,,,,False
97415000DM0497,2024-10-30,False,,,,False
97422000EN0136,2025-09-01,True,,,,False
97415000BH0271,2025-10-14,True,,,,False
97412000AO0394,2025-01-29,False,,,,False
97415000EY1091,2025-05-06,False,,,,False
97422000AP1244,2024-05-10,True,,,,False
97411000HX0162,2024-07-18,True,,,,False
97409000AL1912,2025-01-16,False,,,,False
97409000AE0237,2025-03-26,False,,,,False
97422000CH0223,2024-12-30,False,,,,False
97412000BC0821,2025-08-07,False,,,,False
97412000CY0640,2024-04-09,True,,,,False
97416000CR0401,2025-11-12,False,,,,False
97409000AL0763,2024-07-15,False,,,,False
97416000EZ0760,2025-08-22,True,,,,False
97411000AT0085,2025-08-20,False,,,,False
97404000AD1206,2025-10-21,False,,,,False
97422000BO1720,2025-08-28,True,,,,False
97409000BD0150,2025-10-23,False,,,,False
97412000AX0687,2025-05-21,True,,,,False
97417000AI0111,2024-03-12,True,,,,False
97410000AS1388,2024-11-29,True,,,,False
97415000CS0939,2024-10-31,False,,,,False
97415000ER1746,2024-12-13,True,,,,False
97422000BP0956,2025-03-25,False,,,,False
97424000AM0417,2024-09-06,False,,,,False
97405000BI1269,2024-10-21,True,,,,False
97401000AP1431,2025-12-17,False,,,,False
97415000AT0650,2025-02-27,False,,,,False
97413000DE2513,2025-06-23,False,,,,False
97411000HW0537,2024-04-30,False,,,,False
97415000AB0841,2025-09-30,True,,,,False
97415000EW0527,2024-02-28,True,,,,False
97416000EM0863,2025-08-28,True,,,,False
97413000DK0364,2025-03-20,False,,,,False
97415000EO1064,2025-10-10,True,,,,False
97408000BM0117,2025-11-27,False,,,,False
97422000CM0350,2025-11-27,False,,,,False
97423000AC0334,2024-01-14,True,,,,False
97406000AT0484,2024-04-04,True,,,,False
97422000CI0514,2024-03-15,False,,,,False
97412000CS0082,2025-04-11,True,,,,False
97404000AL1375,2025-02-18,False,,,,False
97409000BE1588,2024-10-31,False,,,,False
97410000AN0812,2025-10-29,True,,,,False
97415000AW0786,2024-12-27,False,,,,False
97415000EP1189,2024-03-20,True,,,,False
97422000BD2341,2024-12-30,True,,,,False
97411000AY0387,2025-06-21,False,,,,False
97422000BH1077,2025-06-17,False,,,,False
97422000BI1131,2024-09-02,True,,,,False
97405000AD0420,2024-01-03,True,,,,False
97410000AN0223,2025-06-05,False,,,,False
97411000HA0147,2025-04-25,False,,,,False
97415000DS1005,2025-07-21,False,,,,False
97416000HZ0031,2025-07-30,False,,,,False
97412000CD0891,2024-05-29,False,,,,False
97401000AP1102,2025-02-17,False,,,,False
97415000EY1489,2024-06-18,True,,,,False
97418000AT0362,2025-07-21,True,,,,False
97405000AL0642,2024-02-29,True,,,,False
97412000CW0751,2024-12-13,True,,,,False
97422000BP0758,2025-10-13,False,,,,False
97415000CO0499,2025-07-01,True,,,,False
97422000EN0303,2025-11-07,False,,,,False
97416000EN1259,2025-10-28,True,,,,False
97420000AB0749,2025-06-06,False,,,,False
97411000HS0469,2024-12-18,False,,,,False
97422000AS0008,2025-01-31,False,,,,False
97409000AL0623,2024-12-26,True,,,,False
97415000ET1418,2025-12-11,False,,,,False
97422000BT1217,2025-12-30,True,,,,False
97412000BL1197,2025-08-01,False,,,,False
97411000HD0301,2024-03-12,True,,,,False
97415000BS0120,2024-02-05,False,,,,False
97409000BL0212,2024-06-25,True,,,,False
97422000BP0732,2025-04-29,False,,,,False
97422000DK0397,2025-08-22,True,,,,False
97415000AZ1525,2024-09-24,False,,,,False
97410000AW0028,2025-12-26,True,,,,False
97415000CO0496,2025-07-01,True,,,,False
97404000AC0808,2025-10-28,True,,,,False
97408000BO0386,2025-12-22,True,,,,False
97415000EW1973,2025-10-13,True,,,,False
97412000CH0267,2024-06-19,True,,,,False
97409000AV0643,2025-04-04,True,,,,False
97415000AT0410,2024-09-13,False,,,,False
97415000EL0522,2025-06-04,True,,,,False
97401000AD1078,2025-05-30,True,,,,False
97416000HX0058,2025-12-11,False,,,,False
97411000EP0238,2025-11-07,True,,,,False
97422000BM0490,2024-05-14,False,,,,False
97415000AW2397,2025-11-24,True,,,,False
97409000AR1878,2025-12-05,True,,,,False
97411000AS0200,2024-02-16,False,,,,False
97424000AI1503,2025-02-17,False,,,,False
97416000DO0011,2025-08-19,False,,,,False
97414000CR0385,2025-08-25,True,,,,False
97406000AM0973,2024-02-27,False,,,,False
97416000IM0905,2025-07-22,False,,,,False
97410000BH0705,2024-11-21,False,,,,False
97422000CM0864,2025-03-24,True,,,,False
97414000CO1595,2024-11-20,True,,,,False
97409000AK0987,2024-12-16,True,,,,False
97416000DE0461,2025-04-10,False,,,,False
97422000BP1954,2025-04-08,True,,,,False
97414000EX0836,2024-07-25,True,,,,False
97411000DT0288,2024-05-15,True,,,,False
97414000CI0552,2024-01-09,True,,,,False
97416000EN1479,2024-10-28,False,,,,False
97415000AY1570,2024-03-04,False,,,,False
97424000AO1236,2024-05-28,False,,,,False
97410000BW1108,2024-11-21,False,,,,False
97424000AD0080,2025-01-16,False,,,,False
97409000AZ0599,2024-09-20,False,,,,False
97411000CP0476,2024-12-13,False,,,,False
97409000AO0385,2024-04-15,True,,,,False
97415000HM0204,2024-11-08,False,,,,False
97414000CH0636,2024-10-24,False,,,,False
97409000BO0172,2024-07-26,False,,,,False
97409000AL1926,2024-07-19,False,,,,False
97415000AY0401,2025-12-29,False,,,,False
97411000CM0510,2025-07-11,True,,,,False
97401000AO0903,2024-11-08,False,,,,False
97412000BM0947,2025-03-07,True,,,,False
97404000AS0183,2025-06-24,False,,,,False
97406000AO0479,2024-11-14,True,,,,False
97416000EI0657,2024-09-03,False,,,,False
97415000EO1091,2024-12-24,True,,,,False
97416000HM0320,2025-05-26,False,,,,False
97423000AC0389,2024-01-14,True,,,,False
97422000DO0906,2025-04-01,True,,,,False
97416000CS1602,2024-10-14,False,,,,False
97412000AM2075,2025-02-11,True,,,,False
97416000EY1440,2025-09-30,False,,,,False
97415000AW0070,2025-10-13,False,,,,False
97416000HZ0111,2025-12-17,False,,,,False
97415000CO0356,2025-07-01,True,,,,False
97415000EY1808,2025-11-24,False,,,,False
97410000BK0082,2024-03-25,True,,,,False
97410000AB1033,2025-03-19,False,,,,False
97410000BD0372,2024-06-25,True,,,,False
97415000AY0194,2024-12-16,True,,,,False
97410000BM0923,2025-05-22,False,,,,False
97405000AK0466,2025-11-25,False,,,,False
97411000IR0077,2024-11-15,True,,,,False
97401000AM0088,2024-08-01,False,,,,False
97416000EX0967,2025-01-17,False,,,,False
97410000AD0919,2024-04-16,True,,,,False
97402000AI0951,2024-12-12,True,,,,False
97411000AS0435,2024-09-17,False,,,,False
97409000AS0915,2024-10-30,False,,,,False
97412000AZ0948,2025-08-18,False,,,,False
97415000EP1230,2025-12-26,True,,,,False
97413000CQ0770,2024-09-20,True,,,,False
97412000BZ0332,2024-10-17,False,,,,False
97414000EO1369,2024-11-05,True,,,,False
97422000BO1716,2025-08-28,True,,,,False
97420000BC1866,2024-12-19,True,,,,False
97415000DK1112,2024-12-17,True,,,,False
97420000BH2083,2024-09-12,True,,,,False
97414000CY0379,2024-11-16,False,,,,False
97423000AC0347,2024-01-14,True,,,,False
97415000ER1086,2024-06-28,False,,,,False
97413000CQ0159,2025-11-20,False,,,,False
97410000AS1429,2025-03-10,False,,,,False
97405000AL0714,2024-06-05,False,,,,False
97414000DM0018,2025-10-29,False,,,,False
97419000AS0721,2024-08-21,False,,,,False
97408000AO1907,2025-02-21,True,,,,False
97415000DY0160,2024-03-28,True,,,,False
97418000AS1270,2024-12-23,True,,,,False
97418000AS1064,2024-07-09,True,,,,False
97408000AC3424,2024-02-20,True,,,,False
97415000BW2058,2025-08-20,False,,,,False
97410000AP0560,2024-07-04,True,,,,False
97416000HX1230,2024-12-20,False,,,,False
97415000BH0267,2025-10-14,True,,,,False
97416000DX0306,2024-01-18,False,,,,False
97402000AH1803,2025-12-18,False,,,,False
97412000BM1373,2025-03-31,False,,,,False
97417000AT0495,2024-09-04,True,,,,False
97413000DC1561,2025-04-30,True,,,,False
97412000AP0752,2024-04-08,False,,,,False
97416000CV1747,2025-03-04,True,,,,False
97405000AP0093,2024-06-28,True,,,,False
97414000EO0461,2024-10-02,False,,,,False
97415000CX1365,2025-12-02,False,,,,False
97412000CN0169,2024-03-01,True,,,,False
97414000EL2526,2024-09-05,True,,,,False
97422000EN0680,2024-09-27,False,,,,False
97406000AM0511,2024-12-09,False,,,,False
97413000AV2316,2025-10-14,True,,,,False
97412000AM2065,2025-03-24,False,,,,False
97416000EI1430,2024-02-19,True,,,,False
97411000BD1079,2024-12-09,False,,,,False
97416000DM0871,2025-04-30,True,,,,False
97422000BR1860,2025-08-26,False,,,,False
97418000AT2381,2024-11-28,False,,,,False
97415000EO1101,2025-02-11,True,,,,False
97411000IL0037,2024-01-10,False,,,,False
97416000HL0386,2024-03-28,False,,,,False
97419000AI0362,2024-01-26,True,,,,False
97424000AI2242,2025-03-11,False,,,,False
97402000AN0239,2024-02-28,False,,,,False
97420000AO0594,2025-06-05,False,,,,False
97414000ET2334,2025-05-27,False,,,,False
97415000CX0216,2024-03-22,False,,,,False
97416000ET0668,2024-11-13,False,,,,False
97415000CT1229,2025-07-01,True,,,,False
97410000AD0918,2024-04-16,True,,,,False
97412000BX1854,2025-05-14,True,,,,False
97410000BE1194,2024-01-26,False,,,,False
97414000CP0510,2024-04-22,True,,,,False
97412000AW0150,2025-03-11,True,,,,False
97407000AH1355,2024-12-30,True,,,,False
97413000CY1471,2024-12-23,True,,,,False
97404000AL1723,2024-02-21,False,,,,False
97415000EH0513,2024-03-29,True,,,,False
97415000DV0542,2024-05-29,False,,,,False
97418000AC1356,2025-10-16,True,,,,False
97412000AM2056,2024-08-14,False,,,,False
97414000EL2146,2025-04-08,False,,,,False
97422000CL1093,2024-12-23,False,,,,False
97411000AE0456,2024-06-11,False,,,,False
97422000BD2920,2024-03-29,False,,,,False
97411000CM0926,2024-10-31,True,,,,False
97413000CH0917,2025-03-31,False,,,,False
97411000BZ1640,2025-08-12,True,,,,False
97411000CD0763,2025-11-14,True,,,,False
97422000CS0667,2024-04-04,False,,,,False
97418000AP2491,2024-02-20,False,,,,False
97409000BI0784,2025-03-28,False,,,,False
97409000AL1869,2024-12-23,False,,,,False
97415000CL0623,2025-12-09,False,,,,False
97422000BV1053,2024-01-29,False,,,,False
97408000AC2310,2024-07-02,True,,,,False
97413000CR1047,2024-07-05,False,,,,False
97416000HP0796,2024-01-25,True,,,,False
97415000CM0609,2025-12-11,False,,,,False
97412000AZ0927,2024-09-06,True,,,,False
97422000AR0298,2025-10-27,False,,,,False
97409000AS1886,2025-05-27,False,,,,False
97414000EN4149,2024-10-10,False,,,,False
97402000AK0223,2024-12-05,False,,,,False
97411000BP0591,2024-04-10,True,,,,False
97415000CY1187,2024-11-25,False,,,,False
97416000EX1897,2025-12-22,True,,,,False
97422000BD1157,2024-03-28,False,,,,False
97408000AP0937,2024-07-08,False,,,,False
97415000AZ1984,2024-05-10,True,,,,False
97415000CT3067,2025-02-24,False,,,,False
97409000AX1096,2024-09-12,False,,,,False
97415000AB0596,2025-07-29,True,,,,False
97422000AL0994,2025-04-04,True,,,,False
97422000BH0933,2025-08-14,False,,,,False
97417000BH0336,2024-03-22,False,,,,False
97401000AR1606,2024-01-22,True,,,,False
97416000HN0853,2024-06-27,True,,,,False
97411000HI0529,2025-12-10,False,,,,False
97415000EV0862,2024-03-06,True,,,,False
97415000CH3319,2025-10-28,False,,,,False
97411000AD0053,2025-11-10,False,,,,False
97412000BW0748,2024-10-28,False,,,,False
97413000DE1638,2025-09-26,False,,,,False
97411000CR0590,2024-09-16,False,,,,False
97412000AM0765,2025-09-23,False,,,,False
97411000HY0164,2024-05-21,True,,,,False
97421000AP0309,2024-05-30,True,,,,False
97415000DM1461,2024-12-10,True,,,,False
97422000BP2131,2025-07-01,False,,,,False
97402000AH2009,2025-06-23,False,,,,False
97422000DE0517,2025-07-11,False,,,,False
97404000AH1027,2025-04-07,True,,,,False
97411000IW0117,2024-02-02,True,,,,False
97414000CH1972,2025-12-29,False,,,,False
97411000AY0287,2024-10-09,False,,,,False
97406000AI1074,2025-05-22,False,,,,False
97403000AS1049,2025-01-17,True,,,,False
97413000CQ0856,2024-04-12,False,,,,False
97415000EO1019,2024-07-25,True,,,,False
97418000AV0725,2025-09-02,False,,,,False
97415000HN0152,2024-05-07,True,,,,False
97415000CZ0899,2025-12-19,False,,,,False
97416000EV0631,2025-08-29,True,,,,False
97415000BO0421,2024-06-18,True,,,,False
97422000CX1006,2025-06-30,False,,,,False
97420000AB1983,2025-06-05,True,,,,False
97415000CW0816,2025-07-01,True,,,,False
97412000AZ0950,2024-09-27,True,,,,False
97412000BM1179,2025-11-18,False,,,,False
97418000AT1753,2024-12-23,True,,,,False
97415000AW1996,2024-04-11,False,,,,False
97409000AZ1065,2025-08-22,True,,,,False
97420000BD0714,2025-01-28,True,,,,False
97410000AW0452,2025-12-31,True,,,,False
97416000HX0567,2024-12-20,False,,,,False
97416000HY0581,2025-03-03,True,,,,False
97414000HD0280,2024-10-11,False,,,,False
97418000AS0524,2024-03-19,False,,,,False
97409000BI0834,2025-11-27,False,,,,False
97423000AK2032,2025-09-09,True,,,,False
97415000HR0162,2024-07-08,True,,,,False
97422000BP1967,2025-04-08,True,,,,False
97412000CZ0719,2024-05-14,False,,,,False
97415000BW0856,2024-04-30,True,,,,False
97415000CD0405,2024-09-19,False,,,,False
97405000BH0977,2024-11-22,True,,,,False
97422000CN1073,2025-10-21,False,,,,False
97422000BH2058,2024-07-24,False,,,,False
97417000AT1009,2025-05-13,False,,,,False
97416000CS0838,2025-11-14,True,,,,False
97417000BC0103,2024-12-17,True,,,,False
97422000AD1276,2025-05-30,False,,,,False
97422000BS1866,2024-04-03,False,,,,False
97414000EN4152,2025-11-13,False,,,,False
97405000BI1205,2024-10-17,False,,,,False
97416000DN0682,2025-10-10,True,,,,False
97418000AP1115,2025-07-30,False,,,,False
97410000BX1026,2025-06-06,True,,,,False
97416000EV1071,2024-08-20,False,,,,False
97416000EK0223,2024-02-28,False,,,,False
97404000AY0600,2025-10-30,True,,,,False
97416000IK0519,2024-03-21,True,,,,False
97409000AR0244,2025-11-14,True,,,,False
97418000AX0068,2024-08-29,True,,,,False
97401000AR1604,2024-01-22,False,,,,False
97411000CM0492,2025-11-25,False,,,,False
97415000ET1754,2025-09-09,False,,,,False
97414000EL2009,2024-07-08,False,,,,False
97414000EV0557,2025-07-10,True,,,,False
97414000CM0217,2024-12-30,True,,,,False
97412000BL0618,2025-07-10,True,,,,False
97403000AS2104,2025-02-14,False,,,,False
97422000BL0146,2024-06-24,False,,,,False
97416000CX1356,2025-02-04,True,,,,False
97422000CD0175,2025-02-26,False,,,,False
97418000AT2268,2024-08-30,True,,,,False
97413000AV2052,2024-11-20,True,,,,False
97401000AD0307,2025-01-29,False,,,,False
97415000AB0846,2025-11-14,False,,,,False
97412000AM0770,2024-07-24,False,,,,False
97416000HN0671,2025-10-21,False,,,,False
97423000AK2064,2024-12-23,False,,,,False
97413000CX2686,2024-06-18,False,,,,False
97422000BV3178,2024-07-31,False,,,,False
97412000BP0278,2024-12-12,True,,,,False
97422000DL0630,2024-08-23,False,,,,False
97412000CY0513,2025-09-26,False,,,,False
97416000ET2147,2024-03-11,True,,,,False
97422000BT1450,2025-07-09,False,,,,False
97411000DR0740,2024-12-24,True,,,,False
97410000BK0500,2025-06-25,True,,,,False
97411000AM0146,2024-08-23,False,,,,False
97411000HO0050,2025-11-28,False,,,,False
97415000EW1235,2025-03-11,True,,,,False
97415000AX1007,2025-08-18,False,,,,False
97416000IC0673,2024-11-26,False,,,,False
97410000BL0371,2025-12-18,True,,,,False
97415000CV1170,2025-04-17,False,,,,False
97421000AL0615,2025-02-06,False,,,,False
97408000AS0572,2025-10-29,True,,,,False
97415000CH3235,2024-12-26,True,,,,False
97405000AK1858,2025-01-31,False,,,,False
97409000AW0477,2025-05-13,False,,,,False
97422000BO1771,2025-12-30,False,,,,False
97407000BA0183,2024-01-25,False,,,,False
97412000CO0246,2025-09-29,False,,,,False
97412000CW0492,2025-04-23,False,,,,False
97419000AN0385,2025-10-01,False,,,,False
97415000DI0641,2024-10-30,False,,,,False
97404000AR0294,2025-01-31,False,,,,False
97416000HI0243,2024-03-08,False,,,,False
97407000AK0027,2024-11-29,False,,,,False
97416000DE0945,2024-09-27,False,,,,False
97413000CX2189,2025-08-18,True,,,,False
97413000DE1210,2024-03-21,False,,,,False
97415000CS0763,2024-09-09,False,,,,False
97415000CO0295,2025-07-01,True,,,,False
97413000CX2859,2025-11-28,True,,,,False
97415000AV0370,2024-11-15,True,,,,False
97422000BW2803,2025-04-03,True,,,,False
97416000HP0347,2025-07-15,True,,,,False
97414000EN3810,2024-02-02,True,,,,False
97414000CH1230,2025-10-31,False,,,,False
97422000BV2042,2025-10-02,True,,,,False
97412000BY1816,2025-05-19,False,,,,False
97415000CM0649,2025-10-29,True,,,,False
97415000HP0064,2024-10-17,True,,,,False
97414000DH1254,2025-03-27,False,,,,False
97415000BO0971,2025-12-31,False,,,,False
97410000BX1905,2024-04-17,False,,,,False
97416000DS0990,2025-03-20,True,,,,False
97413000CO0772,2024-02-29,False,,,,False
97417000AI0126,2024-01-30,False,,,,False
97412000CL0247,2025-08-01,True,,,,False
97417000AY0111,2024-05-14,False,,,,False
97412000BW1198,2025-12-08,False,,,,False
97414000HK0108,2025-09-23,False,,,,False
97416000CS1538,2024-02-29,True,,,,False
97416000CZ1002,2025-11-12,False,,,,False
97422000DL0564,2024-04-29,False,,,,False
97411000EP0262,2025-01-31,True,,,,False
97411000HO0032,2024-03-29,True,,,,False
97412000CZ0892,2025-10-16,False,,,,False
97420000AZ0417,2025-10-23,False,,,,False
97411000HE0585,2024-10-28,True,,,,False
97422000EN0065,2024-11-05,True,,,,False
97411000BN0276,2024-10-01,False,,,,False
97412000CD1576,2025-12-29,False,,,,False
97409000AY0829,2025-02-14,False,,,,False
97416000ET2219,2025-11-27,True,,,,False
97411000BZ0330,2024-10-08,False,,,,False
97411000HX0045,2024-09-10,False,,,,False
97416000CS1647,2024-04-16,True,,,,False
97405000AD0719,2024-07-15,True,,,,False
97415000AW2331,2025-08-29,False,,,,False
97423000AB1331,2024-05-23,True,,,,False
97422000CR0171,2025-03-14,False,,,,False
97412000CW1059,2025-06-26,True,,,,False
97414000DL0017,2025-10-24,False,,,,False
97416000CS1385,2024-11-08,True,,,,False
97414000EV0226,2025-09-12,False,,,,False
97411000IZ0273,2024-02-02,False,,,,False
97416000HY1343,2024-08-05,True,,,,False
97411000EZ0061,2025-01-21,False,,,,False
97410000AS1392,2024-11-29,True,,,,False
97422000BD3762,2025-11-06,False,,,,False
97411000EK0119,2025-04-04,False,,,,False
97416000CZ0850,2024-10-31,True,,,,False
97409000BI0115,2024-05-03,False,,,,False
97405000AN0279,2024-11-12,True,,,,False
97408000AP1676,2025-09-11,True,,,,False
97414000CW0613,2025-07-10,True,,,,False
97413000DM0051,2025-03-28,False,,,,False
97415000ER1742,2025-03-19,False,,,,False
97422000CX1278,2025-10-31,True,,,,False
97415000EO1087,2024-04-05,True,,,,False
97422000BK1642,2025-12-15,True,,,,False
97411000BX0296,2024-07-11,True,,,,False
97414000ER0753,2024-05-15,False,,,,False
97414000HI0908,2025-11-03,False,,,,False
97415000BZ0904,2024-12-19,True,,,,False
97415000DE1200,2024-02-28,True,,,,False
97415000AT0548,2025-03-04,True,,,,False
97424000AD0366,2024-04-29,True,,,,False
97409000AP0898,2024-03-20,True,,,,False
97418000BE0128,2024-08-12,False,,,,False
97411000DM0297,2024-06-05,False,,,,False
97409000BM0590,2024-07-29,True,,,,False
97415000BZ0636,2024-12-19,True,,,,False
97415000CM2371,2024-05-31,False,,,,False
97418000AT0661,2025-03-07,False,,,,False
97407000AK1298,2024-10-22,True,,,,False
97422000CL1495,2025-06-30,False,,,,False
97414000EX0834,2024-07-25,True,,,,False
97417000AN0338,2024-04-30,False,,,,False
97415000EY0165,2025-06-23,False,,,,False
97417000BD0417,2024-05-23,False,,,,False
97413000CG0944,2025-09-09,True,,,,False
97415000AB0798,2025-12-30,True,,,,False
97410000AE0538,2025-03-28,True,,,,False
97418000AT2321,2024-02-29,False,,,,False
97403000AR0523,2025-08-01,False,,,,False
97407000AX0207,2024-11-19,False,,,,False
97416000DT0652,2025-09-23,True,,,,False
97413000BD0083,2024-02-20,False,,,,False
97412000BN1019,2025-07-07,False,,,,False
97412000AL0407,2025-05-05,True,,,,False
97408000BO0405,2024-01-02,False,,,,False
97422000BP1390,2025-10-07,False,,,,False
97423000AC0349,2024-01-14,True,,,,False
97401000AI0523,2025-06-30,True,,,,False
97411000AT0404,2025-08-22,False,,,,False
97404000AH0517,2024-08-19,False,,,,False
97415000CO0286,2025-07-01,True,,,,False
97414000HH0440,2025-07-24,False,,,,False
97422000BR1806,2024-07-11,True,,,,False
97414000EV0778,2025-07-10,True,,,,False
97411000DW0166,2025-06-27,True,,,,False
97409000AX0985,2025-09-16,True,,,,False
97415000DM0976,2025-10-30,True,,,,False
97418000AT1805,2025-12-12,False,,,,False
97412000AH1245,2025-12-01,False,,,,False
97414000HH0504,2024-05-30,True,,,,False
97415000BZ0753,2024-10-29,True,,,,False
97422000AX1593,2025-12-08,True,,,,False
97415000DM1109,2024-04-26,True,,,,False
97422000AS0752,2024-05-27,True,,,,False
97415000CT3018,2025-09-29,True,,,,False
97415000CO0319,2025-01-22,False,,,,False
97416000CW2828,2024-07-31,True,,,,False
97422000BY0170,2025-03-26,False,,,,False
97406000AW0982,2024-05-02,False,,,,False
97416000HY1792,2025-10-14,True,,,,False
97405000AL1148,2024-05-15,True,,,,False
97402000AC0468,2025-12-19,True,,,,False
97407000AH1377,2024-12-11,True,,,,False
97414000CT1114,2024-04-30,True,,,,False
97418000AP4385,2025-05-28,False,,,,False
97415000CP1129,2024-12-30,True,,,,False
97413000DJ0591,2025-02-24,False,,,,False
97422000BZ0235,2024-12-26,False,,,,False
97407000AH1383,2025-04-11,False,,,,False
97408000BO0381,2025-08-13,True,,,,False
97411000BD1147,2025-06-25,False,,,,False
97411000AL0309,2024-08-30,False,,,,False
97415000DI0631,2024-06-07,False,,,,False
97407000AV0340,2024-07-31,False,,,,False
97411000EN0184,2025-04-22,False,,,,False
97408000AP1644,2025-09-11,True,,,,False
97415000DN0309,2025-10-27,False,,,,False
97414000EV0781,2025-07-10,True,,,,False
97411000CM0907,2025-03-07,False,,,,False
97416000DM0782,2025-02-14,True,,,,False
97411000AD0588,2024-02-29,True,,,,False
97422000BP1136,2025-06-23,True,,,,False
97412000CL0254,2025-07-16,False,,,,False
97418000AR1613,2024-09-12,False,,,,False
97412000BT0197,2025-02-14,False,,,,False
97423000AK2017,2025-03-31,True,,,,False
97401000AL0946,2025-03-31,True,,,,False
97422000AM0280,2025-04-10,True,,,,False
97415000EY1090,2025-07-22,False,,,,False
97407000AO1534,2025-09-01,True,,,,False
97411000BN0307,2025-04-10,False,,,,False
97423000AB1904,2024-11-18,False,,,,False
97416000CV1862,2024-10-23,False,,,,False
97405000AK0976,2025-03-28,False,,,,False
97402000AK2109,2024-07-23,True,,,,False
97415000CZ0610,2025-04-30,False,,,,False
97403000AP1565,2025-07-22,False,,,,False
97408000BR0097,2024-02-20,False,,,,False
97403000AP0621,2024-06-26,False,,,,False
97423000AE0926,2025-03-26,True,,,,False
97415000CT3211,2024-10-24,True,,,,False
97406000AC0534,2025-05-15,True,,,,False
97407000AM0512,2025-09-17,False,,,,False
97414000HL0324,2024-06-07,False,,,,False
97409000BI0276,2025-11-25,False,,,,False
97423000AC0383,2024-01-14,True,,,,False
97415000DM0296,2025-03-11,True,,,,False
97415000AS1914,2025-04-28,True,,,,False
97408000AV1062,2025-09-26,True,,,,False
97405000AP0085,2025-05-21,True,,,,False
97412000BE0451,2024-09-13,False,,,,False
97402000AH0622,2024-02-13,True,,,,False
97410000CL0264,2024-03-15,True,,,,False
97411000BP0920,2024-06-06,False,,,,False
97411000HI0317,2024-10-22,False,,,,False
97415000EH0542,2025-09-15,False,,,,False
97410000BY0766,2025-12-09,False,,,,False
97407000AC0081,2025-11-04,True,,,,False
97408000AO1889,2025-05-19,False,,,,False
97415000EH0313,2025-03-25,False,,,,False
97412000AT0540,2024-07-15,True,,,,False
97416000EW1259,2024-06-05,True,,,,False
97415000BP0968,2025-01-20,False,,,,False
97409000AX1119,2024-12-16,False,,,,False
97424000AD0384,2025-06-30,False,,,,False
97412000AN0021,2024-09-20,True,,,,False
97422000AX1133,2024-07-15,False,,,,False
97405000BD0196,2025-10-09,True,,,,False
97411000AM0549,2024-07-10,False,,,,False
97409000AT1159,2024-03-13,False,,,,False
97415000CP0514,2025-12-04,True,,,,False
97409000BE1596,2024-06-20,True,,,,False
97423000AE0929,2025-03-26,True,,,,False
97419000AN0325,2025-04-17,False,,,,False
97412000CN0141,2024-03-01,True,,,,False
97422000BH1885,2024-02-20,False,,,,False
97416000CS0859,2024-12-06,False,,,,False
97415000CL0918,2024-02-16,False,,,,False
97422000AX1684,2024-03-11,False,,,,False
97416000ET2160,2025-09-16,False,,,,False
97411000AN0500,2025-06-19,False,,,,False
97416000EX1802,2025-02-13,True,,,,False
97411000AW0814,2024-06-06,False,,,,False
97422000CI1203,2025-07-07,False,,,,False
97404000AL1588,2025-03-05,False,,,,False
97415000AT0583,2025-01-09,True,,,,False
97414000HH0532,2025-03-18,False,,,,False
97405000AI0930,2025-12-08,False,,,,False
97407000AE0355,2025-10-08,False,,,,False
97413000CX2662,2025-09-22,True,,,,False
97404000AW0076,2025-05-30,False,,,,False
97416000IA0813,2024-07-24,True,,,,False
97402000AM0023,2025-05-26,True,,,,False
97414000HI1623,2024-12-12,False,,,,False
97412000BR0216,2024-04-08,False,,,,False
97408000AY0383,2024-06-18,False,,,,False
97418000AZ0234,2024-12-23,True,,,,False
97412000BX1265,2025-11-27,False,,,,False
97410000AR0569,2025-01-29,False,,,,False
97414000DH0826,2024-12-16,False,,,,False
97414000HA0546,2024-05-13,False,,,,False
97415000AW2172,2024-04-30,False,,,,False
97422000CX0652,2024-04-26,True,,,,False
97402000AH1023,2025-02-27,False,,,,False
97411000DN0017,2024-05-18,False,,,,False
97408000AM1343,2025-12-11,True,,,,False
97405000AM0217,2024-02-08,True,,,,False
97411000CT1617,2024-02-19,False,,,,False
97415000CT2791,2024-06-27,False,,,,False
97412000AH1304,2024-01-23,False,,,,False
97411000BL0415,2024-12-04,True,,,,False
97409000AV0488,2025-09-16,False,,,,False
97424000AH0931,2025-05-28,False,,,,False
97410000BM1226,2025-11-18,False,,,,False
97416000CV1635,2024-05-31,False,,,,False
97404000AT0159,2025-10-17,False,,,,False
97411000HP0406,2024-12-17,False,,,,False
97411000BZ0335,2025-03-25,False,,,,False
97408000AT0915,2024-03-06,False,,,,False
97416000CY0617,2024-08-29,False,,,,False
97411000DN0175,2024-09-23,False,,,,False
97416000ET2109,2024-11-27,False,,,,False
97408000BO0561,2024-09-27,True,,,,False
97411000CY0555,2024-08-22,True,,,,False
97422000CS0643,2025-03-10,False,,,,False
97413000CY0828,2025-09-03,False,,,,False
97415000CR0102,2025-02-26,False,,,,False
97401000AE0131,2025-08-05,False,,,,False
97415000AB0537,2025-07-29,True,,,,False
97414000CS0676,2024-09-11,False,,,,False
97406000AP0353,2025-10-09,False,,,,False
97416000CW2892,2024-02-15,False,,,,False
97415000DR0494,2024-02-02,True,,,,False
97412000AV0568,2024-04-22,True,,,,False
97412000BT0513,2025-12-16,False,,,,False
97415000BW0996,2024-05-30,False,,,,False
97408000AV1044,2024-12-31,True,,,,False
97410000BW0919,2024-06-14,False,,,,False
97409000AK0526,2025-01-28,False,,,,False
97416000EH0801,2024-07-04,True,,,,False
97411000AM0200,2025-04-24,True,,,,False
97414000CO0395,2024-04-26,False,,,,False
97414000EY0214,2024-01-23,True,,,,False
97418000AP3743,2025-11-20,False,,,,False
97415000HN0047,2024-05-17,False,,,,False
97413000AV1460,2024-07-18,False,,,,False
97409000AL1963,2024-12-26,True,,,,False
97408000BK0288,2024-08-28,True,,,,False
97422000BP1947,2025-04-08,True,,,,False
97422000BP1968,2025-04-08,True,,,,False
97402000AB0772,2025-10-22,True,,,,False
97417000BC0290,2024-07-26,False,,,,False
97404000AL1245,2025-10-29,True,,,,False
97412000BW1025,2025-07-22,False,,,,False
97418000AV1969,2024-12-26,False,,,,False
97422000BH1609,2024-09-09,False,,,,False
97413000CX2360,2024-04-23,False,,,,False
97415000BZ0646,2024-12-19,True,,,,False
97412000AY0346,2024-11-26,True,,,,False
97415000BW1942,2024-10-09,True,,,,False
97412000BN0968,2024-09-19,False,,,,False
97422000DO0463,2024-10-01,True,,,,False
97409000BM1269,2025-01-29,False,,,,False
97414000EN4172,2025-09-26,False,,,,False
97422000EH0197,2025-09-08,True,,,,False
97418000AS1065,2024-07-09,True,,,,False
97405000AD0741,2024-06-13,True,,,,False
97406000AM0972,2024-09-12,False,,,,False
97405000AL0624,2024-12-03,False,,,,False
97411000AL0326,2025-07-31,False,,,,False
97412000AN0072,2024-09-12,False,,,,False
97415000AY1590,2025-05-27,False,,,,False
97424000AM0642,2025-10-15,True,,,,False
97412000AV1162,2024-08-29,True,,,,False
97423000AI0790,2024-12-19,False,,,,False
97414000DS0848,2024-01-08,False,,,,False
97420000BI0040,2025-11-27,True,,,,False
97422000BS1897,2024-10-09,False,,,,False
97409000AL2020,2024-12-26,True,,,,False
97415000DE0490,2025-12-26,False,,,,False
97416000CV2357,2025-04-25,True,,,,False
97406000AV0042,2024-02-21,False,,,,False
97401000AL0651,2025-03-31,True,,,,False
97422000BW0830,2024-11-27,False,,,,False
97422000BE3018,2025-05-12,False,,,,False
97416000CW1696,2024-07-26,False,,,,False
97413000DE0049,2024-10-02,True,,,,False
97413000CD0047,2024-05-06,False,,,,False
97416000EL0274,2024-03-19,False,,,,False
97411000CP0492,2025-10-10,False,,,,False
97416000CX0545,2024-07-10,False,,,,False
97413000BD0043,2024-09-09,True,,,,False
97413000DE0673,2025-06-05,False,,,,False
97403000AM0672,2025-06-03,True,,,,False
97405000AM0815,2025-04-07,False,,,,False
97415000DY0158,2024-03-28,True,,,,False
97409000AB0735,2024-05-17,True,,,,False
97410000CL1042,2025-03-27,True,,,,False
97409000AR0694,2024-10-24,False,,,,False
97421000BM0551,2025-11-14,False,,,,False
97411000EN0750,2025-05-05,False,,,,False
97421000AH0321,2025-10-14,False,,,,False
97422000BW1257,2024-07-26,True,,,,False
97405000AE0037,2024-07-11,True,,,,False
97406000AW1173,2024-05-21,False,,,,False
97416000CS1534,2024-02-29,True,,,,False
97401000AS1481,2024-09-19,False,,,,False
97410000AP0235,2024-09-02,False,,,,False
97404000AL1609,2024-09-26,True,,,,False
97412000CN0035,2024-03-01,True,,,,False
97409000AR2728,2025-04-17,False,,,,False
97420000AC1037,2025-12-01,False,,,,False
97413000DC1698,2025-09-09,True,,,,False
97408000AP1637,2025-03-17,True,,,,False
97409000BD1653,2025-03-03,True,,,,False
97412000CX0923,2025-12-02,True,,,,False
97415000BI0681,2025-08-06,False,,,,False
97411000IC0223,2025-06-04,False,,,,False
97413000BW0376,2024-02-27,False,,,,False
97412000BM0976,2024-04-30,True,,,,False
97414000CT1212,2025-06-26,False,,,,False
97414000DL0120,2024-04-04,False,,,,False
97415000BZ0634,2024-12-19,True,,,,False
97413000CY1470,2024-12-27,True,,,,False
97422000BV2318,2025-11-28,False,,,,False
97411000BZ0983,2024-03-28,False,,,,False
97410000BW0633,2025-06-27,False,,,,False
97411000HD0032,2025-07-31,False,,,,False
97416000DT0291,2025-05-19,True,,,,False
97418000AP3015,2025-08-13,False,,,,False
97413000AV0356,2024-06-07,False,,,,False
97408000AX0308,2024-11-21,True,,,,False
97415000AT0734,2025-06-26,True,,,,False
97423000AB1903,2024-03-14,False,,,,False
97416000HS0744,2025-01-24,False,,,,False
97419000AN0010,2024-03-28,True,,,,False
97411000DL0808,2025-01-17,False,,,,False
97415000AZ0428,2025-07-07,False,,,,False
97415000CD0573,2024-03-15,False,,,,False
97418000AC0563,2024-12-23,True,,,,False
97418000BD0425,2024-03-28,True,,,,False
97413000CN1031,2024-03-21,False,,,,False
97413000CN0116,2024-12-19,False,,,,False
97412000AW0347,2024-09-06,False,,,,False
97413000DE1672,2025-06-11,False,,,,False
97416000EV1946,2025-04-30,True,,,,False
97403000AS1454,2024-01-05,False,,,,False
97422000AL0913,2025-07-22,True,,,,False
97422000BW2647,2025-06-13,False,,,,False
97412000BW0771,2024-10-29,True,,,,False
97412000BX1368,2024-07-11,True,,,,False
97409000BN0334,2025-11-27,True,,,,False
97411000AW0692,2024-03-18,True,,,,False
97410000BH0136,2024-10-17,False,,,,False
97416000EV1474,2025-05-30,True,,,,False
97411000BK0391,2025-03-31,False,,,,False
97418000AZ0233,2024-12-23,True,,,,False
97416000CT0966,2025-07-09,True,,,,False
97422000BW2947,2024-05-14,True,,,,False
97412000AO0243,2025-01-21,False,,,,False
97407000BE0468,2025-11-06,True,,,,False
97420000AB0820,2024-08-05,False,,,,False
97422000CS0729,2025-08-28,False,,,,False
97415000BV1055,2024-01-23,True,,,,False
97411000HE0490,2025-09-12,False,,,,False
97413000DA0228,2025-12-29,False,,,,False
97407000AO0886,2025-12-01,True,,,,False
97420000AO0612,2024-03-29,True,,,,False
97416000HX0718,2024-07-17,False,,,,False
97410000BY0930,2024-06-21,True,,,,False
97401000AD0725,2025-06-18,False,,,,False
97401000AN1330,2025-03-25,False,,,,False
97415000BW0783,2024-09-05,False,,,,False
97416000CW2858,2024-01-30,True,,,,False
97424000AM1012,2024-12-31,True,,,,False
97414000HA0583,2024-10-31,False,,,,False
97412000BY0402,2025-08-04,False,,,,False
97411000HV0097,2024-08-26,False,,,,False
97422000CW0035,2024-02-15,False,,,,False
97411000IR0504,2024-03-28,False,,,,False
97408000AC3508,2025-03-31,True,,,,False
97412000AM2095,2025-11-21,True,,,,False
97414000EV0774,2025-07-10,True,,,,False
97415000HO0574,2025-11-06,False,,,,False
97408000AT1327,2025-12-17,False,,,,False
97416000DM0932,2025-07-10,True,,,,False
97413000DG0455,2024-05-15,True,,,,False
97411000EL0131,2025-12-22,False,,,,False
97419000AY0209,2025-04-28,False,,,,False
97410000AE1178,2025-07-30,True,,,,False
97414000CM0207,2024-12-30,True,,,,False
97416000DM0498,2025-10-16,False,,,,False
97415000DV0413,2024-04-19,False,,,,False
97405000AT0048,2024-11-07,True,,,,False
97416000IK0516,2024-12-20,True,,,,False
97413000CV0184,2024-01-27,False,,,,False
97410000AX0523,2025-08-26,False,,,,False
97412000BL0374,2024-04-05,False,,,,False
97414000HI1569,2025-10-03,False,,,,False
97405000BI1276,2024-10-21,True,,,,False
97418000AR2365,2024-01-12,False,,,,False
97415000AS1922,2025-05-27,False,,,,False
97422000AK1071,2024-09-11,False,,,,False
97407000BI0362,2025-04-16,True,,,,False
97413000CU0527,2024-11-25,False,,,,False
97406000AL0666,2024-11-05,True,,,,False
97415000CH3173,2024-08-22,True,,,,False
97416000EM0217,2024-12-27,False,,,,False
97408000AN1286,2024-04-05,True,,,,False
97415000ET1381,2025-07-24,False,,,,False
97422000AX1458,2024-04-22,False,,,,False
97418000AT0359,2025-07-21,True,,,,False
97421000BL0065,2025-01-23,True,,,,False
97415000BZ0897,2024-12-19,True,,,,False
97412000AX1085,2024-10-07,True,,,,False
97404000AM0472,2024-07-30,False,,,,False
97409000AL2050,2024-12-26,True,,,,False
97410000BN0299,2024-07-11,False,,,,False
97411000IC0213,2025-04-15,False,,,,False
97422000ED0520,2025-03-10,True,,,,False
97408000BO0214,2025-12-11,True,,,,False
97416000CX1187,2025-08-12,False,,,,False
97422000AK0409,2025-08-05,False,,,,False
97409000AR2385,2025-09-25,False,,,,False
97406000AL0175,2024-02-02,False,,,,False
97412000CI0287,2024-06-12,False,,,,False
97407000AE0319,2025-06-30,True,,,,False
97422000DK0376,2025-12-15,False,,,,False
97405000AW1690,2024-07-16,True,,,,False
97416000HP0862,2025-10-30,True,,,,False
97411000DM0682,2025-03-14,False,,,,False
97413000CV0185,2024-12-26,False,,,,False
97416000DK0139,2025-06-05,False,,,,False
97422000BT1245,2024-11-05,True,,,,False
97415000AH1103,2024-04-11,False,,,,False
97415000EW1425,2025-09-02,True,,,,False
97407000AL1312,2025-01-30,False,,,,False
97415000CP1108,2024-04-19,False,,,,False
97413000BH0204,2024-10-28,False,,,,False
97413000DC1416,2025-03-13,True,,,,False
97422000CE0796,2024-07-22,True,,,,False
97404000AZ0004,2024-05-30,False,,,,False
97416000CS1532,2024-04-09,True,,,,False
97403000AM0782,2025-07-04,False,,,,False
97415000AX1101,2025-06-20,True,,,,False
97418000AS0922,2024-12-23,True,,,,False
97420000AS0875,2024-01-30,True,,,,False
97415000AR0093,2024-11-20,False,,,,False
97408000AM1339,2025-10-03,False,,,,False
97416000HN1810,2025-10-21,True,,,,False
97407000AK0873,2024-07-31,False,,,,False
97401000AP1276,2024-12-31,False,,,,False
97408000AP1051,2025-11-12,False,,,,False
97410000BI0221,2024-04-29,False,,,,False
97422000BX0562,2024-10-30,False,,,,False
97411000CD0923,2024-09-24,False,,,,False
97407000AZ0127,2025-04-29,False,,,,False
97411000DP0323,2025-08-01,False,,,,False
97416000CV1656,2025-02-19,True,,,,False
97422000AS0080,2024-02-22,False,,,,False
97411000AY0558,2025-12-17,True,,,,False
97418000AP0289,2025-05-07,False,,,,False
97401000AT0509,2024-09-10,True,,,,False
97409000AL2010,2024-12-26,True,,,,False
97419000AI0887,2025-02-14,False,,,,False
97412000AM0551,2025-04-17,False,,,,False
97416000EW1091,2025-06-18,False,,,,False
97405000AT0047,2024-11-07,True,,,,False
97422000CS1600,2024-12-02,True,,,,False
97401000AO0989,2024-02-12,True,,,,False
97405000AM0892,2025-08-07,False,,,,False
97416000CS1309,2025-10-22,False,,,,False
97406000AT0790,2025-03-31,False,,,,False
97405000AK1718,2025-05-14,False,,,,False
97415000CT0842,2025-06-19,False,,,,False
97402000AL0061,2024-03-08,False,,,,False
97411000DW0254,2025-11-25,True,,,,False
97424000AI0555,2025-01-16,False,,,,False
97416000CV2358,2025-04-25,True,,,,False
97412000BX0066,2025-10-22,False,,,,False
97423000AC0400,2024-01-14,True,,,,False
97415000BZ1072,2024-06-11,False,,,,False
97413000CW0259,2024-05-02,True,,,,False
97415000BZ0645,2024-12-19,True,,,,False
97414000CT0180,2024-01-31,False,,,,False
97411000HD0133,2024-03-12,True,,,,False
97414000DI0479,2024-11-04,True,,,,False
97403000AS0803,2024-07-10,False,,,,False
97415000ET1669,2024-01-03,False,,,,False
97410000AN0352,2025-10-29,False,,,,False
97410000AM0174,2024-07-23,False,,,,False
97412000CY0638,2024-04-09,True,,,,False
97405000BH0356,2025-06-02,False,,,,False
97414000ER0732,2025-11-21,False,,,,False
97411000EP0253,2025-01-31,True,,,,False
97420000AL0515,2025-09-11,False,,,,False
97411000IN0064,2024-10-14,False,,,,False
97410000AR1444,2024-10-30,True,,,,False
97417000BC0284,2024-11-25,False,,,,False
97415000CW0909,2025-07-01,True,,,,False
97409000AY1120,2024-10-25,True,,,,False
97419000AS0759,2024-06-07,False,,,,False
97418000AW0757,2024-11-18,False,,,,False
97422000EC0347,2025-01-21,False,,,,False
97415000AZ1986,2024-05-10,True,,,,False
97418000BP0573,2025-07-18,False,,,,False
97416000CX1510,2025-09-05,False,,,,False
97405000AR0807,2024-03-22,True,,,,False
97422000ED0274,2024-12-06,True,,,,False
97407000BC0574,2024-11-26,False,,,,False
97408000AP1606,2025-09-11,True,,,,False
97411000AL0284,2025-08-11,False,,,,False
97422000BD0826,2024-03-01,True,,,,False
97412000BC0507,2025-10-09,True,,,,False
97412000BL0767,2024-07-09,True,,,,False
97422000AW0370,2025-04-28,False,,,,False
97403000AP2029,2025-01-08,False,,,,False
97411000KE0250,2024-10-14,True,,,,False
97415000EO0384,2025-05-14,False,,,,False
97407000AB0009,2024-03-27,True,,,,False
97409000AH0415,2025-03-27,False,,,,False
97409000BL0078,2024-11-14,True,,,,False
97420000AE0462,2024-09-03,False,,,,False
97422000ED0521,2025-03-10,True,,,,False
97411000EH0180,2024-01-30,True,,,,False
97418000BD0222,2024-04-19,False,,,,False
97415000BO0936,2024-07-09,True,,,,False
97421000AX0143,2025-10-16,True,,,,False
97411000CV0597,2024-01-05,False,,,,False
97415000CO0368,2025-07-01,True,,,,False
97416000ET1019,2025-12-15,False,,,,False
97407000AS0772,2025-05-09,False,,,,False
97412000AM2012,2025-10-27,False,,,,False
97424000AE2067,2025-11-21,False,,,,False
97422000BD0986,2024-07-05,False,,,,False
97408000AR1054,2025-09-08,True,,,,False
97412000AM0644,2025-09-02,False,,,,False
97413000CR1041,2024-06-13,True,,,,False
97411000DK0012,2025-04-25,False,,,,False
97411000AE0724,2025-03-10,False,,,,False
97414000DN0589,2024-05-17,False,,,,False
97415000AZ2025,2025-07-28,False,,,,False
97412000AZ0602,2024-10-25,True,,,,False
97408000AI0021,2024-03-22,True,,,,False
97415000AW1417,2024-12-30,False,,,,False
97402000AR0026,2024-03-28,True,,,,False
97404000AX0187,2025-06-25,True,,,,False
97411000HS0482,2024-07-31,True,,,,False
97408000AO1885,2024-09-24,False,,,,False
97403000AS0550,2024-07-31,False,,,,False
97413000DG1083,2024-08-30,False,,,,False
97414000HH0246,2024-08-26,False,,,,False
97417000BD0946,2024-02-08,False,,,,False
97412000AW0285,2025-03-11,True,,,,False
97422000BK2114,2025-04-29,False,,,,False
97411000AB0073,2024-09-24,True,,,,False
97404000AY0602,2025-07-25,False,,,,False
97410000BI0370,2025-10-28,False,,,,False
97415000DV0016,2024-08-26,False,,,,False
97416000EV1828,2025-07-02,False,,,,False
97409000BD1001,2025-05-26,False,,,,False
97416000HI0670,2025-07-15,False,,,,False
97419000AP0432,2024-07-10,True,,,,False
97413000CX2006,2024-06-07,False,,,,False
97423000AE1078,2025-01-11,False,,,,False
97416000EX1913,2025-03-17,False,,,,False
97416000EY0757,2024-03-08,True,,,,False
97416000HS0423,2024-03-15,False,,,,False
97410000AN0850,2025-06-30,True,,,,False
97415000CI0257,2024-07-05,False,,,,False
97410000AH0877,2025-12-16,True,,,,False
97414000EX0644,2025-04-25,True,,,,False
97415000AY1157,2025-03-07,True,,,,False
97416000EW0854,2025-09-17,True,,,,False
97408000AR1308,2025-05-23,True,,,,False
97415000DN0001,2024-04-15,True,,,,False
97418000AL0073,2024-04-29,True,,,,False
97413000CY1530,2024-12-23,True,,,,False
97416000ET2157,2024-12-12,False,,,,False
97414000EN2745,2024-05-07,False,,,,False
97416000EM1024,2025-02-03,True,,,,False
97415000AY1485,2025-02-19,False,,,,False
97410000BS0518,2025-07-15,False,,,,False
97406000AV0318,2025-06-24,True,,,,False
97409000BM0495,2024-07-25,False,,,,False
97408000AO1031,2024-07-29,False,,,,False
97423000AB1333,2024-05-23,True,,,,False
97411000EV0334,2024-03-29,False,,,,False
97416000CX0211,2024-08-29,False,,,,False
97410000AR1665,2024-11-29,True,,,,False
97416000HV0687,2024-12-19,True,,,,False
97422000CH0260,2025-10-20,True,,,,False
97416000HR0349,2024-09-06,True,,,,False
97407000AK1919,2025-06-04,False,,,,False
97422000CN1297,2024-03-18,True,,,,False
97407000AY0599,2025-03-12,False,,,,False
97422000BD2921,2025-12-10,False,,,,False
97411000HP0404,2024-12-23,True,,,,False
97415000DX0372,2025-09-23,False,,,,False
97422000AS0692,2024-05-23,False,,,,False
97405000BE0298,2024-03-25,True,,,,False
97416000EX1578,2024-09-11,False,,,,False
97415000BX0239,2024-09-16,True,,,,False
97418000AV1499,2024-02-28,False,,,,False
97416000HT0035,2024-12-06,False,,,,False
97422000CI0411,2024-12-19,True,,,,False
97405000BH1017,2025-01-31,False,,,,False
97416000EW1255,2024-07-08,False,,,,False
97422000BP0764,2025-05-28,False,,,,False
97412000CY1101,2025-06-16,True,,,,False
97419000AR0818,2025-05-26,False,,,,False
97413000DC1183,2025-07-10,False,,,,False
97415000EH0544,2025-12-30,False,,,,False
97412000AX0540,2024-03-05,False,,,,False
97415000CO0362,2025-07-01,True,,,,False
97415000BW0860,2024-04-30,True,,,,False
97414000DO0217,2024-07-17,False,,,,False
97405000BI1210,2025-04-22,True,,,,False
97418000AW0608,2025-02-21,False,,,,False
97413000CX1532,2025-10-01,False,,,,False
97422000BM0099,2025-10-24,False,,,,False
97413000CI0578,2024-12-26,True,,,,False
97422000DE0523,2024-01-11,False,,,,False
97411000ES0152,2024-08-19,False,,,,False
97422000BR0719,2025-12-10,False,,,,False
97409000AX1102,2025-05-22,False,,,,False
97422000AW0733,2025-02-11,False,,,,False
97404000AX0331,2025-08-28,False,,,,False
97409000AL1986,2024-12-26,True,,,,False
97411000KA0221,2025-06-20,False,,,,False
97401000AM1581,2024-06-29,False,,,,False
97418000AY0832,2024-04-08,False,,,,False
97416000IA1865,2025-05-20,True,,,,False
97416000EM0385,2025-01-31,False,,,,False
97415000EN0243,2024-12-26,True,,,,False
97420000AS0652,2025-12-12,False,,,,False
97416000HN1466,2025-02-04,True,,,,False
97416000DW0123,2024-09-26,False,,,,False
97414000ET2285,2024-02-14,False,,,,False
97413000DC0562,2025-08-27,True,,,,False
97416000IM0512,2024-02-19,True,,,,False
97411000AS0001,2024-08-26,False,,,,False
97418000AO1926,2024-08-07,False,,,,False
97412000AZ0154,2024-11-18,False,,,,False
97419000AX0714,2025-04-09,False,,,,False
97422000CX0601,2024-12-30,False,,,,False
97415000EP1238,2025-12-26,True,,,,False
97422000BL0071,2025-04-10,False,,,,False
97410000AN0291,2025-03-25,False,,,,False
97411000EK0060,2025-08-28,True,,,,False
97422000CX1273,2025-07-08,False,,,,False
97411000KE0316,2024-12-13,False,,,,False
97419000AT0035,2024-07-10,True,,,,False
97418000AW0474,2024-01-31,True,,,,False
97404000AL1772,2024-03-04,True,,,,False
97415000AB0598,2025-07-29,True,,,,False
97420000AC0067,2024-12-12,False,,,,False
97409000AY0987,2024-07-18,False,,,,False
97418000AT2387,2024-04-30,False,,,,False
97424000AN0374,2024-09-03,False,,,,False
97422000DN0164,2025-05-05,False,,,,False
97405000AC0088,2024-11-14,True,,,,False
97411000DM0007,2025-09-12,True,,,,False
97414000EK0641,2024-04-02,True,,,,False
97412000BN0709,2025-06-26,True,,,,False
97415000CS1131,2024-01-09,False,,,,False
97405000BE0916,2024-05-29,True,,,,False
97411000AY0556,2025-12-17,True,,,,False
97405000AD0683,2024-06-13,True,,,,False
97403000AH0307,2025-12-31,False,,,,False
97409000AI1192,2025-09-19,True,,,,False
97404000AE1511,2025-04-15,True,,,,False
97415000AY1623,2025-09-30,False,,,,False
97408000BL0059,2024-08-26,False,,,,False
97422000BS2077,2025-10-10,False,,,,False
97410000AC0614,2025-12-17,True,,,,False
97414000EL1353,2024-10-22,False,,,,False
97423000AB1912,2024-04-08,False,,,,False
97411000CM0964,2025-05-16,True,,,,False
97411000EX0267,2024-07-11,False,,,,False
97420000AO0626,2024-03-29,True,,,,False
97409000AK0932,2024-12-16,True,,,,False
97414000EV0816,2025-08-22,True,,,,False
97414000DN0588,2025-04-25,False,,,,False
97422000CN1818,2024-09-27,False,,,,False
97417000AO0317,2024-03-28,False,,,,False
97411000CD0997,2025-12-15,False,,,,False
97412000BK0991,2025-10-24,False,,,,False
97411000AZ0131,2025-06-09,True,,,,False
97405000BD0164,2024-09-09,True,,,,False
97422000CM1086,2025-03-24,True,,,,False
97422000AX1622,2025-10-06,False,,,,False
97416000CV1422,2024-12-31,False,,,,False
97416000HI0806,2025-12-12,False,,,,False
97408000AS0208,2025-03-07,True,,,,False
97416000DS0372,2025-04-30,False,,,,False
97418000AS1388,2024-12-23,True,,,,False
97411000HH0225,2025-04-08,True,,,,False
97413000AV1666,2024-09-24,False,,,,False
97415000DT0809,2024-07-18,False,,,,False
97406000AE0248,2024-06-17,True,,,,False
97415000DH0242,2024-11-25,False,,,,False
97422000CH0167,2024-02-20,False,,,,False
97415000AB0682,2025-07-29,True,,,,False
97412000BC0804,2024-06-24,True,,,,False
97406000AX0109,2024-04-26,False,,,,False
97411000BZ1711,2025-12-22,False,,,,False
97415000CX1331,2024-02-26,False,,,,False
97418000AW0582,2025-01-17,False,,,,False
97415000BP0331,2024-06-06,False,,,,False
97415000BP0193,2024-04-22,False,,,,False
97405000AW1689,2024-07-16,True,,,,False
97415000AY0974,2024-01-31,False,,,,False
97416000CW2424,2024-06-27,True,,,,False
97423000AC0353,2024-01-14,True,,,,False
97413000BW0371,2024-02-27,False,,,,False
97413000CX1998,2025-06-16,True,,,,False
97402000AH0226,2024-03-26,False,,,,False
97405000AK1168,2025-03-13,False,,,,False
97416000DN0342,2025-03-25,True,,,,False
97408000AO1241,2025-04-22,False,,,,False
97409000BE2110,2024-05-07,False,,,,False
97412000AM1998,2025-03-31,True,,,,False
97403000AP2208,2024-08-28,False,,,,False
97413000CR1140,2024-09-24,True,,,,False
97417000BD1464,2024-02-16,False,,,,False
97416000EM0370,2025-01-28,False,,,,False
97416000IB0293,2024-07-05,False,,,,False
97422000AP1247,2024-05-10,True,,,,False
97406000AP0359,2024-10-31,True,,,,False
97414000CP0774,2025-05-21,False,,,,False
97409000BE1910,2025-10-07,True,,,,False
97412000CP0354,2024-07-11,False,,,,False
97422000AD1218,2025-01-16,False,,,,False
97415000BR0121,2024-02-01,True,,,,False
97418000AR1693,2024-03-05,True,,,,False
97418000AR1580,2024-09-09,False,,,,False
97415000CW0826,2025-07-01,True,,,,False
97415000DY0211,2025-07-01,True,,,,False
97417000BC0094,2024-12-17,True,,,,False
97411000DK0455,2024-12-02,True,,,,False
97416000ET2053,2025-05-27,True,,,,False
97415000AB0825,2025-09-30,True,,,,False
97422000BR1133,2025-09-30,True,,,,False
97414000EL2131,2024-07-15,False,,,,False
97404000AL1596,2024-09-26,True,,,,False
97409000BE1579,2024-06-20,True,,,,False
97418000BV0165,2024-03-08,False,,,,False
97416000DN0615,2025-08-29,True,,,,False
97422000BP1864,2025-10-06,True,,,,False
97410000AH1178,2024-09-06,True,,,,False
97411000IH0194,2024-08-09,False,,,,False
97412000CS0466,2025-07-21,False,,,,False
97424000AM0322,2024-09-06,False,,,,False
97416000ES0751,2025-01-20,False,,,,False
97421000AN0166,2025-03-28,False,,,,False
97402000AM0010,2025-05-26,True,,,,False
97407000AM1466,2025-11-04,True,,,,False
97415000DI0967,2024-05-23,True,,,,False
97414000HC0368,2024-05-14,False,,,,False
97413000DM0354,2024-10-11,False,,,,False
97415000BW2126,2025-10-24,True,,,,False
97421000BD0245,2024-11-29,False,,,,False
97422000BV3054,2025-04-08,True,,,,False
97412000BC0759,2025-05-07,False,,,,False
97415000BN1308,2025-07-17,False,,,,False
97407000AS0625,2024-06-27,False,,,,False
97405000AP0215,2024-10-28,True,,,,False
97411000HM0297,2025-09-04,False,,,,False
97414000CR0559,2025-08-25,True,,,,False
97414000DN0182,2024-02-01,False,,,,False
97412000AT0569,2025-10-14,True,,,,False
97412000CN0033,2024-03-01,True,,,,False
97410000AS0417,2025-08-07,False,,,,False
97409000AR0773,2025-05-23,False,,,,False
97423000AB1750,2025-03-14,False,,,,False
97416000EL0641,2024-06-21,False,,,,False
97411000AS0045,2024-04-29,False,,,,False
97415000CT1210,2025-03-07,True,,,,False
97423000AC0277,2025-04-18,False,,,,False
97422000BV2357,2025-12-19,False,,,,False
97418000AV0807,2025-12-11,False,,,,False
97412000CD0793,2024-02-29,False,,,,False
97423000AD0760,2024-01-31,False,,,,False
97422000BX0026,2024-07-11,False,,,,False
97411000EN0145,2024-07-15,False,,,,False
97422000CO0412,2025-01-14,False,,,,False
97406000AW0647,2024-09-03,True,,,,False
97415000CV1171,2025-06-06,False,,,,False
97403000AM0786,2024-07-01,False,,,,False
97413000CM0786,2024-03-22,False,,,,False
97408000AC3008,2025-09-23,False,,,,False
97422000CE0364,2025-07-09,False,,,,False
97409000BM0214,2025-04-16,False,,,,False
97408000AP0915,2025-04-14,False,,,,False
97412000BK1359,2025-09-12,False,,,,False
97418000AC1350,2025-10-16,True,,,,False
97411000BZ1607,2024-12-02,False,,,,False
97416000CV1975,2025-11-12,False,,,,False
97416000HI1084,2024-04-24,False,,,,False
97415000CV0083,2025-06-26,False,,,,False
97415000ET1409,2024-07-31,False,,,,False
97401000AT0302,2025-07-11,True,,,,False
97418000AT1759,2024-12-23,True,,,,False
97404000AV0230,2025-01-17,True,,,,False
97423000AH1846,2025-07-24,False,,,,False
97416000IA1608,2024-09-19,True,,,,False
97418000AX0240,2025-10-03,False,,,,False
97411000IE0515,2025-11-26,False,,,,False
97403000AP0695,2025-01-22,False,,,,False
97414000EV0110,2025-08-21,False,,,,False
97416000HZ0207,2025-02-26,False,,,,False
97414000DE1116,2024-06-26,False,,,,False
97412000CY0643,2024-04-09,True,,,,False
97413000CF0296,2025-11-27,True,,,,False
97407000BD0161,2025-04-16,False,,,,False
97414000DE1558,2025-02-11,False,,,,False
97415000EO1092,2024-12-24,True,,,,False
97408000AT0262,2024-08-22,False,,,,False
97416000EX1900,2024-12-10,True,,,,False
97422000DL0988,2025-09-11,False,,,,False
97404000AC1341,2025-09-23,False,,,,False
97422000BH0545,2024-04-02,True,,,,False
97415000CV1292,2024-01-08,True,,,,False
97409000AL1987,2024-12-26,True,,,,False
97422000BD2685,2025-06-25,False,,,,False
97409000AS2139,2025-01-31,False,,,,False
97413000DD1458,2024-06-06,True,,,,False
97423000AE0452,2024-12-04,False,,,,False
97422000BD0067,2024-11-14,True,,,,False
97406000AH0227,2025-06-27,False,,,,False
97416000EH1146,2025-08-06,False,,,,False
97416000HZ0976,2024-11-18,True,,,,False
97422000BD2565,2025-06-10,True,,,,False
97406000AM0507,2024-09-02,False,,,,False
97422000BY0245,2025-11-26,False,,,,False
97412000AX1053,2025-03-11,True,,,,False
97415000CH3175,2024-08-22,True,,,,False
97412000CD0939,2025-03-04,True,,,,False
97412000CE2840,2025-05-15,True,,,,False
97408000AP1668,2025-09-11,True,,,,False
97408000AC3169,2024-02-09,False,,,,False
97423000AH1057,2024-01-18,False,,,,False
97415000CO0494,2025-07-01,True,,,,False
97405000AV0485,2024-12-30,False,,,,False
97409000BE1582,2024-06-20,True,,,,False
97414000HA0483,2025-12-11,False,,,,False
97403000AM0582,2025-09-30,True,,,,False
97416000IA1866,2025-05-20,True,,,,False
97413000CU1060,2024-08-19,True,,,,False
97413000DC0561,2025-08-27,True,,,,False
97404000AT0890,2025-07-29,True,,,,False
97421000AL0456,2024-12-18,True,,,,False
97410000AD1018,2024-08-22,True,,,,False
97411000HP0401,2025-04-18,True,,,,False
97406000AV1348,2025-03-18,False,,,,False
97411000CT1625,2024-12-23,True,,,,False
97420000AS0874,2024-01-30,True,,,,False
97409000BL0201,2025-03-25,True,,,,False
97415000DI0964,2024-05-23,True,,,,False
97412000AT0964,2025-01-30,True,,,,False
97407000AE0419,2025-07-11,False,,,,False
97411000EN0704,2025-04-23,False,,,,False
97411000DM0489,2024-03-22,False,,,,False
97417000AI0033,2025-09-29,True,,,,False
97408000BM0161,2024-10-10,False,,,,False
97414000EV0775,2025-07-10,True,,,,False
97405000BH0106,2024-09-26,True,,,,False
97409000AM0823,2024-12-13,False,,,,False
97422000BW1872,2025-08-29,False,,,,False
97406000AV0966,2025-04-24,False,,,,False
97410000AN0209,2025-04-28,False,,,,False
97422000EN0060,2024-11-05,True,,,,False
97413000DA0539,2024-06-24,True,,,,False
97420000BH2058,2024-06-21,True,,,,False
97410000AL0422,2025-06-06,True,,,,False
97406000AM0983,2025-10-25,False,,,,False
97412000BN0327,2024-03-11,False,,,,False
97415000AV0341,2024-11-15,True,,,,False
97407000BI0152,2025-11-12,False,,,,False
97416000DX0021,2024-12-23,False,,,,False
97422000DM0286,2025-06-26,True,,,,False
97410000CD0431,2025-12-11,True,,,,False
97411000EP0182,2025-09-10,False,,,,False
97411000ET0058,2025-12-17,True,,,,False
97419000AH0241,2025-06-06,True,,,,False
97412000BS0203,2024-09-13,False,,,,False
97411000AZ0135,2025-06-09,True,,,,False
97415000AW2402,2025-11-24,True,,,,False
97414000HB0331,2024-03-04,False,,,,False
97405000AV0150,2024-05-27,False,,,,False
97405000AD0711,2024-09-20,True,,,,False
97402000AK2113,2024-07-23,True,,,,False
97411000CM0730,2025-07-11,True,,,,False
97415000AW1816,2025-07-30,True,,,,False
97409000AO0165,2025-04-10,False,,,,False
97412000BL1124,2024-11-15,False,,,,False
97415000BP0840,2025-07-21,False,,,,False
97412000BX1873,2025-09-03,False,,,,False
97407000AO1876,2025-12-22,True,,,,False
97415000DV0574,2024-12-19,False,,,,False
97421000AL0081,2024-11-27,False,,,,False
97415000CT2672,2024-04-26,False,,,,False
97422000EH0128,2025-09-08,True,,,,False
97413000CS0765,2024-06-06,False,,,,False
97411000HN0207,2025-09-25,False,,,,False
97415000AB0492,2024-12-26,False,,,,False
97412000CW1184,2025-03-12,True,,,,False
97410000BI0677,2025-02-18,False,,,,False
97415000BO0938,2024-07-09,True,,,,False
97414000EM1055,2025-09-16,False,,,,False
97413000DD1512,2025-09-12,False,,,,False
97412000CP0064,2024-09-05,True,,,,False
97412000AP0389,2025-03-07,False,,,,False
97415000EH0518,2024-04-26,True,,,,False
97415000ET1736,2025-07-22,True,,,,False
97411000AP0438,2024-08-30,False,,,,False
97416000EI1572,2024-12-17,False,,,,False
97409000AR1058,2025-09-25,False,,,,False
97420000AB1081,2024-06-25,False,,,,False
97411000DW0280,2025-07-03,True,,,,False
97422000BP1995,2025-04-08,True,,,,False
97422000BL0796,2025-06-16,False,,,,False
97415000AX0986,2025-12-17,True,,,,False
97412000AT0715,2025-07-08,False,,,,False
97401000AM0003,2024-08-19,False,,,,False
97415000BR0149,2025-07-22,True,,,,False
97410000BE0969,2025-06-06,False,,,,False
97411000BD0222,2024-10-17,False,,,,False
97415000AH0698,2025-07-25,True,,,,False
97405000AM0529,2024-08-26,True,,,,False
97414000HC0296,2025-12-15,True,,,,False
97415000BI0522,2025-09-16,False,,,,False
97422000CV0173,2025-04-23,True,,,,False
97414000CH1628,2025-07-21,False,,,,False
97416000EY0795,2025-12-10,False,,,,False
97422000AL1322,2025-02-07,False,,,,False
97416000IE2020,2024-12-02,False,,,,False
97405000AE0552,2025-12-15,False,,,,False
97418000AV1079,2024-07-30,True,,,,False
97416000DN0599,2025-08-29,True,,,,False
97407000AS1263,2025-01-16,True,,,,False
97416000EN0639,2024-02-29,True,,,,False
97422000BP1984,2025-04-08,True,,,,False
97407000AO1873,2025-12-22,True,,,,False
97403000AO0841,2025-06-26,False,,,,False
97411000AE0431,2024-03-29,False,,,,False
97406000AN0134,2024-07-09,False,,,,False
97410000AW1051,2025-08-22,True,,,,False
97415000CW0837,2025-07-01,True,,,,False
97415000EO0918,2024-02-29,True,,,,False
97416000HI0942,2024-02-13,False,,,,False
97413000DD1460,2024-06-06,True,,,,False
97415000CL0920,2025-11-25,False,,,,False
97417000AT0835,2024-10-09,False,,,,False
97405000AK1291,2024-09-03,False,,,,False
97415000DM1175,2025-03-11,True,,,,False
97415000AT0737,2025-06-26,True,,,,False
97423000AE0927,2025-03-26,True,,,,False
97414000EN4026,2024-10-25,False,,,,False
97416000CW2909,2024-11-20,True,,,,False
97410000BN0388,2024-10-29,False,,,,False
97412000BW1296,2024-07-19,False,,,,False
97411000AB0072,2024-09-24,True,,,,False
97416000IE2047,2025-12-29,False,,,,False
97405000AO0461,2024-07-24,True,,,,False
97401000AI0180,2025-10-31,False,,,,False
97414000HK0674,2024-06-14,False,,,,False
97416000CW0583,2025-04-30,False,,,,False
97405000AK0661,2025-11-19,False,,,,False
97416000CZ1597,2024-09-06,True,,,,False
97405000BI0857,2025-10-31,True,,,,False
97414000EW0605,2025-06-12,True,,,,False
97412000CE1841,2025-04-25,True,,,,False
97411000HS0497,2024-07-31,True,,,,False
97421000AP0447,2024-07-12,True,,,,False
97418000BP0210,2025-04-30,False,,,,False
97415000CT1231,2025-03-07,True,,,,False
97405000AS0561,2025-12-30,True,,,,False
97422000CM0943,2025-02-10,False,,,,False
97411000CT0257,2024-08-29,True,,,,False
97412000BW0966,2025-01-23,False,,,,False
97415000DX0361,2025-09-03,False,,,,False
97422000BV3056,2025-04-08,True,,,,False
97411000CH0656,2025-07-10,True,,,,False
97408000AI0051,2024-03-22,True,,,,False
97406000AW1181,2025-02-26,False,,,,False
97412000CS0081,2025-04-11,True,,,,False
97422000AP0637,2024-12-10,True,,,,False
97401000AR0203,2024-06-24,False,,,,False
97422000DI0054,2024-10-09,False,,,,False
97415000EK0629,2024-02-09,True,,,,False
97413000CQ0869,2024-12-19,False,,,,False
97411000HS0508,2024-07-31,True,,,,False
97413000CX1556,2025-08-25,False,,,,False
97411000IC0474,2025-02-27,False,,,,False
97405000AD0700,2024-07-15,True,,,,False
97411000IB0051,2024-03-21,False,,,,False
97416000EW1021,2025-02-24,True,,,,False
97410000AL0185,2025-11-19,False,,,,False
97411000AY0385,2025-05-21,False,,,,False
97412000BZ0640,2025-07-21,False,,,,False
97416000CW2112,2025-11-17,False,,,,False
97411000DL0780,2024-02-28,False,,,,False
97413000AC0743,2024-01-23,True,,,,False
97417000BM0003,2024-09-09,True,,,,False
97413000DE2501,2024-12-19,False,,,,False
97405000BI0860,2025-10-31,True,,,,False
97414000EK0410,2025-08-28,False,,,,False
97415000DV0575,2025-12-02,False,,,,False
97422000BZ0091,2024-12-24,False,,,,False
97404000AZ0207,2024-11-13,False,,,,False
97422000BX0422,2025-12-16,False,,,,False
97408000AB0266,2025-10-09,False,,,,False
97412000BW0935,2024-11-27,False,,,,False
97406000AH0441,2025-05-27,False,,,,False
97413000BM0825,2024-10-10,False,,,,False
97411000KC0004,2024-10-23,False,,,,False
97413000BM0596,2024-12-19,True,,,,False
97401000AN1382,2025-11-17,True,,,,False
97413000CX2122,2024-06-06,False,,,,False
97417000AP0029,2024-02-23,True,,,,False
97411000BL0361,2025-10-29,True,,,,False
97412000AX1030,2024-12-26,True,,,,False
97422000BK2512,2025-04-08,True,,,,False
97409000AR2453,2025-03-05,True,,,,False
97411000AD0125,2025-05-06,True,,,,False
97408000AP0124,2024-01-02,False,,,,False
97415000AH1074,2025-12-31,True,,,,False
97416000DE1889,2024-07-15,False,,,,False
97408000AS0230,2024-12-17,False,,,,False
97413000CH0777,2024-09-04,False,,,,False
97407000AS0367,2024-12-11,False,,,,False
97416000IB0453,2025-08-08,False,,,,False
97419000AI0501,2024-09-24,True,,,,False
97415000CW1084,2025-05-21,True,,,,False
97408000AT1331,2025-10-13,False,,,,False
97416000CX1517,2025-09-03,False,,,,False
97404000AY0585,2025-10-23,False,,,,False
97411000CV0780,2025-03-07,True,,,,False
97406000AC0467,2025-05-15,True,,,,False
97409000AI0767,2025-09-29,False,,,,False
97411000AE0469,2025-01-28,False,,,,False
97407000AY0402,2024-03-12,False,,,,False
97409000AP1806,2025-10-29,False,,,,False
97419000AS0754,2025-09-23,False,,,,False
97416000CW2876,2025-06-30,False,,,,False
97411000AZ0132,2025-02-12,False,,,,False
97411000HM0217,2024-07-23,False,,,,False
97415000AB0833,2025-08-25,True,,,,False
97422000BR1807,2024-05-10,True,,,,False
97415000BV0461,2025-04-01,False,,,,False
97421000AK0195,2025-12-18,False,,,,False
97411000AZ0215,2024-04-12,False,,,,False
97411000CP0477,2025-11-17,False,,,,False
97401000AS1327,2025-04-25,True,,,,False
97423000AK1795,2025-07-04,False,,,,False
97416000IB0699,2025-12-03,False,,,,False
97411000CY0990,2025-05-20,True,,,,False
97411000BZ1777,2025-06-12,False,,,,False
97410000AS1474,2025-07-10,False,,,,False
97410000CD0415,2025-12-11,True,,,,False
97414000CM0196,2025-10-17,False,,,,False
97418000AT1361,2024-01-26,True,,,,False
97422000DL0677,2025-01-29,False,,,,False
97415000AZ2023,2025-07-17,True,,,,False
97412000CS0517,2025-07-16,False,,,,False
97424000AM0321,2024-09-06,False,,,,False
97404000AT0485,2024-01-24,False,,,,False
97413000DE2524,2025-10-31,False,,,,False
97410000BX1732,2024-10-17,True,,,,False
97412000CR0695,2024-05-30,False,,,,False
97401000AR1481,2024-06-25,False,,,,False
97415000DE1289,2025-04-18,True,,,,False
97411000AY0555,2025-12-17,True,,,,False
97411000BZ0963,2025-06-12,False,,,,False
97406000AH0380,2025-01-17,False,,,,False
97411000AO0466,2024-01-17,True,,,,False
97407000AH1368,2025-12-31,True,,,,False
97415000CM0834,2024-02-09,True,,,,False
97407000AL1154,2024-12-30,False,,,,False
97413000CX1159,2024-08-27,True,,,,False
97411000DR0787,2025-05-06,False,,,,False
97413000CX1413,2024-09-09,True,,,,False
97418000AC0246,2025-10-16,True,,,,False
97408000AY0368,2025-08-08,True,,,,False
97406000AV0882,2024-05-27,True,,,,False
97421000AV1158,2024-04-03,False,,,,False
97410000AV0687,2024-03-13,False,,,,False
97411000BZ0668,2025-09-03,False,,,,False
97405000AN0424,2025-10-23,True,,,,False
97422000ED0003,2025-12-22,False,,,,False
97415000AX0218,2024-05-24,False,,,,False
97412000AZ0934,2024-12-30,False,,,,False
97407000AK1297,2024-10-22,True,,,,False
97405000AR1800,2025-03-20,False,,,,False
97406000AV0705,2024-03-29,True,,,,False
97413000CE0307,2024-03-21,False,,,,False
97411000AE0355,2024-04-16,False,,,,False
97414000EN4126,2024-11-25,True,,,,False
97416000CZ2096,2024-06-05,True,,,,False
97415000AW1647,2025-12-01,True,,,,False
97415000CP2007,2024-02-13,False,,,,False
97415000ER1722,2024-12-13,True,,,,False
97411000EP0106,2025-09-17,False,,,,False
97403000AL0274,2025-05-16,True,,,,False
97415000AX0989,2025-12-17,True,,,,False
97422000BO1809,2024-04-26,False,,,,False
97414000CL0541,2025-07-21,False,,,,False
97415000AX1088,2024-06-20,True,,,,False
97412000BW2009,2024-07-03,True,,,,False
97418000AV1576,2025-05-05,True,,,,False
97418000BH1020,2024-11-21,False,,,,False
97415000DI0668,2025-11-21,False,,,,False
97411000KC0064,2024-09-04,False,,,,False
97401000AN0523,2025-02-24,True,,,,False
97417000AK0084,2025-12-18,False,,,,False
97405000BE1043,2025-09-05,False,,,,False
97409000AL0762,2024-07-31,False,,,,False
97422000BR1432,2024-06-03,False,,,,False
97407000AY0061,2025-01-31,False,,,,False
97407000AV0298,2024-12-05,False,,,,False
97411000DN0106,2024-12-13,False,,,,False
97424000AM0897,2024-02-29,False,,,,False
97415000ET1018,2025-06-26,True,,,,False
97407000AS0453,2025-09-16,False,,,,False
97415000AW2407,2025-08-01,True,,,,False
97416000DS0657,2024-11-28,False,,,,False
97415000EZ0272,2025-10-03,True,,,,False
97412000CP0338,2025-01-22,False,,,,False
97415000DE0071,2025-01-23,False,,,,False
97422000BD3530,2025-04-23,False,,,,False
97422000EH0049,2024-03-25,False,,,,False
97414000EO1330,2024-07-11,False,,,,False
97413000DJ0036,2024-03-22,True,,,,False
97418000AT0555,2024-06-11,False,,,,False
97415000AX0500,2025-02-07,False,,,,False
97422000AW0866,2024-09-19,True,,,,False
97415000DT0894,2025-03-04,False,,,,False
97411000DR0404,2024-08-28,False,,,,False
97418000AC1609,2025-10-16,True,,,,False
97416000CS1597,2024-01-18,True,,,,False
97422000BO1698,2024-04-26,True,,,,False
97407000AH0246,2024-07-30,True,,,,False
97416000IB0686,2024-12-31,False,,,,False
97409000BD0753,2025-05-07,True,,,,False
97404000AC1344,2025-05-16,True,,,,False
97422000AS0978,2024-12-27,False,,,,False
97401000AR1800,2025-12-12,True,,,,False
97409000AL1958,2024-12-26,True,,,,False
97412000BY0214,2024-09-13,False,,,,False
97418000AR2599,2024-07-29,False,,,,False
97408000BK0276,2025-11-10,False,,,,False
97415000CS1259,2025-05-26,True,,,,False
97416000EZ0567,2025-02-11,False,,,,False
97411000HE0026,2024-09-04,False,,,,False
97406000AE0586,2025-07-07,False,,,,False
97422000AZ0377,2025-10-09,True,,,,False
97411000EP0264,2025-01-31,True,,,,False
97422000BD3044,2025-12-03,True,,,,False
97406000AH0554,2024-07-24,False,,,,False
97422000BT0544,2025-11-07,False,,,,False
97406000AR0354,2025-05-20,False,,,,False
97415000CW0821,2025-07-01,True,,,,False
97406000AS0215,2024-04-29,False,,,,False
97422000BW2054,2025-04-15,False,,,,False
97410000BH0736,2025-04-25,False,,,,False
97415000CS0523,2024-06-13,True,,,,False
97405000AK1797,2025-04-26,False,,,,False
97411000AT0450,2024-04-29,False,,,,False
97422000BI1003,2025-11-27,True,,,,False
97415000EH0557,2024-08-30,False,,,,False
97405000AO0177,2024-07-03,True,,,,False
97404000AV0427,2024-10-10,False,,,,False
97410000AI0628,2025-10-02,False,,,,False
97414000ER0939,2025-12-11,True,,,,False
97414000HE0367,2025-12-31,False,,,,False
97412000CV0993,2025-09-27,False,,,,False
97422000BP1988,2025-04-08,True,,,,False
97412000CP0075,2024-09-05,True,,,,False
97409000AX1121,2024-12-16,False,,,,False
97411000CD1528,2025-04-16,False,,,,False
97416000CS0884,2024-03-06,False,,,,False
97416000IB0297,2025-11-14,False,,,,False
97411000EP0224,2024-04-03,False,,,,False
97422000BV0071,2025-03-10,False,,,,False
97421000BN0216,2025-06-12,False,,,,False
97418000AT2052,2024-07-12,False,,,,False
97414000EW0219,2025-03-17,False,,,,False
97422000AK1458,2025-12-16,False,,,,False
97412000CW1074,2024-03-14,False,,,,False
97414000ET2317,2024-12-12,False,,,,False
97422000BI0381,2025-03-28,True,,,,False
97409000BK0560,2025-08-25,False,,,,False
97418000AV2600,2025-01-09,True,,,,False
97404000AL1486,2025-10-24,False,,,,False
97422000BN2939,2025-12-31,False,,,,False
97410000AN0849,2025-06-30,True,,,,False
97422000BT1282,2025-07-21,False,,,,False
97415000DK1103,2024-02-27,True,,,,False
97410000AK0208,2025-12-22,False,,,,False
97415000CN0233,2025-04-17,True,,,,False
97410000CL0869,2025-03-27,True,,,,False
97414000ES0374,2025-12-31,True,,,,False
97411000HW0272,2024-09-27,False,,,,False
97401000AR1741,2024-11-05,True,,,,False
97409000AL1968,2024-12-26,True,,,,False
97414000EN4209,2025-12-18,False,,,,False
97422000EL0240,2025-05-26,False,,,,False
97404000AM1143,2024-12-10,False,,,,False
97409000BE2294,2024-04-24,True,,,,False
97422000CM0758,2025-04-25,False,,,,False
97408000AM0318,2024-09-30,True,,,,False
97415000HN0054,2025-10-30,True,,,,False
97420000AB1819,2024-01-31,True,,,,False
97406000AH0231,2025-12-10,False,,,,False
97415000CO0563,2025-07-01,True,,,,False
97412000CS0531,2024-02-09,True,,,,False
97418000BN0030,2025-02-06,True,,,,False
97410000AC0164,2024-10-10,True,,,,False
97417000AS0148,2024-10-17,False,,,,False
97414000EN4191,2025-11-27,True,,,,False
97416000HT0406,2025-09-12,False,,,,False
97412000BV0330,2024-05-23,False,,,,False
97414000EW0682,2025-05-28,False,,,,False
97415000CM2304,2024-08-20,False,,,,False
97411000IR0617,2025-12-12,True,,,,False
97422000CD0251,2024-03-22,True,,,,False
97407000AL1687,2025-09-15,True,,,,False
97403000AP1708,2024-10-22,True,,,,False
97410000BX1942,2024-10-17,True,,,,False
97415000BN0732,2024-08-08,True,,,,False
97416000HV0344,2025-10-24,False,,,,False
97405000AM0214,2025-10-31,True,,,,False
97405000AL0145,2025-04-04,False,,,,False
97411000BP0620,2024-02-03,False,,,,False
97415000BZ0203,2025-12-15,True,,,,False
97410000AC0452,2025-12-23,False,,,,False
97416000HO0739,2025-08-07,False,,,,False
97422000BL1746,2025-02-11,False,,,,False
97407000AL1175,2025-09-15,True,,,,False
97409000BD1109,2024-06-20,False,,,,False
97422000AR0178,2025-07-18,True,,,,False
97402000AH0138,2025-01-15,False,,,,False
97412000BV0278,2025-05-27,False,,,,False
97418000AV0435,2025-08-11,False,,,,False
97422000AS0693,2025-03-26,False,,,,False
97409000BK0970,2025-12-19,False,,,,False
97418000AL0205,2024-10-30,False,,,,False
97423000AH1840,2025-03-27,True,,,,False
97412000BC0822,2025-08-26,False,,,,False
97409000BE0645,2024-12-31,True,,,,False
97422000BL0320,2025-06-20,True,,,,False
97415000EY1690,2025-11-20,True,,,,False
97422000AL1337,2024-06-13,False,,,,False
97418000AV2668,2024-09-26,True,,,,False
97409000AX1113,2024-08-27,False,,,,False
97412000BX1001,2024-03-28,True,,,,False
97415000BW0991,2025-12-15,False,,,,False
97404000AI2336,2025-11-06,False,,,,False
97405000AD0706,2024-09-20,True,,,,False
97422000CS0932,2025-05-22,False,,,,False
97415000CT2380,2025-03-31,True,,,,False
97412000BW2489,2025-12-12,True,,,,False
97412000BR0867,2025-02-26,False,,,,False
97405000AK0566,2025-01-30,True,,,,False
97417000BC1057,2024-10-01,True,,,,False
97416000EZ0665,2025-09-26,False,,,,False
97422000BW3596,2025-06-23,False,,,,False
97413000CY1461,2024-10-29,False,,,,False
97416000HY1666,2024-05-13,False,,,,False
97416000EK0604,2024-04-26,False,,,,False
97412000CE2818,2024-08-02,True,,,,False
97415000CT1213,2025-03-07,True,,,,False
97422000BN2516,2025-06-24,False,,,,False
97411000AM0112,2025-10-08,False,,,,False
97413000CR0851,2024-10-24,False,,,,False
97408000AC2940,2025-03-18,True,,,,False
97411000KE0389,2024-09-16,True,,,,False
97412000AW0181,2025-11-26,False,,,,False
97404000AD1561,2025-07-15,True,,,,False
97412000BW2000,2024-07-03,True,,,,False
97414000EO1414,2025-10-31,False,,,,False
97408000BM0100,2025-03-13,False,,,,False
97411000CD1051,2024-09-25,False,,,,False
97415000BC0277,2024-10-14,False,,,,False
97411000EP0231,2025-01-31,True,,,,False
97415000CH2351,2025-11-05,False,,,,False
97422000BO1700,2024-04-26,True,,,,False
97414000EN2606,2024-11-21,True,,,,False
97409000AR2754,2025-12-22,False,,,,False
97411000AL0005,2025-07-15,False,,,,False
97415000HI0334,2024-07-11,False,,,,False
97405000AL0068,2025-06-20,False,,,,False
97411000IN0054,2025-04-16,False,,,,False
97414000EO1495,2025-09-12,False,,,,False
97411000DL0783,2024-06-18,False,,,,False
97415000DM1333,2024-07-09,True,,,,False
97411000DX0104,2025-05-15,True,,,,False
97412000AO0636,2025-01-21,False,,,,False
97402000AH0310,2025-07-04,False,,,,False
97410000CD0926,2024-05-31,False,,,,False
97415000AB0737,2025-08-25,True,,,,False
97405000AR1844,2024-10-30,False,,,,False
97416000CT0924,2024-10-15,True,,,,False
97416000HN1292,2025-09-16,True,,,,False
97410000AY0094,2024-05-31,False,,,,False
97409000AS1894,2024-01-26,True,,,,False
97409000AC0102,2025-12-31,False,,,,False
97408000AC3519,2025-03-31,True,,,,False
97405000AR1493,2024-02-07,False,,,,False
97412000CE2487,2024-08-23,False,,,,False
97424000AM1006,2024-04-19,False,,,,False
97411000BK0063,2024-03-06,False,,,,False
97401000AN0607,2024-11-07,True,,,,False
97420000AH0109,2025-08-19,False,,,,False
97404000AD0714,2024-03-29,True,,,,False
97413000CL0624,2025-08-08,True,,,,False
97418000AV0615,2025-11-19,False,,,,False
97415000EW1511,2024-07-24,False,,,,False
97416000HX1205,2024-07-31,True,,,,False
97422000BX0835,2024-07-11,False,,,,False
97423000AK1568,2024-10-08,False,,,,False
97410000BW1104,2024-09-06,False,,,,False
97414000HI0984,2024-02-23,False,,,,False
97405000BE0237,2025-06-02,False,,,,False
97422000CO0311,2025-11-25,False,,,,False
97415000DK1111,2024-06-19,True,,,,False
97402000AK2162,2025-02-13,True,,,,False
97412000CE1561,2025-01-10,True,,,,False
97416000CX0788,2024-07-12,False,,,,False
97422000BP2096,2025-09-26,False,,,,False
97414000DY0622,2025-09-11,False,,,,False
97412000AO0932,2024-11-04,False,,,,False
97420000AS1084,2025-07-11,False,,,,False
97414000HB0359,2024-12-27,True,,,,False
97414000DH0972,2025-04-04,False,,,,False
97415000CD0676,2024-12-12,False,,,,False
97416000CZ1690,2025-07-07,False,,,,False
97417000AI0003,2025-09-29,True,,,,False
97413000DK0244,2025-11-18,True,,,,False
97412000CE1843,2025-04-25,True,,,,False
97416000ET2117,2025-03-07,True,,,,False
97410000BM1327,2025-07-29,True,,,,False
97412000BW0896,2024-03-18,False,,,,False
97420000BH0800,2025-03-27,False,,,,False
97408000AM1332,2025-10-27,True,,,,False
97411000EP0134,2025-08-26,False,,,,False
97408000AC0857,2025-07-03,False,,,,False
97422000BV2581,2024-06-17,False,,,,False
97413000CL0703,2024-01-11,False,,,,False
97418000AP1814,2024-12-23,True,,,,False
97408000AP1612,2025-09-11,True,,,,False
97411000IN0346,2025-11-10,True,,,,False
97413000CX2191,2025-08-18,True,,,,False
97412000AM1673,2024-02-16,False,,,,False
97414000ET0400,2024-10-28,False,,,,False
97405000AY0736,2025-12-12,True,,,,False
97416000EZ0505,2025-12-23,False,,,,False
97405000AN0616,2024-06-04,True,,,,False
97415000AV0420,2024-12-06,True,,,,False
97412000CD1004,2025-03-24,False,,,,False
97408000AC3752,2025-07-10,True,,,,False
97415000BP0051,2024-12-18,False,,,,False
97418000AV2895,2024-09-12,True,,,,False
97420000AE0407,2024-06-24,False,,,,False
97422000EN0067,2024-11-05,True,,,,False
97415000CM1351,2025-07-31,True,,,,False
97424000AM0408,2024-09-06,False,,,,False
97405000AL1678,2025-11-24,True,,,,False
97414000CO0073,2024-10-31,False,,,,False
97415000CL0919,2024-02-22,False,,,,False
97422000CZ0414,2025-03-05,False,,,,False
97413000CE0086,2025-07-31,False,,,,False
97410000AH0213,2025-10-15,True,,,,False
97415000BW0568,2025-09-29,False,,,,False
97411000DS0443,2024-11-04,False,,,,False
97415000DR1396,2025-05-19,False,,,,False
97422000BV1878,2024-03-19,False,,,,False
97411000DT0301,2024-05-15,True,,,,False
97406000AO0254,2024-05-21,False,,,,False
97408000AR0390,2025-10-08,False,,,,False
97414000EM0990,2024-08-30,True,,,,False
97411000BK0230,2025-12-23,True,,,,False
97415000AB0783,2025-08-25,True,,,,False
97405000AO0179,2024-07-03,True,,,,False
97410000AN0843,2025-10-03,True,,,,False
97414000EN3798,2024-05-30,False,,,,False
97413000CI0682,2024-05-14,False,,,,False
97413000DA0301,2024-06-28,False,,,,False
97415000EY1049,2024-11-14,False,,,,False
97414000DH0321,2024-12-31,True,,,,False
97412000AV0284,2025-05-23,False,,,,False
97411000IK0021,2025-06-10,False,,,,False
97416000ES2217,2024-06-28,False,,,,False
97415000EH0516,2024-04-26,True,,,,False
97403000AO0204,2024-08-09,True,,,,False
97412000CE2837,2025-05-15,True,,,,False
97415000AV0670,2024-12-03,True,,,,False
97410000AL0384,2025-10-10,True,,,,False
97422000BT1216,2025-12-30,True,,,,False
97409000AX0982,2025-09-16,True,,,,False
97409000AN0597,2025-02-18,False,,,,False
97412000AZ0822,2024-08-27,True,,,,False
97411000IS0673,2024-07-25,True,,,,False
97415000CO0315,2025-07-01,True,,,,False
97408000BO0601,2024-04-03,False,,,,False
97411000EZ0077,2024-12-04,False,,,,False
97412000AY0188,2024-11-26,True,,,,False
97422000DM0234,2025-09-18,False,,,,False
97424000AR0077,2025-01-16,False,,,,False
97416000DM0046,2024-03-28,False,,,,False
97415000DE1192,2024-02-28,True,,,,False
97412000CP0357,2025-05-15,False,,,,False
97408000AP1487,2024-01-30,False,,,,False
97408000AM1110,2024-08-21,False,,,,False
97415000CK0482,2024-04-03,False,,,,False
97415000HK0585,2025-09-25,True,,,,False
97405000AL1550,2024-09-05,True,,,,False
97408000AP1627,2025-09-11,True,,,,False
97417000AT0498,2024-09-04,True,,,,False
97413000AV2289,2024-04-23,True,,,,False
97410000AH0313,2025-09-26,True,,,,False
97422000DH0230,2025-08-25,True,,,,False
97410000BD0194,2025-04-18,False,,,,False
97410000AL0424,2025-06-06,True,,,,False
97408000AO0327,2024-04-03,True,,,,False
97415000CW0817,2025-07-01,True,,,,False
97415000AV0938,2025-08-25,True,,,,False
97412000AH1283,2025-03-31,False,,,,False
97415000CR0336,2025-03-28,False,,,,False
97415000CM0833,2024-02-09,True,,,,False
97422000BD0785,2025-11-28,False,,,,False
97413000AC0583,2024-09-30,False,,,,False
97412000CP0162,2024-08-20,False,,,,False
97411000CM0717,2025-07-04,True,,,,False
97406000AI0401,2025-01-30,False,,,,False
97422000AV0251,2024-01-30,False,,,,False
97408000BM0115,2025-06-03,False,,,,False
97415000CR0807,2024-12-02,True,,,,False
97410000AR1579,2024-06-19,False,,,,False
97407000BI0051,2024-06-18,False,,,,False
97412000BY1641,2024-10-23,False,,,,False
97424000AI0486,2024-04-19,False,,,,False
97422000AL0736,2024-12-16,False,,,,False
97413000DE1566,2025-03-26,False,,,,False
97408000AO1870,2025-04-07,False,,,,False
97422000BI0498,2025-08-04,True,,,,False
97422000BP1876,2025-10-06,True,,,,False
97415000CO0313,2025-07-01,True,,,,False
97407000AO1750,2024-04-11,False,,,,False
97419000AP0213,2024-07-10,True,,,,False
97412000BK1991,2024-05-31,True,,,,False
97416000DE1806,2024-08-09,True,,,,False
97416000CW1641,2025-02-19,False,,,,False
97422000BP1964,2025-04-08,True,,,,False
97406000AP0356,2024-10-31,True,,,,False
97411000AZ0031,2025-06-18,False,,,,False
97415000AB0593,2025-07-29,True,,,,False
97411000IC0434,2025-03-18,False,,,,False
97418000AR2517,2025-07-18,False,,,,False
97416000DS0709,2025-08-29,False,,,,False
97418000AP3108,2025-12-29,False,,,,False
97412000BW2473,2024-12-19,True,,,,False
97411000CE1266,2025-10-09,False,,,,False
97416000HN1820,2025-11-28,False,,,,False
97414000HC0379,2025-03-25,False,,,,False
97416000CS1315,2024-11-28,False,,,,False
97422000BH2084,2024-05-31,False,,,,False
97420000BD0177,2024-02-27,True,,,,False
97412000AO0816,2025-10-07,False,,,,False
97424000AI0570,2024-08-07,False,,,,False
97415000AW1978,2025-01-13,False,,,,False
97422000BR1854,2024-12-30,True,,,,False
97411000EH0183,2024-04-26,True,,,,False
97415000EP1223,2025-12-26,True,,,,False
97414000CT1536,2024-12-16,True,,,,False
97414000CY0324,2024-08-13,False,,,,False
97413000BW0380,2024-02-27,False,,,,False
97416000DV0090,2024-11-23,False,,,,False
97415000BV1493,2025-03-11,False,,,,False
97412000BY0924,2025-06-12,True,,,,False
97415000DM1528,2024-07-09,True,,,,False
97411000BE0271,2025-11-04,True,,,,False
97411000BN0593,2025-02-27,False,,,,False
97414000CL0579,2025-12-16,True,,,,False
97408000BM0757,2025-02-25,False,,,,False
97417000AT1162,2024-12-26,True,,,,False
97422000CN0119,2025-06-04,True,,,,False
97411000CX1748,2024-01-22,False,,,,False
97424000AD0115,2025-01-16,False,,,,False
97401000AS1196,2025-01-09,False,,,,False
97413000CR0703,2025-03-17,False,,,,False
97410000AT0786,2024-05-28,False,,,,False
97406000AI0605,2024-06-12,True,,,,False
97413000DE0916,2025-05-27,True,,,,False
97418000AT1752,2024-12-23,True,,,,False
97414000CV0091,2024-06-28,False,,,,False
97418000AT2311,2025-02-13,False,,,,False
97409000AS0710,2024-10-04,False,,,,False
97414000EV0549,2025-07-10,True,,,,False
97410000BS0514,2025-03-18,True,,,,False
97412000BM0975,2024-04-30,True,,,,False
97416000CS1569,2024-02-02,False,,,,False
97423000AB1972,2025-12-23,False,,,,False
97422000EI0194,2025-11-25,False,,,,False
97409000BD0208,2024-04-11,False,,,,False
97411000HR0138,2024-12-19,False,,,,False
97418000AR2585,2024-09-27,False,,,,False
97415000DN0148,2024-04-15,True,,,,False
97409000BP0025,2025-08-14,True,,,,False
97418000AS0725,2024-09-09,False,,,,False
97412000AV0572,2024-04-22,True,,,,False
97422000CH0176,2025-05-28,False,,,,False
97410000BH0713,2024-07-26,False,,,,False
97411000CT0261,2024-08-29,True,,,,False
97401000AR1680,2025-10-30,False,,,,False
97409000BR0190,2025-11-19,True,,,,False
97415000CY0704,2025-11-03,False,,,,False
97413000DE1439,2025-09-25,False,,,,False
97409000AN0671,2024-12-23,False,,,,False
97414000EV0729,2024-12-19,True,,,,False
97403000AP0192,2024-09-16,False,,,,False
97414000EL2520,2025-05-26,True,,,,False
97416000CS1607,2025-03-21,False,,,,False
97414000EN2483,2025-12-10,True,,,,False
97416000EW1261,2024-06-05,True,,,,False
97409000AX1083,2024-08-07,True,,,,False
97402000AM0009,2025-05-26,True,,,,False
97412000AS0053,2025-09-30,True,,,,False
97401000AR1619,2024-01-22,True,,,,False
97415000CY0209,2024-10-28,False,,,,False
97407000BA0054,2025-09-08,False,,,,False
97422000BO1597,2025-03-17,False,,,,False
97414000EV0789,2025-07-10,True,,,,False
97407000AO1003,2024-05-30,False,,,,False
97411000HS0404,2024-12-18,True,,,,False
97416000CS1260,2024-04-16,True,,,,False
97423000AH0639,2024-08-09,True,,,,False
97422000AP0064,2024-10-16,False,,,,False
97410000BV0433,2024-05-07,False,,,,False
97401000AN1381,2025-11-17,True,,,,False
97401000AO0885,2025-08-14,False,,,,False
97421000BC0197,2024-08-07,False,,,,False
97412000BW2450,2024-12-31,False,,,,False
97415000DR1020,2024-02-19,True,,,,False
97422000EM0228,2024-12-26,True,,,,False
97415000DR0495,2024-02-02,True,,,,False
97416000IB0292,2024-03-28,False,,,,False
97413000CT0364,2025-03-05,True,,,,False
97409000AR2082,2025-01-30,False,,,,False
97416000DL0088,2025-07-17,False,,,,False
97408000AS0619,2024-10-04,True,,,,False
97409000BD1614,2025-01-30,True,,,,False
97407000AO1136,2025-09-01,True,,,,False
97412000BH0746,2024-07-19,False,,,,False
97416000DE0384,2025-07-07,True,,,,False
97416000ET0534,2025-10-01,False,,,,False
97406000AC0504,2024-08-16,True,,,,False
97412000CH0432,2024-08-20,True,,,,False
97418000AP1813,2024-12-23,True,,,,False
97413000CX2863,2025-09-26,False,,,,False
97414000EM0279,2024-12-30,False,,,,False
97422000BV3060,2025-04-08,True,,,,False
97409000AI0406,2024-09-06,False,,,,False
97423000AC0414,2024-01-14,True,,,,False
97404000AX0658,2025-07-25,True,,,,False
97410000AW0369,2025-08-22,True,,,,False
97405000AM0841,2025-03-05,True,,,,False
97415000CM1208,2024-01-17,False,,,,False
97422000CH0785,2025-12-30,False,,,,False
97409000AI1388,2025-04-23,False,,,,False
97424000AE1435,2024-12-12,True,,,,False
97422000DH0231,2025-08-25,True,,,,False
97424000AI0418,2025-06-10,False,,,,False
97422000BR1064,2025-03-11,False,,,,False
97422000CT0126,2025-12-31,False,,,,False
97416000ET2209,2025-11-27,True,,,,False
97408000AP1106,2024-12-03,False,,,,False
97412000AL0337,2024-08-28,True,,,,False
97417000AO0464,2025-09-12,True,,,,False
97405000AL1598,2024-09-25,False,,,,False
97412000BS0058,2024-08-01,False,,,,False
97422000AX1409,2024-05-15,False,,,,False
97413000CD0401,2024-03-07,False,,,,False
97422000BK1526,2025-04-28,True,,,,False
97414000CM0209,2024-12-30,True,,,,False
97423000AC0415,2024-01-14,True,,,,False
97413000DA0329,2025-05-15,False,,,,False
97418000AT2013,2024-05-03,True,,,,False
97411000EP0077,2024-07-01,False,,,,False
97422000EN0289,2024-04-16,False,,,,False
97407000AI1548,2025-11-17,True,,,,False
97411000BL0524,2025-10-29,True,,,,False
97416000EZ0596,2025-05-19,False,,,,False
97405000AM0796,2025-03-05,True,,,,False
97406000AC0345,2025-12-19,False,,,,False
97416000DM0740,2024-06-25,True,,,,False
97412000BH0343,2025-01-30,True,,,,False
97405000BE1754,2024-07-09,True,,,,False
97407000AH0245,2024-07-30,True,,,,False
97414000CR0530,2025-01-23,False,,,,False
97402000AK0382,2024-08-30,False,,,,False
97411000AP0429,2025-07-22,False,,,,False
97415000EZ0069,2024-05-28,False,,,,False
97416000EH1303,2025-09-04,False,,,,False
97422000DH0995,2024-07-10,True,,,,False
97411000KE0387,2024-02-15,True,,,,False
97413000CX2544,2025-09-22,True,,,,False
97406000AI0561,2025-05-29,False,,,,False
97422000CL1468,2024-11-14,False,,,,False
97420000AZ0448,2024-02-22,False,,,,False
97422000BD3782,2025-02-14,False,,,,False
97413000ZA0075,2024-08-13,False,,,,False
97422000AS0524,2025-02-12,False,,,,False
97415000DI0965,2024-05-23,True,,,,False
97415000BW2149,2025-09-19,False,,,,False
97414000EV0552,2025-07-10,True,,,,False
97416000EX1878,2024-02-14,False,,,,False
97413000CY1468,2024-12-23,True,,,,False
97415000CR1251,2024-04-17,False,,,,False
97411000IN0345,2025-11-10,True,,,,False
97412000CD1329,2025-10-30,False,,,,False
97415000EW0567,2025-01-20,True,,,,False
97416000HN1318,2025-09-16,True,,,,False
97415000HN0026,2024-12-23,False,,,,False
97412000CP0140,2024-01-12,True,,,,False
97422000BX0285,2024-11-15,False,,,,False
97405000BI1155,2024-04-18,False,,,,False
97406000AE0550,2025-06-04,False,,,,False
97408000AO1211,2025-12-19,False,,,,False
97411000EW0087,2025-05-30,False,,,,False
97413000AC0842,2024-09-20,True,,,,False
97419000AM0621,2025-10-30,False,,,,False
97422000ED0475,2025-09-29,True,,,,False
97412000AT0562,2025-11-24,True,,,,False
97402000AH0525,2024-02-13,True,,,,False
97414000ET1753,2025-12-24,False,,,,False
97409000AH0293,2024-05-17,False,,,,False
97408000BO0560,2024-09-27,True,,,,False
97416000CZ1815,2024-10-01,True,,,,False
97416000EH0795,2024-07-04,True,,,,False
97416000CW2234,2025-07-18,False,,,,False
97411000EI0499,2025-08-01,False,,,,False
97405000AR1841,2025-11-20,False,,,,False
97416000ET2112,2025-08-26,False,,,,False
97409000AL1529,2024-12-26,True,,,,False
97422000DE0692,2025-07-09,False,,,,False
97415000CO0296,2025-07-01,True,,,,False
97409000AO0278,2024-06-27,False,,,,False
97415000AZ1985,2024-05-10,True,,,,False
97422000BP1982,2025-04-08,True,,,,False
97405000AD0743,2024-06-13,True,,,,False
97409000AW0402,2024-08-21,False,,,,False
97415000CW0840,2025-07-01,True,,,,False
97402000AI0893,2025-05-20,False,,,,False
97422000CL0984,2025-06-20,False,,,,False
97410000AT0765,2025-08-18,False,,,,False
97422000AL0852,2025-07-22,True,,,,False
97414000EV0556,2025-07-10,True,,,,False
97412000CT0652,2024-10-16,False,,,,False
97416000CW2383,2024-10-30,False,,,,False
97415000CY0250,2025-06-19,True,,,,False
97416000HY1799,2025-12-10,False,,,,False
97405000AD0687,2024-06-13,True,,,,False
97415000CY0910,2024-01-31,False,,,,False
97418000AW0120,2025-03-17,False,,,,False
97418000AV2912,2025-08-28,False,,,,False
97415000EP0674,2024-11-14,False,,,,False
97407000BI0288,2024-08-26,False,,,,False
97408000AT0440,2024-03-19,False,,,,False
97415000EH0543,2025-10-20,False,,,,False
97415000EV0881,2024-03-06,True,,,,False
97408000AN1347,2024-04-05,True,,,,False
97415000AB0594,2025-07-29,True,,,,False
97416000CZ1737,2025-07-11,False,,,,False
97411000HS0140,2025-02-03,False,,,,False
97411000AW0133,2024-04-15,False,,,,False
97408000AT0691,2024-07-25,False,,,,False
97424000AL0489,2025-12-11,False,,,,False
97411000CY0491,2024-07-24,False,,,,False
97422000BR1809,2024-07-11,True,,,,False
97410000AL0484,2025-12-23,True,,,,False
97401000AT0727,2024-10-31,True,,,,False
97411000CD0305,2025-01-14,False,,,,False
97411000AV0202,2024-05-07,False,,,,False
97424000AM0621,2024-09-06,False,,,,False
97411000BZ1729,2024-02-05,False,,,,False
97416000CV1690,2024-02-08,True,,,,False
97408000AC3719,2024-11-28,False,,,,False
97410000AW0368,2025-06-04,False,,,,False
97413000DI0261,2025-04-29,False,,,,False
97422000AP1253,2024-04-26,False,,,,False
97405000AH0827,2025-07-15,False,,,,False
97410000AL0429,2025-06-06,True,,,,False
97408000AC3716,2024-12-10,True,,,,False
97418000AO1242,2025-10-21,False,,,,False
97415000CO0565,2025-07-01,True,,,,False
97404000AC0667,2025-10-28,True,,,,False
97405000BH0399,2024-12-03,False,,,,False
97412000AO0933,2025-07-24,False,,,,False
97414000CX0161,2025-02-20,True,,,,False
97412000BX1856,2025-05-14,True,,,,False
97409000BL0209,2024-06-25,True,,,,False
97422000DN0281,2024-06-26,False,,,,False
97411000DK0210,2024-12-02,True,,,,False
97415000DR0470,2024-03-13,True,,,,False
97406000AI0951,2025-07-25,False,,,,False
97415000CT2977,2024-04-05,False,,,,False
97422000BV3064,2025-04-08,True,,,,False
97416000IE1977,2025-06-04,False,,,,False
97407000AL0349,2025-11-27,False,,,,False
97407000AK0866,2025-09-24,False,,,,False
97411000CY0696,2024-09-30,False,,,,False
97410000AV0256,2025-12-23,False,,,,False
97422000BX0482,2025-03-26,False,,,,False
97417000AT1495,2025-12-17,False,,,,False
97422000EL0135,2024-04-04,False,,,,False
97411000IZ0136,2025-07-17,True,,,,False
97407000AV0087,2025-05-27,True,,,,False
97413000DJ0584,2025-07-17,True,,,,False
97415000DM1591,2024-04-26,False,,,,False
97416000HN1812,2025-10-21,False,,,,False
97416000ET2199,2025-11-27,False,,,,False
97422000BP1978,2025-04-08,True,,,,False
97422000BR1856,2024-12-30,True,,,,False
97413000CX2866,2025-11-06,False,,,,False
97416000DN0020,2024-02-22,False,,,,False
97412000CE1729,2025-06-16,False,,,,False
97401000AM1456,2024-12-11,True,,,,False
97415000HN0153,2024-01-04,False,,,,False
97408000AT1515,2025-05-14,False,,,,False
97418000AD0869,2025-10-16,True,,,,False
97422000BK2529,2025-04-02,False,,,,False
97411000DW0285,2025-12-04,True,,,,False
97411000AS0053,2024-03-20,True,,,,False
97420000AI0916,2025-08-08,False,,,,False
97411000AH0369,2025-08-25,True,,,,False
97414000DE0238,2024-10-15,False,,,,False
97417000AI0035,2025-09-29,True,,,,False
97411000HS0513,2024-07-31,True,,,,False
97405000AL1567,2024-06-28,False,,,,False
97422000AE0269,2025-07-31,False,,,,False
97416000HY1160,2024-06-18,False,,,,False
97422000BH0246,2025-10-15,True,,,,False
97411000IH0453,2024-06-25,True,,,,False
97422000EC0290,2024-08-30,True,,,,False
97415000CO0365,2025-07-01,True,,,,False
97424000AI0560,2024-10-21,False,,,,False
97417000BD1025,2025-07-22,True,,,,False
97422000BR1701,2025-03-11,False,,,,False
97411000AW0823,2024-08-27,True,,,,False
97424000AI1700,2025-05-28,False,,,,False
97409000BM1357,2024-02-20,False,,,,False
97415000AZ2029,2025-05-26,False,,,,False
97408000AP1660,2025-09-11,True,,,,False
97406000AV0539,2025-04-24,False,,,,False
97406000AV1352,2025-07-31,True,,,,False
97405000BH0553,2024-12-27,False,,,,False
97410000AV0664,2025-10-14,True,,,,False
97411000DR0642,2025-12-01,True,,,,False
97407000AI1891,2024-08-19,True,,,,False
97408000BI0304,2024-06-05,False,,,,False
97408000AS0571,2024-04-05,True,,,,False
97410000AN0863,2025-11-27,True,,,,False
97422000CL0482,2024-09-03,False,,,,False
97415000CR1086,2025-11-13,True,,,,False
97411000BH0509,2025-12-22,True,,,,False
97411000DR0402,2024-12-12,False,,,,False
97414000ET1256,2025-09-23,False,,,,False
97424000AI1625,2025-05-28,False,,,,False
97413000AV2294,2025-07-07,False,,,,False
97423000AH0129,2025-05-07,True,,,,False
97408000AB0231,2024-12-13,True,,,,False
97413000DM0064,2025-10-15,False,,,,False
97403000AM0673,2024-10-30,False,,,,False
97422000BD3718,2024-11-27,False,,,,False
97401000AS1212,2024-02-28,False,,,,False
97410000AH1306,2025-12-09,True,,,,False
97410000AN0828,2024-03-15,True,,,,False
97409000AO0384,2024-04-15,True,,,,False
97415000DM0754,2024-12-17,False,,,,False
97422000BW2588,2025-09-17,False,,,,False
97415000EH0396,2025-02-20,True,,,,False
97416000HY0829,2025-03-17,True,,,,False
97411000AT0401,2025-07-09,False,,,,False
97424000AI2095,2024-02-27,False,,,,False
97421000AK0154,2024-11-04,False,,,,False
97409000AS2131,2025-10-24,True,,,,False
97404000AM1120,2024-02-26,False,,,,False
97422000AK1292,2025-10-30,False,,,,False
97409000AS1822,2024-03-29,False,,,,False
97409000BD0153,2025-07-21,False,,,,False
97407000AI0486,2024-11-29,False,,,,False
97415000ET1688,2025-01-24,False,,,,False
97408000AM0870,2024-02-20,False,,,,False
97416000HP0259,2025-03-26,True,,,,False
97422000CS0600,2025-09-30,False,,,,False
97414000CP0005,2025-03-31,True,,,,False
97410000AV0648,2024-03-27,False,,,,False
97408000AP1614,2025-09-11,True,,,,False
97412000CK0822,2025-09-19,True,,,,False
97421000BP0224,2025-03-12,True,,,,False
97415000CZ1176,2025-02-07,False,,,,False
97422000BE2986,2024-04-30,False,,,,False
97411000IH0081,2025-01-21,False,,,,False
97412000BY1722,2025-02-25,False,,,,False
97424000AM1010,2024-12-31,True,,,,False
97407000AS0135,2025-03-05,False,,,,False
97411000CH0813,2025-11-25,False,,,,False
97422000CN1817,2024-09-06,False,,,,False
97421000AK0249,2024-12-12,False,,,,False
97405000BI1179,2024-01-19,True,,,,False
97420000AW0082,2025-01-17,False,,,,False
97408000AT0677,2024-08-16,False,,,,False
97415000DR0612,2024-09-06,True,,,,False
97401000AN1352,2025-06-17,True,,,,False
97415000BN1328,2025-07-17,False,,,,False
97411000HS0479,2024-07-31,True,,,,False
97422000CX0553,2025-01-14,False,,,,False
97414000EO1372,2024-11-05,True,,,,False
97414000EL0657,2025-04-17,False,,,,False
97416000ES0757,2025-02-12,False,,,,False
97405000BE1755,2024-07-09,True,,,,False
97423000AC0409,2024-01-14,True,,,,False
97415000EP0503,2024-10-14,True,,,,False
97414000EW0039,2025-05-22,False,,,,False
97408000AV0259,2025-01-30,False,,,,False
97424000AI1827,2025-02-25,True,,,,False
97420000BD0178,2024-02-27,True,,,,False
97412000CT0762,2025-01-31,True,,,,False
97415000BO0130,2024-07-04,False,,,,False
97411000EH0205,2025-04-04,False,,,,False
97415000EY1268,2025-08-28,False,,,,False
97415000EV0653,2024-10-09,False,,,,False
97412000AW0197,2024-06-27,True,,,,False
97415000CP1244,2025-01-31,False,,,,False
97415000CY0018,2025-12-31,False,,,,False
97413000AV1556,2024-09-09,True,,,,False
97411000AY0557,2025-12-17,True,,,,False
97411000BZ1333,2024-08-27,False,,,,False
97413000CY0407,2025-09-17,False,,,,False
97409000AW1501,2025-12-10,False,,,,False
97410000BL0262,2024-03-28,False,,,,False
97422000ED0067,2025-03-11,False,,,,False
97403000AO0511,2025-08-21,False,,,,False
97411000IM0295,2024-12-30,False,,,,False
97415000BN0286,2024-09-16,False,,,,False
97412000BN1364,2024-12-26,False,,,,False
97414000EX0873,2024-11-16,False,,,,False
97418000BD0424,2024-03-28,True,,,,False
97415000ER1763,2024-01-31,False,,,,False
97405000AS0551,2025-03-11,False,,,,False
97412000BM0319,2024-07-23,False,,,,False
97412000AW0309,2025-03-11,True,,,,False
97422000AP1252,2025-04-29,False,,,,False
97405000AO0707,2024-07-24,True,,,,False
97421000AS0296,2025-08-08,False,,,,False
97411000CD0795,2024-06-24,False,,,,False
97422000BV1599,2025-12-26,False,,,,False
97416000CW1715,2025-10-13,True,,,,False
97414000CT1429,2025-02-26,False,,,,False
97410000BN0843,2025-07-07,False,,,,False
97419000AR0469,2024-01-19,False,,,,False
97405000AH0844,2025-05-28,True,,,,False
97411000DY0274,2024-04-26,True,,,,False
97412000BT0910,2025-08-26,False,,,,False
97411000DR0655,2024-10-18,True,,,,False
97416000DM0359,2024-05-31,True,,,,False
97405000AK1422,2025-03-31,False,,,,False
97410000AP0435,2025-05-27,True,,,,False
97412000CR0825,2024-12-30,False,,,,False
97418000AP1112,2024-02-28,True,,,,False
97405000AY0757,2024-09-27,False,,,,False
97406000AM0851,2025-07-28,False,,,,False
97421000AL0544,2025-10-23,True,,,,False
97415000AX1106,2025-06-04,False,,,,False
97410000BH0731,2025-08-08,True,,,,False
97422000DE0580,2025-10-07,True,,,,False
97408000BR0047,2025-03-19,False,,,,False
97416000EW1266,2024-06-26,True,,,,False
97410000AC0158,2024-10-10,True,,,,False
97410000BX1293,2025-10-27,False,,,,False
97413000AC0846,2024-09-20,True,,,,False
97412000AM1454,2024-09-11,False,,,,False
97415000AY1572,2024-07-26,True,,,,False
97421000AK0204,2025-12-18,False,,,,False
97405000BE0565,2024-09-17,True,,,,False
97412000AP0649,2025-05-02,False,,,,False
97415000AB0748,2025-09-30,True,,,,False
97413000AC0969,2025-07-18,True,,,,False
97416000HY0765,2025-02-14,False,,,,False
97424000AI2415,2025-04-16,True,,,,False
97416000DT0110,2024-12-30,False,,,,False
97401000AP1205,2025-10-07,True,,,,False
97418000AT0298,2024-11-19,True,,,,False
97411000HM0084,2025-07-24,False,,,,False
97407000BC0522,2024-07-29,True,,,,False
97408000AY0319,2025-08-08,True,,,,False
97416000IC0467,2025-04-09,False,,,,False
97411000IL0347,2024-04-23,False,,,,False
97421000AB0185,2024-12-30,True,,,,False
97414000EL0303,2024-03-06,False,,,,False
97408000AO1703,2024-02-26,True,,,,False
97407000AK1049,2025-09-30,True,,,,False
97408000AM0419,2024-09-16,True,,,,False
97411000HR0041,2025-04-24,False,,,,False
97421000BD0331,2024-10-21,False,,,,False
97415000CZ0977,2025-07-10,False,,,,False
97418000AT0259,2024-04-24,False,,,,False
97416000IM0715,2025-11-28,False,,,,False
97404000AH1024,2025-04-07,True,,,,False
97412000CE0173,2024-01-26,False,,,,False
97421000BO0373,2024-06-03,False,,,,False
97422000BM1483,2024-05-17,False,,,,False
97418000AV2718,2024-06-27,True,,,,False
97402000AI0952,2024-05-21,True,,,,False
97414000DI0721,2024-11-04,True,,,,False
97414000EW0475,2025-11-27,False,,,,False
97410000AN0458,2024-11-25,False,,,,False
97423000AB1819,2025-12-09,False,,,,False
97414000EN4153,2024-12-23,False,,,,False
97415000CM2364,2024-11-02,True,,,,False
97412000CE0967,2025-04-03,False,,,,False
97409000BE1938,2025-10-07,True,,,,False
97411000AD0213,2024-04-25,False,,,,False
97414000EK0648,2024-04-02,True,,,,False
97413000CH0646,2025-09-19,False,,,,False
97416000IE0900,2024-11-28,False,,,,False
97413000DD1536,2025-12-19,True,,,,False
97416000CO1026,2024-06-10,False,,,,False
97412000BW2293,2025-09-11,False,,,,False
97411000AT0338,2024-11-06,True,,,,False
97401000AS1391,2025-10-21,True,,,,False
97404000AE0284,2024-09-24,True,,,,False
97410000BX1733,2024-10-17,True,,,,False
97418000AD0297,2025-08-04,False,,,,False
97416000HV0036,2024-09-06,False,,,,False
97410000BD0193,2024-04-25,False,,,,False
97406000AT0301,2024-09-26,True,,,,False
97414000DV0600,2024-07-29,True,,,,False
97418000AC0564,2024-05-23,True,,,,False
97414000DT0817,2025-03-07,True,,,,False
97415000CV1257,2024-06-25,True,,,,False
97413000CY0346,2024-06-28,False,,,,False
97405000AS0584,2024-03-01,False,,,,False
97401000AN0158,2024-11-07,True,,,,False
97411000AN0480,2025-02-26,False,,,,False
97406000AT0483,2024-04-04,True,,,,False
97413000DD1538,2025-12-19,True,,,,False
97419000AC0444,2024-01-29,False,,,,False
97405000BI1233,2024-01-25,True,,,,False
97414000EK0524,2024-07-16,False,,,,False
97411000HO0213,2024-04-24,False,,,,False
97421000AP0496,2024-04-18,True,,,,False
97412000CW0987,2025-11-24,False,,,,False
97415000CM2357,2024-11-02,True,,,,False
97416000DM0560,2025-10-15,False,,,,False
97413000DE2491,2025-03-26,False,,,,False
97405000AL1478,2025-12-10,False,,,,False
97411000CM0719,2025-07-04,True,,,,False
97406000AV0889,2024-05-27,True,,,,False
97416000HZ1071,2025-06-19,True,,,,False
97411000HO0199,2024-07-23,False,,,,False
97401000AO1109,2024-12-24,True,,,,False
97418000AS1225,2025-05-06,False,,,,False
97416000HW0076,2025-12-01,False,,,,False
97418000AT2297,2024-10-31,False,,,,False
97408000AC3641,2025-10-21,False,,,,False
97424000AE1719,2024-02-02,False,,,,False
97422000EM0216,2024-12-02,False,,,,False
97413000ZA0091,2024-12-31,False,,,,False
97413000DA0395,2024-08-16,False,,,,False
97412000AP0203,2025-07-15,True,,,,False
97410000BY0936,2024-06-21,True,,,,False
97416000HN1291,2025-09-16,True,,,,False
97404000AC1127,2025-01-21,True,,,,False
97414000EL0287,2024-07-08,False,,,,False
97422000CK1498,2025-09-29,False,,,,False
97419000AT0038,2024-11-21,False,,,,False
97403000AP2286,2024-04-04,False,,,,False
97422000AD1217,2024-01-23,False,,,,False
97416000EZ0739,2024-09-30,False,,,,False
97415000DE1196,2024-02-28,True,,,,False
97405000BE0159,2024-03-25,True,,,,False
97413000CN1025,2025-11-07,False,,,,False
97415000EW0912,2024-11-04,False,,,,False
97403000AV0070,2024-09-27,False,,,,False
97415000AS0614,2025-07-09,False,,,,False
97416000ID0219,2024-06-27,True,,,,False
97411000BN0301,2025-12-15,False,,,,False
97420000AO0649,2025-05-16,False,,,,False
97413000CX2137,2025-11-28,False,,,,False
97415000EW1265,2025-03-11,True,,,,False
97422000ED0014,2025-04-24,False,,,,False
97405000BI0470,2025-11-20,False,,,,False
97415000DK1190,2025-11-19,False,,,,False
97414000HH0026,2024-06-24,False,,,,False
97420000AV0556,2025-09-24,False,,,,False
97422000BD1161,2024-12-30,True,,,,False
97411000HE0588,2024-12-11,True,,,,False
97422000BY0617,2024-09-12,False,,,,False
97409000AB0970,2024-09-03,True,,,,False
