idu,date_vente,vente_groupee,premier_envoi,n_simule,premiere_piste,exclue_client
97405000AI1209,2025-09-29,True,,,,False
97411000KB0255,2025-09-17,True,,,,False
97415000BV1609,2025-04-04,True,,,,False
97421000BM0629,2025-09-17,False,,,,False
97411000DL0088,2025-09-04,False,,,,False
97422000BD3529,2025-07-22,False,,,,False
97416000EH0782,2025-04-04,False,,,,False
97409000AI0348,2025-10-28,False,,,,False
97409000BM1330,2025-07-04,True,,,,False
97412000BI0418,2025-03-21,True,,,,False
97411000HD0081,2025-03-12,False,,,,False
97404000AD1097,2025-05-16,False,,,,False
97411000DW0288,2025-07-03,True,,,,False
97411000EZ0106,2025-03-31,False,,,,False
97415000AV0362,2025-01-17,True,,,,False
97414000DS0852,2025-06-23,False,,,,False
97414000EN2984,2025-08-27,True,,,,False
97415000CO0501,2025-07-01,True,,,,False
97416000EX1899,2025-07-28,True,,,,False
97406000AD0353,2025-07-12,False,,,,False
97415000BZ0929,2025-11-28,True,,,,False
97418000AO1196,2025-03-05,True,,,,False
97408000AP1659,2025-09-11,True,,,,False
97416000EV0905,2025-04-07,False,,,,False
97404000BA0137,2025-12-03,False,,,,False
97405000BE1447,2025-07-23,False,,,,False
97416000HX1349,2025-03-28,True,,,,False
97416000IA1343,2025-06-27,True,,,,False
97409000AR0902,2025-07-15,False,,,,False
97418000BV0255,2025-12-17,False,,,,False
97401000AP1199,2025-10-07,True,,,,False
97405000AK1824,2025-04-28,False,,,,False
97420000AO0651,2025-03-11,False,,,,False
97412000CX0921,2025-12-02,True,,,,False
97416000DE0759,2025-08-21,False,,,,False
97410000BE0180,2025-03-26,False,,,,False
97419000AX0717,2025-06-26,False,,,,False
97411000DN0055,2025-06-20,False,,,,False
97414000ES1073,2025-12-01,False,,,,False
97407000BL0247,2025-11-27,True,,,,False
97413000DE0915,2025-05-27,True,,,,False
97408000AP1618,2025-09-11,True,,,,False
97401000AP0687,2025-10-28,True,,,,False
97406000AO0045,2025-09-29,True,,,,False
97414000ET0097,2025-05-13,False,,,,False
97414000EX0192,2025-03-27,False,,,,False
97416000ET0998,2025-07-31,False,,,,False
97411000AE0117,2025-01-31,True,,,,False
97422000CM0905,2025-06-19,True,,,,False
97415000ES0558,2025-12-15,False,,,,False
97416000HX1005,2025-09-26,True,,,,False
97405000AE0452,2025-09-08,True,,,,False
97414000ET2221,2025-12-15,True,,,,False
97413000CX2482,2025-07-19,True,,,,False
97411000EZ0210,2025-07-22,False,,,,False
97407000BE0262,2025-09-15,False,,,,False
97413000CX2857,2025-09-11,False,,,,False
97411000EP0073,2025-12-09,False,,,,False
97422000DE0693,2025-03-26,False,,,,False
97418000AS0941,2025-03-13,False,,,,False
97415000CX0639,2025-01-13,True,,,2026-08-14 16:21:48.650530+00:00,False
97411000AZ0046,2025-05-06,False,,,,False
97415000ET1667,2025-02-14,False,,,,False
97424000AM0649,2025-10-15,True,,,,False
97411000ET0152,2025-09-25,False,,,,False
97422000BP0394,2025-06-11,False,,,,False
97409000AR2612,2025-04-16,False,,,,False
97408000AS0449,2025-12-03,False,,,,False
97405000AE0921,2025-06-23,False,,,,False
97418000AP4440,2025-07-10,False,,,,False
97412000CD0528,2025-04-09,False,,,,False
97424000AI1545,2025-08-07,False,,,,False
97415000HR0233,2025-07-18,False,,,,False
97411000BC0452,2025-03-07,False,,,,False
97413000CI0700,2025-05-16,False,,,,False
97407000AV0347,2025-07-24,True,,,,False
97417000AT1198,2025-07-18,False,,,,False
97415000AT0617,2025-12-22,False,,,,False
97409000AS2127,2025-04-24,True,,,,False
97416000HY0239,2025-03-03,True,,,,False
97415000DI0656,2025-12-22,True,,,,False
97411000AO0339,2025-08-29,False,,,,False
97422000AY1336,2025-09-23,True,,,,False
97418000AY0042,2025-06-27,False,,,,False
97416000DZ0667,2025-09-12,True,,,,False
97410000BM1316,2025-01-23,False,,,,False
97417000BC0067,2025-11-13,True,,,2026-08-25 14:01:55.195823+00:00,False
97415000ET1583,2025-01-27,False,,,,False
97412000CE2495,2025-10-16,False,,,,False
97402000AB1078,2025-03-27,False,,,,False
97412000CN0222,2025-06-30,False,,,,False
97423000AK2028,2025-09-09,True,,,,False
97412000AN0435,2025-01-31,True,,,,False
97412000BL0591,2025-07-10,True,,,,False
97408000AM0571,2025-05-05,True,,,,False
97415000EY0329,2025-02-24,True,,,,False
97417000AT1225,2025-10-30,False,,,,False
97422000BK1444,2025-03-04,False,,,,False
97415000CY1159,2025-03-31,True,,,,False
97408000AS0243,2025-05-27,False,,,,False
97412000AT0304,2025-02-20,False,,,,False
97408000AN1287,2025-06-30,True,,,,False
97421000AS0274,2025-06-19,True,,,,False
97410000BE0566,2025-05-27,True,,,,False
97422000BY0489,2025-03-11,True,,,,False
97416000CY0884,2025-01-23,True,,,,False
97409000BL0202,2025-03-25,True,,,,False
97418000AR2052,2025-01-15,False,,,,False
97405000AI0365,2025-02-24,False,,,,False
97412000BY0397,2025-01-23,False,,,,False
97424000AN0403,2025-12-19,False,,,,False
97406000AV1212,2025-07-23,True,,,,False
97402000AH1938,2025-04-16,True,,,,False
97421000AL0616,2025-02-06,False,,,,False
97414000CT1003,2025-12-15,True,,,,False
97410000BW1109,2025-09-29,False,,,,False
97421000BN0031,2025-02-05,True,,,,False
97413000BM0847,2025-08-29,True,,,,False
97412000BT0600,2025-03-07,False,,,,False
97418000BE0254,2025-11-26,False,,,,False
97415000BZ0921,2025-12-30,True,,,,False
97418000AT0909,2025-07-30,True,,,,False
97411000DY0034,2025-05-28,False,,,,False
97414000DS0606,2025-10-06,False,,,,False
97418000AS1356,2025-10-29,False,,,,False
97418000AT0144,2025-07-21,True,,,,False
97414000ET1265,2025-12-15,True,,,,False
97415000CO0305,2025-07-01,True,,,,False
97412000BW1080,2025-11-27,False,,,,False
97412000AX1094,2025-10-30,False,,,,False
97415000CZ0335,2025-12-29,False,,,,False
97409000BI0740,2025-10-31,False,,,,False
97422000BP1972,2025-04-08,True,,,,False
97424000AM0009,2025-01-16,False,,,,False
97401000AO1126,2025-09-23,False,,,,False
97413000AC0573,2025-02-13,False,,,,False
97409000BH0311,2025-01-24,True,,,,False
97409000AK1311,2025-10-28,False,,,,False
97411000HW0259,2025-06-18,False,,,,False
97415000BV1707,2025-07-25,False,,,,False
97413000DE2508,2025-10-08,True,,,,False
97411000CD0492,2025-09-08,False,,,,False
97411000IA0199,2025-02-07,True,,,,False
97415000EW0076,2025-10-08,False,,,,False
97416000CS1330,2025-03-19,False,,,,False
97411000EP0049,2025-09-22,False,,,,False
97412000BX1030,2025-03-07,True,,,,False
97408000AM0956,2025-03-14,False,,,,False
97410000BV0250,2025-07-31,False,,,,False
97416000HP0656,2025-03-14,False,,,,False
97418000AR0857,2025-11-17,True,,,,False
97413000CS0352,2025-07-11,True,,,,False
97411000AV0404,2025-07-11,True,,,,False
97404000AY0599,2025-10-30,True,,,,False
97410000AW0822,2025-08-20,False,,,,False
97404000AX0186,2025-06-25,True,,,,False
97409000BD0111,2025-08-01,False,,,,False
97412000CY1003,2025-06-16,False,,,,False
97421000AN0412,2025-03-12,True,,,,False
97406000AI0012,2025-04-08,False,,,,False
97418000AC1605,2025-10-16,True,,,,False
97419000AD0201,2025-06-06,True,,,,False
97422000BW3614,2025-06-10,True,,,,False
97418000AT1588,2025-10-16,True,,,,False
97409000AK1312,2025-10-20,False,,,,False
97411000HT0207,2025-01-29,False,,,,False
97412000BC0506,2025-10-09,True,,,,False
97420000AH0107,2025-07-24,False,,,,False
97401000AD0375,2025-03-31,False,,,,False
97418000AP3288,2025-09-26,True,,,,False
97413000CR1132,2025-02-24,True,,,,False
97411000DL0811,2025-02-14,False,,,,False
97407000AE0739,2025-07-30,False,,,,False
97422000BD0938,2025-11-03,True,,,,False
97415000AH1304,2025-08-05,True,,,,False
97404000AL1063,2025-08-20,False,,,,False
97406000AH0531,2025-07-24,False,,,,False
97423000AH1569,2025-06-11,True,,,,False
97411000IL0460,2025-05-27,False,,,,False
97415000AW1815,2025-07-30,True,,,,False
97418000AV0740,2025-06-27,False,,,,False
97424000AL0028,2025-01-16,False,,,,False
97422000BN2540,2025-03-27,False,,,,False
97413000DI0005,2025-12-16,False,,,,False
97407000BL0202,2025-10-24,False,,,,False
97407000AZ0014,2025-03-31,False,,,,False
97409000BE2194,2025-10-07,True,,,,False
97410000BH0702,2025-10-15,False,,,,False
97422000AE0725,2025-09-11,False,,,,False
97424000AI2243,2025-08-26,False,,,,False
97419000AR0577,2025-05-30,False,,,,False
97414000EZ0481,2025-07-01,True,,,,False
97412000CE1297,2025-11-18,True,,,,False
97410000AL0447,2025-06-06,True,,,,False
97406000AW1232,2025-02-13,False,,,,False
97413000CD0747,2025-10-30,False,,,,False
97401000AR1727,2025-06-10,True,,,,False
97410000AR1559,2025-02-21,False,,,,False
97415000AV0905,2025-03-14,True,,,,False
97418000AC0952,2025-12-15,True,,,,False
97412000BO0474,2025-11-24,False,,,,False
97411000IC0402,2025-12-02,False,,,,False
97411000AS0270,2025-09-03,False,,,,False
97405000AD0725,2025-05-21,True,,,,False
97415000EZ0122,2025-05-12,False,,,,False
97423000AH0262,2025-05-07,True,,,,False
97418000AV2862,2025-01-17,True,,,,False
97420000AZ0841,2025-04-23,False,,,,False
97423000AK1727,2025-07-23,False,,,,False
97414000EN3944,2025-06-03,True,,,2026-08-31 20:52:35.148531+00:00,False
97412000AV0675,2025-11-04,False,,,,False
97421000BN0015,2025-05-12,True,,,,False
97415000CM2284,2025-05-27,False,,,,False
97407000BE0306,2025-04-28,False,,,,False
97410000AH0876,2025-12-16,True,,,,False
97407000BE0059,2025-12-29,False,,,,False
97417000AT1180,2025-01-03,True,,,,False
97420000AO0239,2025-02-12,False,,,,False
97411000AY0560,2025-12-17,True,,,,False
97412000CY1090,2025-06-16,True,,,,False
97411000HS0471,2025-12-15,True,,,,False
97411000HP0326,2025-01-21,True,,,,False
97412000BZ0310,2025-10-01,False,,,,False
97406000AR0359,2025-08-28,False,,,,False
97405000BE0586,2025-05-30,False,,,,False
97411000HB0175,2025-12-31,False,,,,False
97412000AM1283,2025-05-28,True,,,,False
97409000AM0589,2025-10-31,False,,,,False
97414000DH1441,2025-09-29,True,,,,False
97413000CE0319,2025-04-18,False,,,,False
97422000BK1643,2025-01-22,True,,,,False
97409000AV1049,2025-12-19,False,,,,False
97404000AC0641,2025-10-28,True,,,,False
97416000EK0135,2025-08-28,False,,,,False
97408000AC3605,2025-01-31,False,,,,False
97414000HA0254,2025-01-17,True,,,,False
97410000BY0157,2025-05-23,False,,,,False
97404000AC1198,2025-11-13,False,,,,False
97418000AC1608,2025-10-16,True,,,,False
97410000AO0223,2025-07-28,False,,,,False
97410000AS1440,2025-10-02,False,,,,False
97411000CD1188,2025-09-29,False,,,,False
97414000CH1971,2025-12-31,True,,,,False
97407000AO1505,2025-09-01,True,,,,False
97411000AK0127,2025-09-05,False,,,,False
97404000AV0523,2025-08-22,True,,,,False
97414000DK0025,2025-06-30,True,,,,False
97411000EP0336,2025-08-29,True,,,,False
97413000CX2605,2025-09-19,False,,,,False
97414000DN0087,2025-06-05,True,,,,False
97415000CO0298,2025-07-01,True,,,,False
97411000HO0912,2025-01-27,True,,,,False
97409000AB0972,2025-03-13,False,,,,False
97408000AO0240,2025-08-18,False,,,,False
97405000AN0268,2025-06-24,False,,,,False
97414000CS0551,2025-08-25,True,,,,False
97418000AV1575,2025-05-05,True,,,,False
97414000DL0320,2025-04-07,False,,,,False
97421000AP0557,2025-07-02,True,,,,False
97415000AT0551,2025-03-04,True,,,,False
97404000AD1107,2025-02-17,False,,,,False
97422000EH0285,2025-04-25,False,,,,False
97411000IL0191,2025-02-26,False,,,,False
97414000EN0902,2025-12-18,False,,,,False
97417000AS0110,2025-04-16,False,,,,False
97411000CD1114,2025-11-14,False,,,,False
97409000BI0098,2025-01-30,False,,,,False
97407000AY0060,2025-01-31,False,,,,False
97422000CX0981,2025-10-24,True,,,,False
97416000CT1280,2025-09-25,False,,,,False
97401000AI1107,2025-03-24,False,,,,False
97413000AH0319,2025-11-24,True,,,,False
97412000CW1057,2025-06-26,True,,,,False
97423000AK1342,2025-09-11,True,,,,False
97422000CX1330,2025-09-30,False,,,,False
97413000CS0354,2025-07-11,True,,,,False
97414000EN3531,2025-10-01,True,,,,False
97413000DG1094,2025-09-19,False,,,,False
97415000HO1127,2025-08-21,False,,,,False
97414000HI0992,2025-05-30,False,,,,False
97422000ED0476,2025-09-29,True,,,,False
97414000EN4072,2025-07-15,False,,,,False
97415000EO1099,2025-02-11,True,,,,False
97422000BI1058,2025-07-07,True,,,,False
97422000BK1674,2025-09-30,False,,,,False
97409000AS0672,2025-11-12,False,,,,False
97412000BW2392,2025-09-05,False,,,,False
97405000BI1278,2025-07-03,False,,,,False
97422000CH0778,2025-12-16,False,,,,False
97416000HX1006,2025-09-26,True,,,,False
97411000EP0046,2025-09-22,False,,,,False
97415000EL0523,2025-06-04,True,,,,False
97410000BD0185,2025-09-30,False,,,,False
97411000AE0633,2025-08-28,False,,,,False
97409000AL1131,2025-06-19,False,,,,False
97413000CY1061,2025-10-28,False,,,,False
97401000AM1242,2025-08-13,True,,,,False
97415000HI0326,2025-03-06,False,,,,False
97413000DG1080,2025-06-26,False,,,,False
97411000DE0267,2025-01-30,False,,,,False
97422000BH1214,2025-09-24,False,,,,False
97401000AO0030,2025-03-12,True,,,,False
97420000BC1448,2025-05-28,True,,,,False
97422000EI0102,2025-03-10,True,,,,False
97413000CS0734,2025-10-07,False,,,,False
97401000AR1724,2025-06-10,True,,,,False
97422000AD1048,2025-08-13,False,,,,False
97422000CE0799,2025-07-31,False,,,,False
97417000BC0095,2025-11-13,True,,,,False
97412000CE2757,2025-06-19,False,,,,False
97407000AL1535,2025-05-28,True,,,,False
97412000CR0074,2025-10-10,False,,,,False
97405000AR1646,2025-06-05,True,,,,False
97411000IT0590,2025-11-20,True,,,,False
97406000AI1032,2025-10-16,False,,,,False
97403000AR0795,2025-08-21,False,,,,False
97416000EW0111,2025-03-14,False,,,,False
97413000CQ0738,2025-06-17,True,,,,False
97423000AE0754,2025-05-22,True,,,,False
97412000AZ0110,2025-05-27,True,,,,False
97407000BI0383,2025-04-16,True,,,,False
97410000BK0246,2025-06-19,True,,,,False
97411000DS0865,2025-04-28,False,,,,False
97411000HP0396,2025-04-18,True,,,,False
97411000AC0104,2025-11-03,False,,,,False
97418000AP1935,2025-09-26,True,,,,False
97415000CY1052,2025-08-14,True,,,,False
97414000DN0592,2025-10-23,False,,,,False
97420000BD0995,2025-09-24,False,,,,False
97419000AR0735,2025-06-09,True,,,,False
97414000CW0609,2025-04-17,True,,,,False
97422000BP1975,2025-04-08,True,,,,False
97411000HS0366,2025-08-05,True,,,,False
97419000AE0188,2025-12-15,True,,,,False
97422000BS0939,2025-10-30,True,,,,False
97413000AC0968,2025-07-18,True,,,,False
97414000HC0374,2025-09-26,False,,,,False
97411000DK0048,2025-04-09,False,,,,False
97415000ET1412,2025-08-27,False,,,,False
97410000AL0144,2025-12-16,True,,,,False
97410000AW0358,2025-08-22,True,,,,False
97416000HL0014,2025-06-03,True,,,,False
97412000CX0341,2025-09-16,False,,,,False
97413000CC0383,2025-11-03,False,,,,False
97415000AS1105,2025-05-19,False,,,,False
97410000BE0197,2025-03-13,False,,,,False
97407000AL1582,2025-07-15,False,,,,False
97419000AS0229,2025-05-28,False,,,,False
97415000AY1630,2025-12-29,False,,,,False
97422000EH0126,2025-09-08,True,,,,False
97418000AD0679,2025-10-16,True,,,,False
97418000AV1179,2025-07-30,False,,,,False
97415000AZ1883,2025-06-30,False,,,,False
97409000AX1097,2025-12-30,False,,,,False
97414000DN0088,2025-06-10,False,,,,False
97412000BW0173,2025-12-30,False,,,,False
97404000AY0418,2025-08-12,False,,,,False
97407000AY0483,2025-06-05,False,,,,False
97409000AP0821,2025-08-18,False,,,,False
97405000AW1215,2025-08-28,True,,,,False
97403000AP1555,2025-08-28,False,,,,False
97424000AM0646,2025-10-15,True,,,,False
97416000CW2951,2025-07-02,False,,,,False
97415000BV0220,2025-02-20,False,,,,False
97422000BH0786,2025-10-15,True,,,,False
97412000BR0301,2025-02-05,True,,,,False
97412000BX1930,2025-10-09,True,,,,False
97413000DK0348,2025-02-18,False,,,,False
97406000AT0489,2025-01-21,False,,,,False
97418000AR2048,2025-09-12,False,,,,False
97407000AH1228,2025-10-31,False,,,,False
97416000EV0636,2025-08-29,True,,,,False
97415000DE1025,2025-12-26,False,,,,False
97412000BY1852,2025-11-07,False,,,,False
97416000HY0830,2025-03-17,True,,,,False
97424000AM0644,2025-10-15,True,,,,False
97401000AL0719,2025-12-10,False,,,,False
97414000CO0615,2025-07-04,False,,,,False
97420000BH1862,2025-06-03,True,,,,False
97414000EN4208,2025-12-04,False,,,,False
97406000AM0993,2025-03-27,False,,,,False
97415000HO0705,2025-02-11,False,,,,False
97415000AZ0533,2025-11-04,False,,,,False
97407000AX0222,2025-03-14,False,,,,False
97404000AZ0015,2025-10-27,False,,,,False
97407000AE0468,2025-06-30,True,,,,False
97413000DD1537,2025-12-19,True,,,,False
97411000CH0710,2025-10-24,False,,,,False
97408000AP1664,2025-09-11,True,,,,False
97408000BO0388,2025-08-13,True,,,,False
97410000BW0965,2025-01-29,True,,,,False
97414000EV0079,2025-12-15,False,,,,False
97411000HW0339,2025-12-15,True,,,,False
97412000CE2826,2025-04-07,False,,,,False
97416000CX1429,2025-03-18,False,,,,False
97424000AE0345,2025-01-16,False,,,,False
97416000CS0649,2025-03-26,True,,,,False
97415000EY2107,2025-09-09,False,,,,False
97413000CX2476,2025-07-19,True,,,,False
97411000ER0089,2025-08-22,False,,,,False
97420000AH0124,2025-09-30,False,,,,False
97419000AC0212,2025-05-27,False,,,,False
97421000AD0037,2025-11-27,False,,,,False
97422000BV2040,2025-10-02,True,,,,False
97412000AL0223,2025-06-27,True,,,,False
97422000ED0272,2025-08-22,True,,,,False
97410000AW1053,2025-08-22,True,,,,False
97411000HP0397,2025-04-18,True,,,,False
97409000AY1512,2025-03-17,True,,,,False
97406000AV1320,2025-07-23,True,,,,False
97414000CH1636,2025-05-19,False,,,,False
97408000AO1879,2025-07-18,False,,,,False
97401000AN0949,2025-11-05,False,,,,False
97414000CP0735,2025-03-31,True,,,,False
97424000AB0024,2025-01-15,False,,,,False
97413000DE2118,2025-06-18,True,,,,False
97418000BN0032,2025-02-06,True,,,,False
97407000BE0313,2025-11-06,True,,,,False
97424000AP0118,2025-04-29,False,,,,False
97420000BE0968,2025-05-07,True,,,,False
97416000DE1059,2025-12-31,False,,,,False
97413000CQ0638,2025-09-16,False,,,,False
97413000CX2192,2025-08-18,True,,,,False
97415000DX0397,2025-03-17,True,,,,False
97414000DK0574,2025-06-30,True,,,,False
97424000AE1320,2025-01-16,False,,,,False
97404000AC0876,2025-06-30,True,,,,False
97415000CW0832,2025-07-01,True,,,,False
97416000EX1204,2025-02-13,True,,,,False
97405000BE1778,2025-11-27,True,,,,False
97412000AT0488,2025-05-09,False,,,,False
97416000HO0811,2025-10-01,False,,,,False
97421000BC0090,2025-05-16,True,,,,False
97402000AK2164,2025-04-04,True,,,,False
97422000BP0762,2025-01-14,False,,,,False
97418000AT2571,2025-12-03,True,,,,False
97422000DI0401,2025-04-04,False,,,,False
97422000BP1976,2025-04-08,True,,,,False
97411000EK0448,2025-02-11,False,,,,False
97408000BO0248,2025-09-15,False,,,,False
97412000BK0712,2025-05-22,False,,,,False
97422000BI1097,2025-11-27,True,,,,False
97411000AV0139,2025-07-11,True,,,,False
97413000CX2551,2025-09-22,True,,,,False
97409000AK0716,2025-06-12,False,,,,False
97415000HK0086,2025-09-11,False,,,,False
97418000AT0361,2025-07-21,True,,,,False
97416000HN1323,2025-09-16,True,,,,False
97411000EH0176,2025-04-03,True,,,,False
97412000CR0383,2025-06-26,False,,,,False
97413000DM0209,2025-06-30,False,,,,False
97411000HO0629,2025-01-27,True,,,,False
97412000CD0941,2025-02-12,True,,,,False
97415000BP0431,2025-08-29,False,,,,False
97411000HE0345,2025-07-22,False,,,,False
97422000AY1032,2025-07-04,True,,,,False
97422000CI0958,2025-02-19,False,,,,False
97419000AL1177,2025-07-15,True,,,,False
97422000CI0598,2025-09-22,True,,,,False
97416000IL0577,2025-08-29,False,,,,False
97411000DR0367,2025-05-15,False,,,,False
97424000AL0018,2025-01-16,False,,,,False
97408000AC2787,2025-12-16,False,,,,False
97415000AY1416,2025-08-04,False,,,,False
97419000AK0066,2025-06-12,True,,,,False
97411000EK0007,2025-12-12,False,,,,False
97408000AP1655,2025-09-11,True,,,,False
97416000EI1105,2025-07-24,True,,,,False
97415000AZ0785,2025-02-21,False,,,,False
97413000CX2895,2025-09-22,True,,,,False
97415000BH0238,2025-10-14,True,,,,False
97414000EN4188,2025-10-06,True,,,,False
97409000BD0587,2025-08-27,True,,,,False
97408000BO0631,2025-12-23,False,,,,False
97422000CX0984,2025-10-24,True,,,,False
97415000CO0544,2025-07-01,True,,,,False
97415000DE0203,2025-03-11,False,,,,False
97401000AL0685,2025-02-13,False,,,,False
97416000ET0336,2025-12-03,False,,,,False
97416000HX0900,2025-12-29,False,,,,False
97414000DN0181,2025-02-27,False,,,,False
97412000CS0116,2025-12-22,True,,,,False
97411000AW0631,2025-10-22,False,,,,False
97422000BV2031,2025-02-21,False,,,,False
97411000IH0516,2025-02-05,False,,,,False
97410000BM1188,2025-10-18,True,,,,False
97415000AB0534,2025-07-29,True,,,,False
97415000CX1396,2025-02-24,False,,,,False
97405000AI0220,2025-06-02,False,,,,False
97418000AT2395,2025-11-17,False,,,,False
97417000AT0564,2025-05-16,False,,,,False
97422000CO0717,2025-06-27,False,,,,False
97416000HZ0426,2025-05-30,False,,,,False
97422000AY1531,2025-07-28,False,,,,False
97414000HL0762,2025-11-29,False,,,,False
97411000HO0892,2025-07-08,False,,,,False
97411000HW0294,2025-11-27,True,,,,False
97416000EW1288,2025-08-28,True,,,,False
97418000AW0691,2025-02-21,False,,,,False
97416000EN0129,2025-05-14,False,,,,False
97415000BZ0668,2025-04-02,True,,,,False
97411000AD0497,2025-01-30,True,,,,False
97411000IC0140,2025-01-16,False,,,,False
97418000BM0054,2025-04-24,False,,,,False
97415000AZ2012,2025-07-31,False,,,,False
97422000AY1035,2025-07-04,True,,,,False
97414000EV0786,2025-07-10,True,,,,False
97422000BW3605,2025-06-10,True,,,,False
97421000AV0333,2025-07-23,False,,,,False
97413000AV0592,2025-06-17,False,,,,False
97416000EX1903,2025-04-03,True,,,,False
97405000AY0364,2025-08-22,True,,,,False
97411000AK0007,2025-12-08,True,,,,False
97410000AH1295,2025-10-15,True,,,,False
97422000BT0720,2025-09-29,False,,,,False
97422000BS0941,2025-10-30,True,,,,False
97422000CE0005,2025-09-29,False,,,,False
97416000HP0864,2025-06-26,True,,,,False
97407000AK1892,2025-04-29,False,,,,False
97422000AK1064,2025-08-13,False,,,,False
97415000CO0345,2025-07-01,True,,,,False
97410000AN0702,2025-04-30,True,,,,False
97405000AK0681,2025-12-29,False,,,,False
97411000AL0047,2025-11-06,False,,,,False
97408000AP1613,2025-07-15,False,,,,False
97407000AT0049,2025-03-27,True,,,,False
97415000CK1042,2025-12-18,False,,,,False
97413000BH0876,2025-10-02,True,,,,False
97407000AK1853,2025-06-27,False,,,,False
97415000BR0145,2025-11-28,True,,,,False
97422000AN0057,2025-10-30,False,,,,False
97415000CO0366,2025-07-01,True,,,,False
97422000BK1528,2025-04-28,True,,,,False
97404000AS0366,2025-06-11,False,,,,False
97415000DI0711,2025-07-11,True,,,,False
97420000AO0596,2025-09-09,True,,,,False
97416000ET2148,2025-04-22,True,,,,False
97415000AW0865,2025-12-09,False,,,,False
97414000DS0551,2025-11-25,False,,,,False
97418000AC0156,2025-10-16,True,,,,False
97412000BN0862,2025-04-07,True,,,,False
97422000AL1313,2025-12-22,False,,,,False
97411000DW0284,2025-12-04,True,,,,False
97421000BD0291,2025-12-11,True,,,,False
97409000BK0949,2025-09-12,False,,,,False
97411000BE0576,2025-11-04,True,,,,False
97412000AN0429,2025-12-30,False,,,,False
97423000AK2031,2025-09-09,True,,,,False
97410000AN0861,2025-11-28,True,,,,False
97423000AK0356,2025-02-26,True,,,,False
97415000CY0224,2025-02-07,False,,,,False
97410000AR0798,2025-01-30,False,,,,False
97412000BP0129,2025-10-31,False,,,,False
97416000HZ1050,2025-11-12,False,,,,False
97407000AL1514,2025-05-28,True,,,,False
97412000CD1574,2025-12-19,True,,,,False
97416000HZ0905,2025-06-13,False,,,,False
97415000CO0342,2025-07-01,True,,,,False
97409000AR0140,2025-04-23,False,,,,False
97412000BY0241,2025-04-29,False,,,,False
97418000AT2326,2025-08-20,False,,,,False
97415000AW2366,2025-02-24,True,,,,False
97416000ET2054,2025-05-27,True,,,,False
97422000BH0492,2025-03-17,False,,,,False
97411000HN0443,2025-09-03,True,,,,False
97421000BP0226,2025-03-12,True,,,,False
97422000BL1531,2025-12-08,False,,,,False
97412000BC0788,2025-05-30,False,,,,False
97416000CW1501,2025-12-11,False,,,,False
97401000AT0587,2025-10-16,True,,,,False
97408000AO1093,2025-08-25,False,,,,False
97419000AO0042,2025-10-16,True,,,,False
97415000CP2043,2025-07-18,False,,,,False
97403000AL0409,2025-08-20,True,,,,False
97405000AN0423,2025-10-23,True,,,,False
97401000AR1203,2025-08-22,True,,,,False
97409000BP0275,2025-06-17,True,,,,False
97416000CV1751,2025-03-04,True,,,,False
97413000DM0239,2025-03-04,True,,,,False
97401000AM0867,2025-09-23,False,,,,False
97411000HO0775,2025-05-06,False,,,,False
97401000AM1228,2025-08-13,True,,,,False
97411000KE0391,2025-07-21,True,,,,False
97416000EP0777,2025-07-17,False,,,,False
97415000CO0370,2025-07-01,True,,,,False
97420000BH2178,2025-02-26,False,,,,False
97408000BO0162,2025-12-11,True,,,,False
97420000AO0597,2025-09-09,True,,,,False
97408000AC3756,2025-07-10,True,,,,False
97416000HX1417,2025-11-18,False,,,,False
97408000BO0632,2025-10-23,False,,,,False
97411000AD0161,2025-03-26,False,,,,False
97405000AN0421,2025-10-23,True,,,,False
97415000CT1941,2025-01-30,False,,,,False
97413000CS1024,2025-11-25,False,,,,False
97413000CN0777,2025-09-12,True,,,,False
97410000AW0613,2025-07-16,False,,,,False
97416000IA1893,2025-11-14,True,,,,False
97408000AC1613,2025-11-24,False,,,,False
97415000CH2212,2025-12-15,False,,,,False
97420000BE0969,2025-04-16,True,,,,False
97408000AO1903,2025-02-21,True,,,,False
97410000AV0672,2025-10-14,True,,,,False
97405000BI0138,2025-07-17,True,,,,False
97411000DS0651,2025-07-11,False,,,,False
97416000DT0578,2025-10-02,False,,,,False
97416000DV0260,2025-02-27,False,,,,False
97416000DR0357,2025-07-31,False,,,,False
97412000CE1558,2025-01-10,True,,,,False
97418000AO1931,2025-11-06,False,,,,False
97409000BR0032,2025-11-19,True,,,,False
97411000AL0072,2025-10-09,False,,,,False
97418000AD0003,2025-10-16,True,,,,False
97404000AV0221,2025-04-25,True,,,,False
97416000HS0743,2025-01-10,False,,,,False
97416000EX1806,2025-02-13,True,,,,False
97411000BZ0925,2025-04-08,False,,,,False
97408000AT1538,2025-03-03,False,,,,False
97416000IL0359,2025-01-10,False,,,,False
97419000AO0187,2025-12-04,False,,,,False
97415000CO0412,2025-07-01,True,,,,False
97412000BY0587,2025-03-31,False,,,,False
97422000DL0524,2025-06-13,False,,,,False
97408000AV1048,2025-09-26,True,,,,False
97411000BZ0233,2025-10-10,False,,,,False
97412000BW1803,2025-09-12,True,,,,False
97415000BK0114,2025-10-14,True,,,,False
97416000CS1267,2025-04-25,True,,,,False
97414000CH1947,2025-02-27,False,,,,False
97404000AC1326,2025-06-30,True,,,,False
97404000AV0223,2025-04-25,True,,,,False
97415000BV1686,2025-12-23,False,,,,False
97403000AS1642,2025-06-27,True,,,,False
97408000AO1906,2025-02-21,True,,,,False
97409000AK0926,2025-06-24,False,,,,False
97411000AN0362,2025-06-11,False,,,,False
97415000EY1415,2025-04-28,False,,,,False
97409000AK0679,2025-10-09,False,,,,False
97408000AP1583,2025-01-15,True,,,,False
97411000CM0479,2025-11-25,False,,,,False
97415000ET1730,2025-05-16,False,,,,False
97411000HW0130,2025-11-27,True,,,,False
97411000IL0610,2025-05-16,False,,,,False
97418000AT0942,2025-12-15,True,,,,False
97410000CD0833,2025-04-30,False,,,,False
97416000HI0379,2025-12-12,True,,,,False
97415000DK1155,2025-01-27,True,,,,False
97412000BR0814,2025-01-24,True,,,,False
97413000CJ0343,2025-09-08,False,,,,False
97410000AN0892,2025-12-15,True,,,,False
97402000AH0660,2025-05-15,False,,,,False
97415000CH0535,2025-12-22,False,,,,False
97409000BL0039,2025-11-14,True,,,,False
97422000BY0860,2025-12-19,False,,,,False
97414000EN3312,2025-09-11,False,,,,False
97416000CT0963,2025-07-09,True,,,,False
97416000HY1793,2025-10-14,True,,,,False
97415000DM0575,2025-08-14,False,,,,False
97408000AT1379,2025-07-18,True,,,,False
97405000AR1836,2025-04-30,False,,,,False
97408000AM1120,2025-08-22,False,,,,False
97413000CS0834,2025-07-29,False,,,,False
97411000DW0005,2025-06-27,True,,,,False
97414000HA0428,2025-07-10,True,,,,False
97420000AS1008,2025-03-19,False,,,,False
97405000AN0673,2025-11-25,True,,,,False
97415000DK0001,2025-09-30,False,,,,False
97416000EY1395,2025-08-08,False,,,,False
97414000CT0961,2025-12-15,True,,,,False
97407000AX0206,2025-09-12,False,,,,False
97424000AM0011,2025-01-16,False,,,,False
97411000HV0207,2025-06-20,False,,,,False
97415000AB0599,2025-07-29,True,,,,False
97406000AT0441,2025-05-07,False,,,,False
97411000CX1846,2025-10-09,True,,,,False
97402000AB0638,2025-08-18,False,,,,False
97407000AO0668,2025-08-07,False,,,,False
97424000AN0040,2025-06-03,False,,,,False
97414000HB0057,2025-09-15,False,,,,False
97422000BX0881,2025-12-05,True,,,,False
97420000AD0486,2025-11-05,True,,,,False
97411000AS0095,2025-09-25,False,,,,False
97412000CD1398,2025-07-24,True,,,,False
97416000CS1391,2025-02-04,True,,,,False
97411000AD0205,2025-12-02,False,,,,False
97418000BD0411,2025-04-02,False,,,,False
97414000CV0005,2025-04-02,True,,,,False
97415000BO0298,2025-02-20,False,,,,False
97411000KE0453,2025-03-12,True,,,,False
97418000AT2331,2025-02-18,False,,,,False
97405000AD0400,2025-12-22,False,,,,False
97406000AV1167,2025-08-07,False,,,,False
97417000AO0261,2025-12-24,False,,,,False
97420000BC1422,2025-05-28,True,,,,False
97412000BT0732,2025-11-25,True,,,,False
97405000AL1671,2025-11-24,True,,,,False
97416000HY1778,2025-01-21,True,,,,False
97412000AO0471,2025-01-31,False,,,,False
97411000ET0222,2025-12-17,True,,,,False
97415000AW2442,2025-12-01,True,,,,False
97409000BM1415,2025-08-22,False,,,,False
97414000CT1237,2025-07-15,False,,,,False
97415000BN1390,2025-11-07,True,,,,False
97412000CE2830,2025-10-13,True,,,,False
97406000AT0603,2025-08-01,True,,,,False
97414000EX0131,2025-08-13,False,,,,False
97416000EX1601,2025-10-30,True,,,,False
97422000DK0354,2025-04-18,False,,,,False
97410000AE0373,2025-03-28,True,,,,False
97411000CM0558,2025-07-11,True,,,,False
97409000AK1203,2025-12-26,False,,,,False
97418000AC1347,2025-10-16,True,,,,False
97402000AK1865,2025-07-07,True,,,,False
97409000BR0144,2025-11-19,True,,,,False
97416000EX0981,2025-04-29,True,,,,False
97409000BE2195,2025-10-07,True,,,,False
97417000AO0549,2025-02-27,False,,,,False
97418000AW0092,2025-09-24,False,,,,False
97416000CV2367,2025-04-25,True,,,,False
97415000CS1188,2025-09-01,True,,,,False
97410000CL0912,2025-06-04,False,,,,False
97424000AI1346,2025-10-06,False,,,,False
97405000AY0594,2025-10-10,False,,,,False
97414000HE0354,2025-06-25,True,,,,False
97404000AD1123,2025-06-11,False,,,,False
97416000EP1013,2025-03-19,True,,,,False
97409000AR2753,2025-10-30,False,,,,False
97409000AV1277,2025-11-13,False,,,,False
97422000BO1718,2025-04-22,False,,,,False
97408000AP1594,2025-03-17,True,,,,False
97424000AE1322,2025-01-16,False,,,,False
97405000BE1779,2025-11-27,True,,,,False
97407000AO1644,2025-09-01,True,,,,False
97411000IR0608,2025-07-17,True,,,,False
97415000EW1476,2025-07-30,True,,,,False
97409000AR2761,2025-12-05,True,,,,False
97409000AL1911,2025-05-12,False,,,,False
97410000BH0315,2025-08-08,True,,,,False
97417000BC0287,2025-11-19,False,,,,False
97424000AD0064,2025-01-20,False,,,,False
97413000DM0363,2025-11-20,False,,,,False
97416000EV1775,2025-07-18,False,,,,False
97412000CH0427,2025-08-08,True,,,,False
97416000CT0964,2025-07-09,True,,,,False
97408000AC3442,2025-06-05,False,,,,False
97413000CH0117,2025-08-22,True,,,,False
97422000AX1575,2025-06-13,False,,,,False
97416000CV2356,2025-04-25,True,,,,False
97415000BV1002,2025-07-30,False,,,,False
97403000AO0592,2025-10-29,True,,,,False
97408000BO0633,2025-12-15,False,,,,False
97416000EX1901,2025-07-28,True,,,,False
97411000BZ0443,2025-07-09,False,,,,False
97412000AP0143,2025-11-06,False,,,,False
97422000DH0461,2025-10-06,False,,,,False
97407000AI1822,2025-08-18,True,,,,False
97416000CX1365,2025-03-20,True,,,,False
97415000EZ0060,2025-12-04,False,,,,False
97415000EZ0264,2025-04-28,False,,,,False
97414000CM0004,2025-03-04,False,,,,False
97416000IA1895,2025-11-14,True,,,,False
97416000EX1203,2025-02-13,True,,,,False
97410000BE1205,2025-11-10,False,,,,False
97409000AX1090,2025-10-22,False,,,,False
97422000AS0950,2025-06-17,False,,,,False
97423000AH1837,2025-03-26,False,,,,False
97415000DI0712,2025-07-11,True,,,,False
97406000AI0768,2025-05-19,False,,,,False
97404000AT0750,2025-03-04,True,,,,False
97409000AY1284,2025-12-09,False,,,,False
97414000DN0590,2025-11-27,False,,,,False
97401000AS1404,2025-02-13,False,,,,False
97418000BT0641,2025-01-17,False,,,,False
97410000BK0501,2025-06-25,True,,,,False
97422000AK0422,2025-07-29,False,,,,False
97414000EX0867,2025-02-14,False,,,,False
97410000BY0875,2025-02-25,False,,,,False
97415000CS0829,2025-12-23,False,,,,False
97422000BV1292,2025-02-07,False,,,,False
97409000AS1087,2025-05-22,True,,,,False
97408000BO0425,2025-12-19,True,,,,False
97422000BP2011,2025-04-08,True,,,,False
97418000AC1011,2025-05-27,True,,,2026-08-31 20:52:31.161256+00:00,False
97411000DZ0242,2025-04-28,True,,,,False
97404000AS0364,2025-03-04,False,,,,False
97406000AE0113,2025-01-31,True,,,,False
97416000CV1666,2025-01-24,False,,,,False
97418000AP3123,2025-10-16,False,,,,False
97418000BP0400,2025-08-12,False,,,,False
97414000DT0651,2025-09-24,False,,,,False
97415000CP1829,2025-09-10,False,,,,False
97408000AP1625,2025-09-11,True,,,,False
97407000BA0383,2025-06-23,False,,,,False
97412000CX0989,2025-04-29,False,,,,False
97416000IE0196,2025-12-11,True,,,,False
97419000AO0023,2025-10-16,True,,,,False
97412000AH0660,2025-05-16,False,,,,False
97413000BM0721,2025-12-16,False,,,,False
97415000CH0979,2025-04-17,True,,,,False
97413000DI0072,2025-01-14,True,,,,False
97415000BZ0927,2025-11-28,True,,,,False
97415000BH0266,2025-10-14,True,,,,False
97412000BX1338,2025-07-10,False,,,,False
97422000BP1951,2025-04-08,True,,,,False
97410000AI1166,2025-08-01,False,,,,False
97416000CV1992,2025-11-26,False,,,,False
97414000EK0583,2025-07-25,False,,,,False
97411000HW0178,2025-02-19,True,,,,False
97413000AV2318,2025-10-14,True,,,,False
97412000CE2663,2025-01-10,True,,,,False
97415000AS1938,2025-04-29,False,,,,False
97409000BE2180,2025-10-07,True,,,,False
97409000AV1013,2025-02-21,False,,,,False
97424000AM0016,2025-01-16,False,,,,False
97410000AS0132,2025-06-23,False,,,,False
97411000AS0208,2025-02-04,False,,,,False
97414000EM0683,2025-07-24,False,,,,False
97411000HV0057,2025-12-18,False,,,,False
97411000DR0332,2025-03-20,False,,,,False
97422000EH0005,2025-06-27,False,,,,False
97416000EZ0352,2025-03-24,True,,,,False
97416000DT0869,2025-01-22,False,,,,False
97422000CN1298,2025-08-26,True,,,,False
97415000CO0472,2025-07-01,True,,,,False
97411000AD0082,2025-12-01,False,,,,False
97407000AO1666,2025-09-01,True,,,,False
97408000AP1601,2025-05-27,False,,,,False
97415000AB0779,2025-08-25,True,,,,False
97416000HY1775,2025-01-21,True,,,,False
97409000AD0087,2025-02-10,False,,,,False
97423000AI0732,2025-10-30,False,,,,False
97416000IK0215,2025-01-27,False,,,,False
97415000CO0352,2025-07-01,True,,,,False
97416000EH0909,2025-06-10,False,,,,False
97422000AP1089,2025-12-08,True,,,,False
97408000AT1056,2025-10-07,False,,,,False
97415000BW2150,2025-06-30,True,,,,False
97411000HX0135,2025-07-08,True,,,,False
97422000AX1345,2025-04-25,True,,,,False
97405000AC0097,2025-04-22,False,,,,False
97401000AN1168,2025-10-27,False,,,,False
97416000IA1894,2025-11-14,True,,,,False
97408000AP1624,2025-09-11,True,,,,False
97410000AW1050,2025-08-22,True,,,,False
97418000BS0051,2025-02-05,False,,,,False
97419000AK1132,2025-10-16,False,,,,False
97411000KE0415,2025-07-21,True,,,,False
97415000DI0478,2025-12-22,True,,,,False
97406000AE0840,2025-10-15,False,,,,False
97412000AN0707,2025-08-29,True,,,,False
97412000BD0340,2025-05-19,False,,,,False
97414000CS0734,2025-11-12,True,,,,False
97422000BD0773,2025-01-29,False,,,,False
97405000AN0452,2025-01-24,False,,,,False
97411000EK0061,2025-08-28,True,,,,False
97414000DS0483,2025-12-10,False,,,,False
97415000CO0568,2025-07-01,True,,,,False
97415000EX0254,2025-01-15,False,,,,False
97408000AC2972,2025-03-18,True,,,,False
97422000DK0081,2025-04-29,False,,,,False
97414000HH0535,2025-04-30,False,,,,False
97408000AC1047,2025-03-04,True,,,,False
97416000EW1289,2025-02-24,True,,,,False
97411000BC0036,2025-11-04,False,,,,False
97411000EK0277,2025-03-17,False,,,,False
97401000AR0837,2025-03-13,True,,,,False
97415000AX1094,2025-05-20,False,,,,False
97422000DE0932,2025-07-04,True,,,,False
97422000BP0778,2025-11-14,False,,,,False
97403000AM0792,2025-07-04,False,,,,False
97411000HI0322,2025-10-30,False,,,,False
97418000AO2166,2025-05-16,False,,,,False
97407000AE0394,2025-04-03,True,,,,False
97407000AE0798,2025-08-18,True,,,,False
97403000AL0269,2025-05-16,True,,,,False
97409000BE2139,2025-10-01,False,,,,False
97401000AS0525,2025-07-31,True,,,,False
97411000CP0094,2025-01-10,False,,,,False
97415000AW1004,2025-12-10,False,,,,False
97416000CW2953,2025-08-27,False,,,,False
97412000CV0917,2025-07-22,False,,,,False
97415000ET1125,2025-05-16,False,,,,False
97411000KE0451,2025-03-12,True,,,,False
97422000BM1503,2025-12-05,False,,,,False
97402000AK1220,2025-10-23,False,,,,False
97404000BA0116,2025-08-28,False,,,,False
97410000AL0466,2025-12-23,True,,,,False
97414000DE1771,2025-12-02,False,,,,False
97412000AM0702,2025-05-22,False,,,,False
97422000CV0213,2025-02-20,True,,,,False
97402000AI0964,2025-09-08,False,,,,False
97415000BI0544,2025-05-15,False,,,,False
97413000CX2893,2025-09-22,True,,,,False
97415000AY0674,2025-03-07,True,,,,False
97409000BE1436,2025-06-02,True,,,,False
97415000BZ0878,2025-12-30,True,,,,False
97414000ES0396,2025-05-28,False,,,,False
97415000CW0818,2025-07-01,True,,,,False
97414000EN4171,2025-09-26,False,,,,False
97416000HN1299,2025-09-16,True,,,,False
97423000AB1818,2025-12-02,False,,,,False
97415000CT1596,2025-02-07,False,,,,False
97416000HY1410,2025-10-16,False,,,,False
97422000AS0982,2025-06-30,False,,,,False
97415000EW1709,2025-10-30,False,,,,False
97408000AR1351,2025-05-23,True,,,,False
97412000AO0176,2025-11-07,False,,,,False
97415000EV0577,2025-04-10,True,,,,False
97412000BV0126,2025-11-03,False,,,,False
97411000IL0554,2025-08-27,False,,,,False
97415000BO0113,2025-04-25,False,,,,False
97401000AR0042,2025-03-13,True,,,,False
97411000AD0067,2025-12-26,False,,,,False
97418000AV1015,2025-01-27,False,,,,False
97422000AK0951,2025-06-20,False,,,,False
97416000DN0671,2025-04-14,True,,,,False
97411000DR0640,2025-12-01,True,,,,False
97422000BD0941,2025-11-03,True,,,,False
97422000BD3786,2025-11-14,False,,,,False
97416000IA1490,2025-09-30,False,,,,False
97417000AO0463,2025-09-12,True,,,,False
97424000AE1190,2025-04-29,False,,,,False
97411000HO0632,2025-01-27,True,,,,False
97416000HP0861,2025-10-30,True,,,,False
97416000IE0195,2025-12-11,True,,,,False
97416000EP1014,2025-03-19,True,,,,False
97418000AV2892,2025-01-17,True,,,,False
97415000BY0729,2025-09-30,False,,,,False
97411000HP0398,2025-04-18,True,,,,False
97415000CW0884,2025-07-01,True,,,,False
97418000AR2423,2025-05-27,True,,,,False
97405000AD0012,2025-08-18,True,,,,False
97411000AD0210,2025-04-16,False,,,,False
97424000AM0631,2025-10-15,True,,,,False
97412000CD1240,2025-04-18,True,,,,False
97411000KA0305,2025-10-21,False,,,,False
97408000AM0556,2025-05-12,True,,,,False
97413000DC1591,2025-04-30,True,,,,False
97414000CO1553,2025-03-14,False,,,,False
97411000AE0725,2025-03-10,False,,,,False
97412000AV1176,2025-09-26,False,,,,False
97408000AO1918,2025-10-01,False,,,,False
97416000CW0017,2025-12-23,True,,,,False
97416000IB0422,2025-12-16,False,,,,False
97411000EL0466,2025-10-29,False,,,,False
97415000DI0102,2025-02-20,False,,,,False
97411000BK0037,2025-11-26,False,,,,False
97412000AM1607,2025-11-28,False,,,,False
97422000CL0187,2025-07-08,False,,,,False
97415000AY1538,2025-03-26,False,,,,False
97423000AH1793,2025-01-03,True,,,,False
97405000AI1208,2025-09-29,True,,,,False
97414000EV0787,2025-07-10,True,,,,False
97415000CS0450,2025-03-05,False,,,,False
97411000AY0562,2025-12-17,True,,,,False
97411000KA0229,2025-12-10,False,,,,False
97411000EL0644,2025-02-21,False,,,,False
97406000AL0464,2025-01-29,False,,,,False
97410000AN0836,2025-07-30,True,,,,False
97412000BL0213,2025-09-01,False,,,,False
97420000BI0041,2025-11-27,True,,,,False
97410000AN0711,2025-09-30,False,,,,False
97410000AS1023,2025-02-25,False,,,,False
97410000AN0847,2025-06-30,True,,,,False
97416000EI1070,2025-04-30,False,,,,False
97418000BM0332,2025-08-29,False,,,,False
97414000EN3329,2025-07-08,False,,,,False
97422000BH1503,2025-06-04,False,,,,False
97408000AS0542,2025-10-29,True,,,,False
97411000IO0012,2025-11-21,False,,,,False
97415000DR1223,2025-06-06,False,,,,False
97411000HR0060,2025-02-17,False,,,,False
97409000AM0003,2025-04-29,False,,,,False
97410000AN0813,2025-10-29,True,,,,False
97412000CR0049,2025-02-12,False,,,,False
97414000ES0822,2025-08-28,False,,,,False
97415000DM1608,2025-08-20,False,,,,False
97412000BW0606,2025-07-30,False,,,,False
97414000CM0211,2025-10-29,True,,,,False
97410000CL0842,2025-04-14,True,,,,False
97405000AV0483,2025-04-29,False,,,,False
97415000CO0567,2025-07-01,True,,,,False
97413000CX2187,2025-08-18,True,,,,False
97417000BD1438,2025-06-05,False,,,,False
97409000BE1911,2025-10-07,True,,,,False
97411000DZ0196,2025-04-10,False,,,,False
97412000CD0500,2025-11-01,False,,,,False
97411000HZ0043,2025-12-16,False,,,,False
97404000AV0386,2025-10-23,False,,,,False
97416000ET0669,2025-05-22,False,,,,False
97412000BN0615,2025-12-29,False,,,,False
97410000AE1183,2025-07-30,True,,,,False
97416000ET2211,2025-11-27,True,,,,False
97418000AV2619,2025-09-05,True,,,,False
97416000ET2152,2025-05-19,True,,,,False
97412000BR0150,2025-02-05,True,,,,False
97416000HN1811,2025-10-21,False,,,,False
97411000DL0286,2025-02-03,False,,,,False
97405000AN0422,2025-10-23,True,,,,False
97419000AL0904,2025-05-28,False,,,,False
97423000AE0398,2025-05-22,True,,,,False
97403000AM0304,2025-08-11,False,,,,False
97415000HN0168,2025-12-19,True,,,,False
97416000EP0710,2025-02-07,False,,,,False
97415000BW0877,2025-08-01,False,,,,False
97418000AC1017,2025-05-27,True,,,,False
97411000AE0501,2025-07-10,False,,,,False
97411000CY0989,2025-05-20,True,,,,False
97415000EL0387,2025-10-07,False,,,,False
97404000AM1144,2025-02-11,False,,,,False
97415000DH0330,2025-08-27,False,,,,False
97405000AK1860,2025-01-30,True,,,,False
97408000AP1628,2025-09-11,True,,,,False
97414000DN0074,2025-06-05,True,,,,False
97415000CW0851,2025-07-01,True,,,,False
97404000AS0081,2025-03-31,False,,,,False
97416000EV0914,2025-07-24,False,,,,False
97415000DT0132,2025-07-01,True,,,,False
97412000AX1095,2025-09-19,False,,,,False
97414000EL0962,2025-08-28,False,,,,False
97413000DC0547,2025-11-25,True,,,,False
97424000AD0113,2025-01-16,False,,,,False
97411000DP0408,2025-07-07,False,,,,False
97402000AK2099,2025-06-04,False,,,,False
97408000BO0367,2025-06-04,False,,,,False
97405000AK0880,2025-12-10,False,,,,False
97416000HN1808,2025-10-21,False,,,,False
97413000DE0596,2025-09-05,False,,,,False
97412000BN0652,2025-06-12,True,,,,False
97422000BH0437,2025-11-24,False,,,,False
97403000AP1849,2025-07-16,True,,,,False
97411000IH0156,2025-04-28,False,,,,False
97408000AP1638,2025-03-17,True,,,,False
97422000BD3149,2025-08-29,False,,,,False
97406000AI1063,2025-03-27,False,,,,False
97415000EZ0180,2025-03-04,True,,,,False
97416000DE0229,2025-03-31,False,,,,False
97404000AE0769,2025-10-09,False,,,,False
97417000BC1122,2025-08-14,False,,,,False
97422000CM0884,2025-03-24,True,,,,False
97424000AR0076,2025-01-16,False,,,,False
97401000AP0598,2025-05-30,True,,,,False
97406000AW0940,2025-02-19,False,,,,False
97415000CO0543,2025-07-01,True,,,,False
97422000CS1366,2025-09-29,True,,,,False
97407000AH0805,2025-10-28,False,,,,False
97416000EW0730,2025-05-27,False,,,,False
97415000BO0843,2025-12-31,False,,,,False
97413000DJ0211,2025-12-05,False,,,,False
97422000BP1960,2025-04-08,True,,,,False
97414000ET1886,2025-01-06,False,,,,False
97411000CM0557,2025-07-11,True,,,,False
97418000BN0233,2025-02-06,True,,,,False
97412000BL0235,2025-07-10,True,,,,False
97410000BX1888,2025-12-01,True,,,,False
97414000HH0516,2025-10-31,True,,,,False
97423000AK0359,2025-02-26,True,,,,False
97416000CV1657,2025-02-19,True,,,,False
97405000AH0185,2025-08-28,True,,,,False
97415000BH0064,2025-09-23,False,,,,False
97414000EV0788,2025-07-10,True,,,,False
97415000AY1680,2025-04-18,True,,,,False
97419000AI0824,2025-10-16,True,,,,False
97416000CT1289,2025-09-11,False,,,,False
97416000EP0558,2025-11-04,True,,,,False
97411000HS0520,2025-07-22,False,,,,False
97407000AI0873,2025-04-16,False,,,,False
97416000CW2918,2025-02-18,False,,,,False
97416000CT0956,2025-07-09,True,,,,False
97404000AT0877,2025-01-15,True,,,,False
97413000AV1072,2025-11-26,True,,,,False
97409000BM1438,2025-06-19,False,,,,False
97422000BX1137,2025-02-11,False,,,,False
97411000HE0017,2025-12-15,False,,,,False
97414000EV0790,2025-07-10,True,,,,False
97413000CK0067,2025-12-19,True,,,,False
97422000BP1062,2025-06-24,False,,,,False
97408000BR0108,2025-06-13,False,,,,False
97416000ET1126,2025-02-18,False,,,,False
97408000AM0654,2025-06-10,True,,,,False
97422000CX0175,2025-05-28,False,,,,False
97411000AP0150,2025-01-30,False,,,,False
97413000DJ0595,2025-04-18,False,,,,False
97403000AN0259,2025-12-19,True,,,,False
97410000AN0846,2025-10-03,True,,,,False
97422000BP1950,2025-04-08,True,,,,False
97414000EV0083,2025-11-12,False,,,,False
97410000AC0688,2025-07-30,True,,,,False
97414000ET1729,2025-06-30,False,,,,False
97410000AL0430,2025-12-23,True,,,,False
97408000BI0047,2025-02-25,False,,,,False
97409000AO0406,2025-09-26,False,,,,False
97403000AR1167,2025-03-13,False,,,,False
97416000HP0494,2025-03-26,True,,,,False
97407000AK1917,2025-02-10,False,,,,False
97412000BL0619,2025-07-10,True,,,,False
97408000AM0867,2025-09-30,False,,,,False
97411000IC0105,2025-05-22,False,,,,False
97404000AX0661,2025-07-31,False,,,,False
97410000BM1186,2025-10-18,True,,,,False
97410000AP0555,2025-09-15,False,,,,False
97420000AO0656,2025-02-26,False,,,,False
97416000DM0872,2025-04-30,True,,,,False
97415000BO0713,2025-06-17,True,,,,False
97415000AB0020,2025-07-29,True,,,,False
97411000EI0260,2025-06-05,False,,,,False
97422000BL0731,2025-06-10,True,,,,False
97418000AC1607,2025-10-16,True,,,,False
97407000AS0335,2025-08-18,False,,,,False
97413000CX2180,2025-08-18,True,,,,False
97422000BZ0251,2025-10-29,False,,,,False
97419000AX0303,2025-12-15,False,,,,False
97411000HY0156,2025-10-23,False,,,,False
97408000AP1669,2025-09-11,True,,,,False
97413000CM0118,2025-09-12,False,,,,False
97416000EO0200,2025-07-24,True,,,,False
97405000AW1700,2025-09-19,True,,,,False
97414000HI1046,2025-06-16,True,,,,False
97411000DW0118,2025-07-04,False,,,,False
97412000BW2319,2025-10-31,False,,,,False
97416000DT0786,2025-05-20,False,,,,False
97416000CW1361,2025-08-22,True,,,,False
97413000CX2870,2025-07-28,False,,,,False
97411000IK0243,2025-05-27,True,,,,False
97415000DM1211,2025-04-24,True,,,,False
97415000CS0822,2025-02-11,False,,,,False
97420000AY0115,2025-02-26,False,,,,False
97415000CS0710,2025-07-24,False,,,,False
97422000EM0017,2025-03-31,False,,,,False
97418000AY0527,2025-07-07,False,,,,False
97416000CW1999,2025-03-19,True,,,,False
97404000AR0488,2025-08-22,True,,,,False
97409000AM0520,2025-10-29,False,,,,False
97415000CR0831,2025-11-13,True,,,,False
97419000AL0400,2025-07-15,True,,,,False
97422000AX1277,2025-05-20,False,,,,False
97414000EN4154,2025-12-29,True,,,,False
97418000AX0535,2025-10-13,True,,,,False
97422000BK1527,2025-04-28,True,,,,False
97404000AW0473,2025-09-23,False,,,,False
97412000BR0009,2025-08-19,False,,,,False
97409000AD0629,2025-05-26,True,,,,False
97414000EO1491,2025-05-12,False,,,,False
97410000CL0841,2025-04-14,True,,,,False
97414000EL0220,2025-07-16,False,,,,False
97416000EI0945,2025-11-07,False,,,,False
97405000AL0807,2025-10-10,False,,,,False
97420000BD1209,2025-03-11,False,,,,False
97411000DE0377,2025-12-23,False,,,,False
97410000CD0915,2025-11-28,False,,,,False
97416000HI1091,2025-07-29,False,,,,False
97418000AT1838,2025-01-17,False,,,,False
97415000HK0463,2025-07-01,False,,,,False
97422000AN0697,2025-10-23,True,,,,False
97411000AB0794,2025-06-27,False,,,,False
97414000DH0928,2025-05-05,False,,,,False
97414000DH1444,2025-09-29,True,,,,False
97411000DZ0023,2025-09-25,False,,,,False
97408000AR0650,2025-10-29,False,,,,False
97412000BI0240,2025-08-29,False,,,,False
97422000CL1142,2025-04-04,False,,,,False
97410000AN0860,2025-11-27,True,,,,False
97416000CD0553,2025-04-23,True,,,,False
97408000AO0759,2025-06-05,False,,,,False
97411000AE0262,2025-07-31,False,,,,False
97410000BV0446,2025-03-13,False,,,,False
97409000BP0309,2025-03-07,False,,,,False
97415000AH1229,2025-01-22,False,,,,False
97413000CU0526,2025-05-15,False,,,,False
97412000AX1093,2025-03-31,False,,,,False
97408000AC3123,2025-12-03,False,,,,False
97409000AP1442,2025-02-10,False,,,,False
97409000AZ1094,2025-03-28,True,,,,False
97419000AE0229,2025-12-15,True,,,,False
97408000AN1376,2025-12-22,True,,,,False
97411000CH0652,2025-07-10,True,,,,False
97411000HX0129,2025-07-08,True,,,,False
97424000AB0029,2025-01-15,False,,,,False
97416000DT0651,2025-09-23,True,,,,False
97422000BO1245,2025-03-24,True,,,,False
97415000DX0396,2025-03-17,True,,,,False
97415000ER1426,2025-02-11,False,,,,False
97424000AO1322,2025-12-30,False,,,,False
97414000EX0010,2025-11-07,True,,,,False
97407000BC0582,2025-04-29,False,,,,False
97424000AL1266,2025-09-12,False,,,,False
97422000BL0322,2025-06-20,True,,,,False
97409000AM0059,2025-12-23,False,,,,False
97403000AP1999,2025-11-21,False,,,,False
97416000CR0543,2025-07-15,False,,,,False
97415000AT0257,2025-07-10,False,,,,False
97415000BI0631,2025-11-20,False,,,,False
97410000AL0421,2025-06-06,True,,,,False
97403000AS1476,2025-01-06,True,,,,False
97411000AY0559,2025-12-17,True,,,,False
97415000BW2133,2025-09-10,True,,,,False
97411000DL0114,2025-07-11,False,,,,False
97401000AM0128,2025-10-21,True,,,,False
97415000CP0377,2025-03-27,False,,,,False
97420000BI0501,2025-03-19,True,,,,False
97404000AT0876,2025-01-15,True,,,,False
97416000IM0523,2025-06-24,True,,,,False
97410000AS1424,2025-03-31,False,,,,False
97415000HN0150,2025-12-19,True,,,,False
97411000CM0540,2025-12-17,False,,,,False
97415000EH0395,2025-02-20,True,,,,False
97410000AN0837,2025-10-27,True,,,,False
97411000EX0024,2025-08-06,False,,,,False
97404000AH0595,2025-04-07,True,,,,False
97410000BN0395,2025-10-07,False,,,,False
97414000EK0441,2025-04-30,False,,,,False
97423000AH1767,2025-04-17,True,,,,False
97410000AE1163,2025-05-20,True,,,,False
97409000AR2710,2025-11-21,False,,,,False
97415000EW0818,2025-05-09,True,,,,False
97416000EP0415,2025-02-18,False,,,,False
97411000CV0444,2025-12-16,False,,,,False
97404000AI2362,2025-04-11,False,,,,False
97418000AR2563,2025-04-25,True,,,,False
97410000AN0705,2025-04-30,True,,,,False
97409000AI0945,2025-09-29,True,,,,False
97416000EL0507,2025-06-20,False,,,,False
97406000AM0165,2025-12-16,False,,,,False
97415000EW2030,2025-07-28,False,,,,False
97417000BC0150,2025-11-13,True,,,,False
97412000AM2057,2025-10-23,False,,,,False
97412000AT0319,2025-09-25,False,,,,False
97406000AI0709,2025-07-23,True,,,,False
97413000CX2649,2025-09-22,True,,,,False
97416000EL0297,2025-12-15,False,,,,False
97422000BN0270,2025-08-08,False,,,,False
97412000BE0014,2025-12-23,False,,,,False
97407000AS1276,2025-11-27,False,,,,False
97422000BN0277,2025-11-06,False,,,,False
97414000CL0577,2025-12-16,True,,,,False
97422000AX1188,2025-12-08,True,,,,False
97413000CV0128,2025-02-27,False,,,,False
97406000AE0783,2025-01-28,False,,,,False
97415000AS0635,2025-07-10,False,,,,False
97415000CO0505,2025-07-01,True,,,,False
97415000EP1167,2025-10-01,False,,,,False
97403000AT0357,2025-05-05,False,,,,False
97415000AV0662,2025-03-14,True,,,,False
97416000CW1220,2025-11-20,True,,,,False
97408000AN0575,2025-12-12,False,,,,False
97415000CP1019,2025-09-09,False,,,,False
97415000AB0781,2025-08-25,True,,,,False
97415000CO0239,2025-07-01,True,,,,False
97415000BW2125,2025-10-21,True,,,,False
97414000EY0219,2025-01-29,False,,,,False
97411000EH0204,2025-08-27,False,,,,False
97411000BP0701,2025-10-09,False,,,,False
97405000AE0711,2025-06-25,False,,,,False
97416000EX1754,2025-04-24,False,,,,False
97413000CY1508,2025-12-16,False,,,,False
97415000BZ0901,2025-12-30,True,,,,False
97411000HD0142,2025-10-27,False,,,,False
97415000DE0667,2025-11-17,False,,,,False
97419000AO0418,2025-10-16,True,,,,False
97405000AI0645,2025-09-17,True,,,,False
97404000AH0622,2025-05-20,True,,,,False
97411000HP0393,2025-04-18,True,,,,False
97420000AC1177,2025-03-12,True,,,,False
97414000HB0595,2025-09-26,False,,,,False
97401000AP0522,2025-10-28,True,,,,False
97414000EO1195,2025-06-30,False,,,,False
97409000AY0831,2025-12-22,True,,,,False
97416000CW2913,2025-04-29,False,,,,False
97414000ES0341,2025-04-08,False,,,,False
97405000AI0927,2025-07-22,False,,,,False
97418000BE0191,2025-03-10,False,,,,False
97415000DI0097,2025-11-27,False,,,,False
97423000AE0928,2025-03-26,True,,,,False
97412000AW0149,2025-03-11,True,,,,False
97416000HN1458,2025-11-06,False,,,,False
97410000AP0098,2025-07-31,False,,,,False
97410000AW0453,2025-12-31,True,,,,False
97416000CW1554,2025-06-24,True,,,,False
97415000DE0586,2025-04-18,True,,,,False
97422000BN2539,2025-03-03,False,,,,False
97410000AY0106,2025-03-03,True,,,,False
97410000BK0038,2025-02-03,False,,,,False
97414000DN0201,2025-12-31,False,,,,False
97415000DM1508,2025-09-03,True,,,,False
97412000BM0622,2025-02-27,False,,,,False
97422000AD1094,2025-02-11,False,,,,False
97418000AS1204,2025-06-19,True,,,,False
97416000HT0551,2025-03-19,False,,,,False
97418000AC1155,2025-10-16,True,,,,False
97401000AD0857,2025-05-30,True,,,,False
97405000AI0010,2025-05-12,True,,,,False
97422000EK0188,2025-03-31,False,,,,False
97411000BZ0548,2025-04-30,False,,,,False
97403000AP1118,2025-07-25,False,,,,False
97409000BM1333,2025-11-20,False,,,,False
97412000AO0395,2025-01-29,False,,,,False
97409000AH0126,2025-08-29,False,,,,False
97422000BY0176,2025-03-11,True,,,,False
97409000AM0870,2025-11-06,False,,,,False
97401000AM1492,2025-03-26,True,,,,False
97415000BW0566,2025-07-17,False,,,,False
97407000AK1887,2025-11-07,False,,,,False
97414000EN3529,2025-10-01,True,,,,False
97411000HS0470,2025-12-15,True,,,,False
97423000AK2029,2025-09-09,True,,,,False
97415000AT0589,2025-01-09,True,,,,False
97413000DK0228,2025-08-25,False,,,,False
97422000BV3057,2025-04-08,True,,,,False
97404000AM0444,2025-10-16,False,,,,False
97408000AC3547,2025-04-23,False,,,,False
97422000AH0089,2025-11-26,False,,,,False
97415000CT2978,2025-09-19,False,,,,False
97414000EX0840,2025-04-25,True,,,,False
97424000AE0820,2025-12-30,False,,,,False
97406000AM0989,2025-07-01,True,,,,False
97409000AI0722,2025-04-28,False,,,,False
97415000DM1102,2025-03-18,False,,,,False
97409000BK0688,2025-03-17,False,,,,False
97411000AK0005,2025-12-08,True,,,,False
97415000DM1503,2025-09-03,True,,,,False
97419000AR0793,2025-06-09,True,,,,False
97412000BX0468,2025-12-03,False,,,,False
97422000CV0072,2025-04-23,True,,,,False
97416000HY1552,2025-11-19,False,,,,False
97415000DK0228,2025-05-28,True,,,,False
97409000BD0616,2025-11-06,False,,,,False
97422000BP1997,2025-04-08,True,,,,False
97422000BR1339,2025-09-09,False,,,,False
97411000AP0418,2025-08-05,False,,,,False
97410000AY0153,2025-11-26,True,,,,False
97411000KA0248,2025-06-25,False,,,,False
97422000DK0311,2025-05-28,False,,,,False
97409000BE1631,2025-03-27,False,,,,False
97414000DM0875,2025-10-20,False,,,,False
97403000AK0248,2025-12-24,False,,,,False
97412000CP0312,2025-05-22,False,,,,False
97408000AO0750,2025-06-13,False,,,,False
97410000AH0399,2025-09-26,True,,,,False
97420000AS0865,2025-03-13,False,,,,False
97416000DE1913,2025-08-29,False,,,,False
97415000CW0194,2025-06-13,False,,,2026-08-31 20:52:31.347910+00:00,False
97416000CW0469,2025-09-19,False,,,,False
97411000IZ0437,2025-07-17,False,,,,False
97414000CM0212,2025-10-29,True,,,,False
97409000BE2227,2025-02-21,False,,,,False
97422000AX1479,2025-10-10,False,,,,False
97409000BM1325,2025-07-04,True,,,,False
97415000ET1731,2025-05-16,False,,,,False
97415000EO0557,2025-10-29,False,,,,False
97409000AY1514,2025-03-17,True,,,,False
97402000AB0769,2025-10-22,True,,,,False
97414000HE0409,2025-06-25,True,,,,False
97413000CN0741,2025-09-12,True,,,,False
97407000AO1494,2025-06-23,False,,,,False
97413000CU0083,2025-09-30,False,,,,False
97409000AL1276,2025-07-21,False,,,,False
97416000HX1087,2025-11-27,False,,,,False
97416000HV0555,2025-06-06,False,,,,False
97408000AP1619,2025-09-11,True,,,,False
97420000AI0903,2025-12-12,False,,,,False
97410000AE1181,2025-07-30,True,,,,False
97410000AS0443,2025-09-26,True,,,,False
97421000AV0731,2025-09-03,False,,,,False
97422000BP1981,2025-04-08,True,,,,False
97415000EO0463,2025-03-28,False,,,,False
97416000CZ2368,2025-03-18,True,,,,False
97420000AO0607,2025-12-26,False,,,,False
97410000AO0520,2025-12-16,True,,,,False
97413000DG1112,2025-10-31,False,,,,False
97412000CW1101,2025-02-18,False,,,,False
97411000EW0046,2025-06-12,False,,,,False
97415000EW1525,2025-09-26,False,,,,False
97411000EK0005,2025-06-20,False,,,,False
97422000AK1410,2025-10-24,True,,,,False
97409000AR2437,2025-10-03,False,,,,False
97413000CS0346,2025-03-26,False,,,,False
97411000HC0299,2025-08-27,True,,,,False
97410000AN0833,2025-07-30,True,,,,False
97416000DR0441,2025-08-20,False,,,,False
97420000BD1168,2025-11-25,False,,,,False
97422000EH0050,2025-09-24,False,,,,False
97406000AM0979,2025-07-29,False,,,,False
97411000DY0116,2025-12-22,False,,,,False
97408000AC1152,2025-09-01,True,,,,False
97409000BD0751,2025-05-07,True,,,,False
97405000BE0585,2025-05-30,False,,,,False
97410000AO0643,2025-11-04,True,,,,False
97405000AW1144,2025-07-08,False,,,,False
97415000AX0115,2025-07-25,False,,,,False
97403000AS1646,2025-03-27,True,,,,False
97416000HO1141,2025-08-27,True,,,,False
97408000AN1228,2025-12-19,False,,,,False
97416000EH0839,2025-11-24,False,,,,False
97422000BX0586,2025-12-22,False,,,,False
97415000BV1299,2025-08-08,False,,,,False
97416000IE1186,2025-02-12,False,,,,False
97415000BW1908,2025-11-27,True,,,,False
97420000BI0504,2025-03-19,False,,,,False
97414000EN4204,2025-09-23,False,,,,False
97419000AK0984,2025-06-26,False,,,,False
97415000CY1195,2025-12-12,False,,,,False
97411000HH0027,2025-04-09,False,,,,False
97410000CD0412,2025-12-11,True,,,,False
97422000BP1948,2025-04-08,True,,,,False
97415000AS0693,2025-03-19,False,,,,False
97412000CX0177,2025-03-03,False,,,,False
97424000AH0648,2025-01-16,False,,,,False
97409000AY1031,2025-10-02,False,,,,False
97408000AP1678,2025-09-11,True,,,,False
97414000CP0558,2025-03-31,True,,,,False
97416000DH0968,2025-09-26,True,,,,False
97405000AC0040,2025-08-18,True,,,,False
97408000AV0750,2025-01-29,False,,,,False
97405000AW1213,2025-08-28,True,,,,False
97415000AZ1426,2025-07-18,False,,,,False
97414000DK0739,2025-02-26,False,,,,False
97412000AS0202,2025-09-30,True,,,,False
97411000IC0395,2025-05-21,False,,,,False
97407000BE0228,2025-07-16,False,,,,False
97415000DP0745,2025-03-13,True,,,,False
97416000CW1377,2025-03-27,False,,,,False
97422000AY1317,2025-09-23,True,,,,False
97410000AN0862,2025-11-28,True,,,,False
97415000DM0177,2025-04-24,True,,,,False
97410000AK0368,2025-04-24,False,,,,False
97404000BA0202,2025-09-01,False,,,,False
97411000DX0116,2025-07-25,True,,,,False
97404000AH0385,2025-03-14,False,,,,False
97411000BH0743,2025-01-30,False,,,,False
97409000BM0866,2025-09-29,False,,,,False
97416000ET1993,2025-07-21,False,,,,False
97422000AR0695,2025-11-05,False,,,,False
97415000CW0887,2025-07-01,True,,,,False
97407000AS0921,2025-06-26,True,,,,False
97414000CV1001,2025-03-25,True,,,,False
97415000BZ0877,2025-12-30,True,,,,False
97416000IE1978,2025-12-15,False,,,,False
97410000BI0366,2025-10-28,False,,,,False
97409000AR2533,2025-02-05,False,,,,False
97415000CT2416,2025-03-31,True,,,,False
97417000BC0093,2025-11-13,True,,,,False
97408000AP1149,2025-06-10,False,,,2026-08-31 19:23:10.980081+00:00,False
97411000HR0089,2025-09-10,False,,,,False
97412000AZ0571,2025-04-22,False,,,,False
97404000AD1122,2025-11-18,True,,,,False
97415000BW0788,2025-09-30,False,,,,False
97422000EC0156,2025-03-25,False,,,,False
97416000CS1347,2025-02-25,False,,,,False
97416000EV0940,2025-12-10,False,,,,False
97407000AY0586,2025-04-28,True,,,,False
97415000CS0122,2025-03-03,False,,,,False
97412000BW1526,2025-02-21,False,,,,False
97413000CR1133,2025-02-24,True,,,,False
97412000CV0205,2025-06-26,False,,,,False
97422000EC0140,2025-03-20,False,,,,False
97412000AV0399,2025-09-30,True,,,,False
97409000AY1118,2025-01-14,True,,,,False
97417000AS0265,2025-12-12,False,,,,False
97424000AM0915,2025-11-10,False,,,,False
97414000EN4165,2025-10-31,False,,,,False
97405000AI0838,2025-06-30,False,,,,False
97401000AD1587,2025-03-05,False,,,,False
97422000AP0691,2025-03-28,True,,,,False
97422000BT1462,2025-11-26,True,,,,False
97422000AP0878,2025-05-30,False,,,,False
97411000DZ0138,2025-10-28,False,,,,False
97409000BP0123,2025-08-14,True,,,,False
97409000AX0533,2025-09-16,False,,,,False
97415000CO0372,2025-07-01,True,,,,False
97411000DR0638,2025-12-01,True,,,,False
97412000AM1543,2025-01-30,False,,,,False
97412000BT0335,2025-11-25,True,,,,False
97412000BW0559,2025-04-29,False,,,,False
97418000AC1219,2025-10-16,True,,,,False
97401000AL0140,2025-09-30,False,,,,False
97411000AM0105,2025-09-15,False,,,,False
97421000AV1277,2025-05-28,False,,,,False
97421000BD0177,2025-04-18,False,,,,False
97411000IY0083,2025-10-29,False,,,,False
97405000AR1014,2025-06-30,False,,,,False
97411000KE0158,2025-03-21,False,,,,False
97406000AC0361,2025-04-30,False,,,,False
97410000AN0062,2025-11-19,False,,,,False
97412000BN1369,2025-06-26,True,,,,False
97412000BK1980,2025-05-30,False,,,,False
97409000AV1272,2025-05-30,False,,,,False
97408000AS0255,2025-09-30,False,,,,False
97414000HK0325,2025-11-27,False,,,,False
97422000CX0983,2025-10-24,True,,,,False
97416000HN0582,2025-02-27,False,,,,False
97410000AC0583,2025-06-25,True,,,,False
97413000CX2890,2025-09-22,True,,,,False
97418000AV1234,2025-04-01,False,,,,False
97401000AD1611,2025-04-04,False,,,,False
97412000BW2448,2025-09-12,True,,,,False
97416000EN1447,2025-08-22,False,,,,False
97414000EV0634,2025-01-15,True,,,,False
97408000AP1620,2025-09-11,True,,,,False
97409000AR2712,2025-04-17,False,,,,False
97422000BI0836,2025-08-01,False,,,,False
97410000AE0912,2025-09-10,False,,,,False
97422000BP1979,2025-04-08,True,,,,False
97412000AW0284,2025-03-11,True,,,,False
97422000CH0551,2025-08-14,True,,,,False
97418000AS0960,2025-06-19,True,,,,False
97410000AS0263,2025-04-01,False,,,,False
97414000CI0902,2025-10-16,False,,,,False
97415000BH0264,2025-10-14,True,,,,False
97412000CD1007,2025-08-29,False,,,,False
97418000BE0222,2025-01-28,False,,,,False
97407000BL0248,2025-11-27,True,,,,False
97415000DN0520,2025-07-18,False,,,,False
97422000CI0941,2025-01-22,False,,,,False
97410000AL0559,2025-10-10,True,,,,False
97415000ET1737,2025-07-22,True,,,,False
97414000EL1264,2025-01-22,False,,,,False
97415000DE0902,2025-01-07,False,,,,False
97404000BA0177,2025-03-31,False,,,,False
97422000BY0183,2025-03-11,True,,,,False
97413000CX2682,2025-09-22,True,,,,False
97409000BK0417,2025-08-08,False,,,,False
97415000EM0371,2025-04-30,False,,,,False
97410000AH1292,2025-06-11,True,,,,False
97416000CT1204,2025-01-09,False,,,,False
97415000HR0289,2025-08-29,False,,,,False
97416000EN1157,2025-10-03,False,,,,False
97408000AP1623,2025-09-11,True,,,,False
97415000AY1628,2025-10-23,False,,,,False
97414000CS0921,2025-11-12,True,,,,False
97408000BI0412,2025-04-09,False,,,,False
97415000EV0314,2025-07-07,True,,,,False
97414000CN0411,2025-03-31,False,,,,False
97415000AB0450,2025-12-30,True,,,,False
97422000EL0448,2025-12-16,False,,,,False
97414000EV0823,2025-08-22,True,,,,False
97422000DK0290,2025-01-28,False,,,,False
97406000AM0093,2025-01-31,True,,,,False
97410000AW1065,2025-04-24,True,,,,False
97410000AV0660,2025-05-26,False,,,,False
97405000AK0975,2025-01-29,False,,,,False
97414000CI0596,2025-01-24,False,,,,False
97422000AK1326,2025-01-31,False,,,,False
97415000AB0532,2025-07-29,True,,,,False
97408000AP1635,2025-03-17,True,,,,False
97415000EO1057,2025-10-10,True,,,,False
97404000AY0412,2025-08-27,False,,,,False
97410000AW1052,2025-08-22,True,,,,False
97409000AH0141,2025-11-14,True,,,,False
97416000CZ2376,2025-10-13,False,,,,False
97420000BC1239,2025-09-05,False,,,,False
97407000AE0554,2025-09-12,False,,,,False
97418000AP1641,2025-10-20,False,,,,False
97413000DE1262,2025-09-19,False,,,,False
97404000AM0971,2025-05-30,True,,,,False
97422000CK1493,2025-12-30,False,,,,False
97418000AT1644,2025-03-20,False,,,,False
97411000CD0399,2025-04-30,False,,,,False
97413000DF0288,2025-04-22,True,,,,False
97404000AS0365,2025-07-18,False,,,,False
97422000BH1784,2025-07-10,True,,,,False
97415000CY1163,2025-03-31,True,,,,False
97416000CX1372,2025-03-20,True,,,,False
97413000CQ0502,2025-12-19,True,,,,False
97415000AC0003,2025-08-28,True,,,,False
97411000BK0220,2025-12-23,True,,,,False
97415000BX0219,2025-05-07,True,,,,False
97410000AS1459,2025-05-28,False,,,,False
97422000DI0461,2025-10-27,True,,,,False
97416000HX1114,2025-01-24,False,,,,False
97416000DW0114,2025-01-23,False,,,,False
97416000ET2107,2025-09-29,False,,,,False
97414000HB0402,2025-12-02,True,,,,False
97412000CD0271,2025-09-29,False,,,,False
97422000BV3226,2025-06-20,False,,,,False
97415000DR0695,2025-03-24,True,,,,False
97416000IA1345,2025-06-27,True,,,,False
97420000BD0243,2025-03-05,False,,,,False
97415000BK0096,2025-10-14,True,,,,False
97407000AE0793,2025-08-18,True,,,,False
97411000AL0447,2025-11-24,False,,,,False
97413000DG0544,2025-10-31,True,,,,False
97410000BK0502,2025-08-12,False,,,,False
97422000BD2103,2025-05-16,False,,,,False
97402000AK2140,2025-03-31,False,,,,False
97418000AR2425,2025-05-27,True,,,,False
97416000CX1244,2025-12-22,False,,,,False
97422000AX1668,2025-06-11,False,,,,False
97411000IR0138,2025-05-26,False,,,,False
97409000BR0185,2025-11-19,False,,,,False
97414000EZ0194,2025-03-06,False,,,,False
97424000AE0022,2025-02-26,True,,,,False
97422000CX0682,2025-01-30,False,,,,False
97416000HP0364,2025-09-26,True,,,,False
97405000AW0930,2025-06-13,False,,,,False
97410000AO0642,2025-11-04,True,,,,False
97416000HX1348,2025-03-28,True,,,,False
97411000KC0012,2025-11-27,False,,,,False
97422000BT1360,2025-11-26,True,,,,False
97401000AS1304,2025-05-20,True,,,,False
97413000DC0373,2025-08-27,True,,,,False
97412000BP0184,2025-02-06,False,,,,False
97422000BV2557,2025-04-25,False,,,,False
97408000AP1677,2025-09-11,True,,,,False
97420000AI0911,2025-07-09,False,,,,False
97413000DG0470,2025-12-19,False,,,,False
97408000AM0514,2025-12-11,True,,,,False
97409000AX0993,2025-09-16,True,,,,False
97413000AV2285,2025-04-24,True,,,,False
97412000AV0347,2025-09-12,False,,,,False
97404000AH1064,2025-07-07,False,,,,False
97415000CT3279,2025-05-30,False,,,,False
97416000EK0256,2025-02-27,False,,,,False
97414000EV0777,2025-07-10,True,,,,False
97404000AI2374,2025-09-02,False,,,,False
97411000BZ0174,2025-11-28,False,,,,False
97414000ER0937,2025-12-11,True,,,,False
97415000BV1647,2025-05-30,True,,,,False
97422000CH0409,2025-10-20,True,,,,False
97416000HX1568,2025-08-08,False,,,,False
97414000DR0634,2025-05-28,False,,,,False
97416000HP0837,2025-07-30,False,,,,False
97413000CL0420,2025-08-08,True,,,,False
97422000BP1944,2025-04-08,True,,,,False
97401000AS0311,2025-07-31,True,,,,False
97422000AY1528,2025-12-30,False,,,,False
97411000CM0754,2025-02-10,False,,,,False
97422000CH0080,2025-08-26,False,,,,False
97412000BH0733,2025-12-05,False,,,,False
97418000AC1355,2025-10-16,True,,,,False
97412000AM1674,2025-11-04,False,,,,False
97415000EY1116,2025-05-29,False,,,,False
97414000EN4155,2025-12-29,True,,,,False
97421000AK0536,2025-12-08,True,,,,False
97401000AS1386,2025-10-21,True,,,,False
97404000AH0146,2025-05-20,True,,,,False
97411000EO0216,2025-06-05,False,,,,False
97411000HD0015,2025-03-31,False,,,,False
97407000AM1582,2025-03-03,False,,,,False
97414000EV0500,2025-07-10,True,,,,False
97422000BK1772,2025-05-30,False,,,,False
97415000AV0369,2025-01-17,True,,,,False
97416000DN0656,2025-04-14,True,,,,False
97405000AL1657,2025-02-26,False,,,,False
97409000AX1093,2025-11-19,False,,,,False
97416000DH0967,2025-03-27,False,,,,False
97421000AL0617,2025-01-24,False,,,,False
97415000CW0834,2025-07-01,True,,,,False
97421000AL0593,2025-12-10,False,,,,False
97412000BW1442,2025-09-18,True,,,,False
97418000BN0235,2025-02-06,True,,,,False
97401000AL0425,2025-01-14,True,,,,False
97416000CV2361,2025-04-25,True,,,,False
97415000EY0345,2025-02-24,True,,,,False
97404000AD1562,2025-07-15,True,,,,False
97411000AE0613,2025-11-18,False,,,,False
97407000AE0796,2025-08-18,True,,,,False
97414000HE0469,2025-04-30,True,,,,False
97415000AY1401,2025-07-04,False,,,,False
97421000AN0180,2025-03-28,False,,,,False
97412000AT1080,2025-02-06,False,,,,False
97422000AD0143,2025-04-09,False,,,,False
97407000AM0363,2025-10-27,False,,,,False
97410000AL0428,2025-06-06,True,,,,False
97422000CM1021,2025-03-24,True,,,,False
97414000DO0388,2025-01-21,False,,,,False
97422000EN0130,2025-10-03,False,,,,False
97411000AP0121,2025-08-05,False,,,,False
97408000AP1656,2025-09-11,True,,,,False
97411000DR0583,2025-12-08,True,,,,False
97411000AV0533,2025-03-26,False,,,,False
97416000HP0170,2025-10-29,False,,,,False
97408000AP1585,2025-01-15,True,,,,False
97416000EN1467,2025-06-03,False,,,,False
97422000BV2609,2025-03-20,True,,,,False
97411000AM0085,2025-05-28,False,,,,False
97409000AI0494,2025-04-17,True,,,,False
97420000AZ0276,2025-03-07,True,,,,False
97407000AO1820,2025-09-01,True,,,,False
97410000AW0238,2025-09-30,False,,,,False
97416000HY1773,2025-03-20,True,,,,False
97411000HO0526,2025-09-17,False,,,,False
97409000AX1092,2025-01-29,False,,,,False
97411000KB0258,2025-09-17,True,,,,False
97422000ED0603,2025-03-12,True,,,,False
97414000CH1970,2025-12-31,True,,,,False
97415000AB0535,2025-07-29,True,,,,False
97416000CW1145,2025-10-21,True,,,,False
97407000AS0351,2025-06-30,True,,,,False
97415000BV1644,2025-05-30,True,,,,False
97409000AN0215,2025-04-23,False,,,,False
97404000AT0875,2025-10-28,False,,,,False
97413000DI0381,2025-04-11,False,,,,False
97414000DK0627,2025-03-24,False,,,,False
97411000AL0070,2025-06-20,False,,,,False
97412000BR0632,2025-01-28,False,,,,False
97405000BE0973,2025-10-02,False,,,,False
97415000DK1137,2025-01-27,True,,,,False
97416000DW0125,2025-12-19,False,,,,False
97422000BP0791,2025-02-19,True,,,,False
97416000HL0295,2025-10-10,False,,,,False
97416000CZ2378,2025-06-17,False,,,,False
97422000CS1359,2025-09-29,True,,,,False
97414000CR0368,2025-08-25,True,,,,False
97403000AO0174,2025-06-11,False,,,,False
97410000AS1461,2025-03-31,True,,,,False
97403000AS1232,2025-01-06,True,,,,False
97415000BP0980,2025-12-30,True,,,,False
97410000AY0385,2025-08-04,False,,,,False
97413000DE0807,2025-07-25,False,,,,False
97415000CS0271,2025-06-23,False,,,,False
97407000AS1235,2025-02-21,False,,,,False
97416000ER0471,2025-01-17,False,,,,False
97416000HW0237,2025-11-17,False,,,,False
97411000AD0218,2025-09-19,False,,,,False
97402000AD1051,2025-05-09,False,,,,False
97415000BI0577,2025-10-23,False,,,,False
97408000AO1788,2025-07-29,True,,,,False
97422000BK1681,2025-12-15,True,,,,False
97413000CL0198,2025-02-26,False,,,,False
97415000CT1892,2025-03-28,False,,,,False
97420000AD0479,2025-11-05,True,,,,False
97414000CP0330,2025-03-31,True,,,,False
97404000AW0526,2025-09-12,True,,,,False
97411000KC0054,2025-10-01,False,,,,False
97416000DT0290,2025-05-19,True,,,,False
97408000AP1631,2025-09-11,True,,,,False
97420000AD0199,2025-08-28,False,,,,False
97409000BE1978,2025-10-07,True,,,,False
97414000HL0106,2025-08-27,False,,,,False
97418000AW0381,2025-04-30,False,,,,False
97422000BN1850,2025-04-29,False,,,,False
97420000BE0027,2025-04-29,False,,,,False
97402000AK0877,2025-06-23,True,,,,False
97404000AW0440,2025-05-30,False,,,,False
97409000BE1977,2025-10-07,True,,,,False
97415000AB0801,2025-12-30,True,,,,False
97407000AX0223,2025-03-14,True,,,,False
97422000BI1093,2025-11-27,True,,,,False
97416000HX1350,2025-03-28,True,,,,False
97424000AB0022,2025-01-15,False,,,,False
97414000EN3665,2025-12-10,False,,,,False
97415000BP0978,2025-12-30,False,,,,False
97410000AN0842,2025-10-03,True,,,,False
97410000AS0097,2025-07-07,False,,,,False
97415000AY0595,2025-06-12,False,,,,False
97415000AW2165,2025-06-18,False,,,,False
97416000CY0759,2025-06-28,False,,,,False
97405000BE1795,2025-12-15,False,,,,False
97415000DK0224,2025-05-28,True,,,,False
97422000CI0591,2025-09-22,True,,,,False
97420000BH1860,2025-06-03,True,,,,False
97415000AV0355,2025-01-17,True,,,,False
97416000DZ0668,2025-09-12,True,,,,False
97411000EM0046,2025-03-17,True,,,,False
97411000CD1011,2025-07-22,False,,,,False
97412000AH0731,2025-03-14,False,,,,False
97415000CM2031,2025-04-01,True,,,,False
97415000BN0999,2025-08-07,False,,,,False
97409000BP0274,2025-06-17,True,,,,False
97411000CT1626,2025-01-21,True,,,,False
97422000CV0122,2025-04-23,True,,,,False
97416000DX0372,2025-06-12,False,,,,False
97407000AS1265,2025-01-16,True,,,,False
97418000AE0487,2025-10-16,True,,,,False
97418000AV1081,2025-02-26,False,,,,False
97411000CH0657,2025-07-10,True,,,,False
97417000AZ0021,2025-03-18,True,,,,False
97416000EX1803,2025-02-13,True,,,,False
97414000HK0456,2025-07-08,False,,,,False
97415000BZ0389,2025-11-26,True,,,,False
97418000BM0273,2025-11-19,False,,,,False
97415000BI0633,2025-04-15,False,,,,False
97422000BP1971,2025-04-08,True,,,,False
97420000AO0646,2025-02-27,False,,,,False
97418000AR1359,2025-10-30,False,,,,False
97420000AB1261,2025-06-20,False,,,,False
97411000HH0241,2025-05-14,False,,,,False
97422000BV2355,2025-10-17,False,,,,False
97417000BC0096,2025-11-13,True,,,,False
97415000AY0329,2025-04-18,True,,,,False
97412000AY0147,2025-02-10,True,,,,False
97411000AH0374,2025-08-25,True,,,,False
97412000AO0950,2025-10-08,False,,,,False
97415000ET1679,2025-09-18,False,,,,False
97405000AW1695,2025-04-12,False,,,,False
97405000AM0834,2025-07-24,False,,,,False
97407000AS0118,2025-11-14,False,,,,False
97415000AB0800,2025-12-30,True,,,,False
97418000AC1611,2025-10-16,True,,,,False
97411000AO0375,2025-04-24,True,,,,False
97404000AH1058,2025-03-25,False,,,,False
97424000AI1486,2025-10-30,False,,,,False
97415000HN0166,2025-12-19,True,,,,False
97416000IE1075,2025-11-04,False,,,,False
97415000EW1883,2025-01-29,False,,,,False
97418000AD0173,2025-03-24,False,,,,False
97414000HK0563,2025-09-19,False,,,,False
97415000DE0704,2025-06-06,False,,,,False
97412000CE1307,2025-07-15,True,,,,False
97422000BT1537,2025-10-16,False,,,,False
97422000DH1006,2025-03-31,False,,,,False
97411000IB0077,2025-02-14,False,,,,False
97422000BH1864,2025-03-20,False,,,,False
97417000AI0104,2025-01-31,False,,,,False
97415000BZ0935,2025-11-05,True,,,,False
97412000CX0613,2025-01-16,False,,,,False
97407000BE0266,2025-11-28,False,,,,False
97414000EN4091,2025-10-01,False,,,,False
97401000AT0297,2025-07-11,True,,,,False
97415000CS0077,2025-08-08,False,,,,False
97420000BH1051,2025-11-18,False,,,,False
97411000DL0028,2025-02-18,False,,,,False
97410000BX0596,2025-10-03,True,,,,False
97412000BY1656,2025-03-04,False,,,,False
97409000BE1860,2025-10-07,True,,,,False
97408000AT1491,2025-07-15,False,,,,False
97415000BZ0871,2025-12-30,True,,,,False
97415000EW1518,2025-03-21,False,,,,False
97410000CD0393,2025-05-26,True,,,,False
97415000EW1949,2025-04-07,True,,,,False
97410000AH0875,2025-12-16,True,,,,False
97415000AR0190,2025-02-26,True,,,,False
97412000BK0858,2025-05-05,True,,,,False
97411000EP0250,2025-01-31,True,,,,False
97413000CL0514,2025-06-17,False,,,,False
97407000BL0170,2025-10-30,False,,,,False
97422000DL0994,2025-09-26,True,,,,False
97416000HN1809,2025-10-21,True,,,,False
97407000BD0176,2025-10-13,False,,,,False
97422000CX1176,2025-12-08,False,,,,False
97410000AS1458,2025-01-28,False,,,,False
97415000CW1110,2025-11-24,False,,,,False
97418000AD0873,2025-10-16,True,,,,False
97411000IS0493,2025-07-22,False,,,,False
97416000DM0869,2025-04-30,True,,,,False
97414000ER0049,2025-07-28,False,,,,False
97405000AW1219,2025-09-19,True,,,,False
97414000ES1065,2025-08-13,False,,,,False
97422000AX0899,2025-09-16,False,,,,False
97412000AP0753,2025-01-17,False,,,,False
97401000AR1725,2025-06-10,True,,,,False
97408000AC3507,2025-03-31,True,,,,False
97424000AI0821,2025-04-16,True,,,,False
97422000BO1873,2025-09-16,False,,,,False
97422000BV2392,2025-02-12,False,,,,False
97412000AM0366,2025-09-22,False,,,,False
97411000AL0036,2025-09-16,False,,,,False
97413000DC0556,2025-08-27,True,,,,False
97412000BZ0369,2025-04-29,False,,,,False
97411000DO0007,2025-02-21,False,,,,False
97422000BW0083,2025-01-27,False,,,,False
97406000AE0785,2025-09-15,False,,,,False
97415000HK0588,2025-09-25,True,,,,False
97413000DE1873,2025-04-17,False,,,,False
97422000EK0162,2025-11-12,False,,,,False
97407000AS0841,2025-04-28,False,,,,False
97415000DE0753,2025-07-24,False,,,,False
97412000AT1112,2025-11-03,True,,,,False
97416000DW0124,2025-08-05,False,,,,False
97409000BK0744,2025-03-06,True,,,,False
97415000AW1728,2025-02-14,False,,,,False
97411000HS0414,2025-12-15,False,,,,False
97415000CO0559,2025-07-01,True,,,,False
97411000DS0521,2025-04-16,False,,,,False
97415000ET1134,2025-12-17,False,,,,False
97422000BS0516,2025-08-08,False,,,,False
97413000AV1827,2025-08-04,False,,,,False
97415000AY1530,2025-08-27,False,,,,False
97411000IT0026,2025-07-30,False,,,,False
97407000AS0624,2025-05-20,False,,,,False
97401000AO1026,2025-03-18,False,,,,False
97412000CD0943,2025-03-04,True,,,,False
97405000BE0781,2025-10-31,True,,,,False
97416000CT1001,2025-11-17,False,,,,False
97410000BE0072,2025-06-03,False,,,,False
97408000BI0402,2025-02-17,False,,,,False
97422000BP1963,2025-04-08,True,,,,False
97410000AR1562,2025-04-29,False,,,,False
97409000AV1273,2025-03-14,False,,,,False
97424000AI0038,2025-03-03,False,,,,False
97409000BR0008,2025-11-19,True,,,,False
97422000DE0974,2025-03-24,True,,,,False
97420000AZ0821,2025-02-25,False,,,,False
97407000BA0371,2025-12-29,True,,,,False
97415000CT3276,2025-09-17,False,,,,False
97415000AB0531,2025-07-29,True,,,,False
97413000DK0514,2025-05-15,True,,,,False
97411000HS0368,2025-08-05,True,,,,False
97420000AD0245,2025-06-26,False,,,,False
97417000BI0051,2025-11-13,True,,,,False
97416000DE0383,2025-07-07,True,,,,False
97410000AN0222,2025-03-20,False,,,,False
97416000EW0850,2025-09-17,True,,,,False
97422000BP0794,2025-02-19,True,,,,False
97401000AN1065,2025-05-28,True,,,,False
97422000CE0628,2025-01-15,False,,,,False
97401000AM0729,2025-11-28,True,,,,False
97414000HI0516,2025-02-27,False,,,,False
97420000AD0337,2025-12-03,True,,,,False
97410000BI0562,2025-02-12,False,,,,False
97412000BP0508,2025-10-30,False,,,,False
97423000AE1090,2025-06-28,False,,,,False
97422000BO1246,2025-03-24,True,,,,False
97407000AO1882,2025-09-01,True,,,,False
97409000BK0504,2025-01-30,False,,,,False
97405000AD0681,2025-07-18,False,,,,False
97422000DM0284,2025-06-26,True,,,,False
97408000AC3764,2025-06-30,True,,,,False
97415000AX1096,2025-09-15,False,,,,False
97406000AM0986,2025-07-01,True,,,,False
97413000CX2477,2025-07-19,True,,,,False
97416000HR0307,2025-07-21,False,,,,False
97422000DE0975,2025-03-24,True,,,,False
97422000AL0586,2025-04-30,False,,,,False
97416000CX1349,2025-02-04,True,,,,False
97415000CL0172,2025-04-30,False,,,,False
97412000CR0174,2025-05-22,False,,,,False
97415000CO0205,2025-07-01,True,,,,False
97422000BO0349,2025-02-27,False,,,,False
97408000AV1421,2025-12-01,False,,,,False
97412000AZ0603,2025-07-30,True,,,,False
97404000AT0888,2025-07-29,True,,,,False
97401000AS1287,2025-05-20,True,,,,False
97411000ER0049,2025-07-30,False,,,,False
97409000AS0140,2025-05-22,True,,,,False
97405000AO0304,2025-07-16,True,,,,False
97422000BV3216,2025-10-16,False,,,,False
97411000IC0464,2025-05-09,False,,,,False
97414000HB0043,2025-03-19,False,,,,False
97411000IK0222,2025-05-20,False,,,,False
97403000AP1638,2025-08-27,False,,,,False
97424000AM0900,2025-10-22,False,,,,False
97422000BY0189,2025-03-11,True,,,,False
97422000BK1829,2025-09-30,False,,,,False
97422000BL0738,2025-06-10,True,,,,False
97416000DT0873,2025-03-17,True,,,,False
97414000ET0997,2025-01-29,False,,,,False
97414000EV0550,2025-07-10,True,,,,False
97410000AV0133,2025-09-11,False,,,,False
97409000BK0800,2025-03-06,True,,,,False
97414000EM0412,2025-08-14,False,,,,False
97407000BA0139,2025-08-07,False,,,,False
97405000BE0779,2025-10-31,True,,,,False
97422000AR0363,2025-07-18,True,,,,False
97413000DK0511,2025-05-15,True,,,,False
97403000AL0282,2025-05-16,True,,,,False
97412000AM1000,2025-03-31,True,,,,False
97424000AE1480,2025-07-23,False,,,,False
97416000CS0812,2025-04-16,False,,,,False
97415000BZ0271,2025-03-18,True,,,,False
97415000AD0234,2025-06-23,False,,,,False
97418000AP3709,2025-07-10,False,,,,False
97419000AR0779,2025-08-05,False,,,,False
97401000AN0940,2025-04-30,False,,,,False
97415000AB0597,2025-07-29,True,,,,False
97402000AH1450,2025-12-11,False,,,,False
97413000CY1058,2025-06-17,False,,,,False
97411000IS0357,2025-07-02,False,,,,False
97422000BP1955,2025-04-08,True,,,,False
97422000EN0180,2025-06-18,False,,,,False
97411000DR0360,2025-10-30,False,,,,False
97415000CZ0806,2025-04-24,True,,,,False
97405000AN0671,2025-11-25,True,,,,False
97405000BD0195,2025-10-09,True,,,,False
97415000CO0415,2025-07-01,True,,,,False
97412000BY1269,2025-07-03,False,,,,False
97407000AC0055,2025-11-04,True,,,,False
97412000AM2071,2025-11-07,False,,,,False
97412000BK1967,2025-04-30,False,,,,False
97415000CP1551,2025-02-13,False,,,,False
97412000AZ0962,2025-06-19,False,,,,False
97415000CW0835,2025-07-01,True,,,,False
97411000AS0288,2025-01-29,False,,,,False
97422000BI0365,2025-03-28,True,,,,False
97413000BH1243,2025-03-05,False,,,,False
97409000AR2621,2025-08-04,True,,,,False
97414000EL0581,2025-09-19,False,,,,False
97404000AX0275,2025-07-25,True,,,,False
97420000BC1906,2025-04-16,False,,,,False
97416000HN1437,2025-02-27,False,,,,False
97415000BV1410,2025-12-11,False,,,,False
97415000CY1177,2025-06-19,True,,,,False
97409000AV0494,2025-04-04,True,,,,False
97420000AI0908,2025-09-16,False,,,,False
97415000CY1060,2025-08-14,True,,,,False
97409000BE2173,2025-10-07,True,,,,False
97411000CV0669,2025-07-18,False,,,,False
97423000AH1830,2025-03-11,False,,,,False
97415000BN1392,2025-11-07,True,,,,False
97416000ET2133,2025-11-24,False,,,,False
97415000DL0140,2025-04-11,False,,,,False
97422000CI0732,2025-03-28,False,,,,False
97424000AI1198,2025-01-16,False,,,,False
97422000DW0098,2025-05-28,False,,,,False
97415000CO0566,2025-07-01,True,,,,False
97421000AS0298,2025-05-07,False,,,,False
97408000AP1634,2025-03-24,False,,,,False
97415000AB0739,2025-09-01,False,,,,False
97422000AW0695,2025-02-26,False,,,,False
97422000DE1009,2025-10-24,False,,,,False
97411000CE0875,2025-07-30,True,,,,False
97410000AL0437,2025-12-23,True,,,,False
97415000CP2045,2025-05-30,False,,,,False
97405000AK0850,2025-02-20,False,,,,False
97409000AT1667,2025-10-29,True,,,,False
97409000AI1191,2025-09-19,True,,,,False
97414000CH1275,2025-08-29,False,,,,False
97412000CR0561,2025-03-17,False,,,,False
97408000AO0856,2025-01-13,False,,,,False
97408000BO0389,2025-12-22,True,,,,False
97414000HI1268,2025-06-20,False,,,,False
97418000AC0674,2025-12-03,True,,,,False
97403000AP2008,2025-05-05,False,,,,False
97401000AL0503,2025-09-29,False,,,,False
97415000DE1240,2025-05-09,False,,,,False
97410000AN0839,2025-10-27,True,,,,False
97422000BH2101,2025-07-21,False,,,,False
97412000CD1241,2025-04-18,True,,,,False
97413000DG1117,2025-02-26,False,,,,False
97416000EI1026,2025-06-06,False,,,,False
97420000AO0653,2025-01-13,False,,,,False
97407000AK1896,2025-03-20,False,,,,False
97411000DP0355,2025-06-12,False,,,,False
97406000AR0358,2025-06-16,True,,,,False
97405000AL1672,2025-11-24,True,,,,False
97403000AR1509,2025-09-29,False,,,,False
97414000ES0894,2025-12-31,True,,,,False
97416000DI0064,2025-09-26,False,,,,False
97413000CG0086,2025-09-09,True,,,,False
97409000AH0416,2025-12-09,False,,,,False
97415000BZ0899,2025-12-30,True,,,,False
97407000AO1165,2025-09-01,True,,,,False
97418000AT1598,2025-08-18,False,,,,False
97415000CT2337,2025-08-25,False,,,,False
97411000EK0282,2025-09-17,False,,,,False
97412000CE0429,2025-07-15,True,,,,False
97415000CH0908,2025-06-17,True,,,,False
97411000HS0526,2025-12-15,False,,,,False
97416000DT0650,2025-09-23,True,,,,False
97416000HV0488,2025-06-23,True,,,,False
97415000EI0211,2025-11-28,True,,,,False
97422000EL0006,2025-12-16,False,,,,False
97411000AH0373,2025-08-25,True,,,,False
97412000AX0827,2025-05-21,True,,,,False
97412000BW2483,2025-02-24,True,,,,False
97411000EV0097,2025-12-01,False,,,,False
97411000CM0180,2025-05-28,False,,,,False
97412000AV0880,2025-05-23,False,,,,False
97418000AP4436,2025-07-11,True,,,,False
97419000AD0203,2025-06-06,True,,,,False
97415000CO0306,2025-07-01,True,,,,False
97416000CV2368,2025-04-25,True,,,,False
97416000HX1347,2025-03-28,True,,,,False
97420000BI0503,2025-03-19,True,,,,False
97423000AK1348,2025-09-11,True,,,,False
97410000AC0610,2025-12-17,True,,,,False
97416000EI0475,2025-10-31,False,,,,False
97415000EX0433,2025-01-17,True,,,,False
97412000AN0706,2025-03-06,True,,,,False
97409000BL0043,2025-11-14,True,,,,False
97408000AO1339,2025-03-28,False,,,,False
97416000CZ0524,2025-11-13,False,,,,False
97401000AN1186,2025-01-09,True,,,,False
97409000AT1670,2025-10-29,True,,,,False
97404000AT0743,2025-03-04,True,,,,False
97416000DN0080,2025-03-27,False,,,,False
97422000AL0996,2025-04-04,True,,,,False
97410000AN0701,2025-04-30,True,,,,False
97422000BP1986,2025-04-08,True,,,,False
97422000BD1699,2025-04-30,False,,,,False
97411000CD0678,2025-06-06,False,,,,False
97411000IT0591,2025-11-20,True,,,,False
97404000AX0476,2025-07-25,True,,,,False
97411000CD0766,2025-11-14,True,,,,False
97422000BT0237,2025-12-08,False,,,,False
97413000DE1560,2025-12-22,False,,,,False
97412000CE0448,2025-07-15,True,,,,False
97414000ES0646,2025-04-17,True,,,,False
97413000CX2555,2025-09-22,True,,,,False
97422000BS1447,2025-07-10,False,,,,False
97413000CF0117,2025-04-29,True,,,,False
97409000AN0598,2025-02-18,False,,,,False
97403000AS0546,2025-01-17,True,,,,False
97418000AR1852,2025-09-10,False,,,,False
97422000AK1408,2025-10-24,True,,,,False
97423000AI0249,2025-12-02,False,,,,False
97410000AL0445,2025-06-06,True,,,,False
97422000BH1782,2025-07-10,True,,,,False
97413000DL0270,2025-04-15,True,,,,False
97412000AZ0947,2025-03-11,False,,,,False
97404000BA0172,2025-12-05,False,,,,False
97409000AR0433,2025-07-10,False,,,,False
97413000CN1221,2025-01-24,False,,,,False
97409000BR0176,2025-11-19,True,,,,False
97408000AP1617,2025-09-11,True,,,,False
97416000CV2360,2025-04-25,True,,,,False
97412000CE2662,2025-02-24,False,,,,False
97404000AS0362,2025-03-19,False,,,,False
97408000BR0017,2025-11-03,False,,,,False
97422000CH0445,2025-03-14,False,,,,False
97407000AM0327,2025-12-01,False,,,,False
97414000EL1886,2025-08-12,False,,,,False
97409000BL0210,2025-03-25,True,,,,False
97408000BK0134,2025-12-29,False,,,,False
97404000AY0597,2025-10-30,True,,,,False
97412000AW0565,2025-10-17,False,,,,False
97415000ER1418,2025-07-15,False,,,,False
97410000AC0195,2025-09-05,False,,,,False
97422000BP1992,2025-04-08,True,,,,False
97422000CN1554,2025-09-26,False,,,,False
97414000CW0611,2025-04-17,True,,,,False
97414000ES1075,2025-11-07,False,,,,False
97413000DA0103,2025-10-23,False,,,,False
97403000AO0524,2025-03-07,False,,,,False
97401000AM1945,2025-11-12,True,,,,False
97407000AY0413,2025-04-23,True,,,,False
97423000AH0149,2025-10-16,False,,,,False
97412000BX0727,2025-03-17,False,,,,False
97409000AX1100,2025-03-05,True,,,,False
97401000AR1202,2025-08-22,True,,,,False
97414000DI0632,2025-07-04,False,,,,False
97406000AD0893,2025-03-17,False,,,,False
97414000ES1076,2025-10-31,False,,,,False
97416000DN0341,2025-03-25,True,,,,False
97409000BE2100,2025-10-07,True,,,,False
97409000AP1846,2025-06-04,False,,,,False
97411000IH0148,2025-11-13,False,,,,False
97423000AK2027,2025-09-09,True,,,,False
97422000CN1824,2025-06-27,False,,,,False
97413000CF0119,2025-04-29,True,,,,False
97415000AT0587,2025-01-09,True,,,,False
97408000AM0529,2025-08-14,False,,,,False
97422000AV0773,2025-04-24,False,,,,False
97404000AC1126,2025-01-21,True,,,,False
97420000AY0226,2025-04-10,False,,,,False
97422000BW1403,2025-12-31,False,,,,False
97406000AE0620,2025-11-28,False,,,,False
97413000DE2507,2025-10-08,True,,,,False
97407000BC0583,2025-04-29,False,,,,False
97422000CM0863,2025-03-24,True,,,,False
97420000AD0086,2025-12-03,True,,,,False
97416000HZ1066,2025-07-11,False,,,,False
97410000AX0651,2025-07-02,True,,,,False
97413000DB0445,2025-09-09,True,,,,False
97408000AO1919,2025-11-13,False,,,,False
97409000BM1486,2025-09-08,True,,,,False
97416000EZ0354,2025-03-24,True,,,,False
97408000AC3594,2025-03-17,True,,,,False
97415000AB0818,2025-09-30,True,,,,False
97410000AE1184,2025-07-30,True,,,,False
97411000IR0605,2025-07-17,True,,,,False
97406000AW0829,2025-06-02,False,,,,False
97411000IE0028,2025-09-19,False,,,,False
97418000AD0800,2025-05-26,False,,,,False
97409000AX1098,2025-06-16,False,,,,False
97418000AP2095,2025-08-27,False,,,,False
97415000AX0990,2025-12-17,True,,,,False
97415000BK0097,2025-10-14,True,,,,False
97404000AR0064,2025-12-22,False,,,,False
97411000HT0020,2025-05-30,True,,,,False
97412000CD0945,2025-02-12,True,,,,False
97415000AY1593,2025-10-31,False,,,,False
97424000AI2426,2025-03-31,True,,,,False
97418000AC1354,2025-10-16,True,,,,False
97422000AK0430,2025-02-20,False,,,,False
97420000AB0909,2025-07-02,False,,,,False
97415000CW1082,2025-05-21,True,,,,False
97409000AX1087,2025-12-30,False,,,,False
97407000AO1568,2025-09-01,True,,,,False
97422000CI0673,2025-09-18,False,,,,False
97401000AP0354,2025-01-27,False,,,,False
97415000CT1460,2025-09-15,False,,,,False
97404000AW0524,2025-09-12,True,,,,False
97416000ES2176,2025-04-30,False,,,,False
97415000AV0937,2025-08-25,True,,,,False
97416000CW2411,2025-05-09,False,,,,False
97422000CX1321,2025-09-17,False,,,,False
97416000CT0965,2025-07-09,True,,,,False
97402000AK1970,2025-09-26,False,,,,False
97401000AT0261,2025-07-11,True,,,,False
97415000EH0558,2025-08-01,False,,,,False
97424000AI2424,2025-03-31,True,,,,False
97413000DI0048,2025-04-22,True,,,,False
97415000AB0743,2025-02-11,True,,,,False
97413000DE2464,2025-09-30,False,,,,False
97416000HV0686,2025-02-26,False,,,,False
97414000ES1063,2025-10-08,False,,,,False
97412000AO0079,2025-08-22,False,,,,False
97411000AZ0134,2025-02-12,True,,,,False
97423000AK1728,2025-07-23,False,,,,False
97409000AV0369,2025-04-04,True,,,,False
97418000AR0031,2025-08-05,False,,,,False
97414000EX0256,2025-07-04,False,,,,False
97410000AX0653,2025-07-02,True,,,,False
97415000AY0122,2025-10-30,False,,,,False
97416000EW1287,2025-04-29,True,,,,False
97415000CX0644,2025-01-13,True,,,,False
97422000BK2273,2025-11-19,False,,,,False
97415000AH1201,2025-08-05,True,,,,False
97420000BH1182,2025-09-09,False,,,,False
97422000BP2014,2025-04-08,True,,,,False
97415000EV0167,2025-02-12,False,,,,False
97413000CD0749,2025-05-26,False,,,,False
97418000AP3310,2025-08-27,True,,,,False
97415000AW2405,2025-11-24,True,,,,False
97422000AW0863,2025-04-01,False,,,,False
97412000BK1426,2025-08-26,False,,,,False
97412000BX1876,2025-05-14,True,,,,False
97415000EW1988,2025-03-20,True,,,,False
97409000AZ0930,2025-09-12,False,,,,False
97414000EL2187,2025-01-17,False,,,,False
97412000AL0404,2025-05-05,True,,,,False
97411000IN0344,2025-11-10,False,,,,False
97411000BE0577,2025-11-04,True,,,,False
97411000AT0393,2025-05-30,False,,,,False
97416000HX1499,2025-09-18,True,,,,False
97405000AD0126,2025-05-21,True,,,,False
97412000BR0755,2025-04-30,False,,,,False
97415000BZ0639,2025-09-24,True,,,,False
97422000AL0911,2025-07-22,True,,,,False
97414000EL1182,2025-12-24,False,,,,False
97415000EZ0274,2025-10-03,True,,,,False
97418000BP0519,2025-03-12,False,,,,False
97422000BH1770,2025-10-03,False,,,,False
97415000BZ0251,2025-03-18,True,,,,False
97422000ED0059,2025-06-18,False,,,,False
97416000HO0741,2025-04-07,False,,,,False
97415000EY0054,2025-05-20,False,,,,False
97411000EP0332,2025-08-29,True,,,,False
97422000BV3058,2025-04-08,True,,,,False
97411000IS0476,2025-09-16,True,,,,False
97418000BM0534,2025-10-16,True,,,,False
97423000AB1969,2025-09-18,True,,,,False
97408000BP0141,2025-07-30,False,,,,False
97421000BD0293,2025-12-11,True,,,,False
97424000AE0363,2025-01-16,False,,,,False
97415000AV0445,2025-09-08,True,,,,False
97416000HN1472,2025-02-04,True,,,,False
97415000CH2387,2025-10-10,True,,,,False
97412000AV1139,2025-09-09,False,,,,False
97416000ID0011,2025-06-12,False,,,,False
97421000AK0064,2025-11-28,False,,,,False
97423000AE1084,2025-10-14,False,,,,False
97415000BW1996,2025-07-31,False,,,,False
97418000AC1137,2025-10-16,True,,,,False
97419000AS0235,2025-12-16,False,,,,False
97408000BM0224,2025-12-29,False,,,,False
97414000CH1939,2025-09-26,False,,,,False
97420000BD0321,2025-08-14,False,,,,False
97413000DE1942,2025-09-10,False,,,,False
97416000HP0346,2025-07-15,True,,,,False
97412000CS0117,2025-12-22,True,,,,False
97422000BO1633,2025-03-28,False,,,,False
97405000BI1236,2025-07-18,False,,,,False
97413000DE0693,2025-08-22,False,,,,False
97407000AK1878,2025-07-16,False,,,,False
97405000AO0175,2025-07-16,True,,,,False
97415000AH1072,2025-01-24,False,,,,False
97415000AW2098,2025-06-13,False,,,,False
97413000DD1543,2025-06-25,True,,,,False
97415000AW1353,2025-09-26,True,,,,False
97413000CM0574,2025-08-18,True,,,,False
97411000DL0645,2025-09-02,False,,,,False
97412000AL0225,2025-06-27,True,,,,False
97413000AV1070,2025-11-26,True,,,,False
97409000AT1439,2025-03-17,True,,,,False
97413000CX1803,2025-09-22,True,,,2026-08-31 19:23:10.829367+00:00,False
97418000BN0031,2025-02-06,True,,,,False
97422000BK1947,2025-09-18,False,,,,False
97415000CO0361,2025-07-01,True,,,,False
97408000AT2090,2025-07-23,False,,,,False
97415000BZ0397,2025-11-26,True,,,,False
97415000ER1511,2025-10-21,False,,,,False
97415000AZ2027,2025-06-05,False,,,,False
97406000AI0556,2025-07-31,False,,,,False
97411000BL0364,2025-10-29,True,,,,False
97422000CL1244,2025-06-30,False,,,,False
97408000AS0210,2025-03-07,True,,,,False
97407000AS0032,2025-10-22,False,,,,False
97413000DJ0577,2025-07-17,True,,,,False
97416000DE0381,2025-07-07,True,,,,False
97410000AW0027,2025-12-26,True,,,,False
97412000CI0226,2025-10-17,False,,,,False
97404000BA0280,2025-03-05,False,,,,False
97404000AM0963,2025-05-30,True,,,,False
97413000CX2892,2025-09-22,True,,,,False
97409000BE1509,2025-06-18,False,,,,False
97408000BL0046,2025-08-01,False,,,,False
97423000AH1829,2025-03-11,False,,,,False
97415000CV0700,2025-11-28,True,,,,False
97411000CY0344,2025-07-30,False,,,,False
97405000BE1561,2025-07-11,False,,,,False
97401000AM1946,2025-11-12,True,,,,False
97411000BE0488,2025-06-13,False,,,,False
97414000EN3325,2025-11-20,True,,,,False
97409000AV0497,2025-04-04,True,,,,False
97414000EK0406,2025-09-29,False,,,,False
97401000AR0041,2025-03-13,True,,,,False
97416000CZ2183,2025-07-24,True,,,,False
97406000AE0558,2025-05-14,False,,,,False
97416000ET2128,2025-05-19,True,,,,False
97411000CD0780,2025-05-14,True,,,,False
97415000DE1106,2025-02-24,False,,,,False
97411000DR0348,2025-09-02,False,,,,False
97415000ET1753,2025-09-09,False,,,,False
97412000BP0137,2025-12-11,True,,,,False
97407000AT0051,2025-03-27,True,,,,False
97416000IB0296,2025-04-23,False,,,,False
97414000EM0962,2025-09-22,False,,,,False
97414000HE0460,2025-09-15,True,,,,False
97410000AL0420,2025-06-06,True,,,,False
97415000DE1352,2025-11-07,True,,,,False
97414000HH0396,2025-12-04,False,,,,False
97422000BK1578,2025-02-24,False,,,,False
97410000BX1887,2025-12-01,True,,,,False
97415000ES0275,2025-06-17,False,,,,False
97420000BE0062,2025-10-14,False,,,,False
97401000AR1386,2025-04-25,False,,,,False
97407000AI1116,2025-04-16,False,,,,False
97415000CK0830,2025-07-01,True,,,,False
97409000AC0211,2025-06-25,False,,,,False
97409000BD0566,2025-03-03,True,,,,False
97412000BW1859,2025-08-29,False,,,,False
97412000AM2078,2025-02-11,True,,,,False
97422000BI0502,2025-08-04,True,,,,False
97416000EY0224,2025-02-06,False,,,,False
97411000IZ0438,2025-07-17,True,,,,False
97415000AS0997,2025-10-23,False,,,,False
97416000HZ0115,2025-07-11,False,,,,False
97416000HY1794,2025-10-14,True,,,,False
97416000CT1284,2025-12-30,False,,,,False
97423000AB1913,2025-09-04,False,,,,False
97422000BD3595,2025-08-12,False,,,,False
97412000AL0402,2025-05-05,True,,,,False
97408000AR0818,2025-09-08,True,,,,False
97418000AY0204,2025-06-24,False,,,,False
97422000BP1985,2025-04-08,True,,,,False
97422000DW0084,2025-12-29,False,,,,False
97415000EW1327,2025-04-01,False,,,,False
97410000BM0883,2025-12-17,False,,,,False
97419000AK0261,2025-08-26,False,,,,False
97406000AO0367,2025-08-21,False,,,,False
97416000CW2946,2025-06-24,False,,,,False
97411000HR0034,2025-02-21,False,,,,False
97412000CR0721,2025-10-10,False,,,,False
97408000AP1675,2025-09-11,True,,,,False
97406000AT0781,2025-09-15,False,,,,False
97409000AI0950,2025-10-20,False,,,,False
97409000BE1980,2025-10-07,True,,,,False
97418000AV2622,2025-09-05,True,,,,False
97422000AV0618,2025-12-16,False,,,,False
97408000AC2170,2025-10-14,False,,,,False
97407000AY0488,2025-06-13,False,,,,False
97414000DT0973,2025-04-03,False,,,,False
97405000BE1464,2025-08-08,False,,,,False
97422000DH0486,2025-05-30,False,,,,False
97415000BP0979,2025-12-30,True,,,,False
97415000CH2546,2025-08-25,False,,,,False
97407000AL1652,2025-09-02,False,,,,False
97411000BL0355,2025-10-29,True,,,,False
97416000DS0245,2025-09-01,False,,,,False
97408000AT2038,2025-05-15,True,,,,False
97416000HY1623,2025-07-10,False,,,,False
97413000DE0611,2025-05-31,False,,,,False
97418000AD0302,2025-10-16,True,,,,False
97415000AB0595,2025-07-29,True,,,,False
97412000CP0084,2025-05-22,False,,,,False
97407000AK1934,2025-03-05,False,,,,False
97415000BN0920,2025-12-19,False,,,,False
97424000AM0001,2025-01-16,False,,,,False
97422000BL1725,2025-04-11,False,,,,False
97416000EK0291,2025-08-19,False,,,,False
97415000AX0958,2025-05-30,False,,,,False
97424000AI1485,2025-09-12,False,,,,False
97422000BK0996,2025-12-01,False,,,,False
97415000CH0909,2025-06-17,True,,,,False
97414000EN4065,2025-04-18,False,,,,False
97410000AK0668,2025-11-06,False,,,,False
97405000AI0011,2025-05-12,True,,,,False
97407000BI0350,2025-04-16,True,,,,False
97410000BZ0388,2025-12-11,False,,,,False
97416000CZ1885,2025-07-24,True,,,,False
97409000BI0391,2025-07-09,False,,,,False
97421000BD0292,2025-12-11,True,,,,False
97408000AT0858,2025-10-28,False,,,,False
97415000CH2359,2025-10-10,True,,,,False
97418000AC1349,2025-10-16,True,,,,False
97415000CO0360,2025-07-01,True,,,,False
97420000AR1031,2025-03-25,False,,,,False
97409000AZ0428,2025-05-28,False,,,,False
97422000CN1098,2025-11-21,False,,,,False
97411000AE0328,2025-05-27,False,,,,False
97406000AI0481,2025-08-28,False,,,,False
97411000HC0259,2025-06-27,True,,,,False
97422000BL0737,2025-06-10,True,,,,False
97404000AD1552,2025-11-18,True,,,,False
97411000BD0153,2025-09-17,False,,,,False
97411000CM0550,2025-12-23,False,,,,False
97416000DX0294,2025-12-09,False,,,,False
97408000AP1652,2025-09-11,True,,,,False
97420000BH2180,2025-05-13,False,,,,False
97409000BM1279,2025-09-12,False,,,,False
97409000AV1031,2025-04-09,False,,,,False
97416000ET2162,2025-11-25,False,,,,False
97415000CT1235,2025-03-07,True,,,,False
97407000AO1604,2025-09-01,True,,,,False
97405000AE0290,2025-11-28,False,,,,False
97422000BN2149,2025-04-25,False,,,,False
97411000AY0564,2025-12-17,True,,,,False
97418000AO1132,2025-07-17,False,,,,False
97415000CO0564,2025-07-01,True,,,,False
97422000AX1344,2025-04-25,True,,,,False
97416000CS0811,2025-11-14,True,,,,False
97414000DR0113,2025-04-16,False,,,,False
97414000CS0381,2025-06-27,True,,,,False
97411000AE0537,2025-05-07,False,,,,False
97409000AK1204,2025-12-26,False,,,,False
97411000EM0045,2025-03-17,True,,,,False
97416000EV0067,2025-04-17,False,,,,False
97415000DR1047,2025-07-11,False,,,,False
97424000AD0034,2025-01-20,False,,,,False
97405000AE0450,2025-09-08,True,,,,False
97411000DZ0184,2025-09-03,False,,,,False
97409000AX1078,2025-07-31,True,,,,False
97418000AD0977,2025-01-29,False,,,,False
97415000CP0953,2025-12-04,True,,,,False
97422000AP0415,2025-03-26,False,,,,False
97415000EY1762,2025-05-22,False,,,,False
97416000CT1287,2025-09-29,False,,,,False
97416000EK0269,2025-08-04,False,,,,False
97414000CN0700,2025-09-25,False,,,,False
97413000BH1244,2025-09-08,False,,,,False
97405000AV0438,2025-03-27,False,,,,False
97415000CY1042,2025-08-14,True,,,,False
97411000HE0222,2025-09-30,False,,,,False
97412000CD0947,2025-02-12,True,,,,False
97410000CL0475,2025-03-27,True,,,,False
97416000IA0817,2025-07-31,True,,,,False
97413000CH0536,2025-01-29,True,,,,False
97422000CS1030,2025-06-26,False,,,,False
97416000ET2171,2025-02-19,True,,,,False
97414000HA0436,2025-07-10,True,,,,False
97416000CV1306,2025-03-19,False,,,,False
97414000HA0155,2025-07-16,False,,,,False
97404000AH0991,2025-04-28,False,,,,False
97424000AE0397,2025-01-16,False,,,,False
97416000DS0673,2025-04-11,False,,,,False
97405000AM0401,2025-04-18,False,,,,False
97412000AV1163,2025-06-12,False,,,,False
97411000DX0079,2025-05-14,False,,,,False
97404000AE1535,2025-08-20,False,,,,False
97422000AP1129,2025-08-21,False,,,,False
97416000ET2195,2025-11-27,False,,,,False
97405000AS0560,2025-12-30,True,,,,False
97424000AO0811,2025-08-21,False,,,,False
97422000BH2096,2025-07-28,False,,,,False
97415000CH2375,2025-10-10,True,,,,False
97406000AO0169,2025-09-29,True,,,,False
97415000CO0341,2025-07-01,True,,,,False
97423000AH1791,2025-01-03,True,,,,False
97412000BX1143,2025-06-06,False,,,,False
97409000AS1210,2025-05-29,False,,,,False
97414000DT0669,2025-05-28,False,,,,False
97413000CX2843,2025-08-28,False,,,,False
97408000AT0407,2025-04-14,False,,,,False
97416000EY0422,2025-05-27,True,,,,False
97415000BC0282,2025-04-28,False,,,,False
97410000BW0459,2025-10-06,False,,,,False
97411000KB0210,2025-07-11,False,,,,False
97416000CW1945,2025-03-19,True,,,,False
97401000AS1388,2025-10-21,True,,,,False
97408000BO0391,2025-12-22,True,,,,False
97422000BP1952,2025-04-08,True,,,,False
97408000AO1785,2025-07-29,True,,,,False
97418000AT2306,2025-04-30,True,,,,False
97414000ET2296,2025-01-15,False,,,,False
97424000AI2241,2025-06-30,False,,,,False
97411000BZ1782,2025-12-24,False,,,,False
97415000CP0965,2025-08-25,True,,,,False
97412000AN0704,2025-08-29,True,,,,False
97405000AK0308,2025-06-24,True,,,,False
97405000AH0694,2025-03-04,False,,,,False
97403000AM0514,2025-09-12,False,,,,False
97413000AC0965,2025-07-18,True,,,,False
97418000AX0534,2025-10-13,True,,,,False
97405000BI0786,2025-09-22,False,,,,False
97413000CX2861,2025-09-24,False,,,,False
97409000AR2452,2025-03-05,True,,,,False
97415000DT1228,2025-07-10,True,,,,False
97408000AP1650,2025-09-11,True,,,,False
97416000CV1759,2025-03-04,True,,,,False
97408000AM0934,2025-02-19,False,,,,False
97411000HN0442,2025-09-03,True,,,,False
97416000CS0061,2025-05-30,False,,,,False
97416000HX1320,2025-12-05,True,,,,False
97415000BZ1067,2025-10-13,False,,,,False
97414000CV0692,2025-07-30,True,,,,False
97414000DH1334,2025-06-20,False,,,,False
97405000AO0498,2025-06-18,True,,,,False
97418000BM0494,2025-10-16,True,,,,False
97411000AN0194,2025-08-05,False,,,,False
97418000AR0012,2025-06-27,False,,,,False
97407000AE0595,2025-09-30,False,,,,False
97405000AL1666,2025-09-05,False,,,,False
97422000CM0307,2025-04-04,False,,,,False
97413000DK0498,2025-07-09,False,,,,False
97418000AC1583,2025-10-16,True,,,,False
97411000EN0645,2025-07-08,True,,,,False
97419000AR0816,2025-01-06,False,,,,False
97422000BP2003,2025-04-08,True,,,,False
97414000EX0877,2025-09-11,False,,,,False
97412000CD0942,2025-03-04,True,,,,False
97414000EK0403,2025-07-15,True,,,,False
97420000BH0973,2025-12-18,False,,,,False
97415000AW2365,2025-10-03,False,,,,False
97416000DE1658,2025-08-14,False,,,,False
97408000AP1673,2025-08-20,False,,,,False
97415000DM1477,2025-12-17,False,,,,False
97415000CX0598,2025-12-16,False,,,,False
97415000CK0866,2025-07-01,True,,,,False
97415000EX0375,2025-01-17,True,,,,False
97404000AV0157,2025-09-30,False,,,,False
97404000AR0521,2025-09-08,False,,,,False
97422000CL1490,2025-03-11,False,,,,False
97410000AO0235,2025-08-20,False,,,,False
97422000BD2191,2025-07-30,False,,,,False
97411000EI0314,2025-05-02,False,,,,False
97412000BY0902,2025-04-17,False,,,,False
97411000BZ1552,2025-09-02,True,,,,False
97422000BP2036,2025-08-08,False,,,,False
97415000CW1083,2025-05-21,True,,,,False
97411000AT0187,2025-07-18,True,,,,False
97416000EK0358,2025-08-20,True,,,,False
97409000AR1554,2025-08-04,True,,,,False
97414000CO0131,2025-02-21,True,,,,False
97415000BZ0375,2025-12-15,True,,,,False
97415000CX1306,2025-05-16,False,,,,False
97410000BX0534,2025-10-29,False,,,,False
97403000AL0271,2025-09-18,False,,,,False
97422000EK0063,2025-04-28,False,,,,False
97422000AH0090,2025-11-27,False,,,,False
97422000CM0003,2025-09-25,False,,,,False
97410000AL0474,2025-12-23,True,,,,False
97422000CX0716,2025-01-28,False,,,,False
97416000IA1896,2025-11-14,True,,,,False
97415000CW0825,2025-07-01,True,,,,False
97412000CY1109,2025-06-30,False,,,,False
97415000EY1844,2025-04-24,False,,,,False
97416000EN1171,2025-10-31,False,,,,False
97412000BL1077,2025-06-12,False,,,,False
97411000BZ0639,2025-07-21,False,,,,False
97409000AI0497,2025-04-17,True,,,,False
97416000ES0793,2025-02-04,False,,,,False
97411000IS0439,2025-08-22,False,,,,False
97415000DR0690,2025-07-07,True,,,,False
97422000BP2006,2025-04-08,True,,,,False
97405000AM0879,2025-12-12,False,,,,False
97413000DE1996,2025-10-07,False,,,,False
97412000AP0408,2025-01-06,False,,,,False
97412000AO0941,2025-01-31,False,,,,False
97410000AN0857,2025-10-31,False,,,,False
97415000AW1350,2025-09-26,True,,,,False
97401000AD1345,2025-05-28,False,,,,False
97411000HP0394,2025-04-18,True,,,,False
97415000DE0666,2025-03-21,False,,,,False
97415000AV0996,2025-09-08,True,,,,False
97410000BL0252,2025-12-18,True,,,,False
97416000CR1039,2025-10-08,False,,,,False
97406000AM1000,2025-12-22,False,,,,False
97422000CP0340,2025-10-31,False,,,,False
97416000CV1346,2025-04-01,True,,,,False
97415000DR0694,2025-03-24,True,,,,False
97422000BP1949,2025-04-08,True,,,,False
97406000AI1078,2025-10-28,False,,,,False
97416000CZ2078,2025-06-06,False,,,,False
97422000CX0930,2025-06-12,False,,,,False
97410000AL0444,2025-06-06,True,,,,False
97407000AE0594,2025-03-06,False,,,,False
97408000AP1672,2025-09-11,True,,,,False
97416000HX1497,2025-09-18,True,,,,False
97422000BW3164,2025-10-06,False,,,,False
97415000CO0379,2025-07-01,True,,,,False
97406000AI1033,2025-12-22,False,,,,False
97413000CJ1003,2025-11-26,False,,,,False
97412000AW0648,2025-03-11,True,,,,False
97401000AM0737,2025-11-28,True,,,,False
97415000BI0369,2025-11-19,False,,,,False
97413000CX1225,2025-09-05,False,,,,False
97411000IC0484,2025-11-13,False,,,,False
97409000AH0120,2025-12-09,False,,,,False
97408000AS0596,2025-10-29,True,,,,False
97416000DM0722,2025-08-08,False,,,,False
97416000HY1667,2025-12-29,False,,,,False
97410000AL0442,2025-06-06,True,,,,False
97422000BV3062,2025-04-08,True,,,,False
97415000CT1943,2025-09-29,False,,,,False
97408000BK0363,2025-07-10,False,,,,False
97422000BP1436,2025-06-10,False,,,,False
97410000AV0663,2025-08-20,False,,,,False
97422000BH1421,2025-07-15,False,,,,False
97411000HO0754,2025-05-06,True,,,,False
97422000AX1478,2025-10-10,False,,,,False
97415000CO0474,2025-07-01,True,,,,False
97415000CS1262,2025-05-26,True,,,,False
97416000EW1283,2025-04-29,True,,,,False
97410000AC0620,2025-01-16,False,,,,False
97411000EI0026,2025-10-27,False,,,,False
97409000AS1236,2025-11-19,False,,,,False
97412000CD1572,2025-12-19,True,,,,False
97415000CH3411,2025-09-17,False,,,,False
97412000BK1725,2025-02-06,False,,,,False
97414000HB0407,2025-12-02,True,,,,False
97422000BH1834,2025-05-27,True,,,,False
97412000CD0603,2025-03-13,False,,,,False
97411000EP0268,2025-01-31,True,,,,False
97405000AD0746,2025-09-15,False,,,,False
97412000AM2080,2025-03-31,True,,,,False
97414000ES1031,2025-03-13,False,,,,False
97416000EP1002,2025-06-19,False,,,,False
97422000AP0777,2025-09-18,True,,,,False
97422000BH1023,2025-09-17,False,,,,False
97422000CN0120,2025-06-04,True,,,,False
97424000AI2240,2025-10-02,False,,,,False
97403000AR1520,2025-10-31,False,,,,False
97405000AE0589,2025-12-12,True,,,,False
97424000AE1538,2025-01-14,False,,,,False
97414000EK0417,2025-04-22,False,,,,False
97420000AC0412,2025-10-30,False,,,,False
97415000AW2403,2025-09-09,False,,,,False
97408000BK0046,2025-12-30,False,,,,False
97409000BH0212,2025-12-12,False,,,,False
97408000AN0618,2025-08-29,False,,,,False
97419000AO0431,2025-10-16,True,,,,False
97413000DK0229,2025-11-12,False,,,,False
97412000AM2072,2025-09-23,False,,,,False
97416000HO0274,2025-12-19,False,,,,False
97414000HA0440,2025-07-10,True,,,,False
97422000BV2471,2025-09-22,False,,,,False
97401000AR1441,2025-07-31,False,,,,False
97422000BP1989,2025-04-08,True,,,,False
97408000AP1599,2025-09-11,True,,,,False
97405000AX0287,2025-04-10,False,,,,False
97417000AO0242,2025-12-16,False,,,,False
97415000CO0328,2025-07-01,True,,,,False
97413000CH0463,2025-11-24,True,,,,False
97422000EC0421,2025-03-06,False,,,,False
97422000BH1992,2025-03-07,False,,,,False
97414000EV0773,2025-07-10,True,,,,False
97410000AN0896,2025-12-15,True,,,,False
97410000BS0404,2025-03-18,True,,,,False
97413000DK0291,2025-11-18,True,,,,False
97414000ET1406,2025-10-31,False,,,,False
97416000ET1950,2025-10-29,False,,,,False
97416000DE1634,2025-07-21,False,,,,False
97416000HN1320,2025-09-16,True,,,,False
97404000AL0487,2025-06-30,False,,,,False
97416000ET1510,2025-09-17,False,,,,False
97419000AP0257,2025-06-26,False,,,,False
97401000AS1399,2025-01-28,False,,,,False
97424000AD0084,2025-01-16,False,,,,False
97402000AI0391,2025-08-28,False,,,,False
97412000BW1487,2025-09-18,True,,,,False
97411000BZ1549,2025-09-02,True,,,,False
97410000AL0440,2025-12-23,True,,,,False
97411000HP0402,2025-04-18,True,,,,False
97411000IS0506,2025-09-16,True,,,,False
97418000BP0111,2025-07-18,False,,,,False
97416000EV1848,2025-08-29,False,,,,False
97413000BM0715,2025-06-27,True,,,,False
97413000DD1535,2025-12-19,True,,,,False
97401000AR1758,2025-03-13,True,,,,False
97414000DL0631,2025-02-21,False,,,,False
97415000DX0398,2025-03-17,True,,,,False
97418000AR0122,2025-10-20,True,,,,False
97416000HI0621,2025-04-15,False,,,,False
97413000DC0530,2025-08-27,True,,,,False
97412000BH0748,2025-09-11,False,,,,False
97415000BN0552,2025-12-19,False,,,,False
97414000CO1449,2025-12-04,False,,,,False
97415000CM2067,2025-10-10,False,,,,False
97408000AC3288,2025-05-07,False,,,,False
97412000AZ0098,2025-05-27,True,,,,False
97407000AS1238,2025-02-13,True,,,,False
97424000AI2337,2025-12-22,False,,,,False
97415000BV1687,2025-08-18,False,,,,False
97412000CX0542,2025-05-23,False,,,,False
97422000AL0905,2025-07-22,True,,,,False
97409000BN0037,2025-11-27,True,,,,False
97404000AE1514,2025-04-15,True,,,,False
97415000EY1703,2025-11-20,True,,,,False
97422000EC0191,2025-06-10,False,,,,False
97412000BW2482,2025-02-24,True,,,,False
97418000AT1074,2025-11-26,False,,,,False
97412000CD1164,2025-07-16,True,,,,False
97422000BW2802,2025-04-03,True,,,,False
97423000AB1970,2025-09-18,True,,,,False
97415000CO0386,2025-07-01,True,,,,False
97413000AV0933,2025-12-17,False,,,,False
97415000BX0218,2025-05-07,True,,,,False
97416000CX1366,2025-03-20,True,,,,False
97403000AP2350,2025-07-16,True,,,,False
97415000CH1825,2025-02-11,False,,,,False
97411000EP0255,2025-01-31,True,,,,False
97415000CS1260,2025-05-26,True,,,,False
97409000AM0088,2025-01-10,False,,,,False
97407000AH1363,2025-12-31,True,,,,False
97405000AE0590,2025-12-12,True,,,,False
97411000DI0297,2025-11-26,False,,,,False
97415000EY0525,2025-05-09,False,,,,False
97416000ES2234,2025-06-02,False,,,,False
97403000AO0662,2025-03-31,True,,,,False
97424000AH0186,2025-10-02,False,,,,False
97401000AM1940,2025-08-01,True,,,,False
97415000AT0581,2025-01-09,True,,,,False
97408000AT1559,2025-09-09,False,,,,False
97422000BP2009,2025-04-08,True,,,,False
97415000CL0922,2025-12-23,False,,,,False
97413000DG1079,2025-07-25,False,,,,False
97415000CO0270,2025-07-01,True,,,,False
97409000BK0968,2025-12-05,False,,,,False
97416000HI0835,2025-11-28,False,,,,False
97422000BK2323,2025-06-30,True,,,,False
97413000CH0921,2025-08-20,False,,,,False
97414000HL0664,2025-07-30,True,,,,False
97415000AB0712,2025-07-29,True,,,,False
97410000BE0556,2025-05-27,True,,,,False
97411000HP0405,2025-01-21,True,,,,False
97407000AO1183,2025-09-01,True,,,,False
97414000EN3336,2025-08-08,False,,,,False
97421000BC0092,2025-05-16,True,,,,False
97416000HN1234,2025-04-18,False,,,,False
97415000AZ1692,2025-12-15,True,,,,False
97415000ET1735,2025-11-25,False,,,,False
97415000EO1069,2025-04-30,False,,,,False
97420000BD1197,2025-12-08,False,,,,False
97411000AE0765,2025-04-14,False,,,,False
97424000AM0898,2025-08-08,False,,,,False
97415000AB0742,2025-02-11,True,,,,False
97422000AY1237,2025-08-07,False,,,,False
97411000HP0220,2025-07-31,True,,,,False
97415000BZ0643,2025-09-24,True,,,,False
97416000HZ0193,2025-08-22,False,,,,False
97413000CQ0167,2025-07-25,False,,,,False
97410000AH0880,2025-12-16,True,,,,False
97422000BP0492,2025-10-28,False,,,,False
97422000CL1481,2025-10-20,False,,,,False
97412000BK2004,2025-02-11,False,,,,False
97402000AM0012,2025-05-26,True,,,,False
97401000AN1350,2025-02-10,False,,,,False
97422000BD2573,2025-06-10,True,,,,False
97408000AP1658,2025-09-11,True,,,,False
97407000AO1599,2025-09-01,True,,,,False
97407000BE0304,2025-10-23,False,,,,False
97407000AO0417,2025-12-29,False,,,,False
97422000AP0960,2025-11-14,False,,,,False
97402000AB1079,2025-03-31,False,,,,False
97415000CD0053,2025-02-26,True,,,,False
97416000ET2111,2025-08-25,False,,,,False
97414000EN4086,2025-05-30,False,,,,False
97412000CT0630,2025-01-31,True,,,,False
97409000BM1488,2025-09-08,True,,,,False
97414000EX0013,2025-11-07,True,,,,False
97422000BH1113,2025-05-22,False,,,,False
97415000CX0662,2025-05-12,True,,,,False
97408000AC3743,2025-03-17,False,,,,False
97412000CE0427,2025-07-15,True,,,,False
97416000ET2123,2025-04-22,True,,,,False
97422000AS0632,2025-11-13,False,,,,False
97411000HK0078,2025-07-30,False,,,,False
97409000BM1230,2025-09-22,False,,,,False
97422000BD1125,2025-08-28,False,,,,False
97409000AZ0034,2025-03-28,True,,,,False
97411000DS0824,2025-03-20,False,,,,False
97408000AT2039,2025-05-15,True,,,,False
97416000HT0287,2025-07-16,False,,,,False
97412000CX0312,2025-10-14,False,,,,False
97418000AO1086,2025-06-27,False,,,,False
97403000AS0736,2025-03-21,False,,,,False
97410000AH0660,2025-02-13,False,,,,False
97415000CM0612,2025-12-11,False,,,,False
97411000DP0361,2025-07-11,False,,,,False
97414000EN3328,2025-11-20,True,,,,False
97422000CX0980,2025-10-24,True,,,,False
97411000BL0466,2025-07-09,False,,,,False
97404000AV0215,2025-04-25,True,,,,False
97411000EL0638,2025-01-31,False,,,,False
97421000AV1108,2025-06-19,False,,,,False
97416000IL0133,2025-05-28,False,,,,False
97405000AR1840,2025-01-28,True,,,,False
97411000HD0144,2025-05-22,True,,,,False
97411000IL0608,2025-05-05,True,,,,False
97415000AW2347,2025-12-24,False,,,,False
97408000AR1047,2025-08-20,False,,,,False
97410000AD0986,2025-07-30,True,,,,False
97411000HO0011,2025-01-27,True,,,,False
97410000BD0780,2025-01-24,False,,,,False
97415000CO0419,2025-07-01,True,,,,False
97422000ED0457,2025-11-20,False,,,,False
97408000AP1679,2025-09-11,True,,,,False
97415000EO0775,2025-10-10,True,,,,False
97417000AT0102,2025-04-23,True,,,,False
97415000CV1478,2025-03-07,False,,,,False
97411000HW0335,2025-12-15,True,,,,False
97406000AT0598,2025-08-01,True,,,,False
97422000BK2332,2025-06-30,True,,,,False
97409000BE1939,2025-10-07,True,,,,False
97411000AZ0136,2025-07-21,True,,,,False
97412000AP0204,2025-07-15,True,,,,False
97413000DG0424,2025-03-28,False,,,,False
97415000AX0969,2025-12-19,False,,,,False
97415000AY0675,2025-03-07,True,,,,False
97409000BR0178,2025-11-19,True,,,,False
97410000BX1540,2025-11-17,False,,,,False
97416000HL0023,2025-06-03,True,,,,False
97424000AE1857,2025-12-30,False,,,,False
97402000AC0465,2025-12-19,True,,,,False
97414000ES1033,2025-09-25,False,,,,False
97410000AH0971,2025-10-20,False,,,,False
97418000AT2161,2025-08-20,False,,,,False
97407000AS0798,2025-06-26,True,,,,False
97415000AZ2022,2025-07-17,True,,,,False
97411000EL0664,2025-12-02,False,,,,False
97414000CM0194,2025-07-30,True,,,,False
97415000AB0690,2025-07-29,True,,,,False
97410000CD0405,2025-01-17,False,,,,False
97414000HE0459,2025-09-15,True,,,,False
97418000AP2474,2025-03-14,True,,,,False
97418000AV1028,2025-07-01,False,,,,False
97404000AS0355,2025-01-20,False,,,,False
97409000AZ0811,2025-09-15,False,,,,False
97418000AC1216,2025-10-16,True,,,,False
97414000ET1511,2025-08-26,True,,,,False
97403000AO0213,2025-08-12,False,,,,False
97408000AT1383,2025-07-18,True,,,,False
97410000BW1098,2025-06-26,False,,,,False
97412000BI0244,2025-03-21,True,,,,False
97422000CS1364,2025-09-29,True,,,,False
97411000AZ0133,2025-02-12,True,,,,False
97411000KB0263,2025-06-12,False,,,,False
97420000BH1187,2025-06-16,False,,,,False
97413000CS0727,2025-04-10,False,,,,False
97418000AP3242,2025-05-09,False,,,,False
97411000IE0633,2025-12-16,False,,,,False
97418000AC1586,2025-10-16,True,,,,False
97412000AS0201,2025-09-30,True,,,,False
97422000BI1001,2025-11-27,True,,,,False
97411000HN0256,2025-11-05,False,,,,False
97401000AR1652,2025-07-10,True,,,,False
97411000HD0201,2025-07-31,False,,,,False
97405000AP0084,2025-05-21,True,,,,False
97416000DS0989,2025-03-20,True,,,,False
97415000AB0683,2025-07-29,True,,,,False
97421000BM0248,2025-12-18,False,,,,False
97422000CH0130,2025-07-08,False,,,,False
97416000DN0487,2025-10-10,True,,,,False
97416000IL0572,2025-08-21,False,,,,False
97413000DE2105,2025-06-18,True,,,,False
97408000AT0794,2025-01-29,True,,,,False
97416000HW0207,2025-02-11,False,,,,False
97422000BD2917,2025-12-05,False,,,,False
97418000AO0977,2025-02-17,False,,,,False
97412000AM2042,2025-12-18,False,,,,False
97422000CH0708,2025-03-10,False,,,,False
97405000AR0478,2025-06-05,True,,,,False
97403000AO0664,2025-03-31,True,,,,False
97408000AP1666,2025-09-11,True,,,,False
97418000AC1218,2025-10-16,True,,,,False
97417000AS0121,2025-12-10,False,,,,False
97407000AO1185,2025-09-01,True,,,,False
97416000CS1386,2025-02-04,True,,,,False
97411000EK0090,2025-02-07,True,,,,False
97402000AK0337,2025-11-27,False,,,,False
97405000BE0857,2025-06-26,False,,,,False
97405000AD0747,2025-09-08,False,,,,False
97423000AD0769,2025-10-30,False,,,,False
97423000AK1668,2025-12-05,False,,,,False
97414000EN1595,2025-08-06,False,,,,False
97422000AL0910,2025-07-22,True,,,,False
97411000BZ1697,2025-06-16,False,,,,False
97416000HY0198,2025-10-10,False,,,,False
97409000BD0562,2025-11-28,False,,,,False
97407000AV0345,2025-07-24,True,,,,False
97415000ES0782,2025-06-30,False,,,,False
97414000DV0687,2025-01-31,False,,,,False
97411000HW0252,2025-12-15,True,,,,False
97412000BW1087,2025-01-07,False,,,,False
97406000AV1338,2025-08-06,False,,,,False
97408000AR0572,2025-08-19,False,,,,False
97422000BK1529,2025-04-28,True,,,,False
97415000HN0169,2025-12-19,True,,,,False
97405000AH0186,2025-08-28,True,,,,False
97412000CE0453,2025-07-15,True,,,,False
97416000HX1508,2025-11-27,False,,,,False
97404000AT0892,2025-09-30,False,,,,False
97409000AR1514,2025-02-14,False,,,,False
97412000AN0558,2025-01-30,False,,,,False
97409000BE1000,2025-04-30,False,,,,False
97411000AZ0130,2025-06-09,True,,,,False
97409000AY0501,2025-08-28,False,,,,False
97404000AR0523,2025-10-29,False,,,,False
97407000AL0918,2025-01-17,False,,,,False
97411000HN0074,2025-12-31,False,,,,False
97414000HI1128,2025-06-05,False,,,,False
97401000AP0600,2025-05-30,True,,,,False
97424000AI2399,2025-12-19,False,,,,False
97414000HC0054,2025-12-15,True,,,,False
97415000CL0860,2025-03-13,False,,,,False
97415000BX0241,2025-05-07,True,,,,False
97407000BL0213,2025-03-13,False,,,,False
97407000AS1236,2025-02-13,True,,,,False
97415000DM1193,2025-03-11,True,,,,False
97408000BL0045,2025-05-14,False,,,,False
97412000AZ0599,2025-07-30,True,,,,False
97414000EV0553,2025-07-10,True,,,,False
97410000AR1561,2025-07-21,False,,,,False
97410000CD0157,2025-05-26,True,,,,False
97412000AM1356,2025-08-22,False,,,,False
97411000AT0402,2025-10-10,False,,,,False
97410000AS1428,2025-02-24,True,,,,False
97424000AD0004,2025-01-20,False,,,,False
97422000ED0007,2025-12-12,False,,,,False
97413000DD1534,2025-12-19,True,,,,False
97415000AY0952,2025-02-25,False,,,,False
97413000AV2291,2025-01-31,False,,,,False
97416000DX0492,2025-10-24,False,,,,False
97408000BO0432,2025-10-14,False,,,,False
97418000AC1215,2025-10-16,True,,,,False
97408000AT1381,2025-07-18,True,,,,False
97423000AD0502,2025-08-19,False,,,,False
97412000CV0589,2025-09-30,False,,,,False
97412000BC0627,2025-03-24,False,,,,False
97418000AT0868,2025-12-15,True,,,,False
97424000AI0815,2025-01-16,False,,,,False
97422000BV2726,2025-09-30,True,,,,False
97414000EN3947,2025-06-03,True,,,2026-08-31 20:52:36.030442+00:00,False
97410000AY0065,2025-03-03,True,,,,False
97404000AD1236,2025-03-28,False,,,,False
97412000BR0812,2025-01-24,True,,,,False
97424000AE0324,2025-01-16,False,,,,False
97409000BE1924,2025-10-07,True,,,,False
97422000BT1296,2025-04-17,False,,,,False
97414000EX0374,2025-04-23,False,,,,False
97405000AL1668,2025-07-15,False,,,,False
97416000ET2119,2025-03-07,True,,,,False
97414000DR0286,2025-06-30,False,,,,False
97411000IN0342,2025-02-13,False,,,,False
97414000HK0247,2025-07-07,False,,,,False
97422000BD3497,2025-01-03,False,,,,False
97405000AO0382,2025-07-16,True,,,,False
97405000AD0726,2025-05-21,True,,,,False
97416000ES1789,2025-11-28,False,,,,False
97409000AY0832,2025-12-22,True,,,,False
97414000DS0611,2025-03-31,False,,,,False
97415000EP0683,2025-08-29,False,,,,False
97411000BH0506,2025-12-22,True,,,,False
97422000CM0906,2025-06-19,True,,,,False
97414000DK0569,2025-06-06,False,,,,False
97401000AN1348,2025-02-10,False,,,,False
97422000CX1026,2025-04-18,False,,,,False
97423000AK2074,2025-11-21,False,,,,False
97413000CS0160,2025-08-28,False,,,,False
97416000CY0358,2025-03-06,False,,,,False
97408000BN3626,2025-10-23,False,,,,False
97414000DT0270,2025-03-07,True,,,,False
97413000DE1720,2025-01-10,False,,,,False
97411000HW0179,2025-02-19,True,,,,False
97411000BZ1088,2025-11-20,False,,,,False
97412000CT0335,2025-08-08,False,,,,False
97422000BM0644,2025-04-11,False,,,,False
97422000CV0212,2025-02-20,True,,,,False
97422000BD1915,2025-08-26,True,,,,False
97411000AY0569,2025-12-17,True,,,,False
97415000ER0754,2025-06-19,True,,,,False
97414000CT1019,2025-05-20,False,,,,False
97416000IB0231,2025-02-12,False,,,,False
97422000BH0174,2025-06-18,False,,,,False
97414000DE1770,2025-11-26,False,,,,False
97408000AC2932,2025-09-30,True,,,,False
97412000CE0428,2025-07-15,True,,,,False
97414000ET2318,2025-12-30,False,,,,False
97408000AP1649,2025-09-11,True,,,,False
97407000AE0469,2025-06-30,True,,,,False
97403000AN0231,2025-12-19,True,,,,False
97414000CV0411,2025-12-09,False,,,,False
97415000EW1275,2025-09-02,True,,,,False
97418000BT0807,2025-07-09,False,,,,False
97416000EZ0759,2025-08-22,True,,,,False
97415000EY1124,2025-04-09,False,,,,False
97411000IL0031,2025-10-22,False,,,,False
97413000DC1419,2025-03-13,True,,,,False
97407000AY0065,2025-07-10,False,,,,False
97424000AM0350,2025-10-16,False,,,,False
97416000EI0277,2025-05-30,True,,,,False
97413000CX2872,2025-09-24,False,,,,False
97410000AW1119,2025-10-10,False,,,,False
97408000AP1681,2025-09-11,True,,,,False
97418000AX0200,2025-09-09,True,,,,False
97409000BR0151,2025-04-28,False,,,,False
97415000AB0832,2025-09-30,True,,,,False
97416000DZ0244,2025-03-14,True,,,,False
97408000BO0383,2025-12-22,True,,,,False
97416000EM0842,2025-08-28,True,,,,False
97408000AP1674,2025-09-11,True,,,,False
97410000AL0441,2025-06-06,True,,,,False
97416000EZ0747,2025-04-07,False,,,,False
97401000AR0813,2025-07-24,False,,,,False
97412000AP0571,2025-07-11,False,,,,False
97414000HI1612,2025-04-22,True,,,,False
97422000BP2004,2025-04-08,True,,,,False
97415000CO0382,2025-07-01,True,,,,False
97416000ET2146,2025-03-07,True,,,,False
97410000AN0815,2025-10-29,True,,,,False
97422000BT1538,2025-11-04,False,,,,False
97413000AH0290,2025-08-29,False,,,,False
97422000CH0515,2025-08-14,True,,,,False
97416000EH1235,2025-07-11,True,,,,False
97411000DL0167,2025-10-30,False,,,,False
97413000CX2871,2025-09-11,False,,,,False
97420000BE0964,2025-07-28,False,,,,False
97415000BW2081,2025-09-30,False,,,,False
97414000CR0376,2025-08-25,True,,,,False
97412000BW2490,2025-12-12,True,,,,False
97415000CM0791,2025-04-30,False,,,,False
97411000CV0775,2025-03-27,False,,,,False
97406000AV0045,2025-06-24,True,,,,False
97403000AP0244,2025-11-20,False,,,,False
97416000CV1590,2025-10-28,False,,,,False
97414000HL0355,2025-10-03,False,,,,False
97409000AP1838,2025-08-26,False,,,,False
97410000AN0689,2025-07-31,False,,,,False
97408000AC1407,2025-03-04,False,,,,False
97403000AP2287,2025-09-23,False,,,,False
97415000EW1211,2025-09-11,False,,,,False
97412000BN0861,2025-04-07,True,,,,False
97420000BD0715,2025-01-28,True,,,,False
97414000EL2184,2025-11-13,False,,,,False
97422000CX0540,2025-08-07,False,,,,False
97416000EN1257,2025-10-28,True,,,,False
97411000EP0237,2025-11-07,True,,,,False
97413000CH0919,2025-07-04,False,,,,False
97414000EN3610,2025-09-12,False,,,,False
97411000AD0449,2025-12-30,False,,,,False
97422000BR1043,2025-08-04,False,,,,False
97422000BN3082,2025-05-28,False,,,,False
97411000IE0376,2025-10-02,False,,,,False
97414000CR0373,2025-08-25,True,,,,False
97417000BD0965,2025-08-18,False,,,,False
97415000CW1004,2025-07-01,True,,,,False
97418000AP0276,2025-03-24,False,,,,False
97410000BM0263,2025-02-27,False,,,,False
97416000DT0257,2025-01-27,True,,,,False
97422000AP1250,2025-09-05,False,,,,False
97414000CX0150,2025-02-20,True,,,,False
97415000EY0346,2025-04-30,True,,,,False
97409000BL0211,2025-03-25,True,,,,False
97416000EV1947,2025-04-30,True,,,,False
97418000AP3771,2025-07-11,True,,,,False
97408000AP1621,2025-05-27,False,,,,False
97411000AM0299,2025-05-27,False,,,,False
97415000EY2069,2025-06-26,True,,,,False
97413000CX1858,2025-09-24,False,,,,False
97404000AC1208,2025-10-27,False,,,,False
97415000CY1051,2025-08-14,True,,,,False
97412000CD0260,2025-12-26,False,,,,False
97416000HI0538,2025-05-27,True,,,,False
97415000AW1658,2025-04-01,False,,,,False
97408000AC2361,2025-10-23,False,,,,False
97417000AX0236,2025-06-13,False,,,,False
97405000AZ0191,2025-10-31,False,,,,False
97416000EX0136,2025-01-17,False,,,,False
97416000DH1410,2025-07-07,False,,,,False
97422000AR0142,2025-07-18,True,,,,False
97404000AL1693,2025-04-14,False,,,,False
97413000AV2311,2025-03-28,False,,,,False
97422000BE3001,2025-12-04,False,,,,False
97418000AE0089,2025-10-16,True,,,,False
97411000EP0243,2025-01-31,True,,,,False
97414000EV0776,2025-07-10,True,,,,False
97411000IH0513,2025-07-04,False,,,,False
97422000BV0730,2025-08-05,False,,,,False
97422000CX0107,2025-06-12,False,,,,False
97402000AI0520,2025-03-11,False,,,,False
97407000BA0372,2025-12-29,True,,,,False
97402000AH0767,2025-06-30,False,,,,False
97405000AM0881,2025-12-12,False,,,,False
97413000CF0116,2025-04-29,True,,,,False
97415000HN0151,2025-12-19,True,,,,False
97420000BE0965,2025-04-16,True,,,,False
97424000AI1701,2025-05-28,True,,,,False
97411000IH0512,2025-04-11,False,,,,False
97411000DP0295,2025-01-16,False,,,,False
97408000AO0600,2025-07-21,False,,,,False
97415000BK0113,2025-10-14,True,,,,False
97409000BL0213,2025-03-25,True,,,,False
97422000BR0470,2025-02-17,False,,,,False
97411000BH0694,2025-05-22,False,,,,False
97413000AV1366,2025-02-27,False,,,,False
97422000BP2017,2025-04-08,True,,,,False
97414000ES0483,2025-05-07,True,,,,False
97422000AL0992,2025-04-04,True,,,,False
97420000BE0051,2025-08-27,False,,,,False
97411000BH0742,2025-01-30,False,,,,False
97410000AS0377,2025-09-30,False,,,,False
97412000BR0319,2025-09-15,False,,,,False
97406000AV0978,2025-04-30,True,,,,False
97412000BL0621,2025-07-10,True,,,,False
97422000BD1008,2025-09-17,False,,,,False
97418000AP3268,2025-02-04,False,,,,False
97423000AH1818,2025-07-18,True,,,,False
97407000AI0327,2025-03-12,False,,,,False
97415000DI0034,2025-04-30,False,,,,False
97415000AY0560,2025-09-19,False,,,,False
97409000BK0966,2025-07-18,False,,,,False
97415000CT3022,2025-09-29,False,,,,False
97410000AP0419,2025-10-21,False,,,,False
97416000CS1526,2025-04-25,True,,,,False
97422000EK0169,2025-08-18,False,,,,False
97410000AL0434,2025-12-23,True,,,,False
97422000BP1970,2025-04-08,True,,,,False
97411000DN0137,2025-02-27,False,,,,False
97404000AI1954,2025-08-22,False,,,,False
97416000HY0415,2025-03-14,False,,,,False
97415000CV1245,2025-09-09,True,,,,False
97411000BZ1134,2025-10-22,False,,,,False
97413000CX2547,2025-09-22,True,,,,False
97411000AT0403,2025-08-19,False,,,,False
97411000IW0290,2025-08-13,True,,,,False
97408000AC1946,2025-03-17,True,,,,False
97411000BK0234,2025-12-23,True,,,,False
97416000HN0594,2025-12-04,False,,,,False
97415000CK0912,2025-09-05,True,,,,False
97417000AO0547,2025-01-10,False,,,,False
97415000CL0940,2025-10-30,False,,,,False
97403000AP2249,2025-02-26,False,,,,False
97422000BI1004,2025-11-27,True,,,,False
97411000CM0514,2025-07-11,True,,,,False
97411000AT0474,2025-04-22,False,,,,False
97412000AW0576,2025-03-11,True,,,,False
97420000BC1911,2025-06-10,False,,,,False
97407000AS1278,2025-06-26,False,,,,False
97421000BM0015,2025-05-12,True,,,,False
97422000BH1226,2025-04-29,False,,,,False
97410000AW0084,2025-02-26,True,,,,False
97415000AZ1706,2025-12-30,True,,,,False
97415000CV1203,2025-09-09,True,,,,False
97422000BO1822,2025-06-23,False,,,,False
97411000IB0154,2025-05-16,False,,,,False
97408000AC2760,2025-10-17,False,,,,False
97418000AD0875,2025-10-16,True,,,,False
97410000AL0419,2025-06-06,True,,,,False
97415000CW0833,2025-07-01,True,,,,False
97414000HI0550,2025-03-31,False,,,,False
97415000CM2376,2025-05-20,False,,,,False
97402000AB1219,2025-06-24,False,,,,False
97405000AE0942,2025-05-13,False,,,,False
97420000AS0346,2025-12-30,True,,,,False
97408000AC1373,2025-03-04,True,,,,False
97405000AR0787,2025-10-10,False,,,,False
97401000AR0643,2025-03-21,False,,,,False
97415000DE1354,2025-11-07,True,,,,False
97416000HN1319,2025-09-16,True,,,,False
97422000BE1794,2025-12-10,False,,,,False
97413000CS0353,2025-07-11,True,,,,False
97411000CX0596,2025-10-09,True,,,,False
97408000AT1441,2025-12-22,True,,,,False
97421000AV0646,2025-02-12,False,,,,False
97411000DP0145,2025-06-24,False,,,,False
97415000CO0133,2025-11-06,True,,,,False
97422000BW0912,2025-05-19,False,,,,False
97422000BH0638,2025-06-25,True,,,,False
97424000AE0130,2025-01-16,False,,,,False
97415000CK0850,2025-05-12,False,,,,False
97415000AB0823,2025-09-30,True,,,,False
97415000AS1035,2025-08-25,False,,,,False
97409000AC1105,2025-11-26,False,,,,False
97422000BD2572,2025-06-10,True,,,,False
97415000CT2645,2025-07-30,True,,,,False
97415000DE1271,2025-05-20,False,,,,False
97412000BY0608,2025-06-12,True,,,,False
97410000AO0407,2025-11-27,False,,,,False
97416000EL0512,2025-07-07,False,,,,False
97413000DE1013,2025-07-29,True,,,,False
97414000HE0467,2025-04-30,True,,,,False
97415000AV0418,2025-07-03,False,,,,False
97411000EV0098,2025-09-30,False,,,,False
97424000AI0862,2025-12-11,False,,,,False
97416000HZ0549,2025-04-30,True,,,,False
97401000AN1213,2025-01-09,True,,,,False
97416000DM0783,2025-02-14,True,,,,False
97405000AL1287,2025-03-13,False,,,,False
97412000BW2491,2025-12-12,True,,,,False
97421000BM0035,2025-05-12,True,,,,False
97415000AV0368,2025-01-17,True,,,,False
97411000HO0167,2025-11-27,False,,,,False
97416000HZ1075,2025-10-31,False,,,,False
97411000EP0236,2025-11-07,True,,,,False
97411000EZ0230,2025-07-22,False,,,,False
97416000CW2188,2025-07-03,False,,,,False
97414000ER0737,2025-05-16,True,,,,False
97411000AD0163,2025-01-30,True,,,,False
97424000AI0882,2025-03-28,False,,,,False
97418000AP0693,2025-06-13,False,,,,False
97405000AK1642,2025-03-07,True,,,,False
97422000BP1996,2025-04-08,True,,,,False
97416000EX0280,2025-05-27,True,,,,False
97422000BD1027,2025-12-22,False,,,,False
97414000CH1658,2025-02-07,True,,,,False
97415000CM0653,2025-10-29,True,,,,False
97414000ES0720,2025-11-13,True,,,,False
97422000BV0456,2025-03-28,False,,,,False
97408000AP1615,2025-09-29,False,,,,False
97415000EI0213,2025-11-28,True,,,,False
97404000AS0374,2025-11-07,False,,,,False
97422000CE0580,2025-05-23,True,,,,False
97411000CD0778,2025-05-14,True,,,,False
97416000HN1465,2025-02-04,True,,,,False
97411000AM0145,2025-05-09,False,,,,False
97411000DY0164,2025-03-03,False,,,,False
97412000BW2087,2025-12-23,False,,,,False
97415000CW0912,2025-07-01,True,,,,False
97408000AC3590,2025-03-17,True,,,,False
97422000BR1128,2025-09-30,True,,,,False
97423000AH0293,2025-08-21,False,,,,False
97415000CP1334,2025-01-29,True,,,,False
97410000BM0423,2025-10-10,False,,,,False
97415000DR1094,2025-08-05,False,,,,False
97415000EX0435,2025-01-17,True,,,,False
97424000AM0568,2025-01-16,False,,,,False
97410000AH1308,2025-12-09,True,,,,False
97410000BM0179,2025-02-04,False,,,,False
97416000EP0950,2025-03-21,False,,,,False
97416000EL0165,2025-06-11,False,,,,False
97408000AM0653,2025-06-10,True,,,,False
97416000CY0882,2025-01-23,True,,,,False
97414000ET1266,2025-12-15,True,,,,False
97413000BM0845,2025-08-29,True,,,,False
97415000CM2321,2025-10-29,False,,,,False
97401000AS0229,2025-07-29,False,,,,False
97416000DT0331,2025-02-18,False,,,,False
97411000DS0667,2025-06-26,False,,,,False
97422000AK0587,2025-09-27,False,,,,False
97422000AD0828,2025-08-27,False,,,,False
97415000AB0533,2025-07-29,True,,,,False
97409000AX1101,2025-03-19,False,,,,False
97416000CW1359,2025-08-22,True,,,,False
97415000AZ1495,2025-07-31,False,,,,False
97410000AI1258,2025-03-07,False,,,,False
97413000CR0892,2025-11-05,False,,,,False
97412000BW2464,2025-03-21,False,,,,False
97410000BX0587,2025-12-04,False,,,,False
97420000AO0609,2025-11-27,False,,,,False
97410000AT0884,2025-09-08,False,,,,False
97411000CM0720,2025-07-04,True,,,,False
97404000AV0541,2025-07-29,False,,,,False
97411000HD0305,2025-05-22,True,,,,False
97408000AC3684,2025-05-07,False,,,,False
97408000AC3281,2025-09-01,True,,,,False
97409000AZ1019,2025-05-13,False,,,,False
97422000BP1980,2025-04-08,True,,,,False
97416000EL0553,2025-03-26,True,,,,False
97415000AX0992,2025-12-17,True,,,,False
97411000BZ0951,2025-10-21,False,,,,False
97416000CW2681,2025-12-22,False,,,,False
97422000BP1966,2025-04-08,True,,,,False
97412000AM2077,2025-02-11,True,,,,False
97424000AD0078,2025-01-16,False,,,,False
97422000AW0578,2025-09-01,False,,,,False
97411000IE0163,2025-03-06,False,,,,False
97408000AT1384,2025-07-18,True,,,,False
97407000AO0361,2025-10-28,False,,,,False
97415000CP0974,2025-08-25,True,,,,False
97420000BE0707,2025-03-21,False,,,,False
97414000ET2325,2025-02-05,False,,,,False
97408000AO1888,2025-12-02,False,,,,False
97405000BE1774,2025-11-27,True,,,,False
97415000CH3236,2025-02-24,True,,,,False
97419000AX0308,2025-01-29,False,,,,False
97420000BD0718,2025-01-28,True,,,,False
97412000CE1568,2025-01-10,True,,,,False
97415000HO0639,2025-07-22,False,,,,False
97405000AW1703,2025-09-19,True,,,,False
97423000AE0419,2025-05-22,True,,,,False
97411000AB0214,2025-03-28,True,,,,False
97412000AT1113,2025-11-03,True,,,,False
97418000AR2419,2025-11-17,True,,,,False
97413000DE2133,2025-07-29,True,,,,False
97418000AS1167,2025-07-28,False,,,,False
97407000AS0311,2025-03-06,False,,,,False
97404000AL1655,2025-05-30,False,,,,False
97424000AB0027,2025-01-15,False,,,,False
97414000ES0823,2025-06-19,False,,,,False
97424000AE1670,2025-01-20,False,,,,False
97407000AL0110,2025-08-14,False,,,,False
97407000AO1499,2025-09-01,True,,,,False
97412000AZ0878,2025-11-27,False,,,,False
97415000CW0886,2025-07-01,True,,,,False
97422000BN1181,2025-06-27,False,,,,False
97414000CS0405,2025-05-30,False,,,,False
97417000AO0306,2025-01-09,False,,,,False
97412000CW1193,2025-06-26,True,,,,False
97416000CV2093,2025-04-01,True,,,,False
97414000CV1024,2025-09-24,False,,,,False
97414000DH0831,2025-09-12,False,,,,False
97409000AX1094,2025-06-13,False,,,,False
97415000EW0924,2025-08-22,False,,,,False
97422000CS1614,2025-01-31,False,,,,False
97413000CX2625,2025-09-22,True,,,,False
97424000AI2427,2025-08-20,True,,,,False
97417000AY0128,2025-06-11,False,,,,False
97410000AS1415,2025-02-24,True,,,,False
97416000HY1780,2025-03-20,True,,,,False
97411000DX0123,2025-06-11,False,,,,False
97401000AT0584,2025-10-16,True,,,,False
97412000BK1730,2025-05-05,True,,,,False
97407000AI1895,2025-07-11,False,,,,False
97411000IH0553,2025-09-17,False,,,,False
97403000AS0551,2025-05-27,False,,,,False
97411000CI0277,2025-01-31,False,,,,False
97412000AM1808,2025-12-26,True,,,,False
97406000AI0490,2025-11-19,False,,,,False
97415000BZ0586,2025-11-05,True,,,,False
97422000BL0314,2025-06-20,True,,,,False
97406000AI0103,2025-05-16,True,,,,False
97411000HH0224,2025-04-08,True,,,,False
97416000CV1865,2025-10-16,False,,,,False
97414000DE1265,2025-07-10,False,,,,False
97411000CM0276,2025-07-11,True,,,,False
97422000BH0639,2025-06-25,True,,,,False
97415000AW2396,2025-11-24,True,,,,False
97422000DH0155,2025-04-10,True,,,,False
97403000AM0618,2025-06-03,True,,,,False
97422000BD3804,2025-10-28,False,,,,False
97412000AN0763,2025-03-06,True,,,,False
97415000DP0054,2025-03-14,False,,,,False
97415000AB0799,2025-12-30,True,,,,False
97422000BP2012,2025-04-08,True,,,,False
97412000BW2481,2025-01-28,False,,,,False
97415000EW1681,2025-11-24,False,,,,False
97414000ET0087,2025-11-19,False,,,,False
97401000AI0412,2025-03-31,True,,,,False
97413000CR0881,2025-03-07,False,,,,False
97401000AM0588,2025-11-03,False,,,,False
97416000EL0243,2025-05-27,False,,,,False
97403000AS1753,2025-01-09,False,,,,False
97409000AR2763,2025-12-05,True,,,,False
97403000AL0273,2025-05-16,True,,,,False
97403000AM0614,2025-04-29,False,,,,False
97402000AM0011,2025-05-26,True,,,,False
97416000ES2249,2025-10-28,False,,,,False
97411000CI0340,2025-08-22,False,,,,False
97402000AM0022,2025-05-26,True,,,,False
97409000AZ0027,2025-02-26,False,,,,False
97409000AI0944,2025-09-29,True,,,,False
97416000DN0667,2025-04-14,True,,,,False
97416000CZ2016,2025-01-10,False,,,,False
97412000AP0202,2025-07-15,True,,,,False
97411000IA0135,2025-04-10,False,,,,False
97412000CD1419,2025-12-30,True,,,,False
97415000BZ0873,2025-12-30,True,,,,False
97411000AN0583,2025-11-19,False,,,,False
97415000CP1519,2025-01-29,True,,,,False
97422000AX1253,2025-09-05,False,,,,False
97404000AT0874,2025-11-10,False,,,,False
97422000BT0703,2025-06-17,True,,,,False
97416000DO0051,2025-04-28,False,,,,False
97409000AL0473,2025-04-22,False,,,,False
97416000HN0670,2025-10-21,False,,,,False
97415000AY1627,2025-03-21,False,,,,False
97418000AX0524,2025-10-13,True,,,,False
97401000AS0650,2025-10-10,False,,,,False
97422000BD3787,2025-12-03,True,,,,False
97411000CM0732,2025-07-11,True,,,,False
97415000AS0339,2025-11-14,False,,,,False
97416000ET1478,2025-12-22,False,,,,False
97416000HN1249,2025-12-01,False,,,,False
97415000EH0563,2025-09-24,False,,,,False
97415000CW0228,2025-07-11,False,,,,False
97415000DI0060,2025-06-23,False,,,,False
97419000AK0458,2025-02-26,False,,,,False
97422000BX0882,2025-12-05,True,,,,False
97411000DW0258,2025-11-25,True,,,,False
97415000CV0703,2025-11-28,True,,,,False
97418000AT2393,2025-08-29,False,,,,False
97412000AO0256,2025-01-21,False,,,,False
97412000BV0219,2025-07-07,True,,,,False
97412000AO0246,2025-01-21,False,,,,False
97416000ET2006,2025-10-24,False,,,,False
97412000BK1508,2025-01-24,False,,,,False
97416000CV1156,2025-09-05,False,,,,False
97414000CV0455,2025-03-25,True,,,,False
97405000AO0184,2025-07-16,True,,,,False
97410000AC0386,2025-12-11,False,,,,False
97416000EV1447,2025-05-30,True,,,,False
97421000AK0547,2025-11-27,False,,,,False
97422000BR0366,2025-06-10,False,,,,False
97422000BX0742,2025-12-05,True,,,,False
97414000CT1414,2025-11-27,False,,,,False
97402000AH0741,2025-11-12,False,,,,False
97416000EX1830,2025-08-01,False,,,,False
97408000AC1232,2025-05-07,False,,,,False
97415000HN0188,2025-12-19,True,,,,False
97422000BM0461,2025-02-04,True,,,,False
97416000ET2196,2025-12-11,False,,,,False
97402000AE0617,2025-09-22,False,,,,False
97416000EL0875,2025-03-26,True,,,,False
97409000AR2323,2025-12-16,False,,,,False
97414000EW0094,2025-02-07,False,,,,False
97415000AB0797,2025-12-30,True,,,,False
97410000BE0558,2025-05-27,True,,,,False
97411000ER0015,2025-03-24,False,,,,False
97413000DC0543,2025-08-27,True,,,,False
97422000AV0478,2025-06-11,False,,,,False
97413000DC0531,2025-08-27,True,,,,False
97414000CW0583,2025-07-10,True,,,,False
97422000DW0094,2025-06-16,False,,,,False
97422000BY0494,2025-03-11,True,,,,False
97415000AX1102,2025-08-08,True,,,,False
97409000AD0543,2025-03-28,False,,,,False
97413000DJ0447,2025-05-19,False,,,,False
97422000AY0720,2025-12-10,False,,,,False
97409000BE2175,2025-10-07,True,,,,False
97410000AS0780,2025-04-28,False,,,,False
97416000EX1896,2025-04-03,True,,,,False
97410000BW0690,2025-02-14,False,,,,False
97404000AE1480,2025-02-06,False,,,,False
97424000AH0591,2025-07-31,True,,,,False
97415000CW1085,2025-08-19,False,,,,False
97404000AE0659,2025-07-01,False,,,,False
97414000EN4189,2025-11-27,True,,,,False
97409000BR0177,2025-11-19,True,,,,False
97408000AP0920,2025-06-30,False,,,,False
97407000BI0348,2025-04-16,True,,,,False
97408000AP1662,2025-12-15,False,,,,False
97415000ES0614,2025-08-06,False,,,,False
97422000CE0281,2025-07-25,False,,,,False
97415000CW1080,2025-05-21,True,,,,False
97412000CD1456,2025-12-30,True,,,,False
97409000BD1650,2025-08-27,True,,,,False
97410000CL0093,2025-03-27,True,,,,False
97423000AD0595,2025-09-23,False,,,,False
97411000KE0393,2025-06-19,False,,,,False
97410000AE1162,2025-05-20,True,,,,False
97415000AW2371,2025-02-24,True,,,,False
97414000EN4190,2025-10-06,True,,,,False
97401000AN0119,2025-05-28,True,,,,False
97413000CG0522,2025-04-24,False,,,,False
97416000EX0359,2025-07-31,False,,,,False
97411000AE0382,2025-07-24,False,,,,False
97411000BP0862,2025-08-13,False,,,,False
97410000AW1054,2025-08-22,True,,,,False
97414000HL0512,2025-10-06,False,,,,False
97409000BK0766,2025-06-12,False,,,,False
97421000AH0198,2025-08-07,False,,,,False
97422000BD1177,2025-11-05,True,,,,False
97411000DR0478,2025-05-14,True,,,,False
97403000AL0367,2025-08-28,False,,,,False
97415000DE0635,2025-02-24,False,,,,False
97413000CX2221,2025-09-22,True,,,,False
97418000AP1991,2025-03-14,True,,,,False
97413000AV2292,2025-01-31,True,,,,False
97408000BI0251,2025-04-18,False,,,,False
97408000AM1330,2025-10-27,True,,,,False
97406000AV1353,2025-07-31,True,,,,False
97411000IC0441,2025-10-15,False,,,,False
97411000HO0756,2025-05-06,True,,,,False
97416000IE1435,2025-08-20,True,,,,False
97410000BE0664,2025-02-26,False,,,,False
97405000BI0655,2025-12-11,False,,,,False
97422000CS0333,2025-11-20,False,,,,False
97422000AZ0382,2025-10-09,True,,,,False
97403000AP2274,2025-04-30,False,,,,False
97411000IR0453,2025-12-12,True,,,,False
97416000HP0365,2025-07-15,True,,,,False
97415000CO0502,2025-07-01,True,,,,False
97415000CH1663,2025-06-26,False,,,,False
97416000ET2129,2025-05-19,True,,,,False
97422000AK0915,2025-03-11,False,,,,False
97401000AP0645,2025-05-16,True,,,,False
97403000AO0892,2025-07-23,False,,,,False
97412000BK1975,2025-11-27,False,,,,False
97415000AB0536,2025-07-29,True,,,,False
97412000AS0038,2025-09-30,True,,,,False
97416000CS1335,2025-09-24,False,,,,False
97414000EZ0228,2025-07-01,False,,,,False
97422000CN1446,2025-12-10,False,,,,False
97422000BW2556,2025-08-22,False,,,,False
97415000EO0910,2025-10-10,True,,,,False
97422000CP0901,2025-10-23,True,,,,False
97411000IW0288,2025-08-13,True,,,,False
97416000EX1113,2025-04-29,True,,,,False
97413000AC0962,2025-07-18,True,,,,False
97407000AO1877,2025-12-22,True,,,,False
97401000AP0649,2025-12-17,False,,,,False
97416000IL0334,2025-07-01,False,,,,False
97401000AM1121,2025-07-10,False,,,,False
97414000HI1272,2025-04-01,False,,,,False
97402000AK2165,2025-02-13,True,,,,False
97412000AW0650,2025-03-11,True,,,,False
97411000HO0899,2025-03-12,False,,,,False
97408000AM1160,2025-12-11,True,,,,False
97401000AN1354,2025-06-17,True,,,,False
97416000CX0825,2025-03-26,False,,,,False
97409000BM1498,2025-10-13,False,,,,False
97416000EW1290,2025-02-24,True,,,,False
97413000CI0129,2025-09-22,True,,,,False
97406000AI0477,2025-08-19,False,,,,False
97415000CP2044,2025-06-23,False,,,,False
97414000EV0476,2025-07-10,True,,,,False
97415000DK1033,2025-05-30,False,,,,False
97416000IE1433,2025-08-20,True,,,,False
97411000BC0079,2025-08-06,False,,,,False
97407000AO1229,2025-09-01,True,,,,False
97416000HP0366,2025-07-15,True,,,,False
97416000HP0859,2025-06-26,True,,,,False
97424000AE0021,2025-02-26,True,,,,False
97411000CV0659,2025-09-05,True,,,,False
97404000AC0890,2025-05-16,True,,,,False
97422000CM1110,2025-12-23,False,,,,False
97412000BW1354,2025-07-16,False,,,,False
97419000AC0457,2025-10-24,False,,,,False
97403000AM0572,2025-09-05,False,,,,False
97422000BP2002,2025-04-08,True,,,,False
97415000BZ0641,2025-09-24,True,,,,False
97414000EV0478,2025-07-30,True,,,,False
97415000DK1178,2025-04-24,False,,,,False
97412000CE1562,2025-01-10,True,,,,False
97415000CR1265,2025-04-28,False,,,,False
97415000CP0973,2025-08-25,True,,,,False
97422000BD2427,2025-07-31,False,,,,False
97403000AP1373,2025-07-22,False,,,,False
97422000DH0554,2025-01-28,True,,,,False
97415000AB0859,2025-08-29,True,,,,False
97414000EN4143,2025-11-14,False,,,,False
97411000AM0199,2025-04-24,True,,,,False
97404000AL1589,2025-04-18,True,,,,False
97410000AR1684,2025-03-05,False,,,,False
97415000BH0240,2025-10-14,True,,,,False
97415000DS0231,2025-04-03,False,,,,False
97411000EP0333,2025-08-29,True,,,,False
97415000CY1041,2025-08-14,True,,,,False
97403000AP2256,2025-08-06,False,,,,False
97411000HP0285,2025-07-31,True,,,,False
97416000CW1997,2025-10-13,True,,,,False
97410000AL0489,2025-12-23,True,,,,False
97414000EN2469,2025-06-03,True,,,,False
97422000BY0203,2025-03-11,True,,,,False
97411000KE0446,2025-01-31,False,,,,False
97415000DM0881,2025-09-09,False,,,,False
97418000AT0869,2025-12-15,True,,,,False
97411000AE0585,2025-04-07,False,,,,False
97420000AO0580,2025-03-18,False,,,,False
97411000EZ0033,2025-01-14,False,,,,False
97408000AV1463,2025-03-19,False,,,,False
97413000CF0636,2025-10-30,False,,,,False
97418000AR1519,2025-08-06,False,,,,False
97412000AY0313,2025-12-04,False,,,,False
97409000BR0189,2025-11-19,True,,,,False
97414000DR0099,2025-06-05,False,,,,False
97422000AY0954,2025-06-11,False,,,,False
97415000HK0136,2025-12-01,False,,,,False
97418000AP3231,2025-01-21,False,,,,False
97416000EM0866,2025-08-28,True,,,,False
97420000AO0647,2025-07-30,False,,,,False
97422000CE0349,2025-05-23,True,,,,False
97415000HN0179,2025-12-19,True,,,,False
97410000AX0099,2025-03-25,False,,,,False
97411000DP0380,2025-09-26,False,,,,False
97416000HO1142,2025-08-27,True,,,,False
97413000CD0477,2025-01-29,False,,,,False
97409000AW1252,2025-10-02,False,,,,False
97411000BK0251,2025-12-09,False,,,,False
97415000BX0243,2025-02-21,False,,,,False
97412000BH0745,2025-08-20,True,,,,False
97408000AO1273,2025-01-27,False,,,,False
97418000AT2328,2025-03-17,False,,,,False
97409000BD0994,2025-11-24,False,,,,False
97413000AC0370,2025-05-27,False,,,,False
97404000AL1248,2025-10-29,True,,,,False
97405000AY0735,2025-12-12,True,,,,False
97411000IM0272,2025-03-14,False,,,,False
97408000AY0389,2025-08-08,True,,,,False
97405000AM0659,2025-06-27,True,,,,False
97416000DS0671,2025-04-11,False,,,,False
97413000DL0272,2025-04-15,True,,,,False
97412000BW2369,2025-03-21,True,,,,False
97413000DK0243,2025-11-18,True,,,,False
97401000AM1664,2025-10-21,True,,,,False
97409000BH0310,2025-01-24,True,,,,False
97410000CL1040,2025-03-27,True,,,,False
97422000ED0314,2025-08-22,True,,,,False
97410000AL0135,2025-10-31,False,,,,False
97412000CW1182,2025-09-18,False,,,,False
97407000AY0484,2025-07-24,False,,,,False
97413000CD0739,2025-04-30,False,,,,False
97410000BD0226,2025-11-26,False,,,,False
97411000AS0022,2025-08-07,False,,,,False
97422000BK2497,2025-09-24,False,,,,False
97423000AH1565,2025-06-11,True,,,,False
97407000AO1856,2025-09-01,True,,,,False
97411000CV0781,2025-03-07,True,,,,False
97402000AB0661,2025-03-26,False,,,,False
97412000CX0263,2025-07-25,False,,,,False
97422000DK0245,2025-06-27,True,,,,False
97418000AV1645,2025-06-23,False,,,,False
97415000BZ0260,2025-03-18,True,,,,False
97422000BD1176,2025-11-05,True,,,,False
97422000BV2728,2025-09-30,True,,,,False
97413000DC1171,2025-02-26,False,,,,False
97405000AL1100,2025-08-29,False,,,,False
97411000HO0911,2025-01-27,True,,,,False
97405000AY0737,2025-10-27,False,,,,False
97409000AX1080,2025-03-04,False,,,,False
97410000AO0462,2025-05-13,False,,,,False
97415000EY1329,2025-11-05,False,,,,False
97412000BM1379,2025-11-27,False,,,,False
97411000DR0479,2025-05-14,True,,,,False
97418000AV1824,2025-12-26,False,,,,False
97415000AY0733,2025-07-31,False,,,,False
97415000CZ1180,2025-05-15,False,,,,False
97415000DV0386,2025-11-20,False,,,,False
97415000AB0736,2025-09-30,True,,,,False
97412000AM1804,2025-12-26,True,,,,False
97401000AP0589,2025-03-19,True,,,,False
97408000BK0071,2025-08-13,False,,,,False
97412000CW0627,2025-03-12,True,,,,False
97414000HE0597,2025-12-12,False,,,,False
97407000AH0343,2025-10-02,True,,,,False
97405000AN0314,2025-09-04,False,,,,False
97412000AT1066,2025-04-15,False,,,,False
97420000AB1265,2025-03-03,False,,,,False
97412000CE2345,2025-03-27,False,,,,False
97401000AR0880,2025-03-13,True,,,,False
97416000EV1480,2025-05-30,True,,,,False
97411000DX0106,2025-05-15,True,,,,False
97422000BS1932,2025-03-04,False,,,,False
97416000CS1431,2025-03-26,True,,,,False
97418000AE0424,2025-08-26,True,,,,False
97412000CE1842,2025-04-25,True,,,,False
97418000AO1193,2025-03-05,True,,,,False
97408000BL0150,2025-06-12,False,,,,False
97405000AO0501,2025-06-18,True,,,,False
97416000CT1264,2025-05-19,False,,,,False
97414000DM0125,2025-05-13,False,,,,False
97415000EO1061,2025-02-21,False,,,,False
97401000AR1648,2025-07-10,True,,,,False
97409000AD0724,2025-06-18,False,,,,False
97401000AR0291,2025-11-27,False,,,,False
97406000AI1034,2025-10-02,False,,,,False
97412000CE2829,2025-10-13,True,,,,False
97404000AH0803,2025-01-28,False,,,,False
97413000CN1164,2025-11-26,False,,,,False
97416000DN0607,2025-08-29,True,,,,False
97416000DS0974,2025-02-14,False,,,,False
97411000AD0260,2025-11-28,False,,,,False
97414000ES0969,2025-07-24,False,,,,False
97415000DP0644,2025-03-13,True,,,,False
97415000CO0465,2025-07-01,True,,,,False
97408000BL0036,2025-06-30,False,,,,False
97419000AO0417,2025-10-16,True,,,,False
97419000AI1063,2025-04-10,False,,,,False
97413000CU0951,2025-10-08,False,,,,False
97422000CX1023,2025-03-12,False,,,,False
97415000AH1170,2025-07-25,True,,,,False
97413000CQ0886,2025-04-25,False,,,,False
97410000AE1081,2025-07-11,False,,,,False
97417000BD1433,2025-07-22,True,,,,False
97413000DE1840,2025-03-18,False,,,,False
97405000BE0659,2025-03-28,False,,,,False
97422000BN1533,2025-11-13,False,,,,False
97416000EM0966,2025-08-27,False,,,,False
97415000AS1950,2025-10-22,True,,,,False
97416000EW1023,2025-08-28,True,,,,False
97416000HX0914,2025-11-17,False,,,,False
97414000CS0722,2025-11-03,False,,,,False
97406000AH0664,2025-05-20,True,,,,False
97410000AC0613,2025-12-17,True,,,,False
97415000AS1949,2025-10-22,True,,,,False
97413000CH0530,2025-04-30,False,,,,False
97422000BY0432,2025-03-10,False,,,,False
97415000CH3237,2025-02-24,True,,,,False
97422000EK0132,2025-11-12,False,,,,False
97411000EK0088,2025-02-07,True,,,,False
97416000CW2816,2025-11-25,False,,,,False
97416000HR0420,2025-09-30,True,,,,False
97407000AO1226,2025-09-01,True,,,,False
97408000AC2135,2025-03-27,False,,,,False
97412000BN1051,2025-01-28,False,,,,False
97411000EN0654,2025-07-08,True,,,,False
97417000AT1361,2025-09-15,False,,,,False
97416000CO0629,2025-05-12,False,,,,False
97416000CZ2246,2025-03-18,True,,,,False
97408000AP1665,2025-09-11,True,,,,False
97414000CH1088,2025-06-12,True,,,,False
97403000AH0328,2025-09-08,True,,,,False
97422000AW0323,2025-12-16,False,,,,False
97401000AR0747,2025-12-03,False,,,,False
97416000CO0993,2025-09-01,False,,,,False
97414000ER0977,2025-12-31,False,,,,False
97408000AO1609,2025-07-24,False,,,,False
97408000AV0747,2025-10-10,False,,,,False
97407000AE0478,2025-06-30,True,,,,False
97407000AE0477,2025-06-30,True,,,,False
97415000EY0557,2025-10-09,False,,,,False
97416000HZ0557,2025-04-30,True,,,,False
97412000BL1193,2025-03-12,False,,,,False
97406000AI1073,2025-07-18,False,,,,False
97424000AB0021,2025-01-15,False,,,,False
97410000AT1194,2025-11-27,False,,,,False
97416000ES1719,2025-07-09,False,,,,False
97404000AV0179,2025-12-22,False,,,,False
97421000AK0537,2025-12-08,True,,,,False
97412000BK0274,2025-04-18,False,,,,False
97410000AK0099,2025-12-30,False,,,,False
97411000HX0130,2025-07-08,True,,,,False
97420000AL0292,2025-10-16,False,,,,False
97419000AR0733,2025-06-09,True,,,,False
97405000AH0767,2025-08-28,True,,,,False
97415000BZ0875,2025-12-30,True,,,,False
97408000AP1602,2025-09-11,True,,,,False
97416000IA1826,2025-06-02,False,,,,False
97401000AS1046,2025-01-27,False,,,,False
97411000HB0377,2025-08-01,True,,,,False
97422000BX1194,2025-07-29,False,,,,False
97412000BC0764,2025-06-10,False,,,,False
97410000AC0624,2025-06-25,True,,,,False
97416000EX1902,2025-12-22,True,,,,False
97416000HX1473,2025-02-18,False,,,,False
97411000AY0566,2025-12-17,True,,,,False
97408000AC3724,2025-07-10,False,,,,False
97415000BV1599,2025-04-04,True,,,,False
97408000AO0238,2025-04-14,False,,,,False
97420000BD0791,2025-10-29,False,,,,False
97415000EW0568,2025-01-20,True,,,,False
97411000AZ0129,2025-02-12,True,,,,False
97410000AW0229,2025-08-22,True,,,,False
97424000AI1709,2025-05-28,True,,,,False
97409000BD1387,2025-02-11,False,,,,False
97416000HZ1074,2025-07-17,False,,,,False
97416000CX1243,2025-05-16,False,,,,False
97415000AV0904,2025-03-14,True,,,,False
97422000BS0413,2025-06-20,True,,,,False
97416000DM0815,2025-06-23,True,,,,False
97418000AC0876,2025-05-16,False,,,,False
97412000AO0292,2025-05-23,False,,,,False
97416000DE0380,2025-07-07,True,,,,False
97411000HS0473,2025-12-15,True,,,,False
97415000EW1424,2025-01-16,False,,,,False
97413000DB0349,2025-11-28,False,,,,False
97422000BN1446,2025-04-29,False,,,,False
97409000BI0819,2025-11-27,False,,,,False
97408000AW1164,2025-07-23,False,,,,False
97415000BP0628,2025-09-26,True,,,,False
97413000CX2534,2025-09-22,True,,,,False
97411000EX0037,2025-12-05,False,,,,False
97409000AL2216,2025-09-12,True,,,,False
97413000DG0164,2025-04-01,False,,,,False
97422000CI0198,2025-06-18,False,,,,False
97412000BM0764,2025-10-16,False,,,,False
97408000AP1657,2025-09-11,True,,,,False
97416000EI1427,2025-01-13,False,,,,False
97416000EK0161,2025-09-09,False,,,,False
97409000AV0633,2025-05-30,False,,,,False
97418000AV1141,2025-08-29,False,,,,False
97415000EY2024,2025-06-26,True,,,,False
97409000AN0734,2025-12-12,False,,,,False
97422000CN1267,2025-03-20,False,,,,False
97415000BO0714,2025-06-17,False,,,,False
97415000DM0979,2025-03-11,True,,,,False
97410000BS0129,2025-01-30,False,,,,False
97418000BN0029,2025-02-06,True,,,,False
97403000AL0270,2025-05-16,True,,,,False
97418000AD0966,2025-10-16,True,,,,False
97417000AT0939,2025-09-11,False,,,,False
97424000AD0095,2025-01-16,False,,,,False
97415000CZ1232,2025-12-01,False,,,,False
97408000AP1667,2025-09-11,True,,,,False
97416000CW1553,2025-06-24,True,,,,False
97416000HN0662,2025-04-24,False,,,,False
97423000AK1155,2025-07-22,False,,,,False
97411000AP0083,2025-12-17,False,,,,False
97407000AE0241,2025-11-26,False,,,,False
97404000AV0233,2025-12-08,False,,,,False
97401000AR0033,2025-12-12,True,,,,False
97423000AD0614,2025-08-08,True,,,,False
97422000BV3061,2025-04-08,True,,,,False
97414000ET2344,2025-10-28,False,,,,False
97422000DO0276,2025-04-01,True,,,,False
97411000HT0197,2025-10-06,False,,,,False
97422000AL0997,2025-04-04,True,,,,False
97416000EV0432,2025-06-06,False,,,,False
97411000KB0251,2025-02-07,False,,,,False
97404000AS0359,2025-09-12,False,,,,False
97414000DT1007,2025-09-17,False,,,,False
97422000BT0477,2025-02-05,False,,,,False
97415000BI0312,2025-11-14,False,,,,False
97422000AE0711,2025-04-11,False,,,,False
97420000BE0706,2025-07-30,False,,,,False
97412000AX0551,2025-05-26,False,,,,False
97415000CS0830,2025-11-24,False,,,,False
97415000BW2135,2025-09-10,True,,,,False
97422000BD3132,2025-06-30,False,,,,False
97411000EN0126,2025-01-10,False,,,,False
97422000BO1768,2025-11-28,False,,,,False
97415000EZ0131,2025-07-15,False,,,,False
97418000AV1792,2025-01-09,True,,,,False
97415000HO0548,2025-09-19,False,,,,False
97415000EP1247,2025-11-26,False,,,,False
97409000AR2724,2025-01-14,False,,,,False
97422000BD1755,2025-01-31,False,,,,False
97408000AP1622,2025-09-11,True,,,,False
97409000AN0600,2025-03-19,False,,,,False
97415000BY0730,2025-10-08,False,,,,False
97415000AH1306,2025-08-05,True,,,,False
97422000BN3098,2025-11-26,False,,,,False
97418000AT2304,2025-09-19,False,,,,False
97415000BR0150,2025-07-22,True,,,,False
97410000BX1025,2025-06-06,True,,,,False
97413000BH0646,2025-09-25,False,,,,False
97417000BD1473,2025-09-11,False,,,,False
97416000EK0365,2025-08-20,True,,,,False
97422000CS1341,2025-05-06,False,,,,False
97410000AB0254,2025-05-05,False,,,,False
97422000DE0867,2025-07-04,True,,,,False
97410000BY0287,2025-12-11,True,,,,False
97415000HP0029,2025-01-23,False,,,,False
97416000EV0059,2025-04-17,False,,,,False
97411000HX0361,2025-07-25,False,,,,False
97403000AS1397,2025-05-30,False,,,,False
97422000AL0976,2025-01-14,False,,,,False
97414000DT0815,2025-03-07,True,,,,False
97422000BX1193,2025-08-19,False,,,,False
97416000HX0878,2025-04-29,False,,,,False
97415000AZ1217,2025-12-15,True,,,,False
97404000AV0270,2025-08-07,False,,,,False
97422000BN2531,2025-05-30,False,,,,False
97413000CV0170,2025-05-02,False,,,,False
97417000AT0943,2025-11-27,False,,,,False
97415000BW2148,2025-06-30,True,,,,False
97420000AD0487,2025-11-05,True,,,,False
97410000AN0680,2025-04-18,False,,,,False
97407000AY0408,2025-04-23,True,,,,False
97402000AK1866,2025-07-07,True,,,,False
97409000AC1106,2025-09-15,False,,,,False
97418000AP1092,2025-02-10,False,,,,False
97415000BN1276,2025-07-11,False,,,,False
97407000AZ0045,2025-12-22,False,,,,False
97415000AR0009,2025-11-26,True,,,,False
97413000CX2873,2025-12-10,False,,,,False
97418000AR2589,2025-07-15,False,,,,False
97416000CD0544,2025-05-28,True,,,,False
97407000AK1199,2025-09-30,True,,,,False
97408000AP1630,2025-09-11,True,,,,False
97416000EX1895,2025-05-26,False,,,,False
97411000HC0308,2025-06-17,True,,,,False
97408000AP1629,2025-09-11,True,,,,False
97416000EX1577,2025-06-02,False,,,,False
97417000BD1183,2025-09-04,True,,,,False
97416000CT1119,2025-06-03,False,,,,False
97410000AN0859,2025-11-27,True,,,,False
97415000EW1750,2025-11-03,False,,,,False
97422000CN1020,2025-09-03,False,,,,False
97411000DT0258,2025-04-03,False,,,,False
97411000CM0728,2025-07-11,True,,,,False
97409000BD0641,2025-10-08,False,,,,False
97401000AN1336,2025-09-08,False,,,,False
97422000BD1902,2025-08-26,True,,,,False
97406000AT0343,2025-04-18,False,,,,False
97422000AX1182,2025-12-08,True,,,,False
97408000AB0267,2025-10-09,False,,,,False
97414000CZ0110,2025-06-26,False,,,,False
97406000AT0841,2025-02-27,False,,,,False
97412000CE1769,2025-11-05,False,,,,False
97406000AV1246,2025-06-11,True,,,,False
97414000DE1473,2025-04-10,False,,,,False
97405000AE0002,2025-09-09,False,,,,False
97414000DT0661,2025-09-19,False,,,,False
97402000AK2237,2025-08-20,False,,,,False
97416000EV0189,2025-04-09,True,,,,False
97415000CY0449,2025-05-20,False,,,,False
97414000CH0076,2025-05-16,False,,,,False
97422000CM0203,2025-07-31,False,,,,False
97414000EN2980,2025-08-27,True,,,,False
97423000AH1822,2025-07-18,True,,,,False
97415000CS1187,2025-09-01,True,,,,False
97411000HB0371,2025-08-01,True,,,,False
97412000CE1560,2025-01-10,True,,,,False
97408000AS0546,2025-12-31,False,,,,False
97416000EH1233,2025-07-11,True,,,,False
97416000CD0554,2025-04-23,True,,,,False
97422000CY0209,2025-07-30,False,,,,False
97412000AW0021,2025-11-27,False,,,,False
97414000DS0951,2025-08-22,False,,,,False
97409000AE0242,2025-08-21,False,,,,False
97410000AD1011,2025-07-30,True,,,,False
97411000AV0560,2025-03-05,False,,,,False
97424000AI2430,2025-03-31,True,,,,False
97416000ET1849,2025-08-29,False,,,,False
97418000BM0496,2025-10-16,True,,,,False
97418000BM0502,2025-10-16,True,,,,False
97414000ER0725,2025-05-16,True,,,,False
97415000DI0079,2025-01-16,False,,,,False
97406000AE0121,2025-04-14,False,,,,False
97420000AI0910,2025-04-24,False,,,,False
97409000AS2130,2025-10-24,True,,,,False
97418000BE0166,2025-04-29,False,,,,False
97406000AV0976,2025-04-30,True,,,,False
97416000EX1197,2025-02-13,True,,,,False
97414000EK0218,2025-07-15,True,,,,False
97412000BW1864,2025-10-30,False,,,,False
97409000AZ1066,2025-08-22,True,,,,False
97409000AK0828,2025-12-19,False,,,,False
97416000CZ0833,2025-01-31,False,,,,False
97416000CZ1458,2025-12-05,False,,,,False
97415000CW1081,2025-05-21,True,,,,False
97413000CQ0246,2025-11-04,False,,,,False
97401000AD1571,2025-09-22,False,,,,False
97422000BD1665,2025-06-25,False,,,,False
97422000AL0995,2025-04-04,True,,,,False
97414000ET2345,2025-12-26,False,,,,False
97408000AN0621,2025-12-18,False,,,,False
97414000EL1357,2025-05-31,False,,,,False
97415000CO0369,2025-07-01,True,,,,False
97415000CW0830,2025-07-01,True,,,,False
97412000BX1036,2025-03-07,True,,,,False
97420000AS1234,2025-04-03,False,,,,False
97410000AN0840,2025-10-27,True,,,,False
97409000BE1854,2025-10-07,True,,,,False
97410000BI0556,2025-04-28,False,,,,False
97411000AR0075,2025-10-24,False,,,,False
97411000AT0454,2025-04-24,False,,,,False
97422000BV3055,2025-04-08,True,,,,False
97416000HN1461,2025-02-04,True,,,,False
97412000AW0151,2025-03-11,True,,,,False
97410000BK0319,2025-02-14,False,,,,False
97415000CW0831,2025-07-01,True,,,,False
97411000BH0744,2025-01-30,False,,,,False
97411000AE0184,2025-01-28,False,,,,False
97415000CW0852,2025-07-01,True,,,,False
97415000CP1448,2025-08-26,False,,,,False
97422000BK0004,2025-01-15,False,,,,False
97407000AO1566,2025-09-01,True,,,,False
97409000BI0548,2025-03-11,False,,,,False
97413000CX2538,2025-03-18,False,,,2026-08-31 19:23:11.129235+00:00,False
97411000DS0864,2025-07-11,False,,,,False
97401000AO0184,2025-03-12,True,,,,False
97413000DG1024,2025-10-31,True,,,,False
97416000DN0669,2025-09-18,True,,,,False
97401000AM1495,2025-03-26,True,,,,False
97422000DM0606,2025-02-27,False,,,,False
97416000EZ0758,2025-10-21,False,,,,False
97415000CT1168,2025-08-11,True,,,,False
97409000AX1099,2025-07-31,True,,,,False
97410000AI0525,2025-09-12,False,,,,False
97422000CX0602,2025-07-24,False,,,,False
97415000EW1474,2025-07-30,True,,,,False
97420000AO0599,2025-09-30,False,,,,False
97422000BW0392,2025-05-22,False,,,,False
97410000AD0999,2025-02-27,False,,,,False
97415000CW0839,2025-07-01,True,,,,False
97415000BP0629,2025-09-26,True,,,,False
97411000EN0181,2025-08-25,False,,,,False
97422000BT0898,2025-08-11,False,,,,False
97410000AL0446,2025-06-06,True,,,,False
97410000AO0340,2025-11-27,False,,,,False
97422000BW3620,2025-11-18,False,,,,False
97411000IH0344,2025-04-30,False,,,,False
97410000CL0965,2025-03-31,False,,,,False
97424000AI2244,2025-08-29,False,,,,False
97413000DC1563,2025-04-30,True,,,,False
97404000AC1119,2025-09-25,False,,,,False
97415000AV0336,2025-01-17,True,,,,False
97405000AY0365,2025-08-22,True,,,,False
97416000HO0446,2025-09-29,False,,,,False
97401000AO0025,2025-03-12,True,,,,False
97409000AV0421,2025-12-10,False,,,,False
97415000CO0265,2025-07-01,True,,,,False
97410000AL0425,2025-06-06,True,,,,False
97405000AW1214,2025-08-28,True,,,,False
97418000AO1924,2025-11-21,False,,,,False
97416000EI0429,2025-08-14,False,,,,False
97405000AO0248,2025-07-16,True,,,,False
97409000BH0263,2025-08-25,False,,,,False
97414000EL1876,2025-02-20,False,,,,False
97415000BP0969,2025-11-05,False,,,,False
97417000AX0262,2025-11-28,False,,,,False
97416000CY0889,2025-09-29,False,,,,False
97424000AE1273,2025-09-23,True,,,,False
97415000EW1428,2025-05-30,False,,,,False
97404000AH0980,2025-01-24,False,,,,False
97421000BC0403,2025-01-24,False,,,,False
97418000AW0624,2025-10-30,False,,,,False
97416000EH1026,2025-03-27,False,,,,False
97415000AX1097,2025-12-08,False,,,,False
97411000HB0513,2025-09-16,False,,,,False
97415000AV0906,2025-03-14,True,,,,False
97404000AS0369,2025-07-31,False,,,,False
97409000BE2152,2025-03-12,False,,,,False
97408000AT1736,2025-01-29,True,,,,False
97422000AN0669,2025-12-30,False,,,,False
97415000AX0987,2025-12-17,True,,,,False
97424000AH0243,2025-07-31,False,,,,False
97415000AW1758,2025-07-31,False,,,,False
97413000DD1118,2025-06-25,True,,,,False
97407000AH1245,2025-02-05,False,,,,False
97415000EW1164,2025-01-30,False,,,,False
97416000EK0475,2025-03-31,False,,,,False
97416000HY1458,2025-05-14,False,,,,False
97420000AZ0279,2025-03-07,True,,,,False
97407000AE0309,2025-05-27,False,,,,False
97422000EM0128,2025-07-29,False,,,,False
97422000BX1102,2025-01-07,False,,,,False
97422000BK1093,2025-09-26,False,,,,False
97415000BV1289,2025-07-15,False,,,,False
97403000AS2120,2025-12-29,False,,,,False
97422000BV3053,2025-04-08,True,,,,False
97409000AM0824,2025-11-17,False,,,,False
97405000AR1628,2025-07-07,False,,,,False
97416000EK0623,2025-06-26,False,,,,False
97412000BW2433,2025-10-03,False,,,,False
97415000ET1708,2025-04-25,False,,,,False
97404000AD1554,2025-11-18,True,,,,False
97409000BR0188,2025-11-19,True,,,,False
97410000AL0443,2025-06-06,True,,,,False
97424000AI0270,2025-12-08,False,,,,False
97405000AL1568,2025-11-10,False,,,,False
97423000AK2013,2025-03-31,True,,,,False
97409000AT1669,2025-03-17,True,,,,False
97418000BH0568,2025-09-09,False,,,,False
97424000AD0120,2025-01-16,False,,,,False
97422000BP1973,2025-04-08,True,,,,False
97412000AT0967,2025-01-30,True,,,,False
97408000AN0783,2025-11-13,False,,,,False
97422000AX1480,2025-09-16,False,,,,False
97416000HV0697,2025-12-30,False,,,,False
97415000CX0802,2025-01-13,True,,,,False
97411000AN0644,2025-11-20,False,,,,False
97410000BV0784,2025-10-27,True,,,,False
97415000CV0333,2025-05-30,False,,,,False
97415000CO0247,2025-07-01,True,,,,False
97408000BM0036,2025-04-10,False,,,,False
97422000ED0150,2025-03-12,True,,,,False
97411000AL0042,2025-05-27,False,,,,False
97411000DR0313,2025-02-14,False,,,,False
97412000BX1654,2025-12-17,False,,,,False
97416000EX1808,2025-10-09,False,,,,False
97408000AT2040,2025-05-15,True,,,,False
97415000DT1230,2025-03-10,False,,,,False
97406000AV1138,2025-02-20,False,,,,False
97415000ET1706,2025-12-16,False,,,,False
97422000BW1897,2025-09-02,False,,,,False
97415000ER0755,2025-06-19,True,,,,False
97409000BE2099,2025-10-07,True,,,,False
97411000EP0256,2025-01-31,True,,,,False
97420000AS0541,2025-12-30,True,,,,False
97420000AC1116,2025-09-02,False,,,,False
97422000BP1998,2025-04-08,True,,,,False
97415000AZ1707,2025-12-30,True,,,,False
97415000EO1063,2025-10-10,True,,,,False
97423000AB1743,2025-09-08,True,,,,False
97422000BN0809,2025-08-12,False,,,,False
97410000BM0085,2025-07-29,True,,,,False
97405000AW1686,2025-08-07,False,,,,False
97411000EK0089,2025-02-07,True,,,,False
97414000ES0851,2025-05-15,False,,,,False
97421000BM0250,2025-12-18,False,,,,False
97411000KE0452,2025-03-12,True,,,,False
97408000BR0088,2025-08-27,False,,,,False
97410000BN0560,2025-10-30,True,,,,False
97409000BE1541,2025-10-07,True,,,,False
97408000AP1670,2025-09-11,True,,,,False
97409000AN0576,2025-04-28,False,,,,False
97401000AI0411,2025-03-31,True,,,,False
97414000EK0692,2025-10-28,False,,,,False
97412000AO0986,2025-12-30,False,,,,False
97415000AX0991,2025-12-17,True,,,,False
97416000ET2204,2025-11-27,False,,,,False
97422000DE1018,2025-04-25,False,,,,False
97414000CI0781,2025-09-05,False,,,,False
97419000AR0814,2025-09-18,False,,,,False
97415000DR0739,2025-07-07,True,,,,False
97422000BV2850,2025-01-20,False,,,,False
97416000EV1496,2025-04-30,False,,,,False
97422000BO1871,2025-09-30,False,,,,False
97418000AP4276,2025-08-18,False,,,,False
97418000AT1073,2025-12-26,False,,,,False
97411000AN0692,2025-11-21,False,,,,False
97415000CW0911,2025-07-01,True,,,,False
97407000AE0476,2025-06-30,True,,,,False
97416000HN1470,2025-10-08,True,,,,False
97416000EV1479,2025-05-30,True,,,,False
97407000AM1464,2025-11-04,True,,,,False
97401000AM1704,2025-12-16,False,,,,False
97415000CT0773,2025-11-21,False,,,,False
97412000AN0436,2025-01-31,True,,,,False
97412000BW0616,2025-03-28,False,,,,False
97402000AH1280,2025-10-10,False,,,,False
97411000DK0004,2025-08-18,False,,,,False
97416000DH0935,2025-09-26,True,,,,False
97409000BH0435,2025-06-25,False,,,,False
97422000BS0013,2025-03-24,False,,,,False
97414000ES0461,2025-05-07,True,,,,False
97412000CS0406,2025-07-29,False,,,,False
97414000EL1303,2025-01-03,False,,,,False
97414000DS0230,2025-02-17,False,,,,False
97411000AM0103,2025-10-20,False,,,,False
97417000AT1238,2025-09-26,False,,,,False
97413000CH0915,2025-08-22,True,,,,False
97422000EH0130,2025-09-08,True,,,,False
97415000CW1109,2025-11-24,False,,,,False
97415000CK0992,2025-08-26,False,,,,False
97418000BT0623,2025-05-02,False,,,,False
97423000AH1839,2025-03-27,True,,,,False
97416000IK0214,2025-07-25,False,,,,False
97411000HM0184,2025-04-25,False,,,,False
97409000BK0082,2025-04-04,False,,,,False
97414000EV0245,2025-03-27,False,,,,False
97424000AD0122,2025-01-16,False,,,,False
97414000EV0810,2025-12-16,False,,,,False
97416000EY0616,2025-12-29,False,,,,False
97406000AW1143,2025-05-22,False,,,,False
97416000CZ1506,2025-10-21,False,,,,False
97422000CO0494,2025-08-28,False,,,,False
97422000CX1251,2025-03-12,False,,,,False
97413000CT0358,2025-03-05,True,,,,False
97411000AH0372,2025-08-25,True,,,,False
97411000AS0287,2025-01-29,False,,,,False
97405000AR1187,2025-07-07,False,,,,False
97420000BC1429,2025-04-10,False,,,,False
97411000KB0225,2025-11-14,False,,,,False
97412000AW0499,2025-03-11,True,,,,False
97422000BW3608,2025-06-10,True,,,,False
97420000AO0645,2025-03-25,False,,,,False
97416000HN1471,2025-02-04,True,,,,False
97411000BP0840,2025-02-07,False,,,,False
97414000HB0176,2025-09-25,False,,,,False
97422000AE1044,2025-06-19,False,,,,False
97408000AW1291,2025-04-09,False,,,,False
97409000AV0880,2025-12-10,False,,,,False
97415000CO0033,2025-11-06,True,,,,False
97422000AP0776,2025-09-18,True,,,,False
97404000AI2037,2025-03-04,False,,,,False
97405000AZ0871,2025-01-08,False,,,,False
97407000AH0342,2025-10-02,True,,,,False
97412000CX0091,2025-07-29,False,,,,False
97412000CX0269,2025-12-22,False,,,,False
97413000CH0537,2025-01-29,True,,,,False
97412000AO0257,2025-01-21,False,,,,False
97422000CN0121,2025-06-04,True,,,,False
97407000BE0256,2025-07-03,False,,,,False
97416000CW1245,2025-06-24,True,,,,False
97416000HW0066,2025-10-13,False,,,,False
97405000AK1379,2025-05-12,False,,,,False
97410000BX1706,2025-12-19,False,,,,False
97412000AT0747,2025-10-14,True,,,,False
97416000DN0654,2025-09-18,True,,,,False
97411000KE0388,2025-07-21,True,,,,False
97416000CX1362,2025-03-20,True,,,,False
97411000IO0014,2025-08-07,False,,,,False
97411000IA0120,2025-05-20,False,,,,False
97415000CS0381,2025-01-28,False,,,,False
97422000AX1689,2025-04-01,False,,,,False
97422000BI1059,2025-07-07,True,,,,False
97422000BP1957,2025-04-08,True,,,,False
97408000AN1009,2025-11-28,False,,,,False
97415000BW1906,2025-11-27,True,,,,False
97416000EH1143,2025-10-01,False,,,,False
97411000AL0533,2025-09-15,False,,,,False
97414000EL1790,2025-01-24,False,,,,False
97416000HO0750,2025-03-07,False,,,,False
97415000DK1191,2025-11-19,False,,,,False
97407000AE0800,2025-08-18,True,,,,False
97416000HN1317,2025-09-16,True,,,,False
97407000AX0224,2025-03-14,True,,,,False
97416000EP0251,2025-11-04,True,,,,False
97415000CD0758,2025-12-23,False,,,,False
97414000EK0478,2025-01-31,False,,,,False
97412000AM1352,2025-06-27,False,,,,False
97415000DR0847,2025-08-08,True,,,,False
97403000AO0788,2025-05-26,False,,,,False
97415000BV0606,2025-02-11,True,,,,False
97409000AR2714,2025-03-28,False,,,,False
97414000ES1062,2025-02-13,False,,,,False
97402000AK1976,2025-11-13,False,,,,False
97424000AI1828,2025-02-25,True,,,,False
97415000ET1378,2025-08-29,False,,,,False
97411000EL0158,2025-12-17,True,,,,False
97415000EW0816,2025-03-20,True,,,,False
97405000AV0478,2025-08-21,False,,,,False
97411000IL0612,2025-05-05,True,,,,False
97422000EN0136,2025-09-01,True,,,,False
97404000AL1603,2025-04-18,True,,,,False
97418000AV0648,2025-09-18,False,,,,False
97415000BH0271,2025-10-14,True,,,,False
97404000AI2185,2025-08-22,False,,,,False
97422000BV1556,2025-08-06,False,,,,False
97415000EY1091,2025-05-06,False,,,,False
97412000AO0394,2025-01-29,False,,,,False
97416000DN0007,2025-02-03,False,,,,False
97414000EV0551,2025-07-10,True,,,,False
97414000DS0665,2025-06-11,False,,,,False
97415000AH1303,2025-08-05,True,,,,False
97409000AL1912,2025-01-16,False,,,,False
97412000BC0821,2025-08-07,False,,,,False
97415000CT3278,2025-06-10,False,,,,False
97409000AE0237,2025-03-26,False,,,,False
97409000AV0667,2025-06-11,False,,,,False
97416000CR0401,2025-11-12,False,,,,False
97416000EZ0760,2025-08-22,True,,,,False
97405000BI0856,2025-10-31,True,,,,False
97411000AT0085,2025-08-20,False,,,,False
97405000BE0756,2025-02-19,True,,,,False
97404000AD1206,2025-10-21,False,,,,False
97401000AS0965,2025-11-28,False,,,,False
97409000BD0150,2025-10-23,False,,,,False
97422000BO1720,2025-08-28,True,,,,False
97412000AX0687,2025-05-21,True,,,,False
97404000AV0197,2025-01-17,True,,,,False
97422000BP0956,2025-03-25,False,,,,False
97401000AP1431,2025-12-17,False,,,,False
97415000AT0650,2025-02-27,False,,,,False
97413000DE2513,2025-06-23,False,,,,False
97412000CD0388,2025-06-27,False,,,,False
97419000AR0431,2025-01-27,False,,,,False
97415000AB0841,2025-09-30,True,,,,False
97416000EM0863,2025-08-28,True,,,,False
97422000BV2635,2025-11-25,False,,,,False
97413000CX2000,2025-06-16,True,,,,False
97413000DK0364,2025-03-20,False,,,,False
97415000EO1064,2025-10-10,True,,,,False
97422000AP0877,2025-10-08,False,,,,False
97422000CM0350,2025-11-27,False,,,,False
97408000BM0117,2025-11-27,False,,,,False
97412000CS0082,2025-04-11,True,,,,False
97404000AL1375,2025-02-18,False,,,,False
97410000AN0812,2025-10-29,True,,,,False
97415000ET1734,2025-09-01,False,,,,False
97411000AY0387,2025-06-21,False,,,,False
97410000BX1633,2025-11-17,False,,,,False
97422000BH1077,2025-06-17,False,,,,False
97421000AS0273,2025-06-19,True,,,,False
97403000AO0585,2025-10-29,True,,,,False
97415000ET1019,2025-06-26,True,,,,False
97422000BV3179,2025-06-03,False,,,,False
97410000AN0223,2025-06-05,False,,,,False
97420000AC0759,2025-01-08,False,,,,False
97411000HA0147,2025-04-25,False,,,,False
97415000DS1005,2025-07-21,False,,,,False
97416000HZ0031,2025-07-30,False,,,,False
97422000AP1094,2025-03-28,True,,,,False
97422000CL1487,2025-05-28,True,,,,False
97401000AP1102,2025-02-17,False,,,,False
97410000AP0434,2025-05-27,True,,,,False
97411000HV0226,2025-12-24,False,,,,False
97418000BP0005,2025-04-30,False,,,,False
97418000AT0362,2025-07-21,True,,,,False
97411000IR0616,2025-06-24,False,,,,False
97422000BP0758,2025-10-13,False,,,,False
97415000CO0499,2025-07-01,True,,,,False
97422000EN0303,2025-11-07,False,,,,False
97416000CS0585,2025-04-25,False,,,,False
97416000EN1259,2025-10-28,True,,,,False
97410000AS0431,2025-09-26,True,,,,False
97413000CX2179,2025-08-18,True,,,,False
97422000DE0018,2025-03-13,False,,,,False
97420000AB0749,2025-06-06,False,,,,False
97407000BI0448,2025-02-24,False,,,,False
97410000BX0411,2025-08-29,False,,,,False
97422000AS0008,2025-01-31,False,,,,False
97415000ET1418,2025-12-11,False,,,,False
97422000BT1217,2025-12-30,True,,,,False
97414000ES0880,2025-07-29,False,,,,False
97412000BL1197,2025-08-01,False,,,,False
97409000BL0212,2025-03-25,True,,,,False
97422000BP0732,2025-04-29,False,,,,False
97422000DK0397,2025-08-22,True,,,,False
97410000AW0028,2025-12-26,True,,,,False
97415000CO0496,2025-07-01,True,,,,False
97408000BO0386,2025-12-22,True,,,,False
97404000AC0808,2025-10-28,True,,,,False
97415000EW1973,2025-10-13,True,,,,False
97420000BH2086,2025-10-31,True,,,,False
97409000AV0643,2025-04-04,True,,,,False
97415000EL0522,2025-06-04,True,,,,False
97416000HX0058,2025-12-11,False,,,,False
97401000AD1078,2025-05-30,True,,,,False
97411000EP0238,2025-11-07,True,,,,False
97422000BM0614,2025-02-18,True,,,,False
97403000AN0271,2025-11-25,False,,,,False
97411000HS0142,2025-04-08,False,,,,False
97415000AW2397,2025-11-24,True,,,,False
97413000CC0189,2025-12-05,False,,,,False
97409000AR1878,2025-12-05,True,,,,False
97415000CL0069,2025-08-27,False,,,,False
97411000IA0232,2025-02-07,True,,,,False
97414000EN3530,2025-10-01,True,,,,False
97422000ED0295,2025-09-29,False,,,,False
97424000AL1322,2025-02-18,False,,,,False
97408000AP1645,2025-12-19,False,,,,False
97424000AI1503,2025-02-17,False,,,,False
97414000CR0385,2025-08-25,True,,,,False
97416000DO0011,2025-08-19,False,,,,False
97411000DX0124,2025-04-03,False,,,,False
97416000IM0905,2025-07-22,False,,,,False
97422000CM0864,2025-03-24,True,,,,False
97406000AC0630,2025-11-14,False,,,,False
97416000DE0461,2025-04-10,False,,,,False
97422000BP1954,2025-04-08,True,,,,False
97424000AC0797,2025-09-15,False,,,,False
97401000AP0673,2025-03-19,True,,,,False
97407000AY0436,2025-07-07,False,,,,False
97415000DO0191,2025-05-30,False,,,,False
97422000EN0147,2025-09-01,True,,,,False
97402000AK1578,2025-06-23,True,,,,False
97409000BE2216,2025-08-06,False,,,,False
97424000AD0080,2025-01-16,False,,,,False
97416000IA1388,2025-07-22,False,,,,False
97415000AY0401,2025-12-29,False,,,,False
97411000CM0510,2025-07-11,True,,,,False
97411000AD0035,2025-06-11,False,,,,False
97404000AS0183,2025-06-24,False,,,,False
97412000BM0947,2025-03-07,True,,,,False
97422000BM0462,2025-02-04,True,,,,False
97416000HM0320,2025-05-26,False,,,,False
97401000AO0891,2025-11-25,False,,,,False
97410000AY0487,2025-08-29,False,,,,False
97422000DO0906,2025-04-01,True,,,,False
97416000EY1440,2025-09-30,False,,,,False
97412000AM2075,2025-02-11,True,,,,False
97415000AW0070,2025-10-13,False,,,,False
97416000HZ0111,2025-12-17,False,,,,False
97414000EK0413,2025-11-24,False,,,,False
97415000CO0356,2025-07-01,True,,,,False
97415000EY1808,2025-11-24,False,,,,False
97415000BI0498,2025-03-14,False,,,,False
97410000AL0427,2025-06-06,True,,,,False
97422000BP1987,2025-04-08,True,,,,False
97416000HY1550,2025-04-29,False,,,,False
97410000AB1033,2025-03-19,False,,,,False
97405000BI0139,2025-07-17,True,,,,False
97410000BM0923,2025-05-22,False,,,,False
97415000DT0059,2025-02-14,False,,,,False
97422000CP0903,2025-10-23,True,,,,False
97405000AK0466,2025-11-25,False,,,,False
97422000BI1005,2025-11-27,True,,,,False
97415000BN1096,2025-12-01,True,,,,False
97416000EX0967,2025-01-17,False,,,,False
97412000CK0045,2025-08-01,True,,,,False
97412000AZ0948,2025-08-18,False,,,,False
97415000EP1230,2025-12-26,True,,,,False
97402000AK2163,2025-04-04,True,,,,False
97411000AL0009,2025-01-24,False,,,,False
97424000AH0903,2025-07-31,True,,,,False
97406000AI0717,2025-07-23,True,,,,False
97414000DM0907,2025-12-22,False,,,,False
97412000BW0687,2025-03-21,True,,,,False
97405000AR1839,2025-01-28,True,,,,False
97422000BO1716,2025-08-28,True,,,,False
97420000BH2083,2025-10-31,True,,,,False
97413000CX2869,2025-10-24,False,,,,False
97413000CQ0159,2025-11-20,False,,,,False
97410000AS1429,2025-03-10,False,,,,False
97414000DM0018,2025-10-29,False,,,,False
97408000AO1907,2025-02-21,True,,,,False
97412000BC0334,2025-08-19,False,,,,False
97418000AC1585,2025-10-16,True,,,,False
97415000EL0527,2025-09-25,True,,,,False
97413000DC0529,2025-08-27,True,,,,False
97415000EW0728,2025-07-22,False,,,,False
97418000AR0498,2025-10-20,True,,,,False
97416000EV1517,2025-05-30,True,,,,False
97411000EM0151,2025-03-28,False,,,,False
97415000BW2058,2025-08-20,False,,,,False
97401000AL0581,2025-01-14,True,,,,False
97415000BH0267,2025-10-14,True,,,,False
97416000HK0078,2025-05-21,True,,,,False
97402000AH1803,2025-12-18,False,,,,False
97415000CY0477,2025-06-12,False,,,,False
97412000BM1373,2025-03-31,False,,,,False
97413000BM0699,2025-06-27,True,,,,False
97411000IS0679,2025-05-13,False,,,,False
97415000EH0549,2025-11-07,False,,,,False
97413000DC1561,2025-04-30,True,,,,False
97416000CV1747,2025-03-04,True,,,,False
97415000CX1365,2025-12-02,False,,,,False
97422000BP1945,2025-04-08,True,,,,False
97414000EL2526,2025-05-26,True,,,,False
97402000AI1207,2025-07-11,False,,,,False
97413000AV2316,2025-10-14,True,,,,False
97407000BE0314,2025-07-10,False,,,,False
97412000AM2065,2025-03-24,False,,,,False
97422000BR1860,2025-08-26,False,,,,False
97416000DM0871,2025-04-30,True,,,,False
97415000EO1101,2025-02-11,True,,,,False
97420000BD1207,2025-10-31,False,,,,False
97424000AM0120,2025-04-01,False,,,,False
97411000KC0251,2025-06-13,False,,,,False
97422000AK1457,2025-10-30,False,,,,False
97415000DT1225,2025-07-10,True,,,,False
97424000AI2242,2025-03-11,False,,,,False
97416000ID0843,2025-04-29,False,,,,False
97415000DI0473,2025-12-22,True,,,,False
97420000AO0594,2025-06-05,False,,,,False
97414000ET2334,2025-05-27,False,,,,False
97415000CX0216,2025-12-29,False,,,,False
97415000CT1229,2025-07-01,True,,,,False
97422000AX0898,2025-03-10,False,,,,False
97422000BS0940,2025-10-30,True,,,,False
97412000BX1854,2025-05-14,True,,,,False
97412000AW0150,2025-03-11,True,,,,False
97423000AD0775,2025-07-04,False,,,,False
97418000AC1356,2025-10-16,True,,,,False
97414000EL2146,2025-04-08,False,,,,False
97411000AE0456,2025-01-28,False,,,,False
97413000CH0917,2025-03-31,False,,,,False
97411000BZ1640,2025-08-12,True,,,,False
97411000CD0763,2025-11-14,True,,,,False
97408000AC2259,2025-07-25,False,,,,False
97416000CD0267,2025-06-20,True,,,,False
97409000BI0784,2025-03-28,False,,,,False
97415000CL0623,2025-12-09,False,,,,False
97415000CM0609,2025-12-11,False,,,,False
97422000AR0298,2025-10-27,False,,,,False
97409000AS1886,2025-05-27,False,,,,False
97415000AY1533,2025-05-15,False,,,,False
97423000AK1311,2025-09-05,False,,,,False
97422000DH0471,2025-09-29,False,,,,False
97416000EX1897,2025-12-22,True,,,,False
97411000CM0963,2025-05-16,True,,,,False
97403000AH0126,2025-01-15,True,,,,False
97407000AL0744,2025-04-22,False,,,,False
97415000CT3067,2025-02-24,False,,,,False
97422000BH0933,2025-08-14,False,,,,False
97415000AB0596,2025-07-29,True,,,,False
97422000AL0994,2025-04-04,True,,,,False
97416000HI1148,2025-11-13,True,,,,False
97411000HI0529,2025-12-10,False,,,,False
97411000AD0053,2025-11-10,False,,,,False
97415000CH3319,2025-10-28,False,,,,False
97409000AT1020,2025-07-31,False,,,,False
97416000EN0439,2025-03-18,False,,,,False
97406000AI0701,2025-07-23,True,,,,False
97420000AO0601,2025-12-03,False,,,,False
97413000DE1638,2025-09-26,False,,,,False
97414000ET1190,2025-08-26,True,,,,False
97422000CX1048,2025-02-17,False,,,,False
97416000HZ1070,2025-06-19,True,,,,False
97412000AM0765,2025-09-23,False,,,,False
97404000AM0970,2025-05-30,True,,,,False
97409000AS2128,2025-04-24,True,,,,False
97412000CD0248,2025-06-26,False,,,,False
97403000AS1274,2025-11-28,False,,,,False
97422000BP2131,2025-07-01,False,,,,False
97402000AH2009,2025-06-23,False,,,,False
97418000AV2093,2025-07-29,False,,,,False
97422000DE0517,2025-07-11,False,,,,False
97401000AN0935,2025-02-06,False,,,,False
97404000AH1027,2025-04-07,True,,,,False
97414000EN2694,2025-09-24,False,,,,False
97415000CV1426,2025-07-02,False,,,,False
97415000CO0284,2025-07-01,True,,,,False
97414000EN2477,2025-12-10,True,,,,False
97414000CH1972,2025-12-29,False,,,,False
97422000DI0429,2025-07-25,False,,,,False
97411000AY0287,2025-04-09,False,,,,False
97406000AI1074,2025-05-22,False,,,,False
97403000AS1049,2025-01-17,True,,,,False
97415000AW0757,2025-07-17,False,,,,False
97415000HN0152,2025-12-19,True,,,,False
97412000BL0426,2025-11-28,False,,,,False
97407000AO0123,2025-12-01,True,,,,False
97418000AV0725,2025-09-02,False,,,,False
97415000CZ0899,2025-12-19,False,,,,False
97416000EV0631,2025-08-29,True,,,,False
97411000DX0117,2025-07-25,True,,,,False
97422000CX1006,2025-06-30,False,,,,False
97415000CW0816,2025-07-01,True,,,,False
97420000AB1983,2025-06-05,True,,,,False
97412000BM1179,2025-11-18,False,,,,False
97412000CE2568,2025-07-23,False,,,,False
97422000BP1135,2025-06-23,True,,,,False
97409000AZ1065,2025-08-22,True,,,,False
97424000AE0394,2025-01-16,False,,,,False
97420000BD0714,2025-01-28,True,,,,False
97410000AW0452,2025-12-31,True,,,,False
97403000AH0125,2025-01-15,True,,,,False
97415000CL0217,2025-10-30,False,,,,False
97416000HY0581,2025-03-03,True,,,,False
97409000BI0834,2025-11-27,False,,,,False
97423000AK2032,2025-09-09,True,,,,False
97413000CN0755,2025-09-12,True,,,,False
97422000BP1967,2025-04-08,True,,,,False
97424000AI2432,2025-10-14,True,,,,False
97407000AK0379,2025-05-21,False,,,,False
97415000CX0975,2025-04-30,False,,,,False
97422000CN1073,2025-10-21,False,,,,False
97413000CQ0899,2025-06-17,True,,,,False
97416000CS0838,2025-11-14,True,,,,False
97417000BC0103,2025-11-13,True,,,,False
97415000EW1479,2025-07-30,True,,,,False
97417000AT1009,2025-05-13,False,,,,False
97403000AH0350,2025-09-08,True,,,,False
97416000CW1247,2025-06-24,True,,,,False
97422000AD1276,2025-05-30,False,,,,False
97410000BH0314,2025-08-08,True,,,,False
97413000DD1120,2025-06-25,True,,,,False
97414000EN4152,2025-11-13,False,,,,False
97422000AX1432,2025-12-08,True,,,,False
97416000DN0682,2025-10-10,True,,,,False
97418000AP1115,2025-07-30,False,,,,False
97410000BX1026,2025-06-06,True,,,,False
97416000CV2362,2025-04-25,True,,,,False
97411000AO0331,2025-03-23,False,,,,False
97404000AY0600,2025-10-30,True,,,,False
97423000AB1742,2025-09-08,True,,,,False
97413000AV2276,2025-09-05,False,,,,False
97409000AR0244,2025-11-14,True,,,,False
97412000BP0477,2025-09-08,False,,,,False
97411000CM0492,2025-11-25,False,,,,False
97415000ET1754,2025-09-09,False,,,,False
97412000AS0208,2025-09-30,True,,,,False
97419000AK0067,2025-06-12,True,,,,False
97416000EM1023,2025-02-03,True,,,,False
97414000EV0557,2025-07-10,True,,,,False
97410000CL0489,2025-05-30,False,,,,False
97412000BL0618,2025-07-10,True,,,,False
97403000AS2104,2025-02-14,False,,,,False
97401000AS1322,2025-04-25,True,,,,False
97418000BT0504,2025-05-02,False,,,,False
97416000CX1356,2025-02-04,True,,,,False
97405000AO0703,2025-04-29,False,,,,False
97422000CD0175,2025-02-26,False,,,,False
97401000AM0964,2025-01-23,False,,,,False
97416000EI0270,2025-05-30,True,,,,False
97401000AD0307,2025-01-29,False,,,,False
97415000AB0846,2025-11-14,False,,,,False
97404000AY0586,2025-05-09,False,,,,False
97416000HN0671,2025-10-21,False,,,,False
97408000BO0243,2025-07-10,False,,,,False
97415000AB0538,2025-07-29,True,,,,False
97401000AM0686,2025-08-01,True,,,,False
97410000BW0849,2025-01-31,False,,,,False
97412000CY0513,2025-09-26,False,,,,False
97422000BT1450,2025-07-09,False,,,,False
97402000AM0024,2025-05-26,True,,,,False
97413000AC0961,2025-07-18,True,,,,False
97410000BK0500,2025-06-25,True,,,,False
97412000BP0510,2025-03-24,False,,,,False
97411000HO0050,2025-11-28,False,,,,False
97411000KE0298,2025-02-07,False,,,,False
97415000EW1235,2025-03-11,True,,,,False
97415000AX1007,2025-08-18,False,,,,False
97410000BL0371,2025-12-18,True,,,,False
97408000AC3680,2025-11-24,False,,,,False
97415000CV1170,2025-04-17,False,,,,False
97411000AK0113,2025-01-14,False,,,,False
97421000AL0615,2025-02-06,False,,,,False
97408000AS0572,2025-10-29,True,,,,False
97405000AK1858,2025-01-31,False,,,,False
97410000AY0313,2025-09-09,False,,,,False
97422000BO1771,2025-12-30,False,,,,False
97409000AW0477,2025-05-13,False,,,,False
97412000CO0246,2025-09-29,False,,,,False
97414000EN4083,2025-07-31,False,,,,False
97412000CW0492,2025-04-23,False,,,,False
97411000ER0193,2025-04-28,False,,,,False
97419000AN0385,2025-10-01,False,,,,False
97404000AR0294,2025-01-31,False,,,,False
97413000CX2189,2025-08-18,True,,,,False
97413000CX2859,2025-11-28,True,,,,False
97415000CO0295,2025-07-01,True,,,,False
97413000CL0409,2025-09-19,False,,,,False
97409000AV1276,2025-09-29,False,,,,False
97415000AV0370,2025-01-17,True,,,,False
97416000HP0347,2025-07-15,True,,,,False
97422000BW2803,2025-04-03,True,,,,False
97414000CH1230,2025-10-31,False,,,,False
97422000BV2042,2025-10-02,True,,,,False
97412000BY1816,2025-05-19,False,,,,False
97412000BM1197,2025-01-14,False,,,,False
97415000CM0649,2025-10-29,True,,,,False
97402000AK2231,2025-12-15,False,,,,False
97414000DH1254,2025-03-27,False,,,,False
97422000AK1315,2025-10-01,False,,,,False
97422000DE0990,2025-10-07,True,,,,False
97415000BO0971,2025-12-31,False,,,,False
97409000AR0442,2025-07-28,False,,,,False
97416000DS0990,2025-03-20,True,,,,False
97417000AT1452,2025-01-03,True,,,,False
97410000BW1112,2025-07-22,True,,,,False
97412000CL0247,2025-08-01,True,,,,False
97412000BW1198,2025-12-08,False,,,,False
97414000HK0108,2025-09-23,False,,,,False
97407000AV0086,2025-05-27,True,,,,False
97416000CS1538,2025-04-25,True,,,,False
97416000CZ1002,2025-11-12,False,,,,False
97415000AY1548,2025-02-25,False,,,,False
97411000EP0262,2025-01-31,True,,,,False
97412000CZ0892,2025-10-16,False,,,,False
97418000AP4087,2025-06-03,False,,,,False
97420000AZ0417,2025-10-23,False,,,,False
97422000BD1692,2025-02-12,False,,,,False
97412000CD1576,2025-12-29,False,,,,False
97409000AY0829,2025-02-14,False,,,,False
97416000ET2219,2025-11-27,True,,,,False
97415000AW2331,2025-08-29,False,,,,False
97414000DL0017,2025-10-24,False,,,,False
97408000AP1680,2025-09-11,True,,,,False
97412000CW1059,2025-06-26,True,,,,False
97422000CR0171,2025-03-14,False,,,,False
97414000EV0226,2025-09-12,False,,,,False
97410000BL0356,2025-08-08,False,,,,False
97411000HC0258,2025-06-27,True,,,,False
97420000BD0719,2025-01-28,True,,,,False
97414000EV0481,2025-07-30,True,,,,False
97422000DH0580,2025-03-03,False,,,,False
97411000EZ0061,2025-01-21,False,,,,False
97416000ES2220,2025-02-07,False,,,,False
97422000BD3762,2025-11-06,False,,,,False
97411000EK0119,2025-04-04,False,,,,False
97411000HV0217,2025-12-19,False,,,,False
97424000AD0066,2025-01-20,False,,,,False
97408000AP1676,2025-09-11,True,,,,False
97414000CW0613,2025-07-10,True,,,,False
97405000AI0641,2025-09-17,True,,,,False
97413000CX2224,2025-09-22,True,,,,False
97414000EZ0483,2025-07-01,True,,,,False
97413000DM0051,2025-03-28,False,,,,False
97410000AS1460,2025-03-31,True,,,,False
97415000DE1320,2025-07-03,False,,,,False
97415000ER1742,2025-03-19,False,,,,False
97422000CX1278,2025-10-31,True,,,,False
97416000DM0930,2025-07-10,True,,,,False
97412000CE2782,2025-11-12,False,,,,False
97422000BK1642,2025-12-15,True,,,,False
97423000AB1304,2025-09-08,True,,,,False
97414000DI0459,2025-05-26,False,,,,False
97407000AI0727,2025-09-25,False,,,,False
97411000AW0331,2025-06-13,False,,,,False
97414000HI0908,2025-11-03,False,,,,False
97411000AN0173,2025-04-14,False,,,,False
97415000BZ0904,2025-12-30,True,,,,False
97422000CH0372,2025-09-30,False,,,,False
97413000CX2860,2025-11-28,True,,,,False
97415000AT0548,2025-03-04,True,,,,False
97422000BT1020,2025-04-08,False,,,,False
97409000BM0590,2025-04-11,True,,,,False
97408000AP1608,2025-12-15,False,,,,False
97404000AM0655,2025-11-03,False,,,,False
97422000BH0783,2025-10-15,True,,,,False
97422000CL1495,2025-06-30,False,,,,False
97418000AT0661,2025-03-07,False,,,,False
97412000BX1929,2025-10-09,True,,,,False
97415000EY0165,2025-06-23,False,,,,False
97409000BE1937,2025-10-07,True,,,,False
97413000CG0944,2025-09-09,True,,,,False
97415000AB0798,2025-12-30,True,,,,False
97404000AD1120,2025-11-18,True,,,,False
97412000BH0744,2025-08-20,True,,,,False
97410000AE0538,2025-03-28,True,,,,False
97414000CR0377,2025-08-25,True,,,,False
97415000CP1392,2025-01-23,True,,,,False
97415000ER0074,2025-11-19,False,,,,False
97408000AP0731,2025-08-12,True,,,,False
97403000AR0523,2025-08-01,False,,,,False
97422000DH0211,2025-04-10,True,,,,False
97416000DT0652,2025-09-23,True,,,,False
97421000BN0033,2025-02-05,True,,,,False
97412000BN1019,2025-07-07,False,,,,False
97412000AL0407,2025-05-05,True,,,,False
97422000BP1390,2025-10-07,False,,,,False
97415000EO0900,2025-03-03,False,,,,False
97422000BH1170,2025-09-19,False,,,,False
97401000AI0523,2025-06-30,True,,,,False
97411000AT0404,2025-08-22,False,,,,False
97414000HH0440,2025-07-24,False,,,,False
97415000CO0286,2025-07-01,True,,,,False
97414000EV0778,2025-07-10,True,,,,False
97409000AX0985,2025-09-16,True,,,,False
97415000CK0907,2025-09-05,True,,,,False
97411000DW0166,2025-06-27,True,,,,False
97411000DR0382,2025-11-19,False,,,,False
97415000DM0976,2025-10-30,True,,,,False
97418000AT1805,2025-12-12,False,,,,False
97412000AH1245,2025-12-01,False,,,,False
97414000EK0584,2025-05-26,False,,,,False
97422000AX1593,2025-12-08,True,,,,False
97415000CW0598,2025-05-21,True,,,,False
97402000AH1941,2025-04-16,True,,,,False
97415000CT3018,2025-09-29,True,,,,False
97415000CO0319,2025-01-22,False,,,,False
97412000BW2488,2025-12-12,True,,,,False
97406000AR0360,2025-06-16,True,,,,False
97422000BY0170,2025-03-26,False,,,,False
97404000AY0398,2025-12-09,False,,,,False
97416000HY1792,2025-10-14,True,,,,False
97413000DJ0578,2025-12-30,False,,,,False
97402000AC0468,2025-12-19,True,,,,False
97418000AP4385,2025-05-28,False,,,,False
97415000CO0470,2025-07-01,True,,,,False
97413000DJ0591,2025-02-24,False,,,,False
97415000AB0828,2025-09-30,True,,,,False
97422000BZ0235,2025-01-30,False,,,,False
97407000AH1383,2025-04-11,False,,,,False
97408000BO0381,2025-08-13,True,,,,False
97415000DY0039,2025-07-01,True,,,,False
97411000BD1147,2025-06-25,False,,,,False
97411000EN0184,2025-04-22,False,,,,False
97405000AL1667,2025-09-02,False,,,,False
97408000AP1644,2025-09-11,True,,,,False
97415000EO1058,2025-10-10,True,,,,False
97413000CH0654,2025-09-22,True,,,,False
97415000DN0309,2025-10-27,False,,,,False
97416000EY1403,2025-05-22,False,,,,False
97414000EV0781,2025-07-10,True,,,,False
97410000AR1588,2025-08-28,False,,,,False
97411000CM0907,2025-03-07,False,,,,False
97416000DM0782,2025-02-14,True,,,,False
97412000CE0449,2025-07-15,True,,,,False
97422000BP1136,2025-06-23,True,,,,False
97404000AT0893,2025-02-17,False,,,,False
97412000CL0254,2025-07-16,False,,,,False
97420000AB1351,2025-12-03,False,,,,False
97412000BT0197,2025-02-14,False,,,,False
97423000AK2017,2025-03-31,True,,,,False
97415000CP0007,2025-01-23,True,,,,False
97401000AL0946,2025-03-31,True,,,,False
97422000AM0280,2025-04-10,True,,,,False
97407000AO1534,2025-09-01,True,,,,False
97415000EY1090,2025-07-22,False,,,,False
97411000BN0307,2025-04-10,False,,,,False
97422000ED0519,2025-03-12,True,,,,False
97412000CD0895,2025-10-28,False,,,,False
97405000AK0976,2025-03-28,False,,,,False
97412000CH0331,2025-03-19,False,,,,False
97416000CT1263,2025-11-28,False,,,,False
97415000CZ0610,2025-04-30,False,,,,False
97403000AP1565,2025-07-22,False,,,,False
97415000CM2316,2025-04-01,True,,,,False
97423000AE0926,2025-03-26,True,,,,False
97409000AR2320,2025-01-20,False,,,,False
97407000AM0512,2025-09-17,False,,,,False
97412000BW0401,2025-08-05,False,,,,False
97406000AC0534,2025-05-15,True,,,,False
97411000CT1594,2025-01-21,True,,,,False
97409000BI0276,2025-11-25,False,,,,False
97415000DM0296,2025-03-11,True,,,,False
97424000AH0657,2025-07-31,True,,,,False
97415000AS1914,2025-04-28,True,,,,False
97423000AE1089,2025-06-28,False,,,,False
97408000AV1062,2025-09-26,True,,,,False
97405000AP0085,2025-05-21,True,,,,False
97416000ID0700,2025-10-31,False,,,,False
97422000DM0803,2025-03-21,False,,,,False
97404000AT0363,2025-06-17,False,,,,False
97414000HI1610,2025-04-22,True,,,,False
97415000CH1634,2025-11-19,False,,,,False
97423000AK2030,2025-09-09,True,,,,False
97411000IL0262,2025-02-10,False,,,,False
97415000EH0542,2025-09-15,False,,,,False
97416000CW1514,2025-06-24,True,,,,False
97410000BY0766,2025-12-09,False,,,,False
97407000AC0081,2025-11-04,True,,,,False
97416000EX1898,2025-07-28,True,,,,False
97408000AO1889,2025-05-19,False,,,,False
97417000BC0002,2025-08-13,False,,,,False
97415000EH0313,2025-03-25,False,,,,False
97415000BP0968,2025-01-20,False,,,,False
97412000BR0582,2025-10-31,False,,,,False
97414000DY0122,2025-08-18,False,,,,False
97424000AD0384,2025-06-30,False,,,,False
97416000DN0266,2025-03-25,True,,,,False
97405000BD0196,2025-10-09,True,,,,False
97412000BX1104,2025-12-24,False,,,,False
97415000CP0514,2025-12-04,True,,,,False
97419000AN0325,2025-04-17,False,,,,False
97423000AE0929,2025-03-26,True,,,,False
97408000AW0954,2025-10-13,False,,,,False
97417000BC0068,2025-11-13,True,,,,False
97416000ET2160,2025-09-16,False,,,,False
97411000AN0500,2025-06-19,False,,,,False
97413000CV0190,2025-03-27,False,,,,False
97421000AL0543,2025-10-23,True,,,,False
97412000AN0330,2025-06-27,False,,,,False
97416000EX1802,2025-02-13,True,,,,False
97424000AH0995,2025-11-07,False,,,,False
97422000CI1203,2025-07-07,False,,,,False
97404000AL1588,2025-03-05,False,,,,False
97415000AT0583,2025-01-09,True,,,,False
97414000HH0532,2025-03-18,False,,,,False
97405000AI0930,2025-12-08,False,,,,False
97408000AC2967,2025-03-18,True,,,,False
97407000AE0355,2025-10-08,False,,,,False
97418000BM0501,2025-10-16,True,,,,False
97413000CX2662,2025-09-22,True,,,,False
97410000BK0269,2025-06-19,True,,,,False
97404000AW0076,2025-05-30,False,,,,False
97412000AM2098,2025-11-21,True,,,,False
97416000IA0813,2025-07-31,True,,,,False
97421000AV1183,2025-10-31,False,,,,False
97402000AM0023,2025-05-26,True,,,,False
97412000BX1265,2025-11-27,False,,,,False
97410000AR0569,2025-01-29,False,,,,False
97415000AB0840,2025-09-30,True,,,,False
97411000AB0579,2025-03-28,True,,,,False
97409000AY1051,2025-01-14,True,,,,False
97412000BI0163,2025-10-07,False,,,,False
97415000CV1471,2025-11-04,False,,,,False
97412000AM1001,2025-03-31,True,,,,False
97402000AH1023,2025-02-27,False,,,,False
97409000AL1164,2025-09-29,False,,,,False
97420000AI0909,2025-06-05,False,,,,False
97408000AM1343,2025-12-11,True,,,,False
97416000EK0252,2025-03-31,False,,,,False
97421000AN0413,2025-03-12,True,,,,False
97409000AV0488,2025-09-16,False,,,,False
97424000AH0931,2025-05-28,False,,,,False
97405000AM0664,2025-06-27,True,,,,False
97410000BM1226,2025-11-18,False,,,,False
97413000DE2422,2025-10-24,False,,,,False
97406000AM0978,2025-11-22,False,,,,False
97404000AT0159,2025-10-17,False,,,,False
97411000BZ0335,2025-03-25,False,,,,False
97413000CX2887,2025-12-11,False,,,,False
97409000BD0601,2025-01-30,True,,,,False
97419000AO0020,2025-10-16,True,,,,False
97422000CS0643,2025-03-10,False,,,,False
97413000CY0828,2025-09-03,False,,,,False
97423000AD0658,2025-05-06,False,,,,False
97415000CR0102,2025-02-26,False,,,,False
97415000HK0425,2025-06-03,False,,,,False
97414000EN2973,2025-10-28,True,,,,False
97411000IL0212,2025-08-20,False,,,,False
97421000AV1350,2025-07-18,False,,,,False
97411000AT0580,2025-07-18,True,,,,False
97401000AE0131,2025-08-05,False,,,,False
97415000AB0537,2025-07-29,True,,,,False
97406000AP0353,2025-10-09,False,,,,False
97412000BT0513,2025-12-16,False,,,,False
97409000BE0737,2025-06-27,False,,,,False
97416000IC0039,2025-10-17,False,,,,False
97409000AK0526,2025-01-28,False,,,,False
97422000BD2571,2025-06-10,True,,,,False
97416000ET1508,2025-02-08,False,,,,False
97411000AM0200,2025-04-24,True,,,,False
97418000AP3743,2025-11-20,False,,,,False
97422000CD0556,2025-03-31,False,,,,False
97422000BP1947,2025-04-08,True,,,,False
97402000AB0772,2025-10-22,True,,,,False
97422000BP1968,2025-04-08,True,,,,False
97404000AL1245,2025-10-29,True,,,,False
97412000BW1025,2025-07-22,False,,,,False
97415000BZ0646,2025-09-24,True,,,,False
97414000HI1047,2025-06-16,True,,,,False
97416000HP0059,2025-10-31,False,,,,False
97408000AP1584,2025-12-31,True,,,,False
97416000HS0313,2025-04-15,False,,,,False
97405000AR1914,2025-03-27,False,,,,False
97412000BY1214,2025-08-13,False,,,,False
97409000BM1269,2025-01-29,False,,,,False
97414000EN4172,2025-09-26,False,,,,False
97414000EO0767,2025-09-22,False,,,,False
97422000EH0197,2025-09-08,True,,,,False
97422000CD0411,2025-06-30,False,,,,False
97414000ET2316,2025-05-30,False,,,,False
97418000AD0680,2025-10-16,True,,,,False
97413000CM0674,2025-07-16,False,,,,False
97411000AL0326,2025-07-31,False,,,,False
97412000AN0072,2025-08-29,False,,,,False
97408000AT2031,2025-05-15,True,,,,False
97424000AH0863,2025-02-26,False,,,,False
97415000AY1590,2025-05-27,False,,,,False
97404000AH1062,2025-10-27,False,,,,False
97424000AM0642,2025-10-15,True,,,,False
97408000BO0213,2025-06-16,False,,,,False
97420000BI0040,2025-11-27,True,,,,False
97413000CX1881,2025-09-22,True,,,,False
97405000AL0838,2025-07-21,False,,,,False
97415000DE0490,2025-12-26,False,,,,False
97402000AD0720,2025-09-08,False,,,,False
97416000CV2357,2025-04-25,True,,,,False
97411000KA0318,2025-11-26,False,,,,False
97401000AL0651,2025-03-31,True,,,,False
97410000BX1957,2025-10-22,False,,,,False
97422000BE3018,2025-05-12,False,,,,False
97413000CS0128,2025-12-10,False,,,,False
97416000DM0816,2025-06-23,True,,,,False
97405000AL0811,2025-02-05,False,,,,False
97411000AZ0320,2025-10-03,False,,,,False
97411000CP0492,2025-10-10,False,,,,False
97422000DE0988,2025-10-07,True,,,,False
97410000AL0495,2025-12-23,True,,,,False
97411000DR0581,2025-12-08,True,,,,False
97407000AE0395,2025-04-03,True,,,,False
97422000BV2039,2025-10-02,True,,,,False
97413000DE0673,2025-06-05,False,,,,False
97416000HO1103,2025-03-21,False,,,,False
97403000AM0672,2025-06-03,True,,,,False
97405000AM0815,2025-04-07,False,,,,False
97410000CL1042,2025-03-27,True,,,,False
97416000ES2203,2025-06-25,False,,,,False
97416000EP0976,2025-10-16,False,,,,False
97421000BM0551,2025-11-14,False,,,,False
97405000AL0808,2025-04-30,False,,,,False
97421000AH0321,2025-10-14,False,,,,False
97411000EN0750,2025-05-05,False,,,,False
97411000HA0124,2025-10-21,False,,,,False
97409000BE2182,2025-10-07,True,,,,False
97415000AC0253,2025-08-28,True,,,2026-07-06 20:20:11.979366+00:00,False
97420000AC1037,2025-12-01,False,,,,False
97409000AR2728,2025-04-17,False,,,,False
97413000DC1698,2025-09-09,True,,,,False
97407000AH1390,2025-10-28,True,,,,False
97415000CT2975,2025-12-30,False,,,,False
97408000AP1637,2025-03-17,True,,,,False
97409000BD1653,2025-03-03,True,,,,False
97412000CX0923,2025-12-02,True,,,,False
97415000BI0681,2025-08-06,False,,,,False
97411000IC0223,2025-06-04,False,,,,False
97409000AD0627,2025-05-26,True,,,,False
97414000CT1212,2025-06-26,False,,,,False
97412000BH0747,2025-10-09,False,,,,False
97422000BV2318,2025-11-28,False,,,,False
97422000BV0657,2025-10-02,True,,,,False
97411000BZ0983,2025-02-14,False,,,,False
97411000AM0013,2025-08-25,False,,,,False
97410000BW0633,2025-06-27,False,,,,False
97415000DR0538,2025-08-08,True,,,,False
97418000AP3015,2025-08-13,False,,,,False
97411000HD0032,2025-07-31,False,,,,False
97416000DT0291,2025-05-19,True,,,,False
97413000CL0419,2025-08-08,True,,,,False
97403000AS0517,2025-11-28,False,,,,False
97416000EV1582,2025-04-30,True,,,,False
97407000AH1392,2025-10-28,True,,,,False
97423000AB1903,2025-12-17,False,,,,False
97415000AT0734,2025-06-26,True,,,,False
97416000HS0744,2025-01-24,False,,,,False
97418000AS1351,2025-05-15,False,,,,False
97411000DL0808,2025-01-17,False,,,,False
97415000AZ0428,2025-07-07,False,,,,False
97414000HA0610,2025-12-15,False,,,,False
97413000DC0790,2025-12-23,False,,,,False
97410000BS0629,2025-03-18,True,,,,False
97413000CT0541,2025-02-24,False,,,,False
97413000DE1672,2025-06-11,False,,,,False
97416000EV1946,2025-04-30,True,,,,False
97422000AL0913,2025-07-22,True,,,,False
97422000BW2647,2025-06-13,False,,,,False
97423000AH1841,2025-03-27,True,,,,False
97415000DP0484,2025-12-11,False,,,,False
97413000DC0503,2025-08-27,True,,,,False
97409000BN0334,2025-11-27,True,,,,False
97422000DK0246,2025-06-27,True,,,,False
97414000ET1756,2025-09-08,False,,,,False
97414000CO0128,2025-02-21,True,,,,False
97407000AK1200,2025-09-30,True,,,,False
97422000AR0392,2025-05-14,False,,,,False
97416000EV1474,2025-05-30,True,,,,False
97411000BK0391,2025-03-31,False,,,,False
97411000CV0130,2025-09-05,True,,,2026-08-31 12:57:14.866152+00:00,False
97416000CT0966,2025-07-09,True,,,,False
97422000BY0194,2025-03-11,True,,,,False
97412000AO0243,2025-01-21,False,,,,False
97410000AH0879,2025-12-16,True,,,,False
97407000BE0468,2025-11-06,True,,,,False
97422000CS0729,2025-08-28,False,,,,False
97420000AS1217,2025-03-19,False,,,,False
97411000HE0490,2025-09-12,False,,,,False
97413000DA0228,2025-12-29,False,,,,False
97407000AO0886,2025-12-01,True,,,,False
97409000AV0984,2025-11-21,False,,,,False
97401000AD0725,2025-06-18,False,,,,False
97401000AN1330,2025-03-25,False,,,,False
97413000DM0273,2025-03-04,True,,,,False
97412000BY0402,2025-08-04,False,,,,False
97422000CL1488,2025-05-28,True,,,,False
97408000AC3508,2025-03-31,True,,,,False
97412000AM2095,2025-11-21,True,,,,False
97414000EV0774,2025-07-10,True,,,,False
97414000ER0936,2025-12-11,True,,,,False
97415000HO0574,2025-11-06,False,,,,False
97408000AT1327,2025-12-17,False,,,,False
97416000HY1202,2025-12-18,False,,,,False
97416000HV0204,2025-11-21,False,,,,False
97422000DH0839,2025-10-27,True,,,,False
97414000HI0964,2025-04-30,False,,,,False
97416000DM0932,2025-07-10,True,,,,False
97415000AW2369,2025-02-24,True,,,,False
97413000DI0047,2025-04-22,True,,,,False
97411000EL0131,2025-12-22,False,,,,False
97422000BD0302,2025-04-30,False,,,,False
97419000AY0209,2025-04-28,False,,,,False
97410000AE1178,2025-07-30,True,,,,False
97422000BT0507,2025-12-23,False,,,,False
97416000DM0498,2025-10-16,False,,,,False
97412000AZ0101,2025-05-27,True,,,,False
97421000BL0066,2025-01-23,True,,,,False
97403000AS1640,2025-03-27,True,,,,False
97410000AX0523,2025-08-26,False,,,,False
97414000DE0475,2025-03-19,False,,,,False
97414000HI1569,2025-10-03,False,,,,False
97418000AR2424,2025-05-27,True,,,,False
97415000AS1922,2025-05-27,False,,,,False
97422000BM1342,2025-02-18,True,,,,False
97407000BI0362,2025-04-16,True,,,,False
97422000BW2058,2025-08-29,False,,,,False
97412000BT0195,2025-12-16,False,,,,False
97401000AO0794,2025-12-08,False,,,,False
97413000DC0542,2025-08-27,True,,,,False
97408000AN1286,2025-06-30,True,,,,False
97407000AE0341,2025-07-23,False,,,,False
97415000ET1381,2025-07-24,False,,,,False
97418000AT0359,2025-07-21,True,,,,False
97421000BL0065,2025-01-23,True,,,,False
97422000BK1683,2025-01-22,True,,,,False
97422000CK1501,2025-12-16,False,,,,False
97412000BV0178,2025-07-07,True,,,,False
97415000BZ0897,2025-12-30,True,,,,False
97410000AL0426,2025-06-06,True,,,,False
97415000CD0757,2025-06-17,True,,,,False
97405000AL1676,2025-11-24,True,,,,False
97416000EV0188,2025-04-09,True,,,,False
97415000AV0903,2025-03-14,True,,,,False
97411000IC0213,2025-04-15,False,,,,False
97416000EX1593,2025-10-30,True,,,,False
97422000ED0520,2025-03-10,True,,,,False
97408000BO0214,2025-12-11,True,,,,False
97422000AK0409,2025-08-05,False,,,,False
97416000CX1187,2025-08-12,False,,,,False
97409000AR2385,2025-09-25,False,,,,False
97422000BK1337,2025-04-29,False,,,,False
97418000AC1606,2025-10-16,True,,,,False
97407000AE0319,2025-06-30,True,,,,False
97412000AM2097,2025-11-21,True,,,,False
97422000DK0376,2025-12-15,False,,,,False
97402000AM0013,2025-05-26,True,,,,False
97416000HP0862,2025-10-30,True,,,,False
97411000DM0682,2025-03-14,False,,,,False
97422000CN1292,2025-08-26,True,,,,False
97416000DK0139,2025-06-05,False,,,,False
97408000AT1184,2025-12-22,True,,,,False
97410000AN0858,2025-10-27,False,,,,False
97415000EW1425,2025-09-02,True,,,,False
97413000AV1757,2025-06-30,False,,,,False
97415000AY1586,2025-06-20,True,,,,False
97407000AL1312,2025-01-30,False,,,,False
97413000DC1416,2025-03-13,True,,,,False
97403000AH0540,2025-07-11,False,,,,False
97403000AM0782,2025-07-04,False,,,,False
97415000AW1455,2025-08-13,False,,,,False
97415000AX1101,2025-06-20,True,,,,False
97416000HN1810,2025-10-21,True,,,,False
97408000AM1339,2025-10-03,False,,,,False
97403000AP2003,2025-05-14,False,,,,False
97406000AE0546,2025-12-03,False,,,,False
97415000DE0310,2025-04-04,False,,,,False
97415000CT2188,2025-10-15,False,,,,False
97409000AS1888,2025-03-31,False,,,,False
97408000AP1051,2025-11-12,False,,,,False
97414000ES0507,2025-04-17,True,,,,False
97416000EX1805,2025-02-13,True,,,,False
97407000AZ0127,2025-04-29,False,,,,False
97411000DP0323,2025-08-01,False,,,,False
97416000CV1656,2025-02-19,True,,,,False
97411000AL0101,2025-04-23,False,,,,False
97405000AH0845,2025-05-28,True,,,,False
97411000AY0558,2025-12-17,True,,,,False
97414000HI1125,2025-04-25,False,,,,False
97418000AP0289,2025-05-07,False,,,,False
97412000CY0439,2025-04-04,False,,,,False
97419000AI0887,2025-02-14,False,,,,False
97415000CT0663,2025-05-12,False,,,,False
97422000CS1510,2025-04-30,False,,,,False
97412000AM0551,2025-04-17,False,,,,False
97416000EW1091,2025-06-18,False,,,,False
97414000CI0717,2025-09-11,False,,,,False
97407000AS1049,2025-01-16,True,,,,False
97416000CS1309,2025-10-22,False,,,,False
97408000AP1661,2025-09-11,True,,,,False
97405000AM0892,2025-08-07,False,,,,False
97411000DW0282,2025-08-28,False,,,,False
97406000AT0790,2025-03-31,False,,,,False
97415000CT0842,2025-06-19,False,,,,False
97402000AL0061,2025-06-12,False,,,,False
97405000AK1718,2025-05-14,False,,,,False
97413000CX2665,2025-04-25,False,,,,False
97415000AV0350,2025-01-17,True,,,,False
97411000DW0254,2025-11-25,True,,,,False
97410000BV0783,2025-10-27,True,,,,False
97424000AI0555,2025-01-16,False,,,,False
97412000BX0066,2025-10-22,False,,,,False
97405000AO0246,2025-07-16,True,,,,False
97416000CV2358,2025-04-25,True,,,,False
97410000AN0352,2025-10-29,False,,,,False
97405000BH0356,2025-06-02,False,,,,False
97414000ET2315,2025-12-19,False,,,,False
97414000ER0732,2025-11-21,False,,,,False
97411000EP0253,2025-01-31,True,,,,False
97415000EW2024,2025-08-27,False,,,,False
97420000AL0515,2025-09-11,False,,,,False
97415000ET1681,2025-11-28,False,,,,False
97417000AT1160,2025-09-30,True,,,,False
97415000CW0909,2025-07-01,True,,,,False
97415000CP1608,2025-08-27,False,,,,False
97409000AX1079,2025-03-05,True,,,,False
97422000EC0347,2025-01-21,False,,,,False
97418000BP0573,2025-07-18,False,,,,False
97416000CX1510,2025-09-05,False,,,,False
97408000AP1606,2025-09-11,True,,,,False
97411000AL0284,2025-08-11,False,,,,False
97416000CS0901,2025-01-13,False,,,,False
97412000BC0507,2025-10-09,True,,,,False
97417000AT1101,2025-12-18,False,,,,False
97416000HR0196,2025-08-11,False,,,,False
97422000AW0370,2025-04-28,False,,,,False
97403000AP2029,2025-01-08,False,,,,False
97415000EO0384,2025-05-14,False,,,,False
97416000DV0287,2025-07-28,False,,,,False
97409000AT1601,2025-12-12,False,,,,False
97409000AH0415,2025-03-27,False,,,,False
97414000EV0643,2025-01-15,True,,,,False
97416000HV0661,2025-04-07,False,,,,False
97418000BE0262,2025-11-12,False,,,,False
97411000AO0379,2025-08-13,False,,,,False
97422000ED0521,2025-03-10,True,,,,False
97410000BS0517,2025-03-18,True,,,,False
97411000BZ1326,2025-04-01,False,,,,False
97413000DC1750,2025-02-24,False,,,,False
97421000AX0143,2025-10-16,True,,,,False
97416000ET1019,2025-12-15,False,,,,False
97415000CO0368,2025-07-01,True,,,,False
97424000AE2067,2025-11-21,False,,,,False
97412000AM2012,2025-10-27,False,,,,False
97408000AP1682,2025-09-11,True,,,,False
97407000AS0772,2025-05-09,False,,,,False
97411000DZ0179,2025-07-25,False,,,,False
97415000EV0441,2025-02-10,False,,,,False
97414000CR0372,2025-08-25,True,,,,False
97408000AO1365,2025-08-12,True,,,,False
97410000AY0102,2025-03-03,True,,,,False
97412000AM0644,2025-09-02,False,,,,False
97408000AR1054,2025-09-08,True,,,,False
97415000EH0394,2025-08-07,False,,,,False
97411000DK0012,2025-04-25,False,,,,False
97413000DF0031,2025-04-22,True,,,,False
97411000AE0724,2025-03-10,False,,,,False
97415000AZ2025,2025-07-28,False,,,,False
97412000AZ0602,2025-07-30,True,,,,False
97415000CS1261,2025-05-26,True,,,,False
97422000CM1111,2025-09-29,False,,,,False
97404000AX0187,2025-06-25,True,,,,False
97415000CZ1194,2025-09-26,False,,,,False
97416000EK0463,2025-08-21,False,,,,False
97416000HX1555,2025-09-29,False,,,,False
97414000HB0221,2025-09-29,False,,,,False
97407000AZ0179,2025-01-31,False,,,,False
97422000BK2114,2025-04-29,False,,,,False
97412000AW0285,2025-03-11,True,,,,False
97410000BI0370,2025-10-28,False,,,,False
97404000AY0602,2025-07-25,False,,,,False
97413000CX1880,2025-09-22,True,,,,False
97416000EV1828,2025-07-02,False,,,,False
97416000HI0670,2025-07-15,False,,,,False
97409000BD1001,2025-05-26,False,,,,False
97411000HL0011,2025-11-28,False,,,2026-08-31 12:54:01.383002+00:00,False
97418000AC0647,2025-10-16,True,,,,False
97416000EX1913,2025-03-17,False,,,,False
97423000AE1078,2025-01-11,False,,,,False
97413000CI0651,2025-09-22,False,,,,False
97422000BI0897,2025-10-30,False,,,,False
97422000CP0498,2025-04-01,False,,,,False
97415000EO1035,2025-07-15,False,,,,False
97414000CM0210,2025-10-29,True,,,,False
97408000AO1904,2025-02-21,True,,,,False
97416000CD0604,2025-06-02,False,,,,False
97410000AN0850,2025-06-30,True,,,,False
97410000AH0877,2025-12-16,True,,,,False
97409000AT1665,2025-10-24,False,,,,False
97403000AP1004,2025-12-11,False,,,,False
97415000HK0167,2025-07-07,False,,,,False
97414000EX0644,2025-04-25,True,,,,False
97422000BP1969,2025-04-08,True,,,,False
97415000AY1157,2025-03-07,True,,,,False
97416000EW0854,2025-09-17,True,,,,False
97411000BZ1639,2025-08-12,True,,,,False
97408000AR1308,2025-05-23,True,,,,False
97416000EM1024,2025-02-03,True,,,,False
97415000AY1485,2025-02-19,False,,,,False
97411000BK0123,2025-12-29,False,,,,False
97410000BS0518,2025-07-15,False,,,,False
97415000AS0772,2025-10-27,False,,,,False
97414000HH0505,2025-10-31,True,,,,False
97406000AV0318,2025-06-24,True,,,,False
97416000IA1008,2025-03-19,False,,,,False
97412000CD0940,2025-02-12,True,,,,False
97407000BI0016,2025-01-17,False,,,,False
97416000HV0687,2025-12-04,False,,,,False
97422000CH0260,2025-10-20,True,,,,False
97409000AC1033,2025-07-10,False,,,,False
97407000AK1919,2025-06-04,False,,,,False
97408000AC2055,2025-01-24,False,,,,False
97413000CM0569,2025-08-18,True,,,,False
97407000AY0599,2025-03-12,False,,,,False
97422000BD2921,2025-12-10,False,,,,False
97407000AO1220,2025-09-01,True,,,,False
97415000DX0372,2025-09-23,False,,,,False
97415000AY1585,2025-08-08,True,,,,False
97407000AT0050,2025-03-27,True,,,,False
97415000BX0239,2025-05-07,True,,,,False
97413000CH0813,2025-12-01,False,,,,False
97422000BP0764,2025-05-28,False,,,,False
97405000AK1814,2025-05-15,False,,,,False
97405000BH1017,2025-01-31,False,,,,False
97409000AX0213,2025-08-26,False,,,,False
97412000CY1101,2025-06-16,True,,,,False
97416000HI1147,2025-11-13,True,,,,False
97412000AX0828,2025-09-05,False,,,,False
97419000AR0818,2025-05-26,False,,,,False
97413000DC1183,2025-07-10,False,,,,False
97415000EH0544,2025-12-30,False,,,,False
97408000AP1640,2025-03-17,True,,,,False
97415000CO0362,2025-07-01,True,,,,False
97405000BI1210,2025-04-22,True,,,,False
97418000AW0608,2025-02-21,False,,,,False
97413000CX1532,2025-10-01,False,,,,False
97422000BM0099,2025-10-24,False,,,,False
97412000AM2076,2025-02-11,True,,,,False
97404000AI2397,2025-05-15,False,,,,False
97422000BR0719,2025-12-10,False,,,,False
97406000AV0857,2025-09-23,False,,,,False
97409000AX1102,2025-05-22,False,,,,False
97422000AW0733,2025-02-11,False,,,,False
97404000AX0331,2025-08-28,False,,,,False
97407000AO1148,2025-09-01,True,,,,False
97422000BH1836,2025-05-27,True,,,,False
97415000CT2922,2025-04-16,False,,,,False
97411000KA0221,2025-06-20,False,,,,False
97415000DR1040,2025-07-22,False,,,,False
97416000HP0192,2025-07-30,False,,,,False
97422000BI1095,2025-11-27,True,,,,False
97421000AV0431,2025-11-18,False,,,,False
97413000BH0874,2025-10-02,True,,,,False
97412000BL1195,2025-03-31,False,,,,False
97416000IA1865,2025-05-20,True,,,,False
97416000EM0385,2025-01-31,False,,,,False
97420000AS0652,2025-12-12,False,,,,False
97416000HN1466,2025-02-04,True,,,,False
97409000AL1169,2025-12-31,False,,,,False
97413000DC0562,2025-08-27,True,,,,False
97419000AX0714,2025-04-09,False,,,,False
97416000EY1437,2025-03-28,False,,,,False
97416000CY0883,2025-01-23,True,,,,False
97415000EP1238,2025-12-26,True,,,,False
97415000CY1271,2025-09-23,False,,,,False
97422000BL0071,2025-04-10,False,,,,False
97416000DT0123,2025-01-03,False,,,,False
97415000CO0299,2025-07-01,True,,,,False
97410000AN0291,2025-03-25,False,,,,False
97411000EK0060,2025-08-28,True,,,,False
97422000CX1273,2025-07-08,False,,,,False
97422000DO0394,2025-04-01,True,,,,False
97415000AB0598,2025-07-29,True,,,,False
97421000AS0299,2025-11-05,False,,,,False
97422000BI0896,2025-08-29,False,,,,False
97414000HD0463,2025-07-05,False,,,,False
97415000CM1827,2025-07-31,True,,,,False
97416000CV1933,2025-02-21,False,,,,False
97422000DN0164,2025-05-05,False,,,,False
97413000DE1274,2025-07-07,False,,,,False
97418000AV2717,2025-05-09,True,,,,False
97412000BH0608,2025-05-07,False,,,,False
97411000DM0007,2025-09-12,True,,,,False
97412000BN0709,2025-06-26,True,,,,False
97405000BE0916,2025-02-19,True,,,,False
97422000BI0874,2025-06-30,False,,,,False
97417000BD1112,2025-01-06,False,,,,False
97411000AY0556,2025-12-17,True,,,,False
97418000AI0160,2025-01-10,False,,,,False
97403000AH0307,2025-12-31,False,,,,False
97409000AX1088,2025-02-07,False,,,,False
97409000AI1192,2025-09-19,True,,,,False
97413000DC1699,2025-09-09,True,,,,False
97404000AE1511,2025-04-15,True,,,,False
97415000AY1623,2025-09-30,False,,,,False
97422000BS2077,2025-10-10,False,,,,False
97416000CT1279,2025-08-21,False,,,,False
97412000BX1031,2025-03-07,True,,,,False
97408000AM0909,2025-11-06,False,,,,False
97410000AC0614,2025-12-17,True,,,,False
97413000CX2545,2025-09-22,True,,,,False
97411000CP0425,2025-01-31,False,,,,False
97414000CS0892,2025-06-17,False,,,,False
97422000EN0305,2025-03-06,False,,,,False
97418000AV2881,2025-03-06,False,,,,False
97421000AN0554,2025-09-28,False,,,,False
97409000AL2217,2025-09-12,True,,,,False
97411000CM0964,2025-05-16,True,,,,False
97413000CX1957,2025-07-08,False,,,,False
97414000EV0816,2025-08-22,True,,,,False
97412000AM1097,2025-12-15,False,,,,False
97414000DN0588,2025-04-25,False,,,,False
97406000AV1301,2025-01-22,False,,,,False
97411000HO0630,2025-01-27,True,,,,False
97409000AS0420,2025-04-29,False,,,,False
97411000CD0997,2025-12-15,False,,,,False
97412000BK0991,2025-10-24,False,,,,False
97411000AZ0131,2025-06-09,True,,,,False
97413000CT0562,2025-03-25,False,,,,False
97415000CX1578,2025-09-29,True,,,,False
97415000AB0843,2025-07-30,False,,,,False
97422000CM1086,2025-03-24,True,,,,False
97422000AX1622,2025-10-06,False,,,,False
97416000HI0806,2025-12-12,False,,,,False
97415000CR0094,2025-06-27,False,,,,False
97416000DS0372,2025-04-30,False,,,,False
97408000AS0208,2025-03-07,True,,,,False
97411000HH0225,2025-04-08,True,,,,False
97406000AV0612,2025-07-31,True,,,,False
97412000BN0641,2025-09-12,False,,,,False
97415000AB0682,2025-07-29,True,,,,False
97411000BZ1711,2025-12-22,False,,,,False
97416000EX1334,2025-07-15,False,,,,False
97415000AR0011,2025-11-26,True,,,,False
97406000AV1240,2025-03-27,False,,,,False
97412000CE0040,2025-02-03,False,,,,False
97412000AM0022,2025-09-11,False,,,,False
97422000BI1002,2025-11-27,True,,,,False
97418000AW0582,2025-01-17,False,,,,False
97413000CX1795,2025-09-26,False,,,,False
97415000CX0801,2025-01-13,True,,,,False
97414000CS0016,2025-08-06,False,,,,False
97424000AE1270,2025-09-23,True,,,,False
97408000AP1671,2025-09-11,True,,,,False
97412000CE1298,2025-11-18,True,,,,False
97409000BE2177,2025-10-07,True,,,,False
97413000CX1998,2025-06-16,True,,,,False
97416000CD0555,2025-04-23,True,,,,False
97405000AK1168,2025-03-13,False,,,,False
97411000HW0331,2025-12-15,True,,,,False
97408000AO0317,2025-08-26,False,,,,False
97408000AO1241,2025-04-22,False,,,,False
97416000DN0342,2025-03-25,True,,,,False
97408000BR0041,2025-12-09,False,,,,False
97412000AM1998,2025-03-31,True,,,,False
97415000HN0055,2025-10-30,True,,,,False
97419000AH0033,2025-10-23,False,,,,False
97422000CE0560,2025-11-27,False,,,,False
97416000EM0370,2025-01-28,False,,,,False
97412000CE1567,2025-01-10,True,,,,False
97414000CP0774,2025-05-21,False,,,,False
97409000BE1910,2025-10-07,True,,,,False
97422000AP1273,2025-08-18,False,,,,False
97424000AI2428,2025-08-20,True,,,,False
97422000AD1218,2025-01-16,False,,,,False
97418000AR1580,2025-07-28,False,,,,False
97412000BK1995,2025-06-18,False,,,,False
97415000CW0826,2025-07-01,True,,,,False
97415000DY0211,2025-07-01,True,,,,False
97416000HX1328,2025-03-28,True,,,,False
97417000BC0094,2025-11-13,True,,,,False
97405000AM0842,2025-03-05,True,,,,False
97405000AI0009,2025-05-12,True,,,,False
97415000AB0825,2025-09-30,True,,,,False
97422000BR1133,2025-09-30,True,,,,False
97416000ET2053,2025-05-27,True,,,,False
97416000DN0615,2025-08-29,True,,,,False
97409000BE1204,2025-02-24,False,,,,False
97422000BP1864,2025-10-06,True,,,,False
97417000BD0389,2025-09-04,True,,,,False
97415000CO0290,2025-07-01,True,,,,False
97412000CS0466,2025-07-21,False,,,,False
97424000AR0075,2025-01-16,False,,,,False
97411000HW0539,2025-09-22,False,,,,False
97416000ES0751,2025-01-20,False,,,,False
97422000BP2007,2025-04-08,True,,,,False
97421000AN0166,2025-03-28,False,,,,False
97407000AM1466,2025-11-04,True,,,,False
97402000AM0010,2025-05-26,True,,,,False
97404000AS0360,2025-05-16,False,,,,False
97405000AI0948,2025-03-03,False,,,,False
97411000ID0156,2025-09-29,False,,,,False
97416000DI0210,2025-04-30,False,,,,False
97410000BL0026,2025-02-26,False,,,,False
97415000CO0406,2025-07-01,True,,,,False
97415000BW2126,2025-10-24,True,,,,False
97409000AT1668,2025-03-17,True,,,,False
97416000CW0290,2025-04-28,False,,,,False
97412000BC0759,2025-05-07,False,,,,False
97422000BV3054,2025-04-08,True,,,,False
97415000BN1308,2025-07-17,False,,,,False
97407000AS0625,2025-06-05,False,,,,False
97411000HM0297,2025-09-04,False,,,,False
97401000AR0883,2025-03-13,True,,,,False
97411000IT0280,2025-01-10,False,,,,False
97416000HI0380,2025-12-12,True,,,,False
97414000CR0559,2025-08-25,True,,,,False
97412000AT0569,2025-10-14,True,,,,False
97422000EL0005,2025-12-19,False,,,,False
97410000AS0417,2025-08-07,False,,,,False
97407000BL0197,2025-06-27,False,,,,False
97409000AR0773,2025-05-23,False,,,,False
97423000AB1750,2025-03-14,False,,,,False
97423000AC0277,2025-04-18,False,,,,False
97415000CT1210,2025-03-07,True,,,,False
97422000BV2357,2025-12-19,False,,,,False
97418000AV0807,2025-12-11,False,,,,False
97414000DY0324,2025-04-24,False,,,,False
97422000CO0412,2025-01-14,False,,,,False
97407000BI0426,2025-07-28,False,,,,False
97422000AD0509,2025-03-10,False,,,,False
97408000AR0862,2025-09-08,True,,,,False
97422000CH0631,2025-02-27,False,,,,False
97410000AH0878,2025-12-16,True,,,,False
97415000CV1171,2025-06-06,False,,,,False
97408000AC3008,2025-09-23,False,,,,False
97420000AB0998,2025-02-13,False,,,,False
97422000CE0364,2025-07-09,False,,,,False
97409000BM0214,2025-04-16,False,,,,False
97408000AP0915,2025-04-14,False,,,,False
97412000CK0825,2025-09-19,True,,,,False
97418000AC1350,2025-10-16,True,,,,False
97412000BK1359,2025-09-12,False,,,,False
97416000CV1975,2025-11-12,False,,,,False
97413000CX0263,2025-08-29,False,,,,False
97415000CV0083,2025-06-26,False,,,,False
97411000AT0411,2025-06-19,False,,,,False
97415000ER1138,2025-01-03,False,,,,False
97401000AT0302,2025-07-11,True,,,,False
97423000AH1846,2025-07-24,False,,,,False
97404000AV0230,2025-01-17,True,,,,False
97415000DK1099,2025-01-27,True,,,,False
97418000AX0240,2025-10-03,False,,,,False
97411000IE0515,2025-11-26,False,,,,False
97414000EV0110,2025-08-21,False,,,,False
97403000AP0695,2025-01-22,False,,,,False
97416000CV1762,2025-03-04,True,,,,False
97416000HZ0207,2025-02-26,False,,,,False
97416000DE0382,2025-07-07,True,,,,False
97413000CF0296,2025-11-27,True,,,,False
97407000BD0161,2025-04-16,False,,,,False
97416000EX1891,2025-05-07,False,,,,False
97414000DE1558,2025-02-11,False,,,,False
97416000EX1900,2025-07-28,True,,,,False
97415000BN1098,2025-12-01,True,,,,False
97404000AC1341,2025-09-23,False,,,,False
97422000DL0988,2025-09-11,False,,,,False
97407000AO0842,2025-12-01,True,,,,False
97422000DK0384,2025-10-09,True,,,,False
97418000AX0202,2025-09-09,True,,,,False
97422000BD2685,2025-06-25,False,,,,False
97410000CD0156,2025-05-26,True,,,,False
97421000AV1139,2025-04-01,False,,,,False
97409000AS2139,2025-01-31,False,,,,False
97416000EH1146,2025-08-06,False,,,,False
97406000AH0227,2025-06-27,False,,,,False
97422000BD2565,2025-06-10,True,,,,False
97415000AB0858,2025-08-29,True,,,,False
97422000BY0245,2025-11-26,False,,,,False
97412000AX1053,2025-03-11,True,,,,False
97414000CV1006,2025-03-25,True,,,,False
97412000CD0939,2025-03-04,True,,,,False
97412000AY0073,2025-01-30,True,,,,False
97408000AP1668,2025-09-11,True,,,,False
97411000HT0096,2025-08-22,False,,,,False
97412000CE2840,2025-05-15,True,,,,False
97422000BS0922,2025-04-29,False,,,,False
97415000CO0494,2025-07-01,True,,,,False
97414000CS0952,2025-06-25,True,,,,False
97418000AS1345,2025-06-19,False,,,,False
97422000BY0171,2025-03-11,True,,,,False
97414000HA0483,2025-12-11,False,,,,False
97403000AM0582,2025-09-30,True,,,,False
97411000EK0108,2025-04-30,False,,,,False
97416000IA1866,2025-05-20,True,,,,False
97413000DC0561,2025-08-27,True,,,,False
97411000HP0395,2025-04-18,True,,,,False
97404000AY0605,2025-01-23,False,,,,False
97404000AT0890,2025-07-29,True,,,,False
97411000HP0401,2025-04-18,True,,,,False
97401000AN0469,2025-02-24,True,,,,False
97406000AV1348,2025-03-18,False,,,,False
97416000DM0248,2025-08-01,False,,,,False
97409000BL0201,2025-03-25,True,,,,False
97407000AE0419,2025-07-11,False,,,,False
97412000AT0964,2025-01-30,True,,,,False
97411000EN0704,2025-04-23,False,,,,False
97408000AT1440,2025-12-22,True,,,,False
97417000AI0033,2025-09-29,True,,,,False
97422000DI0159,2025-01-28,True,,,,False
97414000EV0775,2025-07-10,True,,,,False
97410000AV0690,2025-11-13,False,,,,False
97422000BW1872,2025-08-29,False,,,,False
97406000AV0966,2025-04-24,False,,,,False
97410000AN0209,2025-04-28,False,,,,False
97410000AL0422,2025-06-06,True,,,,False
97406000AM0983,2025-10-25,False,,,,False
97411000AZ0148,2025-12-23,False,,,,False
97415000AV0341,2025-01-17,True,,,,False
97407000BI0152,2025-11-12,False,,,,False
97413000CX0178,2025-08-18,True,,,,False
97405000BI1208,2025-04-22,True,,,,False
97415000CO0555,2025-07-01,True,,,,False
97422000AD0159,2025-12-23,True,,,,False
97421000AL0582,2025-04-23,False,,,,False
97422000DM0286,2025-06-26,True,,,,False
97410000CD0431,2025-12-11,True,,,,False
97411000EP0182,2025-09-10,False,,,,False
97411000ET0058,2025-12-17,True,,,,False
97419000AH0241,2025-06-06,True,,,,False
97411000AZ0135,2025-06-09,True,,,,False
97415000AW2402,2025-11-24,True,,,,False
97411000EL0351,2025-11-28,False,,,,False
97418000AR2588,2025-09-11,False,,,,False
97415000AW1816,2025-07-30,True,,,,False
97411000CM0730,2025-07-11,True,,,,False
97409000AO0165,2025-04-10,False,,,,False
97415000BP0840,2025-07-21,False,,,,False
97407000AO1876,2025-12-22,True,,,,False
97412000BX1873,2025-09-03,False,,,,False
97405000AK1638,2025-03-07,True,,,,False
97415000AS1194,2025-10-22,False,,,,False
97411000HN0207,2025-09-25,False,,,,False
97422000EH0128,2025-09-08,True,,,,False
97412000CW1184,2025-03-12,True,,,,False
97410000BI0677,2025-02-18,False,,,,False
97409000AC0305,2025-11-03,False,,,,False
97414000EM1055,2025-09-16,False,,,,False
97413000DD1512,2025-09-12,False,,,,False
97416000CW2342,2025-03-05,False,,,,False
97411000AY0568,2025-12-17,True,,,,False
97410000CD0417,2025-12-11,True,,,,False
97412000AP0389,2025-03-07,False,,,,False
97415000ET1736,2025-07-22,True,,,,False
97409000AR1058,2025-09-25,False,,,,False
97416000CY0579,2025-02-14,False,,,,False
97411000DW0280,2025-07-03,True,,,,False
97422000BP1995,2025-04-08,True,,,,False
97409000AI1683,2025-05-23,False,,,,False
97415000AX0986,2025-12-17,True,,,,False
97411000CX1701,2025-10-23,False,,,,False
97422000BL0796,2025-06-16,False,,,,False
97408000BR0118,2025-12-30,False,,,,False
97416000DT0629,2025-08-28,False,,,,False
97415000BR0149,2025-07-22,True,,,,False
97412000AT0715,2025-07-08,False,,,,False
97422000EL0388,2025-09-30,False,,,,False
97410000CD0416,2025-12-11,True,,,,False
97411000DR0580,2025-12-08,True,,,,False
97414000HL0666,2025-07-30,True,,,,False
97410000BE0969,2025-06-06,False,,,,False
97416000EI1240,2025-08-20,False,,,,False
97415000AH0698,2025-07-25,True,,,,False
97414000HC0296,2025-12-15,True,,,,False
97415000BI0522,2025-09-16,False,,,,False
97422000CV0173,2025-04-23,True,,,,False
97415000CY1267,2025-03-31,True,,,,False
97414000CH1628,2025-07-21,False,,,,False
97416000EY0795,2025-12-10,False,,,,False
97422000AL1322,2025-02-07,False,,,,False
97410000AB1180,2025-09-17,False,,,,False
97422000DE0121,2025-10-07,True,,,,False
97405000AE0552,2025-12-15,False,,,,False
97416000DN0599,2025-08-29,True,,,,False
97407000AS1263,2025-01-16,True,,,,False
97416000CS1320,2025-01-07,False,,,,False
97414000EL2507,2025-10-31,True,,,,False
97422000BP1984,2025-04-08,True,,,,False
97407000AO1873,2025-12-22,True,,,,False
97407000AY0584,2025-04-28,True,,,,False
97424000AI2431,2025-10-14,True,,,,False
97408000AP1654,2025-09-11,True,,,,False
97403000AO0841,2025-06-26,False,,,,False
97404000AY0596,2025-10-30,True,,,,False
97415000CO0399,2025-07-01,True,,,,False
97422000ED0605,2025-03-12,True,,,,False
97410000AW1051,2025-08-22,True,,,,False
97415000CW0837,2025-07-01,True,,,,False
97411000CD0703,2025-12-01,False,,,,False
97415000CL0920,2025-11-25,False,,,,False
97415000EI0215,2025-11-28,True,,,,False
97415000AY0515,2025-06-25,False,,,,False
97418000AX0204,2025-09-09,True,,,,False
97415000DM1175,2025-03-11,True,,,,False
97415000AT0737,2025-06-26,True,,,,False
97423000AE0927,2025-03-26,True,,,,False
97416000HN1047,2025-06-06,False,,,,False
97412000BW1296,2025-11-20,False,,,,False
97416000IE2047,2025-12-29,False,,,,False
97408000AM0572,2025-05-05,True,,,,False
97401000AI0180,2025-10-31,False,,,,False
97405000BI0861,2025-10-31,True,,,,False
97407000AO1089,2025-09-25,True,,,,False
97416000CW0583,2025-04-30,False,,,,False
97405000AK0661,2025-11-19,False,,,,False
97415000AS1920,2025-04-28,True,,,,False
97405000BI0857,2025-10-31,True,,,,False
97409000AY1116,2025-01-14,True,,,,False
97414000EW0605,2025-06-12,True,,,,False
97407000AS0109,2025-03-12,False,,,,False
97422000AM0277,2025-04-10,True,,,,False
97416000CW1149,2025-10-21,True,,,,False
97412000CE1841,2025-04-25,True,,,,False
97421000AN0411,2025-03-12,True,,,,False
97418000BP0210,2025-04-30,False,,,,False
97415000CT1231,2025-03-07,True,,,,False
97405000AS0561,2025-12-30,True,,,,False
97422000CM0943,2025-02-10,False,,,,False
97412000BW0966,2025-01-23,False,,,,False
97407000AO1119,2025-09-25,True,,,,False
97415000DX0361,2025-09-03,False,,,,False
97422000BV3056,2025-04-08,True,,,,False
97411000CH0656,2025-07-10,True,,,,False
97406000AW1181,2025-02-26,False,,,,False
97412000CS0081,2025-04-11,True,,,,False
97414000ES0196,2025-09-11,False,,,,False
97408000AC3762,2025-06-30,True,,,,False
97416000IM0524,2025-06-24,True,,,,False
97415000CO0280,2025-07-01,True,,,,False
97413000CX1556,2025-08-25,False,,,,False
97411000IC0474,2025-02-27,False,,,,False
97414000EV0771,2025-07-10,True,,,,False
97416000EW1021,2025-02-24,True,,,,False
97420000AO0205,2025-12-17,False,,,,False
97410000AH0212,2025-10-15,True,,,,False
97415000EW1845,2025-10-13,True,,,,False
97420000BD0998,2025-07-25,True,,,,False
97410000AL0185,2025-11-19,False,,,,False
97411000AY0385,2025-05-21,False,,,,False
97417000BC0754,2025-03-11,False,,,,False
97416000CW2112,2025-11-17,False,,,,False
97412000BZ0640,2025-07-21,False,,,,False
97415000CW0814,2025-07-01,True,,,2026-08-26 15:37:39.178463+00:00,False
97421000AX0145,2025-10-16,True,,,,False
97424000AH0322,2025-09-30,False,,,,False
97405000BI0860,2025-10-31,True,,,,False
97413000CD0429,2025-05-20,False,,,,False
97414000EK0410,2025-08-28,False,,,,False
97415000DV0575,2025-12-02,False,,,,False
97415000CO0500,2025-07-01,True,,,,False
97416000CV2388,2025-07-31,False,,,,False
97418000AC1610,2025-10-16,True,,,,False
97410000BM0846,2025-05-22,False,,,,False
97422000BX0422,2025-12-16,False,,,,False
97408000AB0266,2025-10-09,False,,,,False
97406000AH0441,2025-05-27,False,,,,False
97416000EY1195,2025-01-03,False,,,,False
97415000AY1274,2025-08-05,False,,,,False
97415000AZ1704,2025-12-30,True,,,,False
97401000AN1382,2025-11-17,True,,,,False
97411000EY0177,2025-06-27,False,,,,False
97416000CV0474,2025-06-24,False,,,,False
97405000AL1677,2025-11-24,True,,,,False
97411000BL0361,2025-10-29,True,,,,False
97422000BK2512,2025-04-08,True,,,,False
97409000AR2453,2025-03-05,True,,,,False
97417000AT1381,2025-11-28,False,,,,False
97413000CR0439,2025-05-14,True,,,,False
97402000AH1976,2025-06-05,False,,,,False
97411000AD0125,2025-05-06,True,,,,False
97415000EY2023,2025-06-26,True,,,,False
97408000AP1626,2025-09-11,True,,,,False
97415000AH1074,2025-12-31,True,,,,False
97403000AM0669,2025-07-21,False,,,,False
97416000IB0453,2025-08-08,False,,,,False
97415000CW1084,2025-05-21,True,,,,False
97403000AL0314,2025-08-20,True,,,,False
97421000AV1109,2025-01-20,False,,,,False
97408000AT1331,2025-10-13,False,,,,False
97416000CX1517,2025-09-03,False,,,,False
97404000AY0585,2025-10-23,False,,,,False
97411000CV0780,2025-03-07,True,,,,False
97406000AC0467,2025-05-15,True,,,,False
97409000AI0767,2025-09-29,False,,,,False
97416000DY0412,2025-06-20,False,,,,False
97411000AP0430,2025-07-22,False,,,,False
97413000CL0906,2025-11-14,False,,,,False
97413000DC1391,2025-08-27,False,,,,False
97411000AE0469,2025-01-28,False,,,,False
97409000AP1806,2025-10-29,False,,,,False
97411000CR0581,2025-06-25,False,,,,False
97402000AD0178,2025-04-30,False,,,,False
97419000AS0754,2025-09-23,False,,,,False
97416000CW2876,2025-06-30,False,,,,False
97411000HN0391,2025-04-02,False,,,,False
97411000AZ0132,2025-02-12,False,,,,False
97415000AB0833,2025-08-25,True,,,,False
97414000EL0507,2025-09-03,False,,,,False
97415000BV0461,2025-04-01,False,,,,False
97421000AK0195,2025-12-18,False,,,,False
97417000AZ0020,2025-03-18,True,,,,False
97411000CP0477,2025-11-17,False,,,,False
97423000AK1795,2025-07-04,False,,,,False
97401000AS1327,2025-04-25,True,,,,False
97416000EW1284,2025-04-29,True,,,,False
97416000IB0699,2025-12-03,False,,,,False
97415000CW0836,2025-07-01,True,,,,False
97412000BM1022,2025-09-19,False,,,,False
97415000CK0837,2025-07-01,True,,,,False
97411000BZ1777,2025-06-12,False,,,,False
97411000CY0990,2025-05-20,True,,,,False
97410000AS1474,2025-07-10,False,,,,False
97410000CD0415,2025-12-11,True,,,,False
97411000BZ1516,2025-03-14,False,,,,False
97414000CM0196,2025-10-17,False,,,,False
97412000CY0645,2025-08-27,False,,,,False
97403000AS1628,2025-08-27,False,,,,False
97418000AD0678,2025-10-16,True,,,,False
97422000DL0677,2025-01-29,False,,,,False
97415000CO0458,2025-07-01,True,,,,False
97415000AZ2023,2025-07-17,True,,,,False
97415000DE0524,2025-04-18,False,,,,False
97412000CS0517,2025-07-16,False,,,,False
97414000ET2335,2025-10-23,True,,,,False
97415000BZ0918,2025-12-30,True,,,,False
97412000AM0534,2025-11-20,False,,,,False
97411000HS0145,2025-06-04,False,,,,False
97414000EV0555,2025-07-10,True,,,,False
97413000DE2524,2025-10-31,False,,,,False
97411000HV0131,2025-10-14,False,,,,False
97407000AO1182,2025-09-01,True,,,,False
97415000BV1608,2025-04-04,True,,,,False
97401000AR1427,2025-08-11,False,,,,False
97416000DZ0582,2025-02-27,False,,,,False
97422000BV3052,2025-04-08,True,,,,False
97422000EL0389,2025-09-04,False,,,,False
97415000DE1289,2025-04-18,True,,,,False
97414000CI0982,2025-09-11,False,,,,False
97414000HB0398,2025-01-27,False,,,,False
97411000AY0555,2025-12-17,True,,,,False
97411000BZ0963,2025-06-12,False,,,,False
97406000AH0380,2025-01-17,False,,,,False
97407000AH1368,2025-12-31,True,,,,False
97411000DR0787,2025-05-06,False,,,,False
97418000AC0246,2025-10-16,True,,,,False
97415000CO0506,2025-07-01,True,,,,False
97408000AY0368,2025-08-08,True,,,,False
97422000DH0979,2025-08-25,True,,,,False
97422000ED0003,2025-12-22,False,,,,False
97405000AN0424,2025-10-23,True,,,,False
97411000BZ0668,2025-09-03,False,,,,False
97423000AD0597,2025-08-08,True,,,,False
97409000AL2215,2025-09-12,True,,,,False
97405000AR1800,2025-03-20,False,,,,False
97416000DZ0243,2025-03-14,True,,,,False
97415000CP2076,2025-12-12,False,,,,False
97413000DC0557,2025-08-27,True,,,,False
97415000AW1647,2025-12-01,True,,,,False
97422000BV2819,2025-03-20,True,,,,False
97411000EP0106,2025-09-17,False,,,,False
97403000AL0274,2025-05-16,True,,,,False
97415000AX0989,2025-12-17,True,,,,False
97414000CL0541,2025-07-21,False,,,,False
97418000AV1576,2025-05-05,True,,,,False
97405000BH0043,2025-05-28,False,,,,False
97415000DI0668,2025-11-21,False,,,,False
97417000AK0084,2025-12-18,False,,,,False
97401000AN0523,2025-02-24,True,,,,False
97405000BE1043,2025-09-05,False,,,,False
97406000AM0846,2025-08-12,False,,,,False
97422000CS1588,2025-01-09,False,,,,False
97407000AY0061,2025-01-31,False,,,,False
97408000AO1415,2025-04-29,False,,,,False
97407000AS0453,2025-09-16,False,,,,False
97415000ET1018,2025-06-26,True,,,,False
97415000AW2407,2025-08-01,True,,,,False
97415000EZ0272,2025-10-03,True,,,,False
97416000EX1205,2025-02-13,True,,,,False
97412000CP0338,2025-01-22,False,,,,False
97415000DE0071,2025-01-23,False,,,,False
97410000AY0152,2025-11-26,True,,,,False
97422000BD3530,2025-04-23,False,,,,False
97422000BN2973,2025-07-10,False,,,,False
97415000AX0500,2025-02-07,False,,,,False
97415000DT0894,2025-03-04,False,,,,False
97418000AC1609,2025-10-16,True,,,,False
97415000EW1442,2025-05-28,False,,,,False
97409000BD0753,2025-05-07,True,,,,False
97404000AC1344,2025-05-16,True,,,,False
97417000BD1434,2025-10-28,True,,,,False
97401000AR1800,2025-12-12,True,,,,False
97408000AP1267,2025-07-10,False,,,,False
97415000BV1272,2025-09-19,False,,,,False
97408000AP1683,2025-09-11,True,,,,False
97415000EL0525,2025-09-25,True,,,,False
97413000CX2198,2025-08-18,True,,,,False
97408000AP1607,2025-06-30,False,,,,False
97408000BK0276,2025-11-10,False,,,,False
97415000CS1259,2025-05-26,True,,,,False
97408000AC0440,2025-02-13,False,,,,False
97422000EN0148,2025-09-01,True,,,,False
97421000BC0209,2025-01-22,False,,,,False
97416000EZ0567,2025-02-11,False,,,,False
97406000AE0586,2025-07-07,False,,,,False
97406000AV1196,2025-08-07,False,,,,False
97401000AS1573,2025-12-24,True,,,,False
97422000BO1739,2025-07-16,False,,,,False
97422000AZ0377,2025-10-09,True,,,,False
97411000EP0264,2025-01-31,True,,,,False
97422000BD3044,2025-12-03,True,,,,False
97422000BT0544,2025-11-07,False,,,,False
97406000AR0354,2025-05-20,False,,,,False
97411000AD0124,2025-05-06,True,,,,False
97415000CW0821,2025-07-01,True,,,,False
97422000BW2054,2025-04-15,False,,,,False
97415000BW2129,2025-10-21,True,,,,False
97410000BH0736,2025-04-25,False,,,,False
97404000AS0368,2025-11-28,False,,,,False
97405000AK1797,2025-04-26,False,,,,False
97422000BI1003,2025-11-27,True,,,,False
97408000AW0940,2025-08-01,False,,,,False
97405000AO0177,2025-07-16,True,,,,False
97412000AM1262,2025-05-28,True,,,,False
97408000AO1807,2025-05-19,False,,,,False
97410000AI0628,2025-10-02,False,,,,False
97414000HE0367,2025-12-31,False,,,,False
97414000ER0939,2025-12-11,True,,,,False
97412000CV0993,2025-09-27,False,,,,False
97415000DX0395,2025-03-17,True,,,,False
97422000BP1988,2025-04-08,True,,,,False
97422000BM0634,2025-01-28,False,,,,False
97422000BP1053,2025-08-20,False,,,,False
97412000AH0695,2025-08-08,False,,,,False
97411000HZ0062,2025-06-16,False,,,,False
97401000AD0536,2025-12-08,False,,,,False
97422000AH0506,2025-10-09,False,,,,False
97411000CD1528,2025-04-16,False,,,,False
97416000IB0297,2025-11-14,False,,,,False
97414000HL0503,2025-07-30,True,,,,False
97422000BV0071,2025-03-10,False,,,,False
97421000BN0216,2025-06-12,False,,,,False
97416000CW1146,2025-10-21,True,,,,False
97411000HH0277,2025-06-26,False,,,,False
97411000BE0272,2025-11-04,True,,,,False
97414000EW0219,2025-03-17,False,,,,False
97422000AK1458,2025-12-16,False,,,,False
97413000CX2553,2025-09-22,True,,,,False
97414000HI1630,2025-06-12,False,,,,False
97422000BI0381,2025-03-28,True,,,,False
97404000AL1486,2025-10-24,False,,,,False
97409000BK0560,2025-08-25,False,,,,False
97418000AV2600,2025-01-09,True,,,,False
97422000BN2939,2025-12-31,False,,,,False
97422000BT1282,2025-07-21,False,,,,False
97410000AN0849,2025-06-30,True,,,,False
97410000AK0208,2025-12-22,False,,,,False
97409000BD1511,2025-10-09,False,,,,False
97415000CN0233,2025-04-17,True,,,,False
97410000CL0869,2025-03-27,True,,,,False
97414000ES0374,2025-12-31,True,,,,False
97415000AY0965,2025-12-15,False,,,,False
97422000CN1794,2025-05-16,False,,,,False
97416000HI0189,2025-01-29,False,,,,False
97414000EN4209,2025-12-18,False,,,,False
97422000EL0240,2025-05-26,False,,,,False
97422000CM0758,2025-04-25,False,,,,False
97406000AO0382,2025-01-24,False,,,,False
97415000HN0054,2025-10-30,True,,,,False
97412000CE1961,2025-07-29,False,,,,False
97415000EY0924,2025-05-26,False,,,,False
97411000EL0153,2025-12-17,True,,,,False
97406000AH0231,2025-12-10,False,,,,False
97415000CO0563,2025-07-01,True,,,,False
97410000AY0103,2025-03-03,True,,,,False
97414000EN4191,2025-11-27,True,,,,False
97418000BN0030,2025-02-06,True,,,,False
97416000HT0406,2025-09-12,False,,,,False
97422000CX0812,2025-08-04,False,,,,False
97414000EW0682,2025-05-28,False,,,,False
97411000IR0617,2025-12-12,True,,,,False
97407000AL1687,2025-09-15,True,,,,False
97405000AM0214,2025-10-31,True,,,,False
97416000HV0344,2025-10-24,False,,,,False
97423000AK2033,2025-09-09,True,,,,False
97405000AL0145,2025-04-04,False,,,,False
97415000BZ0203,2025-12-15,True,,,,False
97410000AC0452,2025-12-23,False,,,,False
97406000AV1245,2025-06-11,True,,,,False
97416000HO0739,2025-08-07,False,,,,False
97422000BL1746,2025-02-11,False,,,,False
97407000AL1175,2025-09-15,True,,,,False
97422000AR0178,2025-07-18,True,,,,False
97402000AH0138,2025-01-15,False,,,,False
97408000AP1611,2025-09-11,True,,,,False
97418000AV0435,2025-08-11,False,,,,False
97412000BV0278,2025-05-27,False,,,,False
97406000AE0114,2025-01-31,True,,,,False
97410000AP0029,2025-12-09,False,,,,False
97422000AS0693,2025-03-26,False,,,,False
97409000BK0970,2025-12-19,False,,,,False
97418000AL0205,2025-04-14,False,,,,False
97412000BC0822,2025-08-26,False,,,,False
97423000AH1840,2025-03-27,True,,,,False
97411000BD0064,2025-08-28,False,,,,False
97422000BL0320,2025-06-20,True,,,,False
97416000HT0466,2025-06-02,False,,,,False
97415000EY1690,2025-11-20,True,,,,False
97407000AS0384,2025-08-13,False,,,,False
97415000BW0991,2025-12-15,False,,,,False
97404000AI2336,2025-11-06,False,,,,False
97415000EW1923,2025-02-14,False,,,,False
97422000CS0932,2025-05-22,False,,,,False
97412000BW2489,2025-12-12,True,,,,False
97415000CT2380,2025-03-31,True,,,,False
97413000CX1205,2025-12-16,False,,,,False
97416000DN0518,2025-10-10,True,,,,False
97412000BR0867,2025-02-26,False,,,,False
97405000AK0566,2025-01-30,True,,,,False
97422000CX1331,2025-10-31,True,,,,False
97416000EZ0665,2025-09-26,False,,,,False
97414000HL0395,2025-10-30,False,,,,False
97413000CY1461,2025-12-05,False,,,,False
97422000BW3596,2025-06-23,False,,,,False
97408000AP1653,2025-09-11,True,,,,False
97415000CV0113,2025-06-03,False,,,,False
97413000CG0181,2025-07-31,False,,,,False
97415000CT1213,2025-03-07,True,,,,False
97422000BN2516,2025-06-24,False,,,,False
97411000AM0112,2025-10-08,False,,,,False
97414000HE0303,2025-06-21,False,,,,False
97404000AE1482,2025-11-06,False,,,,False
97408000AC2940,2025-03-18,True,,,,False
97407000AK0877,2025-09-26,False,,,,False
97422000AL0849,2025-07-22,True,,,,False
97412000AW0181,2025-11-26,False,,,,False
97404000AD1561,2025-07-15,True,,,,False
97409000AT0802,2025-06-24,False,,,,False
97414000EO1414,2025-10-31,False,,,,False
97408000BM0100,2025-03-13,False,,,,False
97418000BM0185,2025-02-10,False,,,,False
97411000EP0231,2025-01-31,True,,,,False
97415000CH2351,2025-11-05,False,,,,False
97409000AR2754,2025-12-22,False,,,,False
97405000AY0645,2025-08-26,False,,,,False
97411000IZ0129,2025-06-20,False,,,,False
97422000BK2513,2025-04-08,True,,,,False
97411000AL0005,2025-07-15,False,,,,False
97419000AR0736,2025-06-09,True,,,,False
97412000AO0923,2025-12-15,False,,,,False
97405000AL0068,2025-06-20,False,,,,False
97411000IN0054,2025-04-16,False,,,,False
97411000EM0273,2025-03-17,False,,,,False
97414000EO1495,2025-09-12,False,,,,False
97422000BP2010,2025-04-08,True,,,,False
97411000HW0255,2025-12-15,True,,,,False
97420000BD1000,2025-07-25,True,,,,False
97411000DX0104,2025-05-15,True,,,,False
97402000AH0310,2025-07-04,False,,,,False
97412000AO0636,2025-01-21,False,,,,False
97412000CY1088,2025-12-26,False,,,,False
97418000AT2300,2025-04-30,True,,,,False
97415000AB0737,2025-08-25,True,,,,False
97410000AW1063,2025-04-24,True,,,,False
97411000AP0476,2025-10-10,False,,,,False
97416000HN1292,2025-09-16,True,,,,False
97414000DS0845,2025-01-14,False,,,,False
97409000AC0102,2025-12-31,False,,,,False
97404000AY0404,2025-11-13,False,,,,False
97415000CT1811,2025-08-11,True,,,,False
97408000AT0799,2025-01-29,True,,,,False
97408000AN1372,2025-12-22,True,,,,False
97408000AC3519,2025-03-31,True,,,,False
97410000AE1174,2025-07-30,True,,,,False
97420000AC0857,2025-03-12,True,,,,False
97410000AN0832,2025-07-30,True,,,,False
97420000AH0109,2025-08-19,False,,,,False
97413000CL0624,2025-08-08,True,,,,False
97418000AV0615,2025-11-19,False,,,,False
97415000EY1086,2025-03-06,False,,,,False
97411000BZ0763,2025-01-30,False,,,,False
97424000AR0078,2025-01-16,False,,,,False
97413000AV2287,2025-04-24,True,,,,False
97422000BP1993,2025-04-08,True,,,,False
97414000HI0984,2025-09-12,False,,,,False
97405000BE0237,2025-06-02,False,,,,False
97422000CO0311,2025-11-25,False,,,,False
97404000AV0543,2025-04-25,False,,,,False
97402000AK2162,2025-02-13,True,,,,False
97412000CV0737,2025-04-22,False,,,,False
97412000CE1561,2025-01-10,True,,,,False
97422000BP2096,2025-09-26,False,,,,False
97410000AS1465,2025-02-24,True,,,,False
97414000DY0622,2025-09-11,False,,,,False
97420000AS1084,2025-07-11,False,,,,False
97422000BT0699,2025-06-17,True,,,,False
97412000BO0125,2025-10-02,False,,,,False
97422000EC0035,2025-07-29,False,,,,False
97414000DH0972,2025-04-04,False,,,,False
97416000CZ1690,2025-07-07,False,,,,False
97417000AI0003,2025-09-29,True,,,,False
97403000AP1224,2025-04-29,False,,,,False
97413000DK0244,2025-11-18,True,,,,False
97412000CE1843,2025-04-25,True,,,,False
97410000BM1327,2025-07-29,True,,,,False
97416000ET2117,2025-03-07,True,,,,False
97408000AO1266,2025-02-21,False,,,,False
97416000EL0199,2025-04-22,False,,,,False
97420000BH0800,2025-03-27,False,,,,False
97416000CX1430,2025-02-06,False,,,,False
97408000AM1332,2025-10-27,True,,,,False
97422000AY0308,2025-03-07,False,,,,False
97422000BK0160,2025-02-25,False,,,,False
97411000EP0134,2025-08-26,False,,,,False
97408000AC0857,2025-07-03,False,,,,False
97412000AV1088,2025-05-27,False,,,,False
97408000AP1612,2025-09-11,True,,,,False
97411000IN0346,2025-11-10,True,,,,False
97415000ET1422,2025-10-20,False,,,,False
97411000EZ0141,2025-08-05,True,,,,False
97413000CX2191,2025-08-18,True,,,,False
97411000EZ0355,2025-12-09,False,,,,False
97414000ES0721,2025-11-13,True,,,,False
97414000CH1085,2025-06-12,True,,,,False
97416000CD0546,2025-05-28,True,,,,False
97405000AY0736,2025-12-12,True,,,,False
97416000EZ0505,2025-12-23,False,,,,False
97414000CP0329,2025-03-31,True,,,,False
97412000CD1004,2025-03-24,False,,,,False
97408000AC3752,2025-07-10,True,,,,False
97418000AV2895,2025-01-17,True,,,,False
97422000AX1477,2025-10-21,False,,,,False
97415000CM1351,2025-07-31,True,,,,False
97422000BT0509,2025-04-10,False,,,,False
97405000AL1678,2025-11-24,True,,,,False
97416000CD0747,2025-06-20,True,,,,False
97415000AV0354,2025-01-17,True,,,,False
97413000CE0086,2025-07-31,False,,,,False
97422000CZ0414,2025-03-05,False,,,,False
97410000AH0213,2025-10-15,True,,,,False
97415000BW0568,2025-09-29,False,,,,False
97411000BK0021,2025-08-29,False,,,,False
97412000BX1322,2025-07-04,False,,,,False
97415000DR1396,2025-05-19,False,,,,False
97411000DS0443,2025-04-07,False,,,,False
97408000AR0390,2025-10-08,False,,,,False
97411000BK0230,2025-12-23,True,,,,False
97415000AB0783,2025-08-25,True,,,,False
97415000ET1581,2025-07-25,False,,,,False
97405000AO0179,2025-07-16,True,,,,False
97410000AN0843,2025-10-03,True,,,,False
97418000AE0422,2025-08-26,True,,,,False
97422000BP1990,2025-04-08,True,,,,False
97414000HE0584,2025-03-25,False,,,,False
97413000CR1176,2025-02-24,True,,,,False
97411000IK0021,2025-06-10,False,,,,False
97412000AV0284,2025-05-23,False,,,,False
97414000DE1162,2025-08-14,False,,,,False
97412000CE2837,2025-05-15,True,,,,False
97413000CX2896,2025-09-22,True,,,,False
97415000DE0455,2025-05-27,False,,,,False
97410000AL0384,2025-10-10,True,,,,False
97422000BT1216,2025-12-30,True,,,,False
97409000AX0982,2025-09-16,True,,,,False
97407000AO0559,2025-07-11,False,,,,False
97409000AN0597,2025-02-18,False,,,,False
97414000ES1037,2025-02-14,False,,,,False
97415000CO0315,2025-07-01,True,,,,False
97417000AT1450,2025-01-03,True,,,,False
97422000DM0234,2025-09-18,False,,,,False
97424000AR0077,2025-01-16,False,,,,False
97412000CP0357,2025-05-15,False,,,,False
97415000HK0585,2025-09-25,True,,,,False
97408000AP1627,2025-09-11,True,,,,False
97422000AD0253,2025-12-23,True,,,,False
97410000AH0313,2025-09-26,True,,,,False
97422000DH0230,2025-08-25,True,,,,False
97410000BD0194,2025-04-18,False,,,,False
97410000AL0424,2025-06-06,True,,,,False
97416000ET2122,2025-02-19,True,,,,False
97415000CW0817,2025-07-01,True,,,,False
97415000AV0938,2025-08-25,True,,,,False
97412000AH1283,2025-03-31,False,,,,False
97411000AL0069,2025-09-22,False,,,,False
97411000BZ1710,2025-05-12,False,,,,False
97415000CR0336,2025-03-28,False,,,,False
97422000BD0785,2025-11-28,False,,,,False
97410000BW1111,2025-07-22,True,,,,False
97422000ED0343,2025-09-29,True,,,,False
97422000BS2045,2025-04-18,False,,,,False
97411000CM0717,2025-07-04,True,,,,False
97418000AT2136,2025-10-23,False,,,,False
97406000AI0401,2025-01-30,False,,,,False
97408000BM0115,2025-06-03,False,,,,False
97409000BE2305,2025-06-02,True,,,,False
97415000EZ0181,2025-03-04,True,,,,False
97410000AL0423,2025-06-06,True,,,,False
97416000HY1772,2025-01-20,True,,,,False
97412000AX1090,2025-12-03,False,,,,False
97412000BW0370,2025-04-23,False,,,,False
97422000BV1830,2025-07-04,False,,,,False
97410000AI1328,2025-06-13,False,,,,False
97412000BK1969,2025-05-21,False,,,,False
97413000DE1566,2025-03-26,False,,,,False
97411000HA0048,2025-04-14,False,,,,False
97408000AO1870,2025-04-07,False,,,,False
97422000BI0498,2025-08-04,True,,,,False
97422000BP1876,2025-10-06,True,,,,False
97415000CO0313,2025-07-01,True,,,,False
97415000AH1079,2025-12-31,True,,,,False
97422000BP1964,2025-04-08,True,,,,False
97416000CW1641,2025-02-19,False,,,,False
97415000AB0593,2025-07-29,True,,,,False
97411000AZ0031,2025-06-18,False,,,,False
97416000DS0709,2025-08-29,False,,,,False
97418000AR2517,2025-07-18,False,,,,False
97411000IC0434,2025-03-18,False,,,,False
97418000AP3108,2025-12-29,False,,,,False
97413000CM0573,2025-08-18,True,,,,False
97411000CE1266,2025-10-09,False,,,,False
97415000EW1991,2025-03-20,True,,,,False
97416000HN1820,2025-11-28,False,,,,False
97401000AS1393,2025-10-21,True,,,,False
97414000HC0379,2025-03-25,False,,,,False
97416000CV2081,2025-12-16,False,,,,False
97412000AO0816,2025-10-07,False,,,,False
97408000BO0384,2025-12-22,True,,,,False
97409000AR1662,2025-07-02,False,,,,False
97412000BR0808,2025-01-14,False,,,,False
97415000AW1978,2025-01-13,False,,,,False
97422000BR1854,2025-02-05,False,,,,False
97415000EP1223,2025-12-26,True,,,,False
97415000BV1493,2025-03-11,False,,,,False
97409000AX1123,2025-07-08,False,,,,False
97412000BY0924,2025-06-12,True,,,,False
97411000BE0271,2025-11-04,True,,,,False
97411000BN0593,2025-02-27,False,,,,False
97414000CL0579,2025-12-16,True,,,,False
97408000BM0757,2025-02-25,False,,,,False
97413000AV2293,2025-01-31,True,,,,False
97407000AI1549,2025-11-17,True,,,,False
97411000HY0170,2025-09-16,False,,,,False
97406000AV0879,2025-08-13,False,,,,False
97417000AT1162,2025-09-30,True,,,,False
97416000DE1457,2025-06-30,False,,,,False
97422000CN0119,2025-06-04,True,,,,False
97411000AV0207,2025-06-20,False,,,,False
97422000BP1953,2025-04-08,True,,,,False
97408000AP1596,2025-03-17,True,,,,False
97424000AD0115,2025-01-16,False,,,,False
97416000IE0341,2025-01-15,False,,,,False
97408000AH0317,2025-12-23,False,,,,False
97408000AR0573,2025-08-19,False,,,,False
97413000CR0703,2025-03-17,False,,,,False
97401000AS1196,2025-01-09,False,,,,False
97413000DE0916,2025-05-27,True,,,,False
97414000CV0091,2025-12-24,False,,,,False
97418000AT2311,2025-02-13,False,,,,False
97408000AM0562,2025-05-05,True,,,,False
97414000EV0549,2025-07-10,True,,,,False
97424000AM0012,2025-01-16,False,,,,False
97416000HR0291,2025-09-30,True,,,,False
97410000BS0514,2025-03-18,True,,,,False
97423000AB1972,2025-12-23,False,,,,False
97422000EI0194,2025-11-25,False,,,,False
97419000AR0524,2025-08-21,False,,,,False
97409000BP0025,2025-08-14,True,,,,False
97422000CS0631,2025-02-07,False,,,,False
97408000AC1838,2025-09-12,False,,,,False
97422000CH0176,2025-05-28,False,,,,False
97404000AE1481,2025-02-06,False,,,,False
97409000BR0190,2025-11-19,True,,,,False
97401000AR1680,2025-10-30,False,,,,False
97415000CY0704,2025-11-03,False,,,,False
97413000DE1439,2025-09-25,False,,,,False
97412000BI0158,2025-11-14,True,,,,False
97412000CI0429,2025-11-06,False,,,,False
97422000CE0245,2025-08-13,False,,,,False
97414000EN2483,2025-12-10,True,,,,False
97414000EL2520,2025-05-26,True,,,,False
97416000CS1607,2025-03-21,False,,,,False
97408000AP1651,2025-09-11,True,,,,False
97418000AR1498,2025-07-10,False,,,,False
97402000AM0009,2025-05-26,True,,,,False
97412000AS0053,2025-09-30,True,,,,False
97407000BA0054,2025-09-08,False,,,,False
97422000BO1597,2025-03-17,False,,,,False
97415000HO1132,2025-10-16,False,,,,False
97414000EV0789,2025-07-10,True,,,,False
97405000AD0085,2025-08-18,True,,,,False
97416000HZ0578,2025-03-28,False,,,,False
97408000AW0647,2025-07-30,False,,,,False
97410000AH0314,2025-09-26,True,,,,False
97415000ER1536,2025-12-17,False,,,,False
97411000CR0580,2025-03-12,False,,,,False
97410000AN0893,2025-12-15,True,,,,False
97401000AN1381,2025-11-17,True,,,,False
97415000AB0802,2025-12-30,True,,,,False
97401000AO0885,2025-08-14,False,,,,False
97415000EW1467,2025-05-16,False,,,,False
97416000DE0375,2025-07-07,True,,,,False
97422000BW0660,2025-11-07,False,,,,False
97413000CT0364,2025-03-05,True,,,,False
97415000CX0664,2025-01-13,True,,,,False
97415000AW2398,2025-11-24,True,,,,False
97416000DL0088,2025-07-17,False,,,,False
97409000AR2082,2025-01-30,False,,,,False
97409000BD1614,2025-01-30,True,,,,False
97407000AO1136,2025-09-01,True,,,,False
97416000ET0534,2025-10-01,False,,,,False
97416000DE0384,2025-07-07,True,,,,False
97415000BZ0588,2025-11-05,True,,,,False
97412000CH0432,2025-08-08,True,,,,False
97413000CX2863,2025-09-26,False,,,,False
97421000BD0076,2025-06-13,False,,,,False
97422000BV3060,2025-04-08,True,,,,False
97404000AX0658,2025-07-25,True,,,,False
97410000AW0369,2025-08-22,True,,,,False
97422000DI0492,2025-03-27,False,,,,False
97415000CV1240,2025-09-09,True,,,,False
97405000AM0841,2025-03-05,True,,,,False
97407000AM1575,2025-11-27,False,,,,False
97415000EW1958,2025-04-07,True,,,,False
97423000AE0239,2025-06-19,False,,,,False
97422000CH0785,2025-12-30,False,,,,False
97415000CO0314,2025-07-01,True,,,,False
97414000EL1151,2025-02-21,False,,,,False
97412000CD1399,2025-07-24,True,,,,False
97401000AN1096,2025-07-07,False,,,,False
97409000AI1388,2025-04-23,False,,,,False
97412000AN0469,2025-07-30,False,,,,False
97422000DH0231,2025-08-25,True,,,,False
97405000AR1651,2025-06-05,True,,,,False
97424000AI0418,2025-06-10,False,,,,False
97424000AR0032,2025-01-16,False,,,,False
97422000BR1064,2025-03-11,False,,,,False
97422000CT0126,2025-12-31,False,,,,False
97416000ET2209,2025-11-27,True,,,,False
97417000AO0464,2025-09-12,True,,,,False
97413000AC0544,2025-06-12,False,,,,False
97422000BK1526,2025-04-28,True,,,,False
97413000DA0329,2025-05-15,False,,,,False
97418000AD0871,2025-10-16,True,,,,False
97409000BM0588,2025-04-11,True,,,,False
97410000BE0097,2025-05-15,False,,,,False
97411000BL0524,2025-10-29,True,,,,False
97407000AI1548,2025-11-17,True,,,,False
97416000EZ0596,2025-05-19,False,,,,False
97405000AM0796,2025-03-05,True,,,,False
97411000HZ0205,2025-10-06,False,,,,False
97415000DZ0282,2025-12-30,False,,,,False
97410000AW0370,2025-08-22,True,,,,False
97406000AC0345,2025-12-19,False,,,,False
97422000BE3023,2025-11-19,False,,,,False
97416000CW2943,2025-07-01,False,,,,False
97402000AK0974,2025-04-11,False,,,,False
97412000BH0343,2025-01-30,True,,,,False
97422000AL0850,2025-07-22,True,,,,False
97414000CR0530,2025-01-23,False,,,,False
97416000CX1341,2025-09-30,False,,,,False
97411000AP0429,2025-07-22,False,,,,False
97412000CS0616,2025-03-13,False,,,,False
97405000AE0874,2025-09-04,False,,,,False
97415000AW2404,2025-08-01,True,,,,False
97406000AV0610,2025-07-04,False,,,,False
97416000EH1303,2025-09-04,False,,,,False
97413000CX2544,2025-09-22,True,,,,False
97406000AI0561,2025-05-29,False,,,,False
97422000BD3782,2025-02-14,False,,,,False
97414000HH0539,2025-02-13,False,,,,False
97422000AS0524,2025-02-12,False,,,,False
97418000AP3309,2025-08-27,True,,,,False
97415000BW2149,2025-09-19,False,,,,False
97414000EV0552,2025-07-10,True,,,,False
97401000AO0711,2025-10-31,False,,,,False
97411000IN0345,2025-11-10,True,,,,False
97412000CD1329,2025-10-30,False,,,,False
97415000EW0567,2025-01-20,True,,,,False
97416000HN1318,2025-09-16,True,,,,False
97412000CS0580,2025-07-21,False,,,,False
97416000HP0881,2025-09-30,False,,,,False
97406000AE0550,2025-06-04,False,,,,False
97408000AO1211,2025-12-19,False,,,,False
97411000EW0087,2025-05-30,False,,,,False
97419000AM0621,2025-10-30,False,,,,False
97422000ED0475,2025-09-29,True,,,,False
97415000BO0477,2025-06-17,True,,,,False
97415000DE0279,2025-12-05,False,,,,False
97412000AT0562,2025-11-24,True,,,,False
97411000AT0475,2025-04-09,False,,,,False
97414000ET1753,2025-12-24,False,,,,False
97416000HV0489,2025-06-23,True,,,,False
97416000CW2234,2025-07-18,False,,,,False
97406000AH0673,2025-05-20,True,,,,False
97411000EI0499,2025-08-01,False,,,,False
97408000AR1345,2025-04-10,False,,,,False
97405000AR1841,2025-11-20,False,,,,False
97409000AY1527,2025-11-19,False,,,,False
97416000ET2112,2025-08-26,False,,,,False
97422000CH0103,2025-04-22,False,,,,False
97416000HN0800,2025-04-15,False,,,,False
97422000DE0692,2025-07-09,False,,,,False
97415000CO0296,2025-07-01,True,,,,False
97416000ID0844,2025-11-05,False,,,,False
97422000AL0998,2025-04-04,True,,,,False
97417000AK0124,2025-08-08,False,,,,False
97416000DM0931,2025-07-10,True,,,,False
97422000BP1982,2025-04-08,True,,,,False
97415000CW0840,2025-07-01,True,,,,False
97416000EW1291,2025-08-28,True,,,,False
97402000AI0893,2025-05-20,False,,,,False
97411000IL0263,2025-03-31,False,,,,False
97411000AO0447,2025-05-28,False,,,,False
97410000AT0765,2025-08-18,False,,,,False
97422000CL0984,2025-06-20,False,,,,False
97414000CH1726,2025-12-04,False,,,,False
97415000EW0810,2025-05-09,True,,,,False
97422000AL0852,2025-07-22,True,,,,False
97414000EV0556,2025-07-10,True,,,,False
97415000CO0294,2025-07-01,True,,,,False
97421000AP0433,2025-07-02,True,,,,False
97415000CY0250,2025-06-19,True,,,,False
97416000HY1799,2025-12-10,False,,,,False
97412000AO0191,2025-01-21,False,,,,False
97411000HT0200,2025-08-05,False,,,,False
97416000CW1513,2025-06-24,True,,,,False
97418000AW0120,2025-03-17,False,,,,False
97418000AV2912,2025-08-28,False,,,,False
97415000EH0543,2025-10-20,False,,,,False
97408000AN1347,2025-06-30,True,,,,False
97415000AT0704,2025-04-02,False,,,,False
97415000AB0594,2025-07-29,True,,,,False
97416000HX0823,2025-06-26,False,,,,False
97416000CZ1737,2025-07-11,False,,,,False
97415000CT2976,2025-06-04,False,,,,False
97411000HS0140,2025-02-03,False,,,,False
97415000AZ1645,2025-12-31,False,,,,False
97424000AL0489,2025-12-11,False,,,,False
97414000DH1439,2025-09-29,True,,,,False
97410000AL0484,2025-12-23,True,,,,False
97415000AB0530,2025-07-29,True,,,,False
97409000AS1883,2025-02-26,False,,,,False
97415000EV0578,2025-04-10,True,,,,False
97402000AN0241,2025-03-28,False,,,,False
97410000AM0292,2025-01-28,False,,,,False
97420000AB1984,2025-06-05,True,,,,False
97420000BE0954,2025-10-14,False,,,,False
97411000CD0305,2025-01-14,False,,,,False
97413000DE2120,2025-03-06,True,,,,False
97422000AK0778,2025-11-10,False,,,,False
97411000HN0649,2025-06-16,False,,,,False
97410000AW0368,2025-06-04,False,,,,False
97415000AV0359,2025-01-17,True,,,,False
97413000DI0261,2025-04-29,False,,,,False
97405000AH0827,2025-07-15,False,,,,False
97410000AL0429,2025-06-06,True,,,,False
97406000AM0559,2025-07-17,False,,,,False
97418000AO1242,2025-10-21,False,,,,False
97408000AN0769,2025-10-10,False,,,,False
97415000CO0565,2025-07-01,True,,,,False
97415000CO0486,2025-07-01,True,,,,False
97404000AC0667,2025-10-28,True,,,,False
97418000BH1032,2025-04-23,False,,,,False
97412000AO0933,2025-07-24,False,,,,False
97414000CX0161,2025-02-20,True,,,,False
97414000ET2336,2025-10-23,True,,,,False
97405000AE0945,2025-10-23,False,,,,False
97404000AP0082,2025-10-31,False,,,,False
97418000AR2565,2025-04-25,True,,,,False
97409000AC1099,2025-03-11,False,,,,False
97414000ET1513,2025-08-26,True,,,,False
97413000CH0778,2025-01-29,False,,,,False
97408000BL0157,2025-05-14,False,,,,False
97415000BV1634,2025-10-28,False,,,,False
97412000BX1856,2025-05-14,True,,,,False
97409000BL0209,2025-03-25,True,,,,False
97411000AZ0127,2025-07-21,True,,,,False
97407000AE0396,2025-04-03,True,,,,False
97416000ET2120,2025-03-14,True,,,,False
97406000AI0951,2025-07-25,False,,,,False
97415000AT0550,2025-03-04,True,,,,False
97402000AD1116,2025-03-18,False,,,,False
97411000DW0278,2025-07-03,True,,,,False
97403000AM0581,2025-09-30,True,,,,False
97414000EZ0486,2025-09-11,False,,,,False
97422000BV3064,2025-04-08,True,,,,False
97414000HL0276,2025-09-26,False,,,,False
97417000BC0737,2025-10-30,False,,,,False
97415000AV0980,2025-10-18,False,,,,False
97422000EI0273,2025-03-10,True,,,,False
97420000AB1570,2025-02-05,False,,,,False
97422000EL0173,2025-05-27,True,,,,False
97411000IK0290,2025-05-27,True,,,,False
97416000IE1977,2025-06-04,False,,,,False
97408000AT2024,2025-05-15,True,,,,False
97404000AY0403,2025-11-21,False,,,,False
97407000AL0349,2025-11-27,False,,,,False
97407000AK0866,2025-09-24,False,,,,False
97417000AT1495,2025-12-17,False,,,,False
97410000AV0256,2025-12-23,False,,,,False
97422000BX0482,2025-03-26,False,,,,False
97411000IZ0136,2025-07-17,True,,,,False
97414000HA0325,2025-01-17,True,,,,False
97413000DJ0584,2025-07-17,True,,,,False
97407000AV0087,2025-05-27,True,,,,False
97416000HN1812,2025-10-21,False,,,,False
97416000ET2199,2025-11-27,False,,,,False
97413000CX2866,2025-11-06,False,,,,False
97422000BP1978,2025-04-08,True,,,,False
97422000BR1856,2025-01-20,False,,,,False
97412000CE1729,2025-06-16,False,,,,False
97412000BX0256,2025-11-26,False,,,,False
97410000BZ0390,2025-12-11,False,,,,False
97417000BC1215,2025-08-28,False,,,,False
97411000DE0175,2025-07-04,False,,,,False
97415000AB0376,2025-07-29,True,,,,False
97408000AT1515,2025-05-14,False,,,,False
97412000BY1161,2025-10-24,False,,,,False
97418000AD0869,2025-10-16,True,,,,False
97422000BK2529,2025-04-02,False,,,,False
97411000DW0285,2025-12-04,True,,,,False
97411000HB0382,2025-08-01,True,,,,False
97408000AO1552,2025-01-27,False,,,,False
97411000DY0267,2025-04-03,True,,,,False
97411000AH0369,2025-08-25,True,,,,False
97420000AI0916,2025-08-08,False,,,,False
97404000AS0361,2025-05-15,False,,,,False
97417000AI0035,2025-09-29,True,,,,False
97412000BY1832,2025-09-09,False,,,,False
97408000AP1600,2025-09-11,True,,,,False
97422000AE0269,2025-07-31,False,,,,False
97416000ET2130,2025-06-27,True,,,,False
97413000DI0071,2025-01-14,True,,,,False
97422000BH0246,2025-10-15,True,,,,False
97422000BP2074,2025-07-18,False,,,,False
97415000DM1487,2025-10-30,True,,,,False
97408000AV1282,2025-09-17,False,,,,False
97415000CO0365,2025-07-01,True,,,,False
97416000IL0348,2025-05-30,False,,,,False
97417000BD1025,2025-07-22,True,,,,False
97422000BR1701,2025-03-11,False,,,,False
97415000BV0588,2025-02-11,True,,,,False
97424000AI1700,2025-05-28,False,,,,False
97415000AZ2029,2025-05-26,False,,,,False
97408000AP1660,2025-09-11,True,,,,False
97424000AM0913,2025-06-25,False,,,,False
97406000AV1352,2025-07-31,True,,,,False
97406000AV0539,2025-04-24,False,,,,False
97406000AO0380,2025-12-15,False,,,,False
97411000DR0642,2025-12-01,True,,,,False
97410000AV0664,2025-10-14,True,,,,False
97422000BH2087,2025-04-16,False,,,,False
97401000AD1336,2025-11-24,False,,,,False
97413000CF0298,2025-11-27,True,,,,False
97410000AN0863,2025-11-27,True,,,,False
97411000BH0509,2025-12-22,True,,,,False
97415000CR1086,2025-11-13,True,,,,False
97414000ET1256,2025-09-23,False,,,,False
97424000AO0682,2025-10-21,False,,,,False
97414000EL2519,2025-05-26,True,,,,False
97413000CR1075,2025-05-14,True,,,,False
97424000AI1625,2025-05-28,False,,,,False
97413000AV2294,2025-07-07,False,,,,False
97423000AH0129,2025-05-07,True,,,,False
97413000DM0064,2025-10-15,False,,,,False
97416000DH1228,2025-09-26,True,,,,False
97412000BW0495,2025-08-27,False,,,,False
97410000AH1306,2025-12-09,True,,,,False
97416000EW0774,2025-03-31,False,,,,False
97401000AS1572,2025-12-24,True,,,,False
97422000BW2588,2025-09-17,False,,,,False
97416000HY0829,2025-03-17,True,,,,False
97415000EH0396,2025-02-20,True,,,,False
97411000AT0401,2025-07-09,False,,,,False
97404000AH0244,2025-10-23,False,,,,False
97422000AK1292,2025-10-30,False,,,,False
97409000AS2131,2025-10-24,True,,,,False
97416000IA1864,2025-05-20,True,,,,False
97404000AS0363,2025-03-27,False,,,,False
97409000BD0153,2025-07-21,False,,,,False
97410000AE1176,2025-07-30,True,,,,False
97413000DC1085,2025-12-12,False,,,,False
97415000ET1688,2025-01-24,False,,,,False
97422000BI1144,2025-12-16,False,,,,False
97416000HP0259,2025-03-26,True,,,,False
97422000CS0600,2025-09-30,False,,,,False
97414000CP0005,2025-03-31,True,,,,False
97408000AP1614,2025-09-11,True,,,,False
97415000HI0295,2025-03-14,False,,,,False
97408000BM0174,2025-06-30,True,,,,False
97412000CK0822,2025-09-19,True,,,,False
97415000CT1237,2025-03-07,True,,,,False
97421000BP0224,2025-03-12,True,,,,False
97416000CX1373,2025-03-20,True,,,,False
97415000CZ1176,2025-02-07,False,,,,False
97416000ES0922,2025-08-04,False,,,,False
97411000IH0081,2025-01-21,False,,,,False
97412000BY1722,2025-02-25,False,,,,False
97407000AE0479,2025-06-30,True,,,,False
97411000CH0813,2025-11-25,False,,,,False
97407000AS0135,2025-03-05,False,,,,False
97412000CD0280,2025-07-16,True,,,,False
97422000AZ0177,2025-06-27,False,,,,False
97423000AE0525,2025-01-23,False,,,,False
97420000AW0082,2025-01-17,False,,,,False
97410000BS0410,2025-09-12,False,,,,False
97415000BN1328,2025-07-17,False,,,,False
97401000AN1352,2025-06-17,True,,,,False
97422000BP1974,2025-04-08,True,,,,False
97422000CX0553,2025-01-14,False,,,,False
97409000AX0989,2025-09-16,True,,,,False
97422000EL0172,2025-05-27,True,,,,False
97416000HY1781,2025-01-20,True,,,,False
97414000EL0657,2025-04-17,False,,,,False
97416000ES0757,2025-02-12,False,,,,False
97416000DN0012,2025-01-10,False,,,,False
97414000EW0039,2025-05-22,False,,,,False
97408000AV0259,2025-01-30,False,,,,False
97417000AT1187,2025-04-23,True,,,,False
97424000AI1827,2025-02-25,True,,,,False
97423000AH1768,2025-04-17,True,,,,False
97412000CT0762,2025-01-31,True,,,,False
97412000AX1032,2025-05-21,True,,,,False
97411000EH0205,2025-04-04,False,,,,False
97418000AY0209,2025-03-21,False,,,,False
97422000DL0996,2025-09-26,True,,,,False
97415000EY1268,2025-08-28,False,,,,False
97422000DH0362,2025-08-09,False,,,,False
97415000CP1244,2025-01-31,False,,,,False
97415000CY0018,2025-12-31,False,,,,False
97414000CH1944,2025-10-23,False,,,,False
97407000AK0534,2025-04-28,False,,,,False
97422000EL0414,2025-09-30,False,,,,False
97411000EZ0142,2025-08-05,True,,,,False
97415000AV0329,2025-01-17,True,,,,False
97411000AY0557,2025-12-17,True,,,,False
97409000AW1501,2025-12-10,False,,,,False
97413000CY0407,2025-09-17,False,,,,False
97415000AY0850,2025-10-09,False,,,,False
97422000ED0067,2025-03-11,False,,,,False
97412000BM0948,2025-03-07,True,,,,False
97403000AO0511,2025-08-21,False,,,,False
97414000CH0416,2025-02-07,True,,,,False
97422000AL0993,2025-04-04,True,,,,False
97411000DZ0243,2025-04-28,True,,,,False
97415000AV0361,2025-01-17,True,,,,False
97405000AS0551,2025-03-11,False,,,,False
97412000AW0309,2025-03-11,True,,,,False
97422000AP1252,2025-04-29,False,,,,False
97421000AS0296,2025-08-08,False,,,,False
97422000BV1599,2025-12-26,False,,,,False
97416000CW1715,2025-10-13,True,,,,False
97415000ER1422,2025-02-18,False,,,,False
97414000CT1429,2025-02-26,False,,,,False
97410000BN0843,2025-07-07,False,,,,False
97414000EN2035,2025-05-30,False,,,,False
97405000AH0844,2025-05-28,True,,,,False
97412000AH1198,2025-11-27,False,,,,False
97412000BT0910,2025-08-26,False,,,,False
97412000CE1559,2025-01-10,True,,,,False
97408000BK0360,2025-01-20,False,,,,False
97410000BN0580,2025-10-30,True,,,,False
97413000DE2510,2025-10-21,False,,,,False
97404000BA0019,2025-07-24,False,,,,False
97413000DG0781,2025-12-26,False,,,,False
97410000AP0435,2025-05-27,True,,,,False
97405000AK1422,2025-03-31,False,,,,False
97415000EN0263,2025-07-11,False,,,,False
97415000AB0408,2025-09-26,True,,,,False
97413000CG0647,2025-04-29,False,,,,False
97421000AL0544,2025-10-23,True,,,,False
97406000AM0851,2025-07-28,False,,,,False
97408000AP1632,2025-09-11,True,,,,False
97415000AX1106,2025-06-04,False,,,,False
97422000DE0580,2025-10-07,True,,,,False
97410000BH0731,2025-08-08,True,,,,False
97408000BR0047,2025-03-19,False,,,,False
97413000DE2099,2025-03-06,True,,,,False
97418000BM0535,2025-10-16,True,,,,False
97410000BX1293,2025-10-27,False,,,,False
97410000AH1289,2025-06-11,True,,,,False
97421000AK0204,2025-12-18,False,,,,False
97415000HK0052,2025-08-05,False,,,,False
97415000EW0808,2025-03-20,True,,,,False
97412000AP0649,2025-05-02,False,,,,False
97415000AB0748,2025-09-30,True,,,,False
97413000AC0969,2025-07-18,True,,,,False
97416000HY0765,2025-02-14,False,,,,False
97424000AI2415,2025-04-16,True,,,,False
97404000AW0256,2025-03-18,False,,,,False
97401000AP1205,2025-10-07,True,,,,False
97411000HM0084,2025-07-24,False,,,,False
97410000BH0445,2025-11-28,False,,,,False
97415000BX0252,2025-05-07,True,,,,False
97408000AN1556,2025-09-01,False,,,,False
97408000AY0319,2025-08-08,True,,,,False
97410000AW0916,2025-11-28,False,,,,False
97416000IC0467,2025-04-09,False,,,,False
97414000EL0303,2025-02-14,False,,,,False
97407000BB0020,2025-02-19,False,,,,False
97407000AK1049,2025-09-30,True,,,,False
97411000DR0632,2025-07-11,False,,,,False
97412000AY0131,2025-02-10,True,,,,False
97412000BP0389,2025-12-11,True,,,,False
97416000CW1223,2025-06-24,True,,,,False
97412000AX0823,2025-05-21,True,,,,False
97411000HR0041,2025-04-24,False,,,,False
97422000BX0031,2025-08-06,False,,,,False
97409000AY0512,2025-09-25,False,,,,False
97414000HH0474,2025-07-10,False,,,,False
97415000CZ0977,2025-07-10,False,,,,False
97413000CC0251,2025-03-31,False,,,,False
97409000AX0827,2025-06-03,False,,,,False
97415000EX0378,2025-01-17,True,,,,False
97401000AP0467,2025-05-16,True,,,,False
97416000IM0715,2025-11-28,False,,,,False
97422000AD0951,2025-11-21,False,,,,False
97422000AE1046,2025-09-30,False,,,,False
97404000AH1024,2025-04-07,True,,,,False
97411000CE0872,2025-07-30,True,,,,False
97418000AV2718,2025-05-09,True,,,,False
97422000BE3020,2025-03-31,False,,,,False
97416000ES1666,2025-05-30,False,,,,False
97414000EW0475,2025-11-27,False,,,,False
97413000DE1249,2025-05-20,False,,,,False
97423000AB1819,2025-12-09,False,,,,False
97409000BE1938,2025-10-07,True,,,,False
97412000CE0967,2025-04-03,False,,,,False
97409000AS1892,2025-09-01,False,,,,False
97411000HH0252,2025-02-05,False,,,,False
97415000AY1631,2025-08-25,False,,,,False
97415000EV0310,2025-07-07,True,,,,False
97408000AC3509,2025-03-31,True,,,,False
97413000CH0646,2025-09-19,False,,,,False
97422000BR0490,2025-06-25,False,,,,False
97411000AH0367,2025-08-25,True,,,,False
97415000DE0892,2025-08-13,False,,,,False
97409000AW1032,2025-07-15,False,,,,False
97411000DM0673,2025-09-12,True,,,,False
97405000AK0309,2025-06-24,True,,,,False
97413000DD1536,2025-12-19,True,,,,False
97417000AT1308,2025-07-31,False,,,,False
97415000ER0426,2025-08-08,False,,,,False
97416000EL0168,2025-05-15,False,,,,False
97412000BW2293,2025-09-11,False,,,,False
97412000BI0031,2025-11-14,True,,,,False
97401000AS1391,2025-10-21,True,,,,False
97408000AC3721,2025-08-06,False,,,,False
97418000AD0297,2025-08-04,False,,,,False
97418000AC1456,2025-06-24,False,,,,False
97408000AP1582,2025-12-31,True,,,,False
97415000BZ0880,2025-04-02,True,,,,False
97414000DT0817,2025-03-07,True,,,,False
97414000CV0003,2025-04-02,True,,,,False
97404000AS0370,2025-11-24,False,,,,False
97410000BW0966,2025-01-29,True,,,,False
97411000AN0480,2025-02-26,False,,,,False
97413000DD1538,2025-12-19,True,,,,False
97418000AP4403,2025-09-30,False,,,,False
97412000CW0987,2025-11-24,False,,,,False
97416000DM0560,2025-10-15,False,,,,False
97405000AL1478,2025-12-10,False,,,,False
97413000DE2491,2025-03-26,False,,,,False
97415000EP1165,2025-04-16,False,,,,False
97411000CM0719,2025-07-04,True,,,,False
97410000BX0159,2025-10-03,True,,,,False
97408000BO0421,2025-12-19,True,,,,False
97416000HZ1071,2025-06-19,True,,,,False
97416000HW0076,2025-12-01,False,,,,False
97418000AS1225,2025-05-06,False,,,,False
97409000AR0240,2025-06-13,False,,,,False
97408000AC3641,2025-10-21,False,,,,False
97408000AP1684,2025-09-11,True,,,,False
97412000AP0203,2025-07-15,True,,,,False
97416000HN1291,2025-09-16,True,,,,False
97416000CZ2375,2025-07-09,False,,,,False
97416000CW1244,2025-06-24,True,,,,False
97404000AC1127,2025-01-21,True,,,,False
97422000CK1498,2025-09-29,False,,,,False
97411000CD1014,2025-12-15,False,,,,False
97422000AL1345,2025-09-12,False,,,,False
97413000CN1025,2025-11-07,False,,,,False
97411000HT0019,2025-05-30,True,,,,False
97419000AR0817,2025-05-02,False,,,,False
97415000BW1105,2025-11-13,False,,,,False
97405000AM0213,2025-10-31,True,,,,False
97415000AS0614,2025-07-09,False,,,,False
97411000BN0301,2025-12-15,False,,,,False
97413000CX2137,2025-11-28,False,,,,False
97420000AO0649,2025-05-16,False,,,,False
97415000EW1265,2025-03-11,True,,,,False
97413000CX2897,2025-09-22,True,,,,False
97422000BV2041,2025-10-02,True,,,,False
97415000BZ0874,2025-12-30,True,,,,False
97422000ED0014,2025-04-24,False,,,,False
97422000BD1834,2025-12-23,False,,,,False
97405000BI0470,2025-11-20,False,,,,False
97422000EN0141,2025-09-01,True,,,,False
97412000CE0454,2025-07-15,True,,,,False
97415000DK1190,2025-11-19,False,,,,False
97420000AV0556,2025-09-24,False,,,,False
97422000BH0644,2025-05-27,True,,,,False
97422000BY0617,2025-12-10,False,,,,False
97416000CZ1919,2025-09-24,False,,,,False
97402000AH1603,2025-04-30,False,,,,False
