idu,date_vente,vente_groupee,premier_envoi,n_simule,premiere_piste,exclue_client
97405000AW1684,2024-06-28,False,,,,False
97412000AW0498,2024-12-17,True,,,,False
97421000AI0250,2024-05-22,True,,,,False
97414000EN3813,2024-02-02,True,,,,False
97411000ER0009,2024-12-19,False,,,,False
97414000CH0957,2024-09-06,False,,,,False
97409000AR1873,2024-01-30,False,,,,False
97413000AV2288,2024-04-23,True,,,,False
97415000ER0923,2024-08-08,False,,,,False
97422000AW0249,2024-10-23,True,,,,False
97415000CH1672,2024-05-24,False,,,,False
97416000CZ2087,2024-06-27,False,,,,False
97408000AP1519,2024-03-26,True,,,,False
97414000HI1493,2024-11-27,True,,,,False
97410000AE1355,2024-04-08,True,,,,False
97415000AV0362,2024-11-15,True,,,,False
97405000AL1616,2024-04-04,False,,,,False
97413000CS0254,2024-12-19,False,,,,False
97415000DM1023,2024-01-17,True,,,,False
97422000CL1480,2024-11-14,False,,,,False
97408000BI0400,2024-06-27,False,,,,False
97403000AS1669,2024-05-30,True,,,,False
97419000AE0405,2024-05-13,False,,,,False
97415000BZ0929,2024-12-19,True,,,,False
97423000AC0328,2024-01-14,True,,,,False
97407000BC0406,2024-11-19,False,,,,False
97416000ES1601,2024-08-08,False,,,,False
97409000AR1436,2024-02-12,False,,,,False
97412000BP0476,2024-12-17,False,,,,False
97415000EY0248,2024-10-21,False,,,,False
97410000AI1446,2024-07-11,False,,,,False
97406000AI1061,2024-08-19,True,,,,False
97414000EW0411,2024-05-22,True,,,,False
97408000BO0582,2024-09-27,True,,,,False
97409000BD0635,2024-08-13,False,,,,False
97416000EW0234,2024-02-29,False,,,,False
97414000EN3140,2024-01-26,False,,,,False
97415000ER1721,2024-01-18,False,,,,False
97411000DP0140,2024-07-03,False,,,,False
97413000CL0905,2024-06-25,False,,,,False
97422000BP1958,2024-04-17,True,,,,False
97421000AV1166,2024-04-03,False,,,,False
97416000DM0470,2024-09-24,False,,,,False
97424000AE2183,2024-06-28,False,,,,False
97411000CD1330,2024-07-29,True,,,,False
97415000EP1168,2024-03-26,False,,,,False
97411000BK0365,2024-06-12,False,,,,False
97404000AX0557,2024-08-07,False,,,,False
97403000AS2023,2024-07-25,True,,,,False
97422000AW0884,2024-10-31,False,,,,False
97412000CR0233,2024-10-16,True,,,,False
97415000EO1052,2024-12-12,False,,,,False
97413000CS0742,2024-12-11,False,,,,False
97420000BC0489,2024-10-18,True,,,,False
97420000AE0424,2024-06-24,False,,,,False
97417000AI0127,2024-05-22,False,,,,False
97416000DL0169,2024-05-31,True,,,,False
97414000EK0649,2024-04-02,True,,,,False
97405000AT0049,2024-11-07,True,,,,False
97418000AS0941,2024-07-31,False,,,,False
97415000CV1236,2024-03-11,True,,,,False
97415000CM2325,2024-07-01,False,,,,False
97422000BO1702,2024-04-26,True,,,,False
97408000BK0245,2024-08-28,True,,,,False
97409000AS1879,2024-01-26,False,,,,False
97423000AB0338,2024-04-16,False,,,,False
97414000ET2159,2024-05-21,False,,,,False
97418000AS1274,2024-12-23,True,,,,False
97422000BL1551,2024-11-08,False,,,,False
97422000CI0729,2024-06-21,True,,,,False
97422000DE0784,2024-05-16,True,,,,False
97416000HI1107,2024-04-08,True,,,,False
97412000BP0488,2024-04-04,True,,,,False
97413000DJ0581,2024-10-01,True,,,,False
97413000CA0262,2024-12-30,True,,,,False
97409000BD0437,2024-01-22,False,,,,False
97405000AD0729,2024-06-13,True,,,,False
97414000DR0560,2024-10-23,False,,,,False
97424000AD0021,2024-08-06,False,,,,False
97403000AP1629,2024-10-23,True,,,,False
97408000AO1863,2024-09-06,False,,,,False
97415000AX0748,2024-09-06,True,,,,False
97414000ET2323,2024-08-09,False,,,,False
97419000AW0302,2024-07-29,True,,,,False
97411000BK0232,2024-03-26,True,,,,False
97403000AP1792,2024-04-03,False,,,,False
97422000BN3005,2024-03-27,False,,,,False
97414000CM0206,2024-12-30,True,,,,False
97424000AH0489,2024-12-10,False,,,,False
97413000BM0840,2024-10-10,False,,,,False
97409000AY1303,2024-08-22,True,,,,False
97410000AB0364,2024-03-25,False,,,,False
97413000CR0680,2024-03-05,False,,,,False
97417000BC0067,2024-12-17,True,,,2026-08-25 14:01:55.195823+00:00,False
97416000CY0616,2024-10-21,False,,,,False
97415000HI0493,2024-03-14,False,,,,False
97411000HM0260,2024-02-06,False,,,,False
97422000DO0300,2024-07-31,False,,,,False
97414000EN4114,2024-11-25,True,,,,False
97411000IE0704,2024-02-23,False,,,,False
97414000DR0501,2024-01-19,False,,,,False
97415000AY0172,2024-12-16,True,,,,False
97415000CM2343,2024-11-02,True,,,,False
97416000CZ1818,2024-10-01,True,,,,False
97406000AT0686,2024-05-23,False,,,,False
97414000CV0723,2024-06-18,False,,,,False
97418000AC1642,2024-05-17,False,,,,False
97409000AY1121,2024-10-25,True,,,,False
97422000AD0269,2024-06-25,True,,,,False
97422000BV0224,2024-04-30,False,,,,False
97416000HI0499,2024-06-28,False,,,,False
97418000BT0037,2024-07-31,False,,,,False
97413000CQ0677,2024-09-16,True,,,,False
97415000CM2345,2024-11-02,True,,,,False
97415000DP0330,2024-02-02,True,,,,False
97415000CS0849,2024-04-04,False,,,,False
97410000BE0566,2024-01-26,True,,,,False
97408000AB0310,2024-09-03,False,,,,False
97418000BM0122,2024-12-23,False,,,,False
97406000AV1212,2024-10-29,True,,,,False
97405000AR1188,2024-02-16,False,,,,False
97409000BE1581,2024-10-31,False,,,,False
97416000HI0556,2024-08-27,True,,,,False
97401000AI0878,2024-05-31,False,,,,False
97424000AI2383,2024-03-22,False,,,,False
97424000AL0608,2024-01-11,False,,,,False
97422000CL0705,2024-06-07,False,,,,False
97414000ET2290,2024-12-31,False,,,,False
97415000BZ0921,2024-12-19,True,,,,False
97418000AT1359,2024-01-26,True,,,,False
97410000BM1353,2024-08-13,True,,,,False
97422000CS0201,2024-07-15,False,,,,False
97411000AB0782,2024-03-07,False,,,,False
97411000KC0048,2024-06-07,False,,,,False
97424000AM0164,2024-09-06,False,,,,False
97422000BW1248,2024-07-26,True,,,,False
97401000AD1629,2024-08-27,False,,,,False
97422000CO0409,2024-09-26,False,,,,False
97415000EP1160,2024-05-28,False,,,,False
97411000HI0569,2024-12-06,False,,,,False
97415000BO0941,2024-07-09,True,,,,False
97422000BT0473,2024-05-27,False,,,,False
97416000DL0089,2024-07-25,False,,,,False
97415000BV1122,2024-02-23,True,,,,False
97411000IN0234,2024-09-27,False,,,,False
97415000BV0722,2024-06-04,True,,,,False
97422000BS0973,2024-11-29,False,,,,False
97412000BW0673,2024-07-16,False,,,,False
97402000AI1003,2024-08-22,True,,,,False
97416000EZ0551,2024-06-27,True,,,,False
97414000DL0001,2024-03-18,False,,,,False
97415000CH2874,2024-02-14,True,,,,False
97419000AL0625,2024-02-15,False,,,,False
97410000AW0253,2024-08-13,False,,,,False
97410000AI0602,2024-05-31,True,,,,False
97405000AL0835,2024-07-23,False,,,,False
97410000AX1019,2024-04-12,True,,,,False
97412000BL1188,2024-01-05,True,,,,False
97414000HB0358,2024-12-27,True,,,,False
97416000CS1628,2024-04-16,True,,,,False
97414000HL0724,2024-10-11,False,,,,False
97415000DK1109,2024-09-30,True,,,,False
97409000AK0804,2024-12-26,True,,,,False
97418000BO0151,2024-12-23,True,,,,False
97410000AV0674,2024-09-13,True,,,,False
97401000AS1507,2024-02-23,False,,,,False
97410000AR1663,2024-11-29,True,,,,False
97422000BE2799,2024-02-06,False,,,,False
97414000DT0711,2024-07-15,False,,,,False
97416000CW1943,2024-01-30,True,,,,False
97422000CN1398,2024-02-20,True,,,,False
97410000AP0094,2024-06-20,False,,,,False
97424000AM0404,2024-09-06,False,,,,False
97420000AB0494,2024-05-17,False,,,,False
97412000BR0196,2024-05-06,False,,,,False
97415000EY0812,2024-04-29,True,,,,False
97415000EZ0092,2024-11-12,False,,,,False
97414000DH0320,2024-12-31,True,,,,False
97415000CM2348,2024-11-02,True,,,,False
97422000BD0211,2024-10-31,False,,,,False
97414000DV0597,2024-07-29,True,,,,False
97415000AV0932,2024-06-21,False,,,,False
97422000BN2869,2024-11-04,True,,,,False
97415000BP0457,2024-10-11,True,,,,False
97419000AP0214,2024-07-10,True,,,,False
97416000EY0546,2024-11-27,False,,,,False
97422000EC0289,2024-08-30,True,,,,False
97414000HE0589,2024-01-29,True,,,,False
97411000BP0879,2024-12-30,True,,,,False
97410000AS1416,2024-07-23,True,,,,False
97411000EL0407,2024-02-23,False,,,,False
97403000AL0208,2024-10-04,False,,,,False
97406000AH0531,2024-03-26,False,,,,False
97417000AT0506,2024-09-04,True,,,,False
97415000DR0458,2024-03-13,True,,,,False
97410000AI1348,2024-10-15,False,,,,False
97412000AW0695,2024-12-12,True,,,,False
97412000CY0354,2024-09-03,False,,,,False
97420000BD1166,2024-05-29,False,,,,False
97415000DS0463,2024-08-05,False,,,,False
97407000AH0617,2024-03-29,False,,,,False
97423000AC0418,2024-01-14,True,,,,False
97422000AS0971,2024-07-10,True,,,,False
97416000DM0745,2024-06-25,True,,,,False
97416000DW0182,2024-04-05,False,,,,False
97411000AH0043,2024-02-28,False,,,,False
97424000AM0416,2024-09-06,False,,,,False
97410000AB1212,2024-02-07,False,,,,False
97413000CW0297,2024-08-14,True,,,,False
97404000AX0653,2024-07-08,True,,,,False
97422000CM0865,2024-05-17,False,,,,False
97405000BI1258,2024-08-29,True,,,,False
97422000DK0381,2024-07-03,False,,,,False
97405000AW0109,2024-09-19,True,,,,False
97411000IT0189,2024-01-26,False,,,,False
97405000AD0691,2024-06-13,True,,,,False
97410000AR0559,2024-03-26,False,,,,False
97412000AZ0926,2024-09-06,True,,,,False
97406000AL0669,2024-11-05,True,,,,False
97414000EN3936,2024-12-30,True,,,,False
97414000CH0177,2024-11-27,True,,,,False
97405000BI1248,2024-02-05,True,,,,False
97412000BO0536,2024-12-10,True,,,,False
97416000IE0838,2024-12-09,True,,,,False
97409000AM0793,2024-03-07,True,,,,False
97422000CD0543,2024-12-17,False,,,,False
97408000AT1565,2024-10-10,False,,,,False
97418000AW0802,2024-06-20,False,,,,False
97418000AV2862,2024-09-12,True,,,,False
97411000AL0100,2024-01-31,False,,,,False
97401000AM0322,2024-09-30,True,,,,False
97413000DJ0500,2024-07-02,False,,,,False
97411000CY0982,2024-10-09,True,,,,False
97420000AR0752,2024-12-30,True,,,,False
97415000BZ0638,2024-12-19,True,,,,False
97409000BE0189,2024-10-31,True,,,,False
97412000BW2451,2024-12-31,False,,,,False
97412000BK0293,2024-10-30,False,,,,False
97411000EM0117,2024-05-30,False,,,,False
97406000AP0364,2024-10-31,True,,,,False
97412000BE0437,2024-06-26,True,,,,False
97422000BL0996,2024-08-07,True,,,,False
97408000AM0638,2024-09-03,True,,,,False
97417000AT0497,2024-09-04,True,,,,False
97411000HP0326,2024-12-23,True,,,,False
97416000DS0182,2024-11-04,False,,,,False
97414000DM0674,2024-06-14,False,,,,False
97414000EX0778,2024-12-16,False,,,,False
97407000AE0829,2024-12-16,True,,,,False
97413000DE1132,2024-12-23,True,,,,False
97408000AT2034,2024-11-21,True,,,,False
97418000BN0245,2024-12-14,True,,,,False
97415000EO0461,2024-02-09,False,,,,False
97411000IR0191,2024-11-15,True,,,,False
97422000CX1314,2024-06-24,False,,,,False
97404000AY0022,2024-09-26,True,,,,False
97414000CW0579,2024-02-27,True,,,,False
97421000AP0087,2024-01-08,False,,,,False
97411000AR0334,2024-06-10,False,,,,False
97406000AL0180,2024-11-18,False,,,,False
97409000AR2713,2024-09-06,False,,,,False
97415000ER1749,2024-12-13,True,,,,False
97413000CX2841,2024-10-08,False,,,,False
97411000HS0496,2024-07-31,True,,,,False
97412000AX0754,2024-02-05,False,,,,False
97414000DL0320,2024-09-20,False,,,,False
97414000EO1482,2024-10-10,False,,,,False
97412000BR0530,2024-08-27,False,,,,False
97409000AI1635,2024-03-05,True,,,,False
97414000EK0682,2024-12-27,False,,,,False
97416000HP0854,2024-10-31,False,,,,False
97409000AC0955,2024-03-20,False,,,,False
97417000AT1488,2024-06-17,False,,,,False
97413000DJ0580,2024-02-28,True,,,,False
97411000CD1265,2024-07-29,True,,,,False
97401000AR1742,2024-11-05,True,,,,False
97418000AR2163,2024-12-30,False,,,,False
97409000AL2385,2024-03-22,True,,,,False
97415000BR0127,2024-02-01,True,,,,False
97424000AM0316,2024-09-06,False,,,,False
97410000AD0905,2024-04-16,True,,,,False
97418000BD0465,2024-07-03,False,,,,False
97402000AC0118,2024-01-23,True,,,,False
97416000DW0119,2024-03-29,False,,,,False
97415000EX0238,2024-12-10,False,,,,False
97414000ER0886,2024-04-30,False,,,,False
97415000CP1066,2024-04-16,False,,,,False
97416000IE1581,2024-12-24,False,,,,False
97409000AP1830,2024-03-20,True,,,,False
97416000EH1096,2024-08-19,True,,,,False
97410000AT1138,2024-02-22,True,,,,False
97412000CT0747,2024-06-25,True,,,,False
97412000BK1994,2024-05-31,True,,,,False
97410000AM0061,2024-06-14,False,,,,False
97414000EN3935,2024-12-30,True,,,,False
97407000AO1252,2024-10-31,True,,,,False
97416000CS1318,2024-07-31,False,,,,False
97418000AO1691,2024-10-02,True,,,,False
97415000DK0779,2024-07-09,True,,,,False
97422000BI0647,2024-08-28,False,,,,False
97401000AD1073,2024-07-29,False,,,,False
97410000AH1166,2024-09-06,True,,,,False
97416000EP0448,2024-06-20,True,,,,False
97412000CV0551,2024-06-28,False,,,,False
97415000ER1745,2024-12-13,True,,,,False
97422000BN3020,2024-08-30,False,,,,False
97413000DM0369,2024-01-19,True,,,,False
97411000DT0302,2024-05-15,True,,,,False
97416000HP0818,2024-01-25,True,,,,False
97415000AB0722,2024-12-11,True,,,,False
97411000EN0663,2024-10-30,False,,,,False
97413000CY1061,2024-07-16,False,,,,False
97410000AC0161,2024-10-10,True,,,,False
97414000CD0129,2024-05-22,True,,,2026-08-26 16:02:43.779524+00:00,False
97413000DI0066,2024-12-10,False,,,,False
97405000AH0474,2024-05-22,False,,,,False
97408000AP1564,2024-04-17,False,,,,False
97415000CM1469,2024-02-09,True,,,,False
97411000CD1216,2024-09-19,True,,,,False
97413000CW0236,2024-05-02,True,,,,False
97414000CP0351,2024-04-22,True,,,,False
97414000HH0127,2024-02-21,False,,,,False
97414000EN2604,2024-03-12,True,,,,False
97405000AO0690,2024-06-07,True,,,,False
97420000AM0405,2024-03-20,False,,,,False
97417000BC0095,2024-12-17,True,,,,False
97413000DD1349,2024-10-30,False,,,,False
97408000BM0087,2024-09-30,False,,,,False
97410000BI0248,2024-04-18,False,,,,False
97411000AE0319,2024-03-01,True,,,,False
97415000DK1163,2024-12-17,True,,,,False
97410000AS1464,2024-04-18,False,,,,False
97412000BX0843,2024-04-19,False,,,,False
97409000BE1583,2024-06-20,True,,,,False
97414000HA0085,2024-09-16,False,,,,False
97411000CV0745,2024-12-31,False,,,,False
97424000AM0166,2024-09-06,False,,,,False
97415000HL0040,2024-03-29,True,,,,False
97415000DR0577,2024-11-29,False,,,,False
97416000EX1839,2024-11-27,False,,,,False
97418000BI0370,2024-09-18,True,,,,False
97411000AE0058,2024-12-27,True,,,,False
97411000ET0113,2024-12-24,False,,,,False
97405000AT0046,2024-11-07,True,,,,False
97415000ET1726,2024-10-15,False,,,,False
97419000AI0499,2024-09-24,True,,,,False
97409000AV0116,2024-07-25,False,,,,False
97415000BP0372,2024-11-14,False,,,,False
97408000AS0588,2024-01-18,False,,,,False
97420000AL0373,2024-09-09,True,,,,False
97409000AV0432,2024-09-10,False,,,,False
97409000AN0724,2024-12-13,False,,,,False
97415000BN0307,2024-10-11,False,,,,False
97415000EH0547,2024-08-30,False,,,,False
97418000AT1757,2024-12-23,True,,,,False
97422000BW0692,2024-05-28,False,,,,False
97409000BE1597,2024-06-20,True,,,,False
97409000BI0421,2024-10-10,False,,,,False
97418000BH0148,2024-04-30,False,,,,False
97412000AM1624,2024-01-31,True,,,,False
97414000DV0399,2024-03-29,False,,,,False
97421000BD0178,2024-12-30,True,,,,False
97415000AV0367,2024-11-15,True,,,,False
97415000CS0793,2024-01-30,False,,,,False
97413000DD0143,2024-08-09,True,,,,False
97415000EV0643,2024-02-15,False,,,,False
97407000AL1582,2024-03-07,False,,,,False
97402000AH1192,2024-01-23,False,,,,False
97407000AH1379,2024-12-11,True,,,,False
97416000CY0887,2024-10-01,False,,,,False
97415000AY0212,2024-12-16,True,,,,False
97413000AV2017,2024-10-03,True,,,,False
97415000AY1641,2024-10-28,False,,,,False
97411000DT0252,2024-08-06,False,,,,False
97417000AO0546,2024-08-08,False,,,,False
97418000BO0202,2024-12-23,True,,,,False
97404000AD1323,2024-11-21,True,,,,False
97407000AT0106,2024-10-10,False,,,,False
97411000AR0183,2024-12-31,False,,,,False
97413000CW0234,2024-05-02,True,,,,False
97410000CD0950,2024-12-05,True,,,,False
97415000BI0313,2024-12-13,False,,,,False
97411000CM0374,2024-07-08,True,,,,False
97408000AB0391,2024-07-04,True,,,,False
97409000BE0446,2024-11-27,False,,,,False
97422000AH0119,2024-07-25,False,,,,False
97411000DZ0041,2024-11-26,True,,,,False
97415000AX0487,2024-02-06,True,,,,False
97422000BO1704,2024-04-26,True,,,,False
97402000AK1169,2024-08-06,True,,,,False
97411000AT0416,2024-06-28,False,,,,False
97405000AK0311,2024-06-21,True,,,,False
97403000AT0329,2024-03-15,False,,,,False
97416000CW1039,2024-11-27,False,,,,False
97406000AM0713,2024-01-25,False,,,,False
97422000BW0219,2024-11-26,False,,,,False
97422000CZ0120,2024-04-25,True,,,,False
97413000CC0430,2024-12-03,False,,,,False
97416000ES2085,2024-12-24,False,,,,False
97411000AN0558,2024-01-30,False,,,,False
97414000EN3769,2024-04-23,False,,,,False
97409000AI1638,2024-03-05,True,,,,False
97422000BN3074,2024-11-25,False,,,,False
97416000HL0036,2024-10-07,False,,,,False
97414000CM0213,2024-12-30,True,,,,False
97412000BT0453,2024-07-25,False,,,,False
97416000HT0140,2024-01-25,False,,,,False
97418000BD0361,2024-12-23,False,,,,False
97412000AX1089,2024-02-20,False,,,,False
97409000AI0429,2024-10-18,True,,,,False
97424000AC0323,2024-05-29,False,,,,False
97416000HP0799,2024-01-25,True,,,,False
97424000AI0812,2024-12-17,False,,,,False
97410000AB0763,2024-02-26,False,,,,False
97422000AY1482,2024-07-04,True,,,,False
97411000AN0689,2024-04-09,False,,,,False
97424000AI2184,2024-12-13,True,,,,False
97414000EM0391,2024-12-05,False,,,,False
97420000BH1121,2024-07-12,True,,,,False
97412000CT0744,2024-06-25,True,,,,False
97418000AT1785,2024-07-18,False,,,,False
97415000BZ0756,2024-10-15,True,,,,False
97412000CE2256,2024-08-13,False,,,,False
97412000AH1298,2024-09-27,False,,,,False
97414000CO1280,2024-08-13,True,,,,False
97415000HO1029,2024-05-30,False,,,,False
97411000EP0002,2024-12-05,False,,,,False
97415000CT0331,2024-09-05,True,,,,False
97413000CR0663,2024-06-19,False,,,,False
97401000AR1617,2024-01-22,True,,,,False
97414000EK0495,2024-12-30,False,,,,False
97410000BI0016,2024-11-28,True,,,,False
97410000AS1299,2024-10-31,False,,,,False
97416000CZ0860,2024-10-31,True,,,,False
97417000AT0494,2024-09-04,True,,,,False
97415000EV0800,2024-02-08,True,,,,False
97424000AE0099,2024-08-07,False,,,,False
97413000DE1671,2024-06-12,False,,,,False
97415000EH0519,2024-01-31,True,,,,False
97411000BD0605,2024-12-19,True,,,,False
97409000AB0435,2024-06-13,False,,,,False
97410000BE0560,2024-02-16,True,,,,False
97416000EK0606,2024-04-19,False,,,,False
97416000CW2886,2024-12-27,False,,,,False
97409000AS0350,2024-11-12,False,,,,False
97416000CV1790,2024-03-06,False,,,,False
97415000CT1881,2024-07-18,False,,,,False
97414000HI1497,2024-11-27,True,,,,False
97407000BI0435,2024-10-02,False,,,,False
97404000AM1104,2024-04-24,True,,,,False
97415000CY0420,2024-07-04,False,,,,False
97409000AY0450,2024-01-29,False,,,,False
97415000CM2365,2024-11-02,True,,,,False
97405000AT0175,2024-11-07,True,,,,False
97414000HB0347,2024-06-21,True,,,,False
97412000AZ0864,2024-04-29,False,,,,False
97415000CW0947,2024-02-21,False,,,,False
97422000BY0167,2024-05-31,False,,,,False
97411000AH0173,2024-10-28,False,,,,False
97421000AL0457,2024-12-18,True,,,,False
97422000AE0734,2024-11-25,False,,,,False
97415000AX0452,2024-10-14,False,,,,False
97420000AO0652,2024-11-28,False,,,,False
97409000BK0797,2024-06-28,True,,,,False
97416000CS1556,2024-03-22,True,,,,False
97412000CS0449,2024-11-12,True,,,,False
97415000DE1222,2024-07-22,True,,,,False
97412000AT0374,2024-02-16,False,,,,False
97411000IZ0165,2024-05-23,False,,,,False
97418000AT2380,2024-02-16,False,,,,False
97412000CP0165,2024-09-27,False,,,,False
97414000HB0083,2024-06-21,True,,,,False
97416000CS1251,2024-04-16,True,,,,False
97413000DC0040,2024-08-19,False,,,,False
97408000AB0269,2024-09-24,True,,,,False
97415000CS0526,2024-06-13,True,,,,False
97407000AE0828,2024-12-06,True,,,,False
97410000CD0583,2024-03-06,False,,,,False
97415000BV1047,2024-01-23,True,,,,False
97416000CV1895,2024-07-10,True,,,,False
97415000CT1326,2024-06-14,True,,,,False
97415000BV0212,2024-04-11,False,,,,False
97411000EH0134,2024-11-29,True,,,,False
97411000HC0015,2024-04-11,False,,,,False
97415000CH1635,2024-01-31,False,,,,False
97415000DS0101,2024-11-19,True,,,,False
97402000AH0715,2024-10-31,False,,,,False
97415000BZ1077,2024-04-09,False,,,,False
97411000HP0257,2024-05-30,False,,,,False
97409000AE0161,2024-11-06,False,,,,False
97422000AR0023,2024-12-12,True,,,,False
97410000AT1066,2024-08-13,False,,,,False
97413000BD0045,2024-09-09,True,,,,False
97422000DL0938,2024-05-31,False,,,,False
97410000AS1422,2024-10-17,True,,,,False
97415000CT2717,2024-06-13,False,,,,False
97416000HO1096,2024-04-04,False,,,,False
97411000EO0193,2024-02-02,False,,,,False
97422000BN1404,2024-01-24,False,,,,False
97417000BM0005,2024-09-09,True,,,,False
97422000CY0154,2024-07-30,False,,,,False
97416000DZ0355,2024-09-09,False,,,,False
97413000DE0675,2024-08-06,False,,,,False
97415000BW0853,2024-04-30,True,,,,False
97422000BT1428,2024-04-24,True,,,,False
97412000BL1191,2024-04-15,False,,,,False
97416000IM0376,2024-04-29,False,,,,False
97414000HB0521,2024-08-09,False,,,,False
97415000CR1263,2024-06-20,False,,,,False
97422000AK0773,2024-12-27,True,,,,False
97401000AO1113,2024-12-24,False,,,,False
97418000AS1199,2024-05-22,True,,,,False
97415000CY1185,2024-08-30,False,,,,False
97413000CY1541,2024-10-30,False,,,,False
97422000BS1042,2024-06-20,False,,,,False
97410000BX1860,2024-05-07,False,,,,False
97412000BO0497,2024-10-29,True,,,,False
97409000BM1108,2024-08-30,False,,,,False
97415000DR1022,2024-02-19,True,,,,False
97418000AP4057,2024-05-03,False,,,,False
97411000AI0030,2024-04-09,False,,,,False
97411000AM0226,2024-03-29,False,,,,False
97416000HR0213,2024-08-26,False,,,,False
97409000AC0492,2024-08-13,False,,,,False
97416000CS1639,2024-04-16,True,,,,False
97422000AH0111,2024-12-03,True,,,,False
97409000BL0204,2024-10-08,True,,,,False
97412000AZ0957,2024-10-14,False,,,,False
97423000AC0397,2024-01-14,True,,,,False
97422000AK0714,2024-12-26,True,,,,False
97413000AV0592,2024-12-18,False,,,,False
97412000CK0911,2024-03-28,False,,,,False
97415000CY0878,2024-02-02,False,,,,False
97416000EX1903,2024-12-10,True,,,,False
97416000HO0892,2024-05-16,True,,,,False
97415000ET1577,2024-06-17,False,,,,False
97422000CR0177,2024-06-21,True,,,,False
97414000EN4018,2024-10-25,False,,,,False
97415000DR0493,2024-02-02,True,,,,False
97411000HH0445,2024-12-26,False,,,,False
97418000AO1769,2024-10-02,True,,,,False
97414000CO1281,2024-08-13,True,,,,False
97415000CT1095,2024-06-14,True,,,,False
97422000CR0712,2024-04-10,False,,,,False
97406000AW0386,2024-02-19,False,,,,False
97416000DT0342,2024-10-30,False,,,,False
97406000AM0964,2024-08-14,False,,,,False
97412000AV1084,2024-12-24,False,,,,False
97422000BD2064,2024-08-28,False,,,,False
97403000AR0974,2024-01-17,True,,,,False
97411000KE0390,2024-06-19,True,,,,False
97423000AB1848,2024-12-27,True,,,,False
97410000AR0662,2024-11-29,True,,,,False
97413000AC0618,2024-08-12,True,,,,False
97422000BP2000,2024-04-17,True,,,,False
97410000AR0663,2024-11-29,True,,,,False
97418000AT1675,2024-12-23,True,,,,False
97409000AY0367,2024-12-04,False,,,,False
97416000IC0059,2024-10-10,False,,,,False
97412000CP0226,2024-01-12,True,,,,False
97416000CX0708,2024-06-27,False,,,,False
97416000HY1744,2024-07-09,False,,,,False
97415000DR0606,2024-07-22,False,,,,False
97411000DE0378,2024-12-10,False,,,,False
97415000CT2125,2024-03-21,False,,,,False
97422000BK2441,2024-07-29,False,,,,False
97407000AI0911,2024-10-21,True,,,,False
97414000HC0375,2024-08-28,False,,,,False
97415000ER1728,2024-02-05,False,,,,False
97423000AB1850,2024-12-27,True,,,,False
97415000DE0854,2024-12-31,False,,,,False
97405000AD0697,2024-07-15,True,,,,False
97412000BX0648,2024-01-25,False,,,,False
97416000DT0804,2024-03-06,False,,,,False
97422000DE0615,2024-02-29,False,,,,False
97413000AC0744,2024-01-23,True,,,,False
97418000BN0243,2024-12-14,True,,,,False
97411000DR0653,2024-10-18,True,,,,False
97411000CY0984,2024-10-09,True,,,,False
97412000BX1869,2024-05-13,False,,,,False
97415000CV1255,2024-06-25,True,,,,False
97413000CY1070,2024-06-04,False,,,,False
97411000AO0645,2024-12-31,False,,,,False
97404000AH0962,2024-10-25,False,,,,False
97416000CZ1814,2024-10-01,True,,,,False
97415000ET1682,2024-03-28,False,,,,False
97418000AT2404,2024-03-27,False,,,,False
97422000CD0544,2024-09-30,False,,,,False
97416000ET2054,2024-02-02,False,,,,False
97415000DM1478,2024-06-11,False,,,,False
97416000CV1052,2024-02-08,True,,,,False
97412000BY1089,2024-09-23,False,,,,False
97416000CX1458,2024-03-12,False,,,,False
97416000ET1482,2024-01-31,False,,,,False
97415000AZ1238,2024-08-23,True,,,,False
97408000AM0835,2024-06-21,False,,,,False
97411000KE0455,2024-12-16,False,,,,False
97411000DK0459,2024-12-02,True,,,,False
97415000ET1712,2024-05-28,False,,,,False
97410000AS1435,2024-06-24,False,,,,False
97416000IE1574,2024-08-23,False,,,,False
97416000CW0641,2024-02-15,True,,,,False
97418000AW0291,2024-06-27,True,,,,False
97412000BY1465,2024-06-15,True,,,,False
97414000CI0556,2024-01-09,True,,,,False
97405000AR1717,2024-06-07,False,,,,False
97414000ES1050,2024-09-05,False,,,,False
97422000AM0354,2024-08-13,False,,,,False
97411000KE0391,2024-02-15,True,,,,False
97411000EI0135,2024-03-28,False,,,,False
97411000DP0088,2024-09-26,False,,,,False
97412000AM2063,2024-11-29,True,,,,False
97401000AO0264,2024-10-15,True,,,,False
97413000CN0777,2024-11-28,True,,,,False
97422000EC0331,2024-08-30,True,,,,False
97405000AE0039,2024-07-11,True,,,,False
97416000DS0971,2024-05-23,True,,,,False
97415000CS0720,2024-07-29,False,,,,False
97418000AR1755,2024-05-07,False,,,,False
97420000BE0969,2024-08-23,True,,,,False
97416000ID0805,2024-11-13,False,,,,False
97413000CY1476,2024-12-23,True,,,,False
97416000DV0260,2024-09-16,False,,,,False
97410000BH0704,2024-06-11,False,,,,False
97414000DK0367,2024-10-28,False,,,,False
97416000HN1676,2024-09-03,False,,,,False
97420000AO0643,2024-03-14,False,,,,False
97419000AO0220,2024-12-04,False,,,,False
97415000AS1848,2024-04-12,True,,,,False
97412000BW2125,2024-02-19,False,,,,False
97411000AE0243,2024-02-05,False,,,,False
97416000IL0359,2024-08-05,False,,,,False
97416000DL0173,2024-05-31,True,,,,False
97408000AO0507,2024-07-10,False,,,,False
97412000AM2048,2024-03-11,True,,,,False
97415000CD0122,2024-12-19,True,,,,False
97414000DH0323,2024-04-11,True,,,,False
97414000DV0595,2024-07-29,True,,,,False
97415000CM2125,2024-07-22,False,,,,False
97416000CS1267,2024-02-29,True,,,,False
97416000IM0261,2024-02-28,False,,,,False
97412000BT0351,2024-02-27,False,,,,False
97411000BZ1659,2024-11-18,True,,,,False
97412000BW1050,2024-10-25,False,,,,False
97411000HP0339,2024-09-30,False,,,,False
97415000CZ0622,2024-02-02,False,,,,False
97407000BC0504,2024-12-03,False,,,,False
97422000BP0234,2024-04-04,False,,,,False
97416000IE2029,2024-04-23,False,,,,False
97410000AI1333,2024-01-18,False,,,,False
97423000AI0844,2024-03-08,False,,,,False
97401000AT0590,2024-02-12,True,,,,False
97411000BZ1705,2024-12-23,True,,,,False
97418000BH1006,2024-08-16,False,,,,False
97413000CS0740,2024-06-12,False,,,,False
97415000HK0388,2024-05-29,True,,,,False
97415000EY1880,2024-04-05,False,,,,False
97410000AR1445,2024-10-30,True,,,,False
97423000AB1931,2024-01-04,True,,,,False
97412000BW0930,2024-04-24,True,,,,False
97412000AN0017,2024-09-20,True,,,,False
97416000HY1565,2024-02-09,True,,,,False
97420000AS0755,2024-03-22,False,,,,False
97403000AS2026,2024-07-25,True,,,,False
97415000BN0281,2024-10-22,False,,,,False
97415000DE0124,2024-09-06,False,,,,False
97409000AX1095,2024-11-12,False,,,,False
97408000AS0621,2024-10-04,True,,,,False
97416000HM0065,2024-02-27,True,,,,False
97414000CH1432,2024-12-31,False,,,,False
97405000AN0673,2024-11-29,True,,,,False
97416000HZ0387,2024-09-17,False,,,,False
97411000BZ0747,2024-08-22,False,,,,False
97411000HV0207,2024-06-27,False,,,,False
97409000AB0723,2024-02-09,False,,,,False
97415000BC0365,2024-09-27,True,,,,False
97410000BM1331,2024-07-31,False,,,,False
97405000AP0094,2024-06-28,True,,,,False
97415000BO0944,2024-07-09,True,,,,False
97409000AL1954,2024-12-26,True,,,,False
97415000CS0482,2024-10-31,False,,,,False
97422000DE0543,2024-06-14,True,,,,False
97410000BE1029,2024-06-26,False,,,,False
97413000CX1843,2024-07-03,False,,,,False
97423000AC0384,2024-01-14,True,,,,False
97416000CW0014,2024-11-29,False,,,,False
97422000AH0113,2024-07-25,False,,,,False
97422000BD0510,2024-05-22,False,,,,False
97411000EI0235,2024-06-20,True,,,,False
97416000CZ1809,2024-10-01,True,,,,False
97416000IB0441,2024-10-07,False,,,,False
97415000AZ1552,2024-06-14,True,,,,False
97413000CW0256,2024-05-02,True,,,,False
97404000AL1769,2024-03-04,True,,,,False
97411000EX0030,2024-09-12,False,,,,False
97415000EN0245,2024-11-19,True,,,,False
97412000AM1626,2024-07-24,True,,,,False
97414000ES0521,2024-04-30,False,,,,False
97411000AK0128,2024-02-29,True,,,,False
97416000DN0468,2024-10-18,True,,,,False
97413000CD0287,2024-12-31,False,,,,False
97412000CY0888,2024-04-29,True,,,,False
97415000BP0923,2024-12-05,False,,,,False
97411000DP0386,2024-11-25,False,,,,False
97415000DP0862,2024-12-26,True,,,,False
97414000HC0360,2024-02-14,False,,,,False
97411000BX0171,2024-05-30,False,,,,False
97420000AD0273,2024-02-23,False,,,,False
97411000HN0244,2024-03-06,False,,,,False
97413000CC0912,2024-12-19,False,,,,False
97411000IE0241,2024-09-13,False,,,,False
97412000AT0485,2024-07-15,True,,,,False
97422000AY1230,2024-11-21,True,,,,False
97414000EX0833,2024-07-25,True,,,,False
97408000AC2497,2024-03-20,False,,,,False
97421000AP0210,2024-12-20,False,,,,False
97416000IE2028,2024-04-23,True,,,,False
97411000IR0078,2024-11-15,True,,,,False
97414000HL0733,2024-12-26,False,,,,False
97404000AL1774,2024-03-04,True,,,,False
97413000CW0147,2024-05-02,True,,,,False
97412000BR0359,2024-03-08,False,,,,False
97422000AK1407,2024-05-22,True,,,,False
97415000HK0404,2024-09-06,True,,,,False
97423000AH0459,2024-10-21,False,,,,False
97424000AM0192,2024-09-09,False,,,,False
97409000AL1911,2024-01-31,False,,,,False
97405000AC0092,2024-11-14,True,,,,False
97403000AS1785,2024-02-27,False,,,,False
97410000AV0411,2024-12-26,False,,,,False
97422000CL1475,2024-04-10,False,,,,False
97415000CY0602,2024-05-31,False,,,,False
97412000CH0427,2024-08-20,True,,,,False
97418000AY0496,2024-12-16,True,,,,False
97417000AT1307,2024-10-22,False,,,,False
97412000AR0217,2024-12-16,True,,,,False
97422000CH0383,2024-12-12,False,,,,False
97410000AP0581,2024-07-17,False,,,,False
97415000DI0346,2024-10-04,False,,,,False
97409000AL1970,2024-12-26,True,,,,False
97411000IC0198,2024-09-20,False,,,,False
97422000BH1859,2024-12-18,False,,,,False
97416000EX1901,2024-12-10,True,,,,False
97418000BM0175,2024-12-23,True,,,,False
97415000DE1248,2024-07-05,True,,,,False
97418000AL0069,2024-04-29,True,,,,False
97410000AV0502,2024-12-27,False,,,,False
97418000AR0735,2024-04-23,False,,,,False
97409000AM0388,2024-11-20,False,,,,False
97407000AS1154,2024-01-30,False,,,,False
97411000IC0473,2024-07-16,True,,,,False
97415000ET1710,2024-09-23,False,,,,False
97412000BX0537,2024-06-12,False,,,,False
97416000CZ2097,2024-06-05,True,,,,False
97411000HD0207,2024-04-11,False,,,,False
97416000CW2375,2024-08-30,False,,,,False
97422000BX0420,2024-12-16,False,,,,False
97415000BO0755,2024-10-01,False,,,,False
97411000EH0031,2024-11-29,True,,,,False
97404000AI0373,2024-08-19,False,,,,False
97414000CY0444,2024-07-15,True,,,,False
97409000AL2387,2024-03-22,True,,,,False
97422000CO0299,2024-11-28,True,,,,False
97412000CR0229,2024-10-16,True,,,,False
97401000AN0605,2024-11-07,True,,,,False
97415000DR0415,2024-02-02,True,,,,False
97422000BV2750,2024-07-31,False,,,,False
97412000BO0496,2024-10-29,True,,,,False
97416000DZ0745,2024-03-28,False,,,,False
97411000DW0155,2024-11-28,True,,,,False
97415000DM1342,2024-07-09,True,,,,False
97412000BL0166,2024-04-24,False,,,,False
97422000CX0681,2024-04-12,False,,,,False
97418000AC0580,2024-07-19,False,,,,False
97408000AI0050,2024-10-02,True,,,,False
97414000CW0582,2024-02-27,True,,,,False
97408000BO0563,2024-09-27,True,,,,False
97409000AR0402,2024-12-05,False,,,,False
97416000HO1140,2024-07-25,False,,,,False
97423000AC0392,2024-01-14,True,,,,False
97415000HK0065,2024-10-04,False,,,,False
97408000AC3725,2024-12-18,False,,,,False
97418000AT0962,2024-08-06,True,,,,False
97422000BT0451,2024-09-05,True,,,,False
97412000CZ0541,2024-03-15,False,,,,False
97415000AY1620,2024-08-06,False,,,,False
97422000BT1509,2024-06-14,False,,,,False
97415000BZ0927,2024-12-19,True,,,,False
97406000AI1030,2024-08-02,False,,,,False
97415000ER1744,2024-12-13,True,,,,False
97416000ES2200,2024-12-31,False,,,,False
97404000AW0395,2024-06-13,True,,,,False
97411000AO0408,2024-03-30,False,,,,False
97411000AI0059,2024-06-19,True,,,,False
97410000BX1490,2024-06-20,False,,,,False
97414000ET1520,2024-05-17,False,,,,False
97422000AR0424,2024-06-06,False,,,,False
97405000AN0280,2024-11-12,True,,,,False
97412000CE0679,2024-04-09,False,,,,False
97406000AL0168,2024-11-18,True,,,,False
97418000AT2014,2024-05-03,True,,,,False
97414000DH1314,2024-12-13,True,,,,False
97405000BE1722,2024-11-22,True,,,,False
97410000AV0692,2024-05-06,False,,,,False
97413000CI0127,2024-07-09,False,,,,False
97414000DV0596,2024-07-29,True,,,,False
97414000EM0683,2024-09-09,False,,,,False
97412000BP0116,2024-07-17,False,,,,False
97419000AS0346,2024-10-17,True,,,,False
97413000DL0271,2024-10-07,False,,,,False
97415000CW1035,2024-06-18,True,,,,False
97418000AZ0445,2024-12-23,True,,,,False
97412000BO0535,2024-12-10,True,,,,False
97416000CS1555,2024-04-09,True,,,,False
97415000HK0403,2024-09-06,True,,,,False
97414000EO0226,2024-07-23,True,,,,False
97407000AY0347,2024-03-05,False,,,,False
97407000AK1438,2024-09-30,False,,,,False
97416000IM0082,2024-12-06,False,,,,False
97409000AS1889,2024-01-26,True,,,,False
97413000BM0892,2024-01-26,False,,,,False
97422000EL0443,2024-09-06,False,,,,False
97422000BD3687,2024-02-23,False,,,,False
97422000ED0594,2024-03-26,True,,,,False
97409000AH0456,2024-08-01,False,,,,False
97416000EP1040,2024-02-14,False,,,,False
97416000HN0831,2024-11-29,False,,,,False
97415000EY0163,2024-08-30,False,,,,False
97411000IE0062,2024-07-29,False,,,,False
97413000DI0065,2024-05-14,False,,,,False
97409000AL1527,2024-12-26,True,,,,False
97413000CX2814,2024-08-23,True,,,,False
97412000CN0149,2024-03-01,True,,,,False
97405000AD0685,2024-06-13,True,,,,False
97405000AD0692,2024-06-13,True,,,,False
97422000BW0218,2024-12-24,False,,,,False
97421000AL0547,2024-02-23,False,,,,False
97418000BS0051,2024-07-31,False,,,,False
97411000KE0415,2024-02-15,True,,,,False
97405000BD0288,2024-09-05,True,,,,False
97418000AT2011,2024-05-03,True,,,,False
97415000AY1575,2024-06-20,True,,,,False
97414000CY0314,2024-01-22,False,,,,False
97415000DE0470,2024-02-16,True,,,,False
97406000AV1022,2024-06-03,True,,,,False
97416000EM0089,2024-05-21,True,,,,False
97416000IK0520,2024-03-21,True,,,,False
97415000AW2092,2024-08-21,False,,,,False
97412000CX0976,2024-08-26,True,,,,False
97418000AS1371,2024-12-23,True,,,,False
97422000AH0110,2024-12-03,True,,,,False
97415000DM1272,2024-10-31,True,,,,False
97413000CH0910,2024-03-20,True,,,,False
97418000AS1380,2024-12-23,True,,,,False
97414000ER0706,2024-12-06,False,,,,False
97410000AE1298,2024-05-28,True,,,,False
97416000HX1541,2024-04-12,True,,,,False
97411000AT0414,2024-07-12,False,,,,False
97411000HV0192,2024-05-21,False,,,,False
97422000CH0776,2024-01-24,False,,,,False
97411000HS0500,2024-07-31,True,,,,False
97414000DT0996,2024-04-02,False,,,,False
97405000AR1778,2024-02-12,True,,,,False
97420000AE0109,2024-10-24,False,,,,False
97422000AK1409,2024-05-22,True,,,,False
97411000EP0291,2024-12-16,True,,,,False
97408000BI0355,2024-02-12,False,,,,False
97408000AM0904,2024-05-03,True,,,,False
97411000HM0281,2024-01-29,False,,,,False
97422000BH1620,2024-12-19,False,,,,False
97410000AC0153,2024-10-10,True,,,,False
97418000AT2388,2024-03-05,False,,,,False
97414000ET1871,2024-02-08,False,,,,False
97409000AL2166,2024-12-26,True,,,,False
97422000BN2325,2024-06-28,False,,,,False
97415000CT1662,2024-10-29,False,,,,False
97414000EN4112,2024-11-25,True,,,,False
97404000AD0373,2024-10-18,False,,,,False
97405000AM0531,2024-09-09,True,,,,False
97411000ET0296,2024-02-23,True,,,,False
97415000CM0705,2024-12-12,False,,,,False
97418000AT0351,2024-11-19,True,,,,False
97415000BP0961,2024-09-09,True,,,,False
97405000BI1270,2024-10-21,True,,,,False
97422000BT1250,2024-11-05,True,,,,False
97415000ET1595,2024-01-18,False,,,,False
97415000CV0267,2024-05-28,False,,,,False
97411000AY0565,2024-11-25,True,,,,False
97416000ID0706,2024-08-29,True,,,,False
97411000HS0502,2024-07-31,True,,,,False
97416000CS1611,2024-04-16,True,,,,False
97413000CX1755,2024-05-02,True,,,,False
97415000DE0652,2024-11-19,False,,,,False
97416000CS1554,2024-06-13,True,,,,False
97418000AC1647,2024-07-09,False,,,,False
97402000AD0575,2024-07-26,False,,,,False
97415000EP0234,2024-05-22,False,,,,False
97415000EO0393,2024-06-27,False,,,,False
97412000CD0794,2024-10-23,False,,,,False
97401000AM1460,2024-12-11,True,,,,False
97411000DP0311,2024-06-13,False,,,,False
97411000DL0774,2024-04-02,False,,,,False
97422000CM1093,2024-10-31,True,,,,False
97405000AD0732,2024-06-13,True,,,,False
97411000AD0228,2024-02-29,True,,,,False
97405000AR1783,2024-12-02,True,,,,False
97416000IA0534,2024-08-08,True,,,,False
97415000BZ0878,2024-12-19,True,,,,False
97422000AD0268,2024-06-25,True,,,,False
97422000BN0646,2024-02-23,False,,,,False
97415000CT1596,2024-01-02,False,,,,False
97407000AL0617,2024-10-24,False,,,,False
97409000AY0197,2024-04-13,False,,,,False
97411000HC0038,2024-08-14,False,,,,False
97410000AE1290,2024-05-28,True,,,,False
97408000AN1299,2024-04-05,True,,,,False
97409000AL2123,2024-12-26,True,,,,False
97420000BH1666,2024-10-31,False,,,,False
97415000BZ0116,2024-04-15,True,,,,False
97416000IA1808,2024-12-23,False,,,,False
97422000AP0405,2024-05-17,False,,,,False
97422000AS0880,2024-05-30,False,,,,False
97415000AW0071,2024-12-31,False,,,,False
97414000HK0376,2024-12-16,False,,,,False
97415000DM1331,2024-07-09,True,,,,False
97415000ER1119,2024-03-08,False,,,,False
97422000AK0772,2024-12-27,True,,,,False
97412000BT0176,2024-11-29,False,,,,False
97411000AK0142,2024-02-29,True,,,,False
97412000CX0314,2024-09-10,False,,,,False
97409000BN0562,2024-09-18,False,,,,False
97415000EW1819,2024-07-12,False,,,,False
97415000BZ0117,2024-04-15,True,,,,False
97415000EH0534,2024-11-06,False,,,,False
97418000AL0070,2024-04-29,True,,,,False
97401000AM1896,2024-08-13,True,,,,False
97413000BH1226,2024-01-25,False,,,,False
97405000BE1748,2024-05-23,True,,,,False
97413000CR0992,2024-12-12,False,,,,False
97416000DX0441,2024-06-19,False,,,,False
97410000AV0691,2024-12-12,True,,,,False
97409000BL0081,2024-11-14,True,,,,False
97422000AP0249,2024-02-28,True,,,,False
97422000BT0080,2024-12-09,False,,,,False
97411000AM0134,2024-03-22,False,,,,False
97411000BD1065,2024-07-26,False,,,,False
97413000DE0792,2024-09-12,True,,,,False
97411000EL0466,2024-08-19,False,,,,False
97404000AH1057,2024-01-25,False,,,,False
97421000AN0167,2024-10-25,False,,,,False
97416000CS1530,2024-12-13,True,,,,False
97406000AH0156,2024-12-17,False,,,,False
97401000AN1318,2024-11-15,True,,,,False
97415000EW1938,2024-10-31,False,,,,False
97414000DY0372,2024-06-13,True,,,,False
97412000AV1073,2024-04-26,False,,,,False
97414000CT1510,2024-07-24,False,,,,False
97424000AI2329,2024-04-26,True,,,,False
97412000AZ0945,2024-01-12,False,,,,False
97416000EI1431,2024-02-19,True,,,,False
97416000EN1313,2024-02-19,True,,,,False
97415000BW2068,2024-04-08,False,,,,False
97422000BD0697,2024-10-29,False,,,,False
97415000HN0175,2024-05-07,True,,,,False
97418000AP4232,2024-08-28,False,,,,False
97416000IK0095,2024-02-29,True,,,,False
97419000AE0262,2024-04-17,False,,,,False
97408000AM0960,2024-04-04,False,,,,False
97411000AO0762,2024-01-17,True,,,,False
97415000BW2067,2024-04-26,False,,,,False
97405000AZ0745,2024-04-16,False,,,,False
97414000HD0242,2024-06-14,False,,,,False
97419000AN0139,2024-11-29,False,,,,False
97422000DM0726,2024-10-24,True,,,,False
97415000CX1320,2024-07-26,False,,,,False
97422000BL0399,2024-12-13,False,,,,False
97413000CW0235,2024-05-02,True,,,,False
97415000DM1581,2024-10-31,False,,,,False
97415000BP0774,2024-09-09,True,,,,False
97411000AL0181,2024-10-03,False,,,,False
97410000AR0980,2024-02-29,False,,,,False
97415000BO0942,2024-07-09,True,,,,False
97408000BM0162,2024-09-26,False,,,,False
97415000CH3269,2024-04-30,False,,,,False
97415000ER0624,2024-02-22,False,,,,False
97422000AP0785,2024-11-27,True,,,,False
97410000BX1584,2024-07-30,True,,,,False
97411000DT0303,2024-05-15,True,,,,False
97410000CD0934,2024-06-19,True,,,,False
97411000HR0060,2024-05-02,False,,,,False
97415000DR0466,2024-03-13,True,,,,False
97415000BW1092,2024-04-30,True,,,,False
97416000DW0019,2024-04-29,False,,,,False
97415000CO0259,2024-04-09,False,,,,False
97409000AY0427,2024-12-26,False,,,,False
97418000AS0751,2024-12-23,False,,,,False
97414000CW0353,2024-09-30,False,,,,False
97412000CS0414,2024-05-17,False,,,,False
97412000CT0187,2024-01-24,False,,,,False
97411000BH0420,2024-02-28,True,,,,False
97412000BS0200,2024-07-09,False,,,,False
97415000BZ1070,2024-04-09,False,,,,False
97416000CZ1848,2024-08-28,True,,,,False
97411000IS0671,2024-07-25,True,,,,False
97409000AI1202,2024-09-27,False,,,,False
97412000BY1337,2024-09-17,False,,,,False
97422000AS0973,2024-07-10,True,,,,False
97411000AN0185,2024-05-07,False,,,,False
97401000AP1246,2024-02-12,True,,,,False
97418000AV2663,2024-09-26,True,,,,False
97415000AH1087,2024-04-22,True,,,,False
97418000BV0378,2024-01-24,False,,,,False
97422000AP0639,2024-12-10,True,,,,False
97407000AH0349,2024-11-12,False,,,,False
97414000CV0015,2024-12-30,True,,,,False
97418000AT2274,2024-08-30,True,,,,False
97406000AD0612,2024-08-09,False,,,,False
97423000AB1811,2024-07-12,True,,,,False
97415000AS1919,2024-05-28,True,,,,False
97415000CX0618,2024-06-17,False,,,,False
97413000AH0325,2024-03-18,False,,,,False
97413000AV2046,2024-02-21,False,,,,False
97414000ER0723,2024-12-10,True,,,,False
97408000AI0030,2024-03-19,True,,,,False
97411000ES0223,2024-03-28,False,,,,False
97412000BW2439,2024-02-27,False,,,,False
97411000BD0861,2024-09-12,False,,,,False
97415000AZ0160,2024-06-14,True,,,,False
97414000CV1010,2024-12-16,False,,,,False
97414000ER0780,2024-07-26,False,,,,False
97409000BL0215,2024-08-01,True,,,,False
97421000AW0142,2024-10-30,True,,,,False
97420000AO0655,2024-06-25,False,,,,False
97410000BX1940,2024-10-17,True,,,,False
97415000HN0168,2024-05-07,True,,,,False
97401000AR1621,2024-01-22,False,,,,False
97409000AL1990,2024-12-26,True,,,,False
97413000CY0839,2024-08-14,True,,,,False
97422000AY1231,2024-11-13,True,,,,False
97416000CW2896,2024-01-31,False,,,,False
97415000AY1639,2024-03-11,False,,,,False
97415000DH0330,2024-02-06,False,,,,False
97409000AL2018,2024-12-26,True,,,,False
97418000AT2000,2024-12-23,True,,,,False
97424000AE0355,2024-03-12,False,,,,False
97411000CY0975,2024-10-14,False,,,,False
97415000HM0183,2024-09-30,False,,,,False
97418000BT0817,2024-08-16,False,,,,False
97422000EM0448,2024-12-26,True,,,,False
97413000CE0003,2024-10-23,False,,,,False
97420000AB1818,2024-01-31,True,,,,False
97406000AT0249,2024-03-13,False,,,,False
97413000CH0169,2024-03-20,True,,,,False
97418000AS0576,2024-07-19,False,,,,False
97413000DE1131,2024-12-23,True,,,,False
97422000CN1399,2024-02-20,True,,,,False
97415000AX0237,2024-02-06,True,,,,False
97411000BK0153,2024-05-27,False,,,,False
97416000EY1205,2024-04-25,False,,,,False
97423000AC0329,2024-01-14,True,,,,False
97407000AS0301,2024-01-11,False,,,,False
97422000BZ0090,2024-05-29,False,,,,False
97410000AV0645,2024-12-12,True,,,,False
97422000AX0294,2024-08-22,True,,,,False
97419000AW0304,2024-07-29,True,,,,False
97418000BD0421,2024-03-28,True,,,,False
97423000AC0336,2024-01-14,True,,,,False
97422000AY1479,2024-07-04,True,,,,False
97410000BD0829,2024-12-19,True,,,,False
97408000AN1706,2024-08-23,True,,,,False
97416000EM1014,2024-05-17,True,,,,False
97414000EN4120,2024-11-25,True,,,,False
97416000CT1234,2024-10-08,False,,,,False
97415000BZ0627,2024-12-19,True,,,,False
97413000CR0831,2024-04-04,False,,,,False
97415000EN0262,2024-12-26,True,,,,False
97418000AW0675,2024-09-20,True,,,,False
97405000AL1593,2024-04-02,False,,,,False
97415000AB0369,2024-12-06,False,,,,False
97410000BI0622,2024-10-30,False,,,,False
97406000AW1196,2024-08-09,False,,,,False
97422000BS0721,2024-07-18,True,,,,False
97415000DE1306,2024-11-06,False,,,,False
97408000AP1552,2024-02-01,False,,,,False
97410000AY0379,2024-11-26,False,,,,False
97415000CT1923,2024-06-28,False,,,,False
97415000HO1111,2024-02-08,True,,,,False
97415000CT2583,2024-03-08,False,,,,False
97411000BZ1708,2024-12-23,True,,,,False
97415000HP0238,2024-10-22,False,,,,False
97422000BD2684,2024-04-24,True,,,,False
97412000BZ0328,2024-10-17,False,,,,False
97411000EI0111,2024-06-28,False,,,,False
97421000AB0215,2024-10-11,False,,,,False
97422000BI0752,2024-08-21,False,,,,False
97412000BX1358,2024-09-13,False,,,,False
97410000AR1539,2024-04-23,True,,,,False
97412000CI0298,2024-02-20,False,,,,False
97416000CS1531,2024-03-22,True,,,,False
97416000CS1580,2024-02-29,True,,,,False
97424000AD0369,2024-04-29,True,,,,False
97415000DH0301,2024-12-23,False,,,,False
97417000AT0543,2024-02-28,False,,,,False
97415000HI0507,2024-06-07,True,,,,False
97422000BH2080,2024-02-15,False,,,,False
97415000CV1296,2024-01-08,True,,,,False
97413000BD0266,2024-01-11,True,,,,False
97406000AM0938,2024-05-15,False,,,,False
97412000CS0359,2024-12-12,False,,,,False
97415000DM1459,2024-12-10,True,,,,False
97424000AE1197,2024-05-27,True,,,,False
97409000AK1017,2024-10-03,False,,,,False
97411000BH0546,2024-02-22,False,,,,False
97424000AH1019,2024-05-29,True,,,,False
97413000CI0726,2024-08-21,False,,,,False
97414000ER0731,2024-12-10,True,,,,False
97420000BC1878,2024-07-29,False,,,,False
97420000AL0371,2024-09-09,True,,,,False
97411000BP0643,2024-01-25,False,,,,False
97413000DM0371,2024-09-05,True,,,,False
97418000BH1024,2024-06-13,False,,,,False
97416000HW0337,2024-04-02,False,,,,False
97411000BD0767,2024-08-20,False,,,,False
97406000AL0680,2024-11-05,True,,,,False
97411000AW0322,2024-03-18,True,,,,False
97409000AT1250,2024-07-05,True,,,,False
97422000BO1795,2024-04-19,False,,,,False
97423000AC0361,2024-01-14,True,,,,False
97420000BD0928,2024-03-26,False,,,,False
97416000IA1607,2024-09-19,True,,,,False
97403000AO0799,2024-11-27,False,,,,False
97406000AV1319,2024-10-29,True,,,,False
97424000AH1018,2024-05-29,True,,,,False
97418000AT2324,2024-07-29,True,,,,False
97404000AM1079,2024-04-24,True,,,,False
97414000EL2515,2024-09-05,True,,,,False
97410000AN0808,2024-01-31,True,,,,False
97410000AC0689,2024-11-29,True,,,,False
97409000AE0102,2024-10-31,False,,,,False
97422000DM0725,2024-10-24,True,,,,False
97413000BD0046,2024-09-09,True,,,,False
97423000AC0412,2024-01-14,True,,,,False
97401000AN0154,2024-11-07,True,,,,False
97411000BN0415,2024-02-12,False,,,,False
97420000BH2071,2024-12-05,True,,,,False
97416000IE1234,2024-05-07,False,,,,False
97422000BT1429,2024-02-26,True,,,,False
97411000IS0500,2024-07-05,False,,,,False
97411000BP0801,2024-12-30,True,,,,False
97411000AV0198,2024-10-09,False,,,,False
97411000HS0466,2024-07-31,True,,,,False
97418000BK0103,2024-01-24,False,,,,False
97416000HS0389,2024-10-14,True,,,,False
97422000BK2504,2024-10-25,False,,,,False
97422000BH0550,2024-04-02,True,,,,False
97401000AR1597,2024-01-22,False,,,,False
97405000AH0241,2024-09-09,True,,,,False
97411000AM0079,2024-12-16,True,,,,False
97410000BD0827,2024-12-19,True,,,,False
97416000DS0393,2024-08-08,True,,,,False
97419000AR0467,2024-07-10,False,,,,False
97415000HI0478,2024-05-30,False,,,,False
97406000AH0641,2024-02-19,True,,,,False
97411000EL0295,2024-10-29,False,,,,False
97416000DT0786,2024-05-21,False,,,,False
97422000DE1012,2024-03-28,False,,,,False
97415000CS0822,2024-08-30,False,,,,False
97411000HW0434,2024-05-03,False,,,,False
97406000AO0473,2024-11-14,True,,,,False
97422000CI1148,2024-09-02,False,,,,False
97408000AB0311,2024-11-28,False,,,,False
97405000AL1281,2024-11-07,True,,,,False
97411000AS0055,2024-03-20,True,,,,False
97415000DE1273,2024-07-05,True,,,,False
97415000AY1651,2024-05-03,True,,,,False
97422000BD2827,2024-10-24,True,,,,False
97416000CW1999,2024-01-30,True,,,,False
97408000AM0317,2024-09-30,True,,,,False
97416000HS0388,2024-10-14,True,,,,False
97416000EV1593,2024-07-11,True,,,,False
97410000AX1021,2024-04-12,True,,,,False
97423000AH1314,2024-11-26,False,,,,False
97408000AC0736,2024-04-10,False,,,,False
97411000DY0284,2024-12-02,False,,,,False
97409000AX1055,2024-12-31,False,,,,False
97409000AX1104,2024-06-20,False,,,,False
97408000AW0805,2024-04-30,False,,,,False
97401000AR1601,2024-01-22,True,,,,False
97415000BI0528,2024-08-08,False,,,,False
97412000BY0609,2024-11-28,False,,,,False
97412000BY0923,2024-05-28,True,,,,False
97415000EY0777,2024-04-29,True,,,,False
97405000AN0626,2024-06-04,True,,,,False
97411000EL0277,2024-05-17,True,,,,False
97408000AS0483,2024-01-25,False,,,,False
97401000AR1711,2024-01-22,False,,,,False
97406000AV1042,2024-03-29,True,,,,False
97411000DE0377,2024-09-27,False,,,,False
97417000AO0382,2024-12-16,True,,,,False
97409000BM1396,2024-06-14,False,,,,False
97413000CU0046,2024-08-14,False,,,,False
97416000DT0131,2024-01-26,False,,,,False
97407000BI0447,2024-10-31,False,,,,False
97413000DM0013,2024-01-19,True,,,,False
97408000AI0027,2024-05-07,True,,,,False
97422000AK0722,2024-12-26,True,,,,False
97409000AS1768,2024-06-19,False,,,,False
97416000HY1671,2024-04-04,False,,,,False
97409000BM1409,2024-06-03,False,,,,False
97415000BZ1080,2024-04-09,False,,,,False
97405000AD0742,2024-06-13,True,,,,False
97404000AR0360,2024-12-27,False,,,,False
97408000AI0042,2024-03-22,True,,,,False
97405000BI0818,2024-12-10,True,,,,False
97411000CD0050,2024-09-19,True,,,,False
97422000BM0600,2024-08-13,False,,,,False
97422000AE0807,2024-04-30,True,,,,False
97415000DM1339,2024-01-23,True,,,,False
97410000AW0371,2024-11-13,False,,,,False
97416000EM0776,2024-05-17,True,,,,False
97421000BC0234,2024-09-24,False,,,,False
97408000AW1123,2024-07-23,False,,,,False
97407000BL0076,2024-08-29,False,,,,False
97416000HO0889,2024-05-16,True,,,,False
97411000EP0292,2024-12-16,True,,,,False
97411000DM0023,2024-11-26,True,,,,False
97414000EV0748,2024-08-30,True,,,,False
97415000AZ1550,2024-06-14,True,,,,False
97415000HN0150,2024-05-07,True,,,,False
97405000AR1845,2024-12-03,False,,,,False
97416000IE0182,2024-05-15,False,,,,False
97415000EH0395,2024-08-02,False,,,,False
97413000AV2160,2024-04-03,False,,,,False
97410000AS1393,2024-11-29,True,,,,False
97413000DK0474,2024-07-11,True,,,,False
97422000CH0787,2024-06-26,False,,,,False
97410000BT0064,2024-01-31,True,,,,False
97415000AX0641,2024-02-06,True,,,,False
97423000AH0461,2024-05-07,True,,,,False
97411000AW0121,2024-09-05,False,,,,False
97411000BH0928,2024-04-30,False,,,,False
97415000AV0435,2024-12-06,True,,,,False
97411000BD1017,2024-03-22,False,,,,False
97408000AP1517,2024-03-26,True,,,,False
97415000BV1313,2024-03-13,False,,,,False
97415000EO1088,2024-04-05,True,,,,False
97408000AB0369,2024-05-03,True,,,,False
97422000CD0252,2024-03-22,True,,,,False
97402000AC0411,2024-08-30,True,,,,False
97417000BC0150,2024-12-17,True,,,,False
97422000AK0734,2024-10-31,False,,,,False
97412000AL0491,2024-08-29,True,,,,False
97415000BX0197,2024-06-25,True,,,,False
97409000BI0086,2024-12-27,False,,,,False
97416000EK0605,2024-01-31,False,,,,False
97411000DH0211,2024-06-10,False,,,,False
97410000AH1288,2024-03-22,True,,,,False
97411000AO0469,2024-01-17,True,,,,False
97422000BK2276,2024-09-30,False,,,,False
97421000BD0179,2024-12-30,True,,,,False
97408000AM0833,2024-09-27,False,,,,False
97411000CH0582,2024-04-02,True,,,,False
97416000CS1624,2024-04-16,True,,,,False
97408000AC2250,2024-08-21,False,,,,False
97413000DJ0590,2024-12-18,False,,,,False
97409000AL1949,2024-12-26,True,,,,False
97415000BZ0901,2024-12-19,True,,,,False
97405000AR1765,2024-12-02,True,,,,False
97411000BL0007,2024-11-08,True,,,,False
97415000DE0667,2024-12-24,False,,,,False
97411000AD0585,2024-03-14,False,,,,False
97411000HE0584,2024-10-28,True,,,,False
97420000AZ1129,2024-06-07,True,,,,False
97405000BE1224,2024-09-20,True,,,,False
97415000ET1674,2024-04-23,False,,,,False
97415000BN0898,2024-08-08,True,,,,False
97422000BW2595,2024-08-27,False,,,,False
97402000AH0137,2024-02-29,False,,,,False
97415000EY1728,2024-09-30,False,,,,False
97420000BH0897,2024-12-18,False,,,,False
97415000EO1096,2024-09-30,False,,,,False
97416000CW1554,2024-07-17,True,,,,False
97407000AK1915,2024-07-05,False,,,,False
97415000CP1764,2024-10-11,False,,,,False
97424000AM1011,2024-10-15,True,,,,False
97422000AK0792,2024-08-30,False,,,,False
97415000DR1029,2024-02-19,True,,,,False
97415000BX0200,2024-06-25,True,,,,False
97409000BE1972,2024-05-29,False,,,,False
97416000CV2378,2024-04-25,False,,,,False
97414000EN4118,2024-11-25,True,,,,False
97422000BD2615,2024-07-02,False,,,,False
97416000DT0335,2024-01-31,False,,,,False
97408000AN0760,2024-10-11,False,,,,False
97415000EV0712,2024-03-22,False,,,,False
97422000BN2911,2024-11-25,False,,,,False
97411000CH0581,2024-04-02,True,,,,False
97415000CY0974,2024-03-14,True,,,,False
97412000CT0739,2024-06-25,True,,,,False
97416000DZ0896,2024-03-05,False,,,,False
97411000CI0035,2024-09-26,False,,,,False
97413000CY0526,2024-06-26,False,,,,False
97415000HO1112,2024-02-08,True,,,,False
97413000DE1336,2024-06-27,True,,,,False
97405000AD0736,2024-06-13,True,,,,False
97416000EI0653,2024-01-10,False,,,,False
97423000AC0360,2024-01-14,True,,,,False
97402000AD1129,2024-04-15,False,,,,False
97416000CV2377,2024-08-26,False,,,,False
97408000AR1337,2024-06-24,False,,,,False
97415000CM2350,2024-11-02,True,,,,False
97416000EL0324,2024-06-21,False,,,,False
97414000HK0093,2024-09-30,False,,,,False
97417000BD1382,2024-08-19,False,,,,False
97416000CS1572,2024-12-13,True,,,,False
97416000IA1851,2024-11-21,False,,,,False
97416000EN1316,2024-02-19,True,,,,False
97422000BP0505,2024-10-17,False,,,,False
97406000AV0598,2024-08-23,False,,,,False
97419000AE0482,2024-04-26,True,,,,False
97411000ET0293,2024-02-23,True,,,,False
97413000AV0415,2024-01-30,False,,,,False
97412000AN0020,2024-09-20,True,,,,False
97415000DP0865,2024-11-19,True,,,,False
97412000AT1098,2024-04-16,True,,,,False
97416000CV2303,2024-07-01,True,,,,False
97416000EN0637,2024-02-29,True,,,,False
97409000AS2032,2024-09-20,False,,,,False
97419000AI0360,2024-01-26,True,,,,False
97408000AV1061,2024-12-31,True,,,,False
97406000AP0428,2024-08-08,False,,,,False
97417000AI0090,2024-03-12,True,,,,False
97424000AI2190,2024-12-13,True,,,,False
97406000AL0169,2024-11-18,True,,,,False
97415000AH1207,2024-04-22,True,,,,False
97414000CR0724,2024-05-30,True,,,,False
97401000AL0377,2024-11-19,False,,,,False
97409000AC1081,2024-04-03,False,,,,False
97416000CV1897,2024-07-10,True,,,,False
97423000AD0190,2024-05-07,True,,,,False
97422000DM0798,2024-05-22,False,,,,False
97415000CY1194,2024-05-30,False,,,,False
97416000CW1165,2024-02-28,False,,,,False
97418000BE0102,2024-12-23,True,,,,False
97420000AC0576,2024-06-27,False,,,,False
97419000AM0622,2024-03-27,False,,,,False
97415000EO1090,2024-12-24,True,,,,False
97416000HZ0732,2024-09-25,False,,,,False
97408000AI0045,2024-05-07,True,,,,False
97421000AB0414,2024-12-30,True,,,,False
97419000AL0641,2024-01-19,True,,,,False
97413000CH0873,2024-08-26,False,,,,False
97413000DE2113,2024-05-29,True,,,,False
97414000EN4122,2024-11-25,True,,,,False
97414000CO1597,2024-11-20,True,,,,False
97403000AP1596,2024-03-12,False,,,,False
97413000CH0874,2024-03-22,False,,,,False
97415000BC0370,2024-06-07,False,,,,False
97416000HO0023,2024-05-28,False,,,,False
97410000BI0032,2024-11-28,True,,,,False
97423000AK1822,2024-08-14,True,,,,False
97422000BN2766,2024-07-31,False,,,,False
97422000BH1716,2024-02-16,False,,,,False
97416000HM0352,2024-04-29,False,,,,False
97414000EN3799,2024-02-29,False,,,,False
97415000CP1287,2024-01-11,False,,,,False
97412000BL0765,2024-07-09,True,,,,False
97419000AL0637,2024-01-19,True,,,,False
97413000CX2647,2024-03-28,False,,,,False
97410000AO0463,2024-04-23,False,,,,False
97415000DS0426,2024-11-19,True,,,,False
97410000AE1356,2024-04-08,True,,,,False
97406000AP0362,2024-10-31,True,,,,False
97401000AM0318,2024-09-30,False,,,,False
97422000DL0843,2024-10-24,True,,,,False
97422000AS0108,2024-07-11,False,,,,False
97424000AE0356,2024-03-25,False,,,,False
97406000AV1019,2024-06-03,True,,,,False
97405000AY0746,2024-10-18,False,,,,False
97422000BL0870,2024-05-20,False,,,,False
97416000HW0140,2024-03-05,False,,,,False
97402000AH1871,2024-11-08,True,,,,False
97406000AI1062,2024-08-19,True,,,,False
97416000EX1150,2024-05-15,True,,,,False
97410000AS1437,2024-04-29,False,,,,False
97420000AI0875,2024-04-17,True,,,,False
97424000AE1440,2024-12-12,True,,,,False
97411000IB0035,2024-05-03,False,,,,False
97415000CX1364,2024-10-08,False,,,,False
97411000CL0232,2024-08-13,False,,,,False
97416000HN0907,2024-05-02,False,,,,False
97409000AL2103,2024-12-26,True,,,,False
97415000DK0857,2024-07-22,True,,,,False
97413000DA0537,2024-06-24,True,,,,False
97424000AM0405,2024-09-06,False,,,,False
97404000AV0291,2024-02-22,True,,,,False
97410000AH1162,2024-09-06,True,,,,False
97413000CY1469,2024-12-23,True,,,,False
97415000CT1020,2024-06-14,True,,,,False
97412000CE2316,2024-11-06,False,,,,False
97416000DT0489,2024-02-07,False,,,,False
97410000AS1387,2024-11-29,True,,,,False
97412000BP0281,2024-10-16,False,,,,False
97411000EX0021,2024-05-17,False,,,,False
97423000AC0377,2024-01-14,True,,,,False
97402000AH1870,2024-11-08,True,,,,False
97416000CX1307,2024-06-07,True,,,,False
97415000BZ0209,2024-12-19,True,,,,False
97415000CW0654,2024-06-18,True,,,,False
97408000AI0059,2024-03-22,True,,,,False
97409000BE2009,2024-07-02,False,,,,False
97415000BZ0633,2024-12-19,True,,,,False
97412000BW1985,2024-11-29,False,,,,False
97403000AP1630,2024-10-23,True,,,,False
97422000CZ0115,2024-04-25,True,,,,False
97412000BW0487,2024-09-12,False,,,,False
97423000AD0083,2024-05-07,True,,,,False
97417000AT1353,2024-07-01,False,,,,False
97410000CL0263,2024-03-15,True,,,,False
97423000AK1009,2024-06-24,False,,,,False
97415000DK1121,2024-10-11,False,,,,False
97422000AX0632,2024-08-22,True,,,,False
97401000AM1875,2024-09-30,False,,,,False
97422000EN0161,2024-06-11,False,,,,False
97421000BD0295,2024-04-30,True,,,,False
97415000AY0216,2024-12-16,True,,,,False
97414000EY0211,2024-01-23,True,,,,False
97412000CW0750,2024-12-13,True,,,,False
97415000DT1229,2024-07-03,False,,,,False
97422000AP0782,2024-11-27,True,,,,False
97412000CK0006,2024-12-26,True,,,,False
97415000EP0322,2024-08-23,False,,,,False
97409000AI1637,2024-03-05,True,,,,False
97411000DP0014,2024-02-14,False,,,,False
97411000HP0267,2024-09-06,False,,,,False
97418000AT0564,2024-04-19,False,,,,False
97416000DE1888,2024-12-13,False,,,,False
97424000AI1336,2024-11-28,False,,,,False
97424000AI1443,2024-03-11,False,,,,False
97406000AV1130,2024-02-28,False,,,,False
97411000DX0114,2024-09-20,False,,,,False
97404000AS0236,2024-10-28,False,,,,False
97416000CD0613,2024-12-13,False,,,,False
97409000AY1117,2024-11-05,True,,,,False
97415000BZ0877,2024-12-19,True,,,,False
97424000AI0572,2024-08-07,False,,,,False
97408000AM0640,2024-09-03,True,,,,False
97417000AT1100,2024-07-19,False,,,,False
97415000EW0759,2024-02-28,True,,,,False
97408000AO1779,2024-01-30,False,,,,False
97412000AM0777,2024-11-26,False,,,,False
97417000BC0093,2024-12-17,True,,,,False
97413000DM0147,2024-07-18,False,,,,False
97411000AK0079,2024-10-11,False,,,,False
97408000BN0173,2024-10-21,False,,,,False
97414000DT0860,2024-05-02,False,,,,False
97415000DE0086,2024-04-08,False,,,,False
97422000DL0494,2024-04-26,False,,,,False
97416000CX1184,2024-11-07,False,,,,False
97401000AO1116,2024-12-24,False,,,,False
97416000EV0940,2024-07-19,False,,,,False
97411000EK0100,2024-05-03,True,,,,False
97416000EX1478,2024-07-26,False,,,,False
97407000BC0567,2024-03-07,False,,,,False
97415000BI0163,2024-08-30,False,,,,False
97412000AS0367,2024-06-25,True,,,,False
97412000BP0461,2024-12-12,True,,,,False
97409000AL2016,2024-12-26,True,,,,False
97411000AN0383,2024-09-17,False,,,,False
97412000CE2036,2024-09-27,False,,,,False
97412000BM0974,2024-04-30,True,,,,False
97412000BX1369,2024-07-11,True,,,,False
97409000AS2113,2024-10-21,False,,,,False
97415000DR1333,2024-11-08,False,,,,False
97414000HI1577,2024-05-13,False,,,,False
97401000AR1623,2024-01-22,False,,,,False
97422000BR0822,2024-07-11,True,,,,False
97407000AS0478,2024-09-04,False,,,,False
97422000BY0515,2024-10-14,False,,,,False
97417000BD1288,2024-10-07,False,,,,False
97418000AO1674,2024-10-02,True,,,,False
97416000CV1891,2024-07-10,True,,,,False
97403000AO0897,2024-12-19,False,,,,False
97417000BC1056,2024-10-01,True,,,,False
97406000AO0480,2024-11-14,True,,,,False
97415000CS0527,2024-06-13,True,,,,False
97413000CX2805,2024-05-16,True,,,,False
97416000CD0551,2024-02-27,True,,,,False
97413000CX0173,2024-05-30,False,,,,False
97410000AC0583,2024-11-29,True,,,,False
97411000HT0180,2024-12-05,False,,,,False
97413000DD1421,2024-11-22,False,,,,False
97411000HS0403,2024-12-18,True,,,,False
97411000IZ0420,2024-06-06,False,,,,False
97414000HE0144,2024-11-13,False,,,,False
97420000BH0346,2024-05-23,False,,,,False
97411000EV0051,2024-12-03,False,,,,False
97410000AE1360,2024-04-08,True,,,,False
97418000AR1759,2024-12-18,False,,,,False
97402000AI0378,2024-05-21,True,,,,False
97409000AL2379,2024-12-26,True,,,,False
97416000CZ2020,2024-05-30,False,,,,False
97405000BE1074,2024-12-24,True,,,,False
97412000CX0313,2024-12-13,False,,,,False
97409000BE1586,2024-06-20,True,,,,False
97402000AD1132,2024-04-09,False,,,,False
97410000AD0729,2024-08-29,False,,,,False
97411000AV0208,2024-06-26,False,,,,False
97414000CH0847,2024-10-15,False,,,,False
97412000AN0019,2024-09-20,True,,,,False
97413000AC0847,2024-09-20,True,,,,False
97408000AO1869,2024-01-23,False,,,,False
97414000CM0215,2024-12-30,True,,,,False
97415000CT2615,2024-06-14,True,,,,False
97412000CD1007,2024-11-26,False,,,,False
97415000AZ1987,2024-05-10,True,,,,False
97408000BN0143,2024-12-30,False,,,,False
97415000DM0778,2024-08-30,False,,,,False
97423000AH0788,2024-05-16,False,,,,False
97415000ET1721,2024-10-18,False,,,,False
97416000CW0483,2024-09-03,False,,,,False
97405000AB0053,2024-01-03,True,,,,False
97415000DR0465,2024-03-13,True,,,,False
97410000AH1292,2024-03-22,True,,,,False
97415000CZ0925,2024-03-14,False,,,,False
97413000CR0153,2024-05-21,False,,,,False
97414000EN2607,2024-03-12,True,,,,False
97401000AM1532,2024-04-12,False,,,,False
97416000EN0635,2024-02-29,True,,,,False
97414000EL1864,2024-10-10,False,,,,False
97409000AR0936,2024-06-20,False,,,,False
97414000EL0685,2024-08-23,False,,,,False
97413000AV2236,2024-10-03,True,,,,False
97413000CS0511,2024-12-10,True,,,,False
97410000AS1394,2024-11-29,True,,,,False
97409000BP0099,2024-03-12,True,,,,False
97418000AO1572,2024-10-02,True,,,,False
97409000BM1419,2024-06-28,True,,,,False
97410000BK0277,2024-08-30,False,,,,False
97416000DM0986,2024-01-08,False,,,,False
97410000AV0662,2024-11-20,False,,,,False
97416000EL0236,2024-10-08,False,,,,False
97407000BC0208,2024-07-29,True,,,,False
97408000AT1488,2024-01-30,False,,,,False
97411000AM0323,2024-02-28,False,,,,False
97415000BV1126,2024-02-23,True,,,,False
97404000AW0396,2024-06-13,True,,,,False
97412000AW0165,2024-12-17,True,,,,False
97411000EI0232,2024-06-20,True,,,,False
97422000DW0079,2024-11-21,False,,,,False
97408000AO0303,2024-02-26,False,,,,False
97415000HI0558,2024-07-22,True,,,,False
97416000CZ1846,2024-08-28,True,,,,False
97408000AB0394,2024-08-14,False,,,,False
97411000EI0405,2024-04-08,False,,,,False
97407000BL0239,2024-01-09,False,,,,False
97422000AW0251,2024-10-23,True,,,,False
97405000AE0036,2024-07-11,True,,,,False
97418000AS1382,2024-12-23,True,,,,False
97415000EW0572,2024-08-27,False,,,,False
97415000CZ0927,2024-12-17,False,,,,False
97411000IN0150,2024-09-19,False,,,,False
97418000AT1827,2024-02-29,False,,,,False
97413000DG0764,2024-08-28,True,,,,False
97414000EN3718,2024-03-12,True,,,,False
97410000AT0079,2024-12-27,False,,,,False
97411000BK0220,2024-04-02,True,,,,False
97415000BX0219,2024-09-16,True,,,,False
97403000AR0064,2024-01-17,True,,,,False
97410000AC0163,2024-10-10,True,,,,False
97415000EX0287,2024-10-08,False,,,2026-08-31 11:40:24.637188+00:00,False
97413000AC0619,2024-08-12,True,,,,False
97416000EW0134,2024-02-22,False,,,,False
97421000AV1337,2024-09-04,False,,,,False
97422000BT0467,2024-09-05,True,,,,False
97416000DW0114,2024-02-27,False,,,,False
97410000CD0188,2024-11-29,True,,,,False
97422000BK2226,2024-12-27,True,,,,False
97415000AV0676,2024-12-03,True,,,,False
97408000AB0396,2024-07-04,True,,,,False
97420000AB1331,2024-07-12,False,,,,False
97418000AX0267,2024-10-11,False,,,,False
97409000AI1640,2024-03-05,True,,,,False
97408000BO0430,2024-11-28,False,,,,False
97416000DM0900,2024-09-13,True,,,,False
97418000AP4190,2024-09-05,True,,,,False
97422000AK1193,2024-11-05,False,,,,False
97413000CN0979,2024-07-16,True,,,,False
97414000CO1644,2024-11-15,False,,,,False
97422000BZ0357,2024-11-13,False,,,,False
97411000AW0934,2024-02-22,False,,,,False
97416000DS0178,2024-04-23,False,,,,False
97421000AL0550,2024-07-31,True,,,,False
97422000ED0026,2024-06-05,False,,,,False
97411000AC0069,2024-09-11,True,,,,False
97422000AY1563,2024-11-13,True,,,,False
97401000AK0191,2024-11-15,True,,,,False
97415000BO0489,2024-06-18,False,,,,False
97422000BT0365,2024-12-19,True,,,,False
97411000DS0775,2024-08-29,False,,,,False
97411000IA0045,2024-06-24,True,,,,False
97411000IC0082,2024-09-18,False,,,,False
97414000EN4052,2024-09-27,False,,,,False
97418000AW0674,2024-09-20,True,,,,False
97411000DT0286,2024-05-15,True,,,,False
97408000AO1553,2024-04-03,True,,,,False
97415000BI0684,2024-12-26,False,,,,False
97414000EN4030,2024-11-25,True,,,,False
97411000CD1025,2024-07-31,False,,,,False
97412000CP0228,2024-01-12,True,,,,False
97406000AO0522,2024-09-27,True,,,,False
97411000AW0695,2024-02-16,True,,,,False
97409000AB0976,2024-12-12,False,,,,False
97413000CO0773,2024-06-17,False,,,,False
97418000BO0142,2024-12-23,True,,,,False
97415000BW0855,2024-04-30,True,,,,False
97406000AH0255,2024-08-28,False,,,,False
97413000BH1029,2024-07-11,False,,,,False
97416000EK0256,2024-01-29,False,,,,False
97422000BL1547,2024-12-27,False,,,,False
97407000AM1221,2024-12-06,False,,,,False
97406000AL0682,2024-11-05,True,,,,False
97409000AL0626,2024-12-26,True,,,,False
97415000BC0374,2024-09-27,True,,,,False
97410000BE0881,2024-07-29,False,,,,False
97422000BD2230,2024-06-29,True,,,,False
97420000BC0173,2024-12-13,True,,,,False
97414000EN4044,2024-06-28,False,,,,False
97411000AL0451,2024-05-10,False,,,,False
97415000DM1108,2024-04-26,True,,,,False
97408000AP0732,2024-12-30,True,,,,False
97418000AP4325,2024-05-23,True,,,,False
97414000CD0110,2024-05-22,True,,,2026-08-26 16:05:17.116601+00:00,False
97413000DE2112,2024-11-13,True,,,,False
97414000DK0676,2024-04-02,False,,,,False
97410000AB0769,2024-12-27,False,,,,False
97409000AL2171,2024-12-26,True,,,,False
97412000BT0227,2024-12-31,False,,,,False
97418000AD0306,2024-07-08,False,,,,False
97420000AP0112,2024-06-10,False,,,,False
97411000DR0657,2024-10-18,True,,,,False
97415000EO0794,2024-05-14,True,,,,False
97410000AS1453,2024-03-28,False,,,,False
97415000AZ1715,2024-03-04,True,,,,False
97411000BD0326,2024-04-15,True,,,,False
97404000AE1093,2024-03-06,True,,,,False
97412000BW1951,2024-04-09,False,,,,False
97414000EL1880,2024-05-24,False,,,,False
97416000DW0421,2024-10-30,False,,,,False
97415000BZ0751,2024-10-15,True,,,,False
97422000AP0636,2024-12-10,True,,,,False
97413000CN1194,2024-04-03,False,,,,False
97418000AO1690,2024-10-02,True,,,,False
97416000EX1318,2024-03-01,False,,,,False
97413000DG0803,2024-09-24,True,,,,False
97420000BC1864,2024-12-19,True,,,,False
97415000AV0369,2024-11-15,True,,,,False
97422000BP1578,2024-06-19,False,,,,False
97416000CS1561,2024-01-05,True,,,,False
97423000AC0385,2024-01-14,True,,,,False
97416000EK0341,2024-06-12,False,,,,False
97409000BM0982,2024-12-11,True,,,,False
97411000HZ0061,2024-04-22,False,,,,False
97407000AK1865,2024-02-09,False,,,,False
97411000BP0867,2024-12-30,True,,,,False
97416000IE0595,2024-07-18,False,,,,False
97422000BV2441,2024-11-12,False,,,,False
97414000HD0167,2024-07-05,False,,,,False
97416000DS0988,2024-09-06,False,,,,False
97413000CU0223,2024-07-12,False,,,,False
97418000BM0101,2024-04-16,False,,,,False
97413000CY1451,2024-05-10,True,,,,False
97414000EZ0226,2024-11-27,False,,,,False
97411000HS0389,2024-12-18,True,,,,False
97416000HZ1032,2024-07-08,False,,,,False
97415000AY1652,2024-05-03,True,,,,False
97411000BK0555,2024-03-12,False,,,,False
97415000AX1092,2024-04-18,False,,,,False
97416000CO1028,2024-07-12,False,,,,False
97415000AY1569,2024-05-31,False,,,,False
97418000BD0329,2024-12-23,True,,,,False
97416000CX1441,2024-04-26,False,,,,False
97423000AB1906,2024-04-11,False,,,,False
97412000BY1231,2024-01-30,False,,,,False
97418000AS0734,2024-04-12,True,,,,False
97411000IR0075,2024-11-15,True,,,,False
97412000CX0975,2024-08-26,True,,,,False
97416000HR0419,2024-06-04,False,,,,False
97422000AD0542,2024-01-30,False,,,,False
97414000ES0676,2024-08-06,True,,,,False
97408000AO1635,2024-08-06,True,,,,False
97416000CV2381,2024-12-17,False,,,,False
97413000CX1154,2024-08-27,True,,,,False
97416000EP1004,2024-08-13,False,,,,False
97412000AT0543,2024-06-25,True,,,,False
97416000IH0009,2024-03-18,False,,,,False
97403000AM0498,2024-02-23,False,,,,False
97413000DG0456,2024-03-29,False,,,,False
97415000AY0225,2024-12-16,True,,,,False
97411000AM0085,2024-11-06,False,,,,False
97408000AR0388,2024-06-27,False,,,,False
97412000BX0578,2024-07-30,False,,,,False
97410000AR1594,2024-06-28,False,,,,False
97419000AM0521,2024-01-22,False,,,,False
97415000DM1583,2024-10-31,False,,,,False
97418000AT1828,2024-04-23,False,,,,False
97405000AL0568,2024-02-23,False,,,,False
97414000EN3939,2024-12-30,True,,,,False
97418000AC0624,2024-12-23,True,,,,False
97414000EV0743,2024-08-30,True,,,,False
97415000DP0860,2024-12-26,True,,,,False
97404000AE0443,2024-09-24,True,,,,False
97415000BI0581,2024-09-17,False,,,,False
97415000HP0228,2024-05-29,True,,,,False
97407000AS0351,2024-02-02,False,,,,False
97415000HR0154,2024-11-15,False,,,,False
97414000HI1614,2024-02-15,True,,,,False
97409000AR1549,2024-03-14,False,,,,False
97414000CW0580,2024-02-27,True,,,,False
97411000CD1453,2024-10-09,True,,,,False
97416000CW2423,2024-06-27,True,,,,False
97409000AX0497,2024-10-31,False,,,,False
97411000AT0442,2024-02-23,False,,,,False
97414000EL2495,2024-11-29,True,,,,False
97418000AV2891,2024-10-08,True,,,,False
97401000AR1545,2024-09-09,False,,,,False
97422000BL1135,2024-09-27,False,,,,False
97422000DH0927,2024-07-10,True,,,,False
97415000HO1032,2024-01-30,False,,,,False
97403000AM0769,2024-07-22,True,,,,False
97411000IH0390,2024-12-27,False,,,,False
97416000DE1887,2024-04-23,False,,,,False
97422000EN0061,2024-11-05,True,,,,False
97402000AI0670,2024-04-24,False,,,,False
97416000ER0471,2024-03-06,False,,,,False
97415000DR0492,2024-02-02,True,,,,False
97416000IK0517,2024-12-20,True,,,,False
97415000AZ2005,2024-03-27,False,,,,False
97423000AC0331,2024-01-14,True,,,,False
97415000EY0845,2024-11-12,False,,,,False
97416000CW2071,2024-12-17,False,,,,False
97415000BZ0635,2024-12-19,True,,,,False
97411000HY0104,2024-06-04,False,,,,False
97411000AD0218,2024-01-31,False,,,,False
97412000AL0489,2024-08-29,True,,,,False
97422000AS0367,2024-09-25,False,,,,False
97407000AO0108,2024-01-27,False,,,,False
97411000AD0499,2024-10-07,True,,,,False
97411000HR0066,2024-09-13,False,,,,False
97418000AR2566,2024-06-12,False,,,,False
97410000AN0831,2024-03-15,True,,,,False
97406000AE0419,2024-06-17,True,,,,False
97423000AB1851,2024-12-27,True,,,,False
97416000ET2149,2024-02-16,True,,,,False
97401000AP1281,2024-04-26,False,,,,False
97410000AN0456,2024-11-05,False,,,,False
97414000EX0872,2024-07-10,False,,,,False
97416000ET2088,2024-03-19,False,,,,False
97421000AV0155,2024-12-27,False,,,,False
97410000BS0074,2024-12-27,True,,,,False
97409000AL2381,2024-03-12,False,,,,False
97415000EH0554,2024-10-04,False,,,,False
97422000BM1498,2024-02-07,True,,,,False
97410000AN0237,2024-07-12,False,,,,False
97416000EN0517,2024-03-14,False,,,,False
97413000CY1466,2024-12-23,True,,,,False
97413000DK0176,2024-07-11,True,,,,False
97410000AS1432,2024-03-06,False,,,,False
97409000AL2163,2024-12-26,True,,,,False
97408000AO1366,2024-12-30,True,,,,False
97415000CR0806,2024-12-02,True,,,,False
97413000CW0303,2024-08-14,True,,,,False
97406000AI0642,2024-08-19,True,,,,False
97414000EV0319,2024-11-23,False,,,,False
97410000BE1183,2024-06-17,False,,,,False
97415000EO0515,2024-12-24,True,,,,False
97401000AD0133,2024-09-26,True,,,,False
97422000DE0496,2024-05-16,True,,,,False
97422000AP0817,2024-01-10,False,,,,False
97422000EK0349,2024-02-07,False,,,,False
97423000AC0396,2024-01-14,True,,,,False
97416000CX0560,2024-06-25,False,,,,False
97412000CE1799,2024-07-09,False,,,,False
97418000AO1689,2024-10-02,True,,,,False
97416000EM0881,2024-06-25,False,,,,False
97404000AT0286,2024-04-26,False,,,,False
97414000HB0308,2024-02-28,False,,,,False
97423000AC0401,2024-01-14,True,,,,False
97411000DY0127,2024-04-30,False,,,,False
97415000ER1729,2024-12-13,True,,,,False
97415000AV0355,2024-11-15,True,,,,False
97422000AD0394,2024-09-12,True,,,,False
97423000AB1918,2024-04-05,False,,,,False
97410000CN0136,2024-07-23,False,,,,False
97413000CQ0127,2024-09-09,True,,,,False
97413000CI0630,2024-07-02,False,,,,False
97416000IK0162,2024-02-29,True,,,,False
97417000AT0493,2024-09-04,True,,,,False
97418000BI0369,2024-03-21,False,,,,False
97411000AO0476,2024-01-17,True,,,,False
97423000AC0402,2024-01-14,True,,,,False
97422000AK0707,2024-12-26,True,,,,False
97414000ET0067,2024-07-25,False,,,,False
97419000AC0430,2024-06-27,False,,,,False
97424000AC0961,2024-04-29,False,,,,False
97415000AY1646,2024-12-31,False,,,,False
97401000AD0680,2024-03-14,False,,,,False
97418000AS1278,2024-12-23,True,,,,False
97411000CY0986,2024-10-09,True,,,,False
97420000AB1261,2024-06-20,False,,,,False
97409000AW1090,2024-06-14,False,,,,False
97405000AR0806,2024-03-22,True,,,,False
97409000AY1305,2024-08-22,True,,,,False
97414000HH0508,2024-06-13,False,,,,False
97406000AI0950,2024-11-14,False,,,,False
97420000BH1120,2024-07-12,True,,,,False
97411000HH0241,2024-01-25,False,,,,False
97424000AM0285,2024-09-06,False,,,,False
97423000AI0786,2024-09-13,True,,,,False
97417000BC0096,2024-12-17,True,,,,False
97414000CO1115,2024-12-30,False,,,,False
97416000CW0729,2024-02-23,False,,,,False
97405000AK1853,2024-11-08,False,,,,False
97408000AI0022,2024-10-02,True,,,,False
97422000BN1821,2024-05-23,False,,,,False
97413000DJ0583,2024-10-01,True,,,,False
97415000HN0166,2024-05-07,True,,,,False
97422000CS1603,2024-12-02,True,,,,False
97422000CM0626,2024-05-28,False,,,,False
97409000AM0763,2024-10-09,True,,,,False
97411000CE1331,2024-12-19,False,,,,False
97411000AW0707,2024-08-09,False,,,,False
97422000CS1589,2024-03-21,True,,,,False
97415000AY1513,2024-10-30,True,,,,False
97420000AB1820,2024-01-31,True,,,,False
97412000CS0618,2024-03-26,False,,,,False
97415000BI0545,2024-12-06,False,,,,False
97401000AR1599,2024-01-22,True,,,,False
97409000BM1262,2024-06-12,False,,,,False
97415000CM2323,2024-06-13,False,,,,False
97415000DE0643,2024-05-29,False,,,,False
97415000BZ0935,2024-12-19,True,,,,False
97412000AN0232,2024-10-31,False,,,,False
97419000AI0359,2024-01-26,True,,,,False
97416000HN0851,2024-06-27,True,,,,False
97407000BI0441,2024-07-22,True,,,,False
97418000BM0046,2024-07-09,False,,,,False
97404000AT0002,2024-05-03,False,,,,False
97402000AH0831,2024-07-11,False,,,,False
97410000BW0964,2024-12-16,True,,,,False
97411000HS0506,2024-07-31,True,,,,False
97423000AK1884,2024-01-12,False,,,,False
97416000ET2009,2024-02-27,True,,,,False
97421000AY0249,2024-08-06,False,,,,False
97408000AI0033,2024-03-19,True,,,,False
97412000AV1172,2024-11-22,False,,,,False
97422000BH1860,2024-10-25,False,,,,False
97415000BZ0871,2024-12-19,True,,,,False
97411000AP0243,2024-08-01,False,,,,False
97415000AV0490,2024-09-19,False,,,,False
97415000AR0190,2024-10-15,False,,,,False
97415000CS0511,2024-03-28,True,,,,False
97423000AH1720,2024-07-16,False,,,,False
97420000AC0802,2024-03-27,False,,,,False
97405000AO0691,2024-06-07,True,,,,False
97411000EI0328,2024-06-17,False,,,,False
97406000AH0536,2024-02-19,True,,,,False
97422000CY0444,2024-03-29,True,,,,False
97412000AM1443,2024-01-05,False,,,,False
97409000AL1947,2024-12-26,True,,,,False
97405000AK1457,2024-05-06,False,,,,False
97409000AP1665,2024-02-28,True,,,,False
97418000BP0116,2024-01-31,False,,,,False
97418000AL0218,2024-09-09,True,,,,False
97412000BM0763,2024-10-10,False,,,,False
97415000BP0172,2024-12-31,False,,,,False
97414000HL0618,2024-04-09,False,,,,False
97416000DZ0325,2024-08-01,True,,,,False
97416000EV1824,2024-03-15,True,,,,False
97411000CH0557,2024-08-01,False,,,,False
97405000AP0216,2024-10-28,True,,,,False
97422000DM0620,2024-05-17,True,,,,False
97411000HS0388,2024-12-18,True,,,,False
97410000AS1414,2024-06-26,False,,,,False
97405000BE0919,2024-05-29,True,,,,False
97410000CD0172,2024-11-29,True,,,,False
97408000AV1190,2024-06-28,False,,,,False
97416000DR0343,2024-01-31,False,,,,False
97415000ET1722,2024-12-31,False,,,,False
97414000EV0490,2024-10-31,False,,,,False
97422000DM0107,2024-06-10,True,,,,False
97413000AV2237,2024-10-03,True,,,,False
97414000CP0129,2024-04-22,True,,,,False
97420000AX0299,2024-04-29,False,,,,False
97422000EM0202,2024-11-29,False,,,,False
97417000AO0553,2024-11-06,True,,,,False
97416000IA1639,2024-10-07,False,,,,False
97413000CQ0867,2024-12-16,False,,,,False
97408000AO0255,2024-07-19,False,,,,False
97409000AO0711,2024-10-04,False,,,,False
97411000BL0503,2024-06-24,False,,,,False
97412000CY0347,2024-06-19,False,,,,False
97418000AY0048,2024-05-23,False,,,,False
97406000AK0153,2024-10-30,False,,,,False
97414000DH0322,2024-04-11,True,,,,False
97416000HY1210,2024-09-06,True,,,,False
97423000AB1852,2024-12-27,True,,,,False
97418000AL0204,2024-10-03,False,,,,False
97423000AE0648,2024-01-12,False,,,,False
97418000AS1339,2024-12-23,False,,,,False
97416000HT0290,2024-09-10,False,,,,False
97411000AC0068,2024-09-11,True,,,,False
97407000AS0624,2024-07-30,False,,,,False
97401000AM0319,2024-09-30,True,,,,False
97416000HP0802,2024-01-25,True,,,,False
97423000AC0413,2024-01-14,True,,,,False
97411000BL0008,2024-11-08,True,,,,False
97408000AO0743,2024-07-19,False,,,,False
97408000AO1373,2024-04-04,False,,,,False
97422000DM0251,2024-04-08,False,,,,False
97413000CG0956,2024-07-22,False,,,,False
97414000EV0721,2024-01-29,False,,,,False
97414000EN4034,2024-11-25,True,,,,False
97409000BE2293,2024-04-24,True,,,,False
97415000AY0144,2024-12-16,True,,,,False
97407000AS0381,2024-10-31,False,,,,False
97416000ET0160,2024-09-26,False,,,,False
97414000HA0567,2024-02-14,False,,,,False
97410000BE0314,2024-02-20,False,,,,False
97412000AW0721,2024-09-09,True,,,,False
97414000EO1400,2024-12-11,False,,,,False
97415000EP0529,2024-10-14,True,,,,False
97414000HH0515,2024-05-30,True,,,,False
97423000AB1805,2024-07-12,True,,,,False
97415000EY2105,2024-12-26,True,,,,False
97417000BI0051,2024-12-17,True,,,,False
97410000AN0811,2024-01-31,True,,,,False
97410000AO0374,2024-05-21,True,,,,False
97410000AB0748,2024-01-23,False,,,,False
97411000AE0762,2024-09-11,False,,,,False
97411000DP0018,2024-03-25,False,,,,False
97402000AC0399,2024-08-30,True,,,,False
97422000BR1546,2024-09-13,False,,,,False
97401000AO1077,2024-09-30,True,,,,False
97415000EO0519,2024-12-24,True,,,,False
97401000AM0321,2024-09-30,True,,,,False
97418000AV2599,2024-05-22,True,,,,False
97405000AR1896,2024-10-15,False,,,,False
97415000EX0277,2024-12-31,False,,,,False
97411000DK0453,2024-12-02,True,,,,False
97422000EI0043,2024-01-12,False,,,,False
97410000AK0033,2024-09-10,False,,,,False
97411000CD1460,2024-10-09,True,,,,False
97411000HS0468,2024-07-31,True,,,,False
97422000AK0880,2024-01-10,False,,,,False
97408000AT2037,2024-09-25,True,,,,False
97422000AD0873,2024-09-12,True,,,,False
97415000CL0455,2024-02-16,False,,,,False
97415000EW1502,2024-11-21,False,,,,False
97411000AE0251,2024-11-07,False,,,,False
97406000AW1183,2024-11-26,True,,,,False
97416000EK0262,2024-03-22,False,,,,False
97415000DP0859,2024-12-26,True,,,,False
97414000ET2234,2024-09-10,False,,,,False
97408000AW1077,2024-11-25,False,,,,False
97412000AZ0603,2024-10-25,True,,,,False
97414000EV0013,2024-11-15,False,,,,False
97412000BY1098,2024-07-04,False,,,,False
97414000ES1051,2024-09-05,False,,,,False
97405000AO0304,2024-07-03,True,,,,False
97415000BW0859,2024-04-30,True,,,,False
97413000CA0195,2024-12-30,True,,,,False
97401000AR0273,2024-12-06,False,,,,False
97422000BW1232,2024-07-26,True,,,,False
97416000DS0582,2024-07-22,False,,,,False
97410000AE1293,2024-05-28,True,,,,False
97416000CX0450,2024-04-04,False,,,,False
97415000CV1005,2024-03-25,False,,,,False
97411000BP0883,2024-12-30,True,,,,False
97412000BK0994,2024-01-12,False,,,,False
97416000EX1130,2024-04-26,False,,,,False
97420000AZ0781,2024-09-09,False,,,,False
97413000CH0911,2024-03-20,False,,,,False
97405000AW0990,2024-09-19,True,,,,False
97411000AR0114,2024-08-12,False,,,,False
97415000HM0141,2024-10-30,False,,,,False
97413000CN1083,2024-07-17,False,,,,False
97405000AS0555,2024-10-08,False,,,,False
97416000HI0941,2024-02-13,False,,,,False
97415000HI0500,2024-07-23,True,,,,False
97421000BN0518,2024-05-30,False,,,,False
97407000BC0044,2024-04-15,False,,,,False
97412000AM1000,2024-09-03,True,,,,False
97414000EM0481,2024-12-30,False,,,,False
97402000AH1310,2024-12-19,False,,,,False
97408000AB0361,2024-05-10,True,,,,False
97412000CK0885,2024-02-01,False,,,,False
97415000DI0970,2024-05-23,True,,,,False
97410000AS1421,2024-10-17,True,,,,False
97416000EZ0163,2024-12-05,False,,,,False
97415000CL0916,2024-06-12,False,,,,False
97417000AX0364,2024-05-07,False,,,,False
97412000BR0480,2024-09-12,False,,,,False
97409000AB0967,2024-09-03,True,,,,False
97405000AN0671,2024-11-29,True,,,,False
97412000AO0831,2024-09-18,False,,,,False
97413000CN0362,2024-10-07,False,,,,False
97414000EV0062,2024-11-22,False,,,,False
97415000DM0929,2024-08-30,False,,,,False
97423000AK1823,2024-08-14,True,,,,False
97412000CI0205,2024-12-31,False,,,,False
97423000AK0559,2024-10-17,False,,,,False
97414000HI0706,2024-03-29,True,,,,False
97418000AT2383,2024-04-09,False,,,,False
97411000DP0122,2024-01-31,False,,,,False
97423000AK2057,2024-12-23,True,,,,False
97423000AI0426,2024-02-14,False,,,,False
97416000HS0740,2024-01-19,False,,,,False
97415000CM2367,2024-11-02,True,,,,False
97423000AK0201,2024-11-15,False,,,,False
97416000EP0153,2024-10-04,False,,,,False
97412000BM0363,2024-12-17,True,,,,False
97412000CD0549,2024-07-08,False,,,,False
97414000EW0301,2024-08-29,False,,,,False
97415000BO0886,2024-07-09,True,,,,False
97414000EK0683,2024-03-04,False,,,,False
97412000AM0804,2024-01-31,False,,,,False
97422000DO0241,2024-07-05,False,,,,False
97406000AC0505,2024-08-16,True,,,,False
97408000AM1132,2024-07-23,False,,,,False
97415000ER1753,2024-03-04,True,,,,False
97411000CM0849,2024-09-09,True,,,,False
97411000HP0170,2024-08-13,False,,,,False
97411000EL0492,2024-07-04,True,,,,False
97415000DK1162,2024-06-19,True,,,,False
97415000BH0091,2024-11-29,False,,,,False
97413000CY0639,2024-08-14,True,,,,False
97406000AE0773,2024-04-24,False,,,,False
97410000AR1662,2024-04-30,True,,,,False
97412000AN0018,2024-09-20,True,,,,False
97403000AP1709,2024-06-25,False,,,,False
97409000AL2125,2024-12-26,True,,,,False
97402000AI0948,2024-12-12,True,,,,False
97413000BD0044,2024-09-09,True,,,,False
97418000AT2270,2024-08-30,True,,,,False
97415000CM0484,2024-10-07,False,,,,False
97413000CX1578,2024-10-31,False,,,,False
97410000AO0376,2024-05-21,True,,,,False
97415000BZ0755,2024-10-15,True,,,,False
97402000AH0202,2024-10-30,False,,,,False
97414000DV0634,2024-09-25,False,,,,False
97415000EW0244,2024-05-10,False,,,,False
97414000ET2211,2024-03-12,False,,,,False
97422000DE1009,2024-10-28,False,,,,False
97415000AX1112,2024-11-22,True,,,,False
97420000AY0562,2024-05-15,False,,,,False
97406000AI0606,2024-06-12,True,,,,False
97408000AC2314,2024-07-02,True,,,,False
97401000AP1430,2024-10-23,True,,,,False
97416000HY1403,2024-03-19,False,,,,False
97414000EN4047,2024-04-04,False,,,,False
97415000CT0086,2024-10-17,False,,,,False
97404000AM0934,2024-12-12,False,,,,False
97414000HI0370,2024-02-23,False,,,,False
97418000AW0106,2024-12-23,False,,,,False
97415000AD0237,2024-09-30,False,,,,False
97416000HZ0852,2024-08-23,True,,,,False
97416000IB0661,2024-06-21,False,,,,False
97423000AC0398,2024-01-14,True,,,,False
97408000AC3738,2024-12-31,False,,,,False
97415000HP0085,2024-05-29,True,,,,False
97422000CY0432,2024-06-21,False,,,,False
97412000BK1128,2024-12-19,True,,,,False
97407000BE0343,2024-12-30,False,,,,False
97413000AV2238,2024-10-03,True,,,,False
97414000HA0167,2024-02-07,False,,,,False
97422000BS1700,2024-10-22,False,,,,False
97408000AI0036,2024-05-07,True,,,,False
97422000BL1800,2024-03-04,False,,,,False
97415000BZ0899,2024-12-19,True,,,,False
97416000ET2007,2024-02-27,True,,,,False
97418000AT1598,2024-11-27,False,,,,False
97412000AL0411,2024-08-29,True,,,,False
97410000AE1341,2024-06-03,False,,,,False
97415000HI0535,2024-02-28,True,,,,False
97420000AS0873,2024-01-30,True,,,,False
97415000CH0908,2024-12-19,True,,,,False
97415000DE0145,2024-10-25,True,,,,False
97415000BN1363,2024-04-12,False,,,,False
97416000ET1374,2024-07-08,True,,,,False
97405000BE1028,2024-08-12,False,,,,False
97422000BP1965,2024-04-17,True,,,,False
97407000AY0600,2024-11-07,False,,,,False
97409000BE1580,2024-06-20,True,,,,False
97415000AX1086,2024-07-26,True,,,,False
97421000BO0555,2024-07-18,True,,,,False
97410000AD0977,2024-04-23,False,,,,False
97422000CR0254,2024-08-09,False,,,,False
97415000BW2104,2024-10-09,True,,,,False
97420000AC1093,2024-12-30,True,,,,False
97401000AD1583,2024-03-26,False,,,,False
97412000BK1258,2024-03-13,False,,,,False
97411000CD0676,2024-01-23,False,,,,False
97422000BW1242,2024-07-26,True,,,,False
97403000AN0065,2024-10-15,True,,,,False
97418000AX0117,2024-08-29,True,,,,False
97413000AV2239,2024-10-03,True,,,,False
97418000BM0109,2024-12-23,False,,,,False
97416000HV0685,2024-02-12,False,,,,False
97407000AI1884,2024-08-19,True,,,,False
97416000DR0450,2024-11-08,True,,,,False
97422000AZ0167,2024-04-15,False,,,,False
97413000DE1512,2024-07-12,False,,,,False
97409000BM1418,2024-06-28,True,,,,False
97423000AC0343,2024-01-14,True,,,,False
97412000BM0610,2024-02-08,False,,,,False
97403000AS2072,2024-06-14,False,,,,False
97422000CO0386,2024-06-28,True,,,,False
97416000DM0742,2024-06-25,True,,,,False
97411000IW0123,2024-02-02,True,,,,False
97408000AR1264,2024-09-02,False,,,,False
97411000IK0104,2024-05-31,False,,,,False
97416000EM1013,2024-05-17,True,,,,False
97416000EI0120,2024-07-08,False,,,,False
97411000BH0977,2024-12-09,True,,,,False
97412000BC0151,2024-07-29,False,,,,False
97405000AK1813,2024-07-22,False,,,,False
97412000BK1724,2024-07-05,False,,,,False
97414000EN4040,2024-03-11,True,,,,False
97415000HI0502,2024-07-23,True,,,,False
97401000AR1651,2024-04-23,True,,,,False
97412000AZ0817,2024-08-27,True,,,,False
97415000HI0503,2024-07-23,True,,,,False
97422000AX0763,2024-04-03,True,,,,False
97416000EN1320,2024-02-19,True,,,,False
97420000BH0940,2024-09-19,False,,,,False
97415000DR1241,2024-08-01,False,,,,False
97408000AO0282,2024-02-21,False,,,,False
97401000AO1107,2024-12-24,True,,,,False
97401000AR1747,2024-10-01,False,,,,False
97415000DK1119,2024-06-19,True,,,,False
97404000AX0148,2024-12-26,False,,,,False
97416000EN1482,2024-12-23,False,,,,False
97414000EN1597,2024-06-27,False,,,,False
97412000BY1490,2024-04-24,False,,,,False
97405000AD0713,2024-09-20,True,,,,False
97401000AR0369,2024-06-27,False,,,,False
97422000BL1031,2024-06-20,False,,,,False
97412000CY0972,2024-12-17,True,,,,False
97416000EL0514,2024-02-01,False,,,,False
97401000AM1819,2024-12-26,False,,,,False
97416000EY1271,2024-05-24,False,,,,False
97422000AX1659,2024-01-04,False,,,,False
97412000CX0435,2024-06-21,False,,,,False
97409000BL0210,2024-06-25,True,,,,False
97414000ET2273,2024-05-24,True,,,,False
97416000IB0687,2024-11-07,False,,,,False
97422000AP0563,2024-02-28,True,,,,False
97410000AC0195,2024-10-03,False,,,,False
97415000DR0325,2024-11-29,False,,,,False
97410000BE0928,2024-06-21,False,,,,False
97422000AX0631,2024-08-22,True,,,,False
97404000AI0249,2024-10-18,False,,,,False
97414000ET1287,2024-03-19,False,,,,False
97402000AB0642,2024-03-20,False,,,,False
97420000AE0399,2024-06-24,False,,,,False
97418000AS1383,2024-12-23,True,,,,False
97414000EV0802,2024-08-20,False,,,,False
97418000AW0472,2024-01-31,True,,,,False
97416000HV0684,2024-04-05,False,,,,False
97416000HS0517,2024-05-22,True,,,,False
97410000AD0978,2024-03-28,False,,,,False
97412000CY0975,2024-08-30,False,,,,False
97403000AN0096,2024-10-15,True,,,,False
97408000AM0529,2024-02-05,False,,,,False
97412000BM1417,2024-10-07,False,,,,False
97405000BE0105,2024-09-20,True,,,,False
97422000BH2011,2024-10-23,False,,,,False
97409000AS0329,2024-07-08,True,,,,False
97418000AT0328,2024-11-19,True,,,,False
97415000BN1299,2024-12-27,False,,,,False
97411000DM0479,2024-06-25,False,,,,False
97407000AY0596,2024-05-24,False,,,,False
97419000AN0360,2024-11-29,True,,,,False
97421000BC0306,2024-12-17,True,,,,False
97416000CV2317,2024-10-15,False,,,,False
97418000AP1165,2024-04-19,False,,,,False
97404000AV0281,2024-02-22,True,,,,False
97422000BD3771,2024-10-11,True,,,,False
97411000EI0489,2024-05-31,False,,,,False
97416000EZ0354,2024-06-27,True,,,,False
97406000AH0429,2024-12-31,False,,,,False
97415000HO1033,2024-04-10,False,,,,False
97424000AL1098,2024-02-20,True,,,,False
97408000AR0592,2024-07-05,False,,,,False
97413000CQ0737,2024-04-19,False,,,,False
97422000BD2469,2024-08-27,False,,,,False
97414000CP0227,2024-04-22,True,,,,False
97416000EL0642,2024-03-18,False,,,,False
97410000AV0651,2024-03-20,False,,,,False
97410000BX0853,2024-11-26,False,,,,False
97415000EY1405,2024-11-19,True,,,,False
97418000AT2397,2024-08-22,False,,,,False
97412000BC0180,2024-01-26,True,,,,False
97411000AZ0481,2024-05-30,True,,,,False
97423000AK2036,2024-05-31,False,,,,False
97414000CT1111,2024-04-30,True,,,,False
97409000BM1131,2024-07-29,True,,,,False
97416000EN0636,2024-02-29,True,,,,False
97404000AD0632,2024-11-21,True,,,,False
97422000EK0237,2024-09-13,False,,,,False
97411000EN0560,2024-06-28,False,,,,False
97412000AV1156,2024-09-30,False,,,,False
97409000BL0198,2024-07-03,False,,,,False
97420000AO0650,2024-09-24,False,,,,False
97410000AK0832,2024-07-09,False,,,,False
97418000AO1901,2024-12-30,False,,,,False
97414000ET0983,2024-06-17,False,,,,False
97415000CY0384,2024-06-21,True,,,,False
97411000AE0061,2024-04-19,False,,,,False
97405000AM0530,2024-08-26,True,,,,False
97416000IM0909,2024-01-31,False,,,,False
97408000BO0562,2024-09-27,True,,,,False
97415000HI0533,2024-02-28,True,,,,False
97414000DL0388,2024-05-21,False,,,,False
97413000AV2050,2024-11-20,True,,,,False
97409000AR2667,2024-07-29,False,,,,False
97403000AH0519,2024-03-25,False,,,,False
97424000AM0317,2024-09-06,False,,,,False
97422000AE0810,2024-04-30,True,,,,False
97409000AP1742,2024-04-17,False,,,,False
97410000BV0626,2024-10-02,True,,,,False
97415000DI0990,2024-05-30,False,,,,False
97409000AL2365,2024-03-14,False,,,,False
97415000CH2752,2024-01-10,False,,,,False
97411000HW0358,2024-01-18,True,,,,False
97416000HI0194,2024-08-27,True,,,,False
97415000CP0824,2024-09-02,False,,,,False
97411000KB0226,2024-09-26,False,,,,False
97412000AM1605,2024-03-28,True,,,,False
97410000CD0904,2024-01-31,False,,,,False
97411000BP0918,2024-11-27,True,,,,False
97413000AV2187,2024-10-03,True,,,,False
97403000AM0823,2024-09-04,False,,,,False
97416000HO0309,2024-06-25,False,,,,False
97402000AB0628,2024-08-19,False,,,,False
97415000DE1272,2024-07-05,True,,,,False
97415000DM1035,2024-01-17,True,,,,False
97415000BW0850,2024-04-30,True,,,,False
97413000BM0893,2024-11-28,False,,,,False
97408000AS0525,2024-04-05,True,,,,False
97422000BI0576,2024-03-28,False,,,,False
97410000BX1631,2024-05-31,False,,,,False
97415000BZ0629,2024-12-19,True,,,,False
97418000AC1191,2024-10-23,True,,,,False
97416000CS1539,2024-08-26,True,,,,False
97405000BE1508,2024-06-26,False,,,,False
97422000BN1849,2024-03-19,False,,,,False
97409000AC0423,2024-11-04,False,,,,False
97423000AC0388,2024-01-14,True,,,,False
97415000EW1390,2024-12-30,False,,,,False
97419000AI0361,2024-01-26,True,,,,False
97415000BZ0639,2024-12-19,True,,,,False
97411000DL0191,2024-10-03,False,,,,False
97416000DS0292,2024-07-29,False,,,,False
97416000CX1462,2024-06-20,False,,,,False
97413000CN1204,2024-05-29,False,,,,False
97422000BN0709,2024-09-25,False,,,,False
97416000IC0603,2024-11-27,False,,,,False
97416000CV1951,2024-12-31,False,,,,False
97408000AR1333,2024-06-24,False,,,,False
97411000HO0464,2024-11-13,False,,,,False
97411000AT0716,2024-11-06,True,,,,False
97420000AO0658,2024-08-29,False,,,,False
97415000EY0054,2024-06-20,False,,,,False
97402000AK2169,2024-03-13,False,,,,False
97414000EL0877,2024-05-31,False,,,,False
97415000BZ1055,2024-11-25,False,,,,False
97410000CD0168,2024-11-29,True,,,,False
97416000HR0356,2024-09-06,True,,,,False
97413000DC0603,2024-12-27,False,,,,False
97410000BE1196,2024-10-18,False,,,,False
97412000AP0511,2024-03-26,False,,,,False
97417000AP0030,2024-02-23,True,,,,False
97411000IH0447,2024-06-25,True,,,,False
97402000AI0946,2024-05-21,True,,,,False
97410000BK0482,2024-10-31,False,,,,False
97412000CP0337,2024-09-23,False,,,,False
97405000AO0175,2024-07-03,True,,,,False
97415000BW0854,2024-04-30,True,,,,False
97422000BH1178,2024-10-22,False,,,,False
97411000AM0550,2024-06-07,False,,,,False
97411000BZ1656,2024-11-18,True,,,,False
97415000BN0903,2024-11-20,False,,,,False
97419000AI0500,2024-09-24,True,,,,False
97412000AM1618,2024-04-26,True,,,,False
97416000CS1517,2024-01-18,True,,,,False
97417000AO0385,2024-12-16,True,,,,False
97422000BD1561,2024-09-13,True,,,,False
97407000AV0016,2024-08-08,False,,,,False
97416000EY1376,2024-03-20,True,,,,False
97415000AB0740,2024-12-30,True,,,,False
97422000EH0153,2024-05-28,False,,,,False
97407000AS0091,2024-01-16,False,,,,False
97423000AK1824,2024-08-14,True,,,,False
97415000DS0435,2024-11-19,True,,,,False
97418000AT2391,2024-07-04,False,,,,False
97407000AH1194,2024-02-29,False,,,,False
97409000AC1082,2024-09-11,False,,,,False
97413000CU0988,2024-08-26,False,,,,False
97409000AL1523,2024-12-26,True,,,,False
97417000AI0093,2024-03-12,True,,,,False
97422000AY0776,2024-10-15,False,,,,False
97411000DS0685,2024-08-14,False,,,,False
97409000BK0727,2024-06-28,False,,,,False
97415000BN1292,2024-10-25,False,,,,False
97402000AI0956,2024-05-21,True,,,,False
97410000AT1072,2024-05-22,True,,,,False
97405000BI0957,2024-09-05,False,,,,False
97418000AV1770,2024-10-28,False,,,,False
97403000AM0802,2024-09-25,False,,,,False
97416000HM0622,2024-02-27,True,,,,False
97405000AP0217,2024-10-28,True,,,,False
97405000AR1897,2024-10-15,False,,,,False
97419000AX0563,2024-02-21,False,,,,False
97420000AS0870,2024-02-07,False,,,,False
97418000BV0445,2024-04-17,False,,,,False
97404000AT0752,2024-09-18,False,,,,False
97416000CZ1593,2024-09-06,True,,,,False
97412000CD1005,2024-04-26,False,,,,False
97422000AE0728,2024-11-29,False,,,,False
97417000AT0970,2024-01-24,False,,,,False
97424000AN0027,2024-09-09,False,,,,False
97418000AT2377,2024-01-23,False,,,,False
97412000BP0100,2024-11-15,False,,,,False
97416000EY1418,2024-09-20,True,,,,False
97415000HO1113,2024-12-11,False,,,,False
97422000BD2477,2024-04-17,False,,,,False
97424000AL0756,2024-02-20,True,,,,False
97410000BD0373,2024-06-25,True,,,,False
97411000HY0015,2024-10-01,False,,,,False
97414000CR0674,2024-04-25,True,,,,False
97416000HM0058,2024-02-27,True,,,,False
97414000DM0066,2024-02-16,False,,,,False
97412000AM1255,2024-01-26,False,,,,False
97415000AW2344,2024-06-20,False,,,,False
97422000EK0253,2024-06-13,True,,,,False
97422000AN0037,2024-06-20,False,,,,False
97405000AZ0707,2024-09-16,False,,,,False
97415000EY1800,2024-04-29,True,,,,False
97415000EZ0094,2024-06-24,False,,,,False
97404000AY0414,2024-12-09,False,,,,False
97415000EP1157,2024-04-19,False,,,,False
97414000DM0100,2024-01-29,False,,,,False
97409000AV0169,2024-01-09,False,,,,False
97412000AW0722,2024-09-09,True,,,,False
97415000BO0883,2024-07-09,True,,,,False
97414000EN4049,2024-08-16,False,,,,False
97412000AX1019,2024-12-12,True,,,,False
97410000AV0675,2024-11-25,True,,,,False
97405000AK1856,2024-10-17,False,,,,False
97415000HI0534,2024-02-28,True,,,,False
97404000AW0325,2024-06-13,True,,,,False
97413000DK0062,2024-05-30,True,,,,False
97416000EL0026,2024-07-03,False,,,,False
97422000BN2959,2024-06-19,False,,,,False
97415000BW0861,2024-04-30,True,,,,False
97416000IK0258,2024-12-20,True,,,,False
97408000AM0428,2024-03-11,True,,,,False
97405000AV0146,2024-09-11,False,,,,False
97405000AZ0591,2024-08-29,False,,,,False
97416000HL0293,2024-07-05,False,,,,False
97402000AC0120,2024-01-23,True,,,,False
97405000BI1175,2024-01-19,True,,,,False
97413000DE1390,2024-06-27,True,,,,False
97422000BM1493,2024-08-05,False,,,,False
97412000CD1123,2024-06-07,False,,,,False
97416000CS1557,2024-02-29,True,,,,False
97405000AL1164,2024-11-29,True,,,,False
97414000ET0980,2024-03-04,True,,,,False
97422000AY0054,2024-11-26,False,,,,False
97414000DY0170,2024-05-17,False,,,,False
97415000BW0858,2024-04-30,True,,,,False
97414000ET0565,2024-02-29,True,,,,False
97409000AM0259,2024-02-21,False,,,,False
97411000CM0858,2024-09-09,True,,,,False
97421000AV1156,2024-04-03,False,,,,False
97415000ET1662,2024-07-26,False,,,,False
97415000DI0066,2024-11-20,False,,,,False
97420000BH1317,2024-11-25,False,,,,False
97424000AM0161,2024-09-06,False,,,,False
97415000CY0052,2024-05-10,False,,,,False
97410000AS1436,2024-07-23,True,,,,False
97416000CZ0911,2024-04-16,True,,,,False
97406000AO0524,2024-09-27,True,,,,False
97406000AV0878,2024-08-12,False,,,,False
97420000AR0362,2024-12-30,True,,,,False
97412000BX1356,2024-07-25,False,,,,False
97405000AN0025,2024-05-06,False,,,,False
97410000AS1112,2024-11-29,True,,,,False
97424000AM0165,2024-09-06,False,,,,False
97407000BE0358,2024-09-30,False,,,,False
97403000AO0874,2024-06-19,False,,,,False
97408000AT2038,2024-09-25,True,,,,False
97409000AD0649,2024-08-22,False,,,,False
97408000AN1524,2024-01-03,False,,,,False
97415000BX0104,2024-06-25,True,,,,False
97417000AT0423,2024-03-15,False,,,,False
97411000HD0108,2024-11-25,True,,,,False
97414000CV0405,2024-09-16,False,,,,False
97414000DK0416,2024-05-30,False,,,,False
97416000CW0939,2024-04-25,True,,,,False
97416000DE0657,2024-06-26,True,,,,False
97416000CW0926,2024-04-25,True,,,,False
97405000AK1550,2024-05-06,True,,,,False
97415000DT1166,2024-12-10,True,,,,False
97415000CT0315,2024-09-05,True,,,,False
97415000CH0909,2024-12-19,True,,,,False
97407000AI0933,2024-10-21,True,,,,False
97422000EN0693,2024-10-28,False,,,,False
97415000EP0802,2024-06-27,False,,,,False
97421000AR0057,2024-05-30,True,,,,False
97421000BD0292,2024-04-30,True,,,,False
97416000EM1035,2024-08-16,True,,,,False
97412000BL1186,2024-01-05,True,,,,False
97416000HX1562,2024-08-21,False,,,,False
97415000ER1127,2024-02-29,False,,,,False
97411000AO0561,2024-01-17,True,,,,False
97416000ET1956,2024-05-02,False,,,,False
97408000AC3714,2024-12-10,True,,,,False
97418000AP2947,2024-10-11,False,,,,False
97422000BI1136,2024-04-10,False,,,,False
97422000EK0004,2024-03-18,False,,,,False
97406000AI0619,2024-10-31,False,,,,False
97409000AE0243,2024-09-16,False,,,,False
97411000EI0245,2024-06-20,True,,,,False
97422000CX1068,2024-04-26,True,,,,False
97404000AE1157,2024-09-30,False,,,,False
97405000AV0445,2024-05-10,False,,,,False
97404000AD1552,2024-06-27,True,,,,False
97411000AN0123,2024-04-29,False,,,,False
97409000AE0306,2024-05-17,False,,,,False
97405000AL0576,2024-10-16,False,,,,False
97415000DI0005,2024-09-05,False,,,,False
97415000HI0501,2024-07-23,True,,,,False
97411000IZ0062,2024-06-10,False,,,,False
97405000AE0038,2024-07-11,True,,,,False
97414000DL0308,2024-07-12,False,,,,False
97420000AD0415,2024-10-31,True,,,,False
97405000AR1464,2024-12-23,False,,,,False
97405000BE1687,2024-04-26,False,,,,False
97416000EL0390,2024-11-29,False,,,,False
97408000AX0317,2024-11-21,True,,,,False
97413000DE1631,2024-03-07,False,,,,False
97418000AT2390,2024-07-30,False,,,,False
97412000CX0484,2024-11-13,False,,,,False
97404000BA0145,2024-08-09,False,,,,False
97403000AL0537,2024-11-21,False,,,,False
97416000CT0565,2024-10-15,True,,,,False
97416000EV0703,2024-12-30,False,,,,False
97411000KD0019,2024-04-05,True,,,,False
97401000AR0334,2024-10-25,False,,,,False
97422000BD3683,2024-05-03,False,,,,False
97418000AC0476,2024-12-23,True,,,,False
97416000DN0475,2024-10-18,True,,,,False
97417000AI0091,2024-03-12,True,,,,False
97411000HS0495,2024-07-31,False,,,,False
97420000BH1552,2024-12-19,False,,,,False
97415000AH1067,2024-11-20,False,,,,False
97406000AL0672,2024-11-05,True,,,,False
97416000HW0249,2024-12-27,False,,,,False
97422000BD2952,2024-12-30,True,,,,False
97412000BD0076,2024-09-26,True,,,,False
97422000BD2865,2024-04-24,True,,,,False
97422000BH1223,2024-09-23,False,,,,False
97414000DM0591,2024-02-15,False,,,,False
97424000AE2419,2024-05-27,True,,,,False
97411000HS0504,2024-07-31,True,,,,False
97415000DR0616,2024-09-06,True,,,,False
97402000AB1100,2024-10-31,False,,,,False
97416000IA0817,2024-07-24,True,,,,False
97415000ER1639,2024-04-18,False,,,,False
97418000AR2328,2024-03-05,True,,,,False
97422000BT1283,2024-01-08,False,,,,False
97415000BW2086,2024-07-18,False,,,,False
97412000CI0286,2024-06-10,False,,,,False
97413000BM0792,2024-03-28,True,,,,False
97415000ER0311,2024-10-25,False,,,,False
97422000BO1710,2024-04-26,True,,,,False
97422000BR1855,2024-12-30,True,,,,False
97412000BN0195,2024-06-24,False,,,,False
97412000BW0657,2024-10-24,True,,,,False
97401000AO1079,2024-09-06,True,,,,False
97412000AV1163,2024-08-29,True,,,,False
97422000BM0544,2024-07-30,False,,,,False
97415000DK1170,2024-04-26,True,,,,False
97415000DI0879,2024-05-23,True,,,,False
97413000DL0274,2024-10-31,True,,,,False
97415000EN0236,2024-11-19,True,,,,False
97411000DM0720,2024-07-24,True,,,,False
97415000BV1655,2024-04-11,False,,,,False
97402000AI0492,2024-10-28,True,,,,False
97416000HY1204,2024-12-19,True,,,,False
97414000EX0630,2024-10-14,True,,,,False
97415000BZ0212,2024-12-19,True,,,,False
97411000DI0316,2024-09-19,True,,,,False
97412000AN0428,2024-09-11,True,,,,False
97410000AE1289,2024-05-28,True,,,,False
97405000AO0696,2024-04-03,False,,,,False
97422000BW1243,2024-07-26,True,,,,False
97401000AD1454,2024-05-30,False,,,,False
97415000EO1093,2024-12-24,True,,,,False
97411000AV0529,2024-03-15,False,,,,False
97412000AM2062,2024-11-29,True,,,,False
97415000CM1698,2024-04-30,False,,,,False
97414000EN4116,2024-11-25,True,,,,False
97409000AT1051,2024-08-08,False,,,,False
97414000CH1956,2024-05-29,False,,,,False
97418000BT0129,2024-11-05,False,,,,False
97415000BY0712,2024-02-08,False,,,,False
97413000CQ0672,2024-09-16,True,,,,False
97411000CY0988,2024-10-09,True,,,,False
97403000AP1706,2024-10-22,True,,,,False
97412000CI0034,2024-02-19,False,,,,False
97410000BM1339,2024-09-06,False,,,,False
97423000AK2035,2024-06-04,False,,,,False
97409000BH0333,2024-03-27,False,,,,False
97411000EI0239,2024-06-20,True,,,,False
97412000AT1108,2024-12-26,False,,,,False
97409000BP0235,2024-09-30,False,,,,False
97416000CW1078,2024-07-22,False,,,,False
97407000AL0128,2024-03-04,False,,,,False
97415000CV1223,2024-12-30,False,,,,False
97409000AR1586,2024-08-30,False,,,,False
97415000DP0783,2024-04-30,True,,,,False
97411000DP0351,2024-11-22,False,,,,False
97403000AS1672,2024-05-30,True,,,,False
97422000BS0903,2024-01-22,True,,,,False
97411000BL0504,2024-11-13,False,,,,False
97422000CZ0283,2024-08-21,False,,,,False
97412000BW2449,2024-08-29,False,,,,False
97415000CT3069,2024-07-31,True,,,,False
97409000AL1814,2024-06-28,False,,,,False
97406000AK0078,2024-05-23,False,,,,False
97408000AC2487,2024-04-22,False,,,,False
97403000AS1189,2024-09-19,False,,,,False
97410000AB1043,2024-11-29,False,,,,False
97415000EN0248,2024-11-19,True,,,,False
97402000AK2130,2024-04-10,False,,,,False
97410000CD0913,2024-05-28,False,,,,False
97412000CN0150,2024-03-01,True,,,,False
97403000AM0586,2024-10-24,False,,,,False
97414000HB0042,2024-09-16,False,,,,False
97405000AS0553,2024-01-24,False,,,,False
97411000AP0066,2024-11-26,False,,,,False
97405000AR1898,2024-08-26,False,,,,False
97411000CD1266,2024-07-29,True,,,,False
97421000BD0635,2024-05-10,False,,,,False
97413000DE2221,2024-12-17,False,,,,False
97415000HL0120,2024-03-29,True,,,,False
97413000DE1253,2024-07-11,False,,,,False
97415000CD0611,2024-05-30,False,,,,False
97409000AM0232,2024-01-24,False,,,,False
97416000CS1576,2024-08-26,True,,,,False
97421000AL0156,2024-08-27,False,,,,False
97418000AT2272,2024-08-30,True,,,,False
97405000BI1182,2024-03-04,True,,,,False
97415000CH3372,2024-02-14,True,,,,False
97416000EI1429,2024-02-19,True,,,,False
97415000AS1847,2024-04-12,True,,,,False
97415000AV0754,2024-10-01,False,,,,False
97409000AR1554,2024-12-17,True,,,,False
97415000EY1523,2024-11-19,True,,,,False
97405000BH0511,2024-09-26,True,,,,False
97415000CX1306,2024-09-17,False,,,,False
97418000AE0162,2024-07-22,True,,,,False
97414000EN4039,2024-03-11,True,,,,False
97422000EK0063,2024-06-17,False,,,,False
97417000AT1157,2024-12-26,False,,,,False
97415000BO0380,2024-02-27,False,,,,False
97416000HZ0974,2024-11-18,True,,,,False
97414000CH1965,2024-11-29,False,,,,False
97404000BA0076,2024-07-25,True,,,,False
97416000CS1548,2024-02-29,True,,,,False
97422000AX1339,2024-03-29,False,,,,False
97416000IM0585,2024-02-19,True,,,,False
97415000CZ0287,2024-09-03,False,,,,False
97422000CE0080,2024-02-12,False,,,,False
97402000AC0121,2024-01-23,True,,,,False
97412000BE0438,2024-06-26,True,,,,False
97414000EK0650,2024-04-02,True,,,,False
97416000HY1239,2024-09-06,True,,,,False
97412000AO0941,2024-07-05,False,,,,False
97418000AC0531,2024-05-23,True,,,,False
97415000ET1594,2024-05-27,False,,,,False
97409000AS1795,2024-06-28,False,,,,False
97411000IC0478,2024-09-27,False,,,,False
97422000BD0555,2024-01-25,False,,,,False
97414000HB0028,2024-01-29,False,,,,False
97405000AO0096,2024-10-28,True,,,,False
97406000AV0800,2024-09-24,False,,,,False
97422000AX1636,2024-08-22,True,,,,False
97405000AD0735,2024-06-13,True,,,,False
97410000AL0404,2024-05-29,False,,,,False
97415000ES0799,2024-03-14,False,,,,False
97418000AV2894,2024-09-12,True,,,,False
97422000BH1134,2024-08-06,False,,,,False
97414000DN0161,2024-05-23,False,,,,False
97410000AH1286,2024-03-22,True,,,,False
97402000AK1159,2024-08-06,True,,,,False
97411000BL0412,2024-12-04,True,,,,False
97419000AL0644,2024-11-15,False,,,,False
97411000HT0190,2024-06-03,False,,,,False
97412000CN0034,2024-03-01,True,,,,False
97403000AP0497,2024-02-16,False,,,,False
97411000DR0334,2024-09-26,False,,,,False
97418000AV1084,2024-07-30,True,,,,False
97416000EV0164,2024-05-06,True,,,,False
97414000CM0216,2024-12-30,True,,,,False
97411000IT0183,2024-09-03,False,,,,False
97422000DM0802,2024-03-07,False,,,,False
97408000AO1716,2024-02-26,True,,,,False
97411000AB0017,2024-06-27,False,,,2026-08-26 16:11:07.348255+00:00,False
97401000AD0190,2024-06-27,False,,,,False
97407000AB0074,2024-03-27,True,,,,False
97415000AW2348,2024-07-31,False,,,,False
97411000AN0674,2024-07-12,False,,,,False
97416000DM0722,2024-06-26,False,,,,False
97408000AT2045,2024-03-15,False,,,,False
97415000BP0175,2024-02-05,False,,,,False
97415000AB0741,2024-12-30,True,,,,False
97416000ET2132,2024-05-14,True,,,,False
97413000AV1685,2024-02-13,False,,,,False
97414000EK0646,2024-04-02,True,,,,False
97418000AY0480,2024-12-16,True,,,,False
97415000CY1238,2024-01-23,False,,,,False
97417000AT0491,2024-09-04,True,,,,False
97411000KB0224,2024-02-19,False,,,,False
97411000EY0130,2024-05-27,False,,,,False
97409000AR0710,2024-02-28,False,,,,False
97413000BH0222,2024-05-28,True,,,,False
97416000IM0611,2024-05-17,False,,,,False
97410000BM0690,2024-10-08,False,,,,False
97408000AP0648,2024-04-17,False,,,,False
97416000EL0899,2024-07-25,False,,,,False
97412000CK0004,2024-12-26,True,,,,False
97411000BH0088,2024-09-26,False,,,,False
97419000AI0092,2024-09-24,True,,,,False
97415000DE1160,2024-02-09,False,,,,False
97420000BE0966,2024-08-23,True,,,,False
97411000DK0460,2024-12-02,True,,,,False
97421000AL0407,2024-10-17,False,,,,False
97416000HP0815,2024-01-25,True,,,,False
97420000BC1140,2024-12-13,True,,,,False
97414000EN0860,2024-01-29,False,,,,False
97415000CV0920,2024-06-11,False,,,,False
97412000AX1021,2024-12-12,True,,,,False
97424000AM0902,2024-05-31,False,,,,False
97405000AK1548,2024-05-06,True,,,,False
97413000CR1129,2024-11-26,False,,,,False
97411000DY0176,2024-08-08,False,,,,False
97412000BX0523,2024-09-27,False,,,,False
97415000BS0211,2024-08-19,False,,,,False
97423000AB1849,2024-12-27,True,,,,False
97414000DE1413,2024-12-19,True,,,,False
97410000AS1427,2024-08-28,False,,,,False
97415000CT3070,2024-07-31,True,,,,False
97422000CR0523,2024-06-21,True,,,,False
97407000AK1869,2024-08-02,False,,,,False
97422000BV3169,2024-05-02,False,,,,False
97413000CH0916,2024-10-30,False,,,,False
97412000CK0416,2024-05-15,False,,,,False
97408000AB0395,2024-08-30,True,,,,False
97411000IH0546,2024-06-06,True,,,,False
97423000AC0359,2024-01-14,True,,,,False
97403000AO0746,2024-08-09,True,,,,False
97416000IA0209,2024-07-18,False,,,,False
97422000AX0901,2024-05-15,False,,,,False
97414000HC0034,2024-03-29,False,,,,False
97416000CW2908,2024-07-17,True,,,,False
97401000AD1637,2024-09-12,False,,,,False
97415000DR0486,2024-02-02,True,,,,False
97423000AC0408,2024-01-14,True,,,,False
97416000CS1535,2024-01-05,True,,,,False
97411000AE0060,2024-12-27,True,,,,False
97411000BK0225,2024-09-30,False,,,,False
97418000AL0213,2024-09-09,True,,,,False
97414000EN3044,2024-09-26,False,,,,False
97422000BD3770,2024-10-11,True,,,,False
97412000CH0273,2024-06-19,True,,,,False
97405000AD0471,2024-11-29,True,,,,False
97405000AK1803,2024-08-12,False,,,,False
97413000CA0263,2024-04-22,False,,,,False
97418000AO1671,2024-10-02,True,,,,False
97410000BX1734,2024-10-17,True,,,,False
97410000CD0380,2024-10-08,False,,,,False
97416000CS1522,2024-02-29,True,,,,False
97409000AK0891,2024-01-24,False,,,,False
97411000HO0111,2024-11-21,False,,,,False
97410000BX1017,2024-06-28,False,,,,False
97415000ER1747,2024-12-13,True,,,,False
97409000BL0206,2024-07-16,True,,,,False
97422000DE0560,2024-06-14,True,,,,False
97416000HT0061,2024-11-27,False,,,,False
97418000AR2598,2024-12-09,False,,,,False
97416000HY1094,2024-12-24,True,,,,False
97418000AS0688,2024-01-31,False,,,,False
97422000BW1469,2024-04-08,False,,,,False
97415000BP0060,2024-06-04,False,,,,False
97413000BD0260,2024-01-11,True,,,,False
97408000AN1708,2024-08-23,True,,,,False
97405000BI1153,2024-04-18,False,,,,False
97415000DK1138,2024-02-27,True,,,,False
97413000CG0878,2024-01-17,False,,,,False
97410000AX1042,2024-10-16,False,,,,False
97412000BH0748,2024-07-19,False,,,,False
97411000AM0484,2024-01-03,False,,,,False
97415000DY0069,2024-03-28,True,,,,False
97405000AM0702,2024-03-08,False,,,,False
97422000AH0411,2024-12-03,True,,,,False
97410000CD0948,2024-12-30,False,,,,False
97405000AL1223,2024-11-29,True,,,,False
97415000BP0013,2024-05-13,True,,,,False
97410000AR1467,2024-12-27,True,,,,False
97422000AX0765,2024-04-03,True,,,,False
97416000CZ1074,2024-02-01,False,,,,False
97408000AO1867,2024-09-06,False,,,,False
97408000BO0579,2024-09-27,True,,,,False
97409000AL1525,2024-12-26,True,,,,False
97420000AD0321,2024-10-31,True,,,,False
97415000ET1675,2024-03-29,False,,,,False
97404000AL1773,2024-10-01,True,,,,False
97415000BX0218,2024-09-16,True,,,,False
97414000EL2398,2024-03-26,True,,,,False
97413000CQ0771,2024-09-20,True,,,,False
97404000AM1100,2024-04-24,True,,,,False
97410000BW0082,2024-05-21,False,,,,False
97415000BP0159,2024-10-02,False,,,,False
97421000BO0344,2024-07-18,True,,,,False
97416000HI0448,2024-06-27,False,,,,False
97415000AZ1237,2024-08-23,True,,,,False
97409000AL2213,2024-12-16,False,,,,False
97415000CT0807,2024-08-08,False,,,,False
97412000AZ0952,2024-09-27,True,,,,False
97413000CV0138,2024-09-30,False,,,,False
97415000HK0281,2024-03-28,False,,,,False
97401000AN0497,2024-01-30,False,,,,False
97412000AW0256,2024-10-04,False,,,,False
97415000DM1028,2024-01-17,True,,,,False
97414000EK0643,2024-04-02,True,,,,False
97410000AV0665,2024-12-04,True,,,,False
97414000CM0324,2024-12-30,True,,,,False
97413000DD0683,2024-03-13,False,,,,False
97405000AW1683,2024-06-25,False,,,,False
97410000AE0723,2024-02-09,False,,,,False
97415000AZ1692,2024-12-19,True,,,,False
97415000AW2349,2024-07-30,False,,,,False
97401000AS0755,2024-12-13,False,,,,False
97416000ER0726,2024-04-30,False,,,,False
97412000CX0627,2024-01-10,False,,,,False
97414000EM0993,2024-08-30,True,,,,False
97411000AE0765,2024-05-23,False,,,,False
97414000HK0166,2024-12-12,False,,,,False
97422000AD1151,2024-10-29,False,,,,False
97413000DA0219,2024-08-26,False,,,,False
97414000CD0132,2024-05-22,True,,,,False
97411000HB0354,2024-01-11,False,,,,False
97415000BZ0643,2024-12-19,True,,,,False
97411000DL0616,2024-10-09,False,,,,False
97417000BC1105,2024-08-30,False,,,,False
97411000AS0054,2024-03-20,True,,,,False
97422000CH0789,2024-09-30,False,,,,False
97404000BA0192,2024-09-10,False,,,,False
97411000IC0465,2024-02-19,False,,,,False
97415000EK0626,2024-02-09,True,,,,False
97408000AS0464,2024-04-23,False,,,,False
97409000BK0458,2024-01-19,False,,,,False
97403000AR1498,2024-10-30,False,,,,False
97422000BT0943,2024-10-09,False,,,,False
97411000DK0456,2024-12-02,True,,,,False
97412000BE0300,2024-09-27,False,,,,False
97416000IK0257,2024-12-20,True,,,,False
97422000EK0252,2024-06-13,True,,,,False
97409000AN0016,2024-06-11,False,,,,False
97411000KE0105,2024-03-29,False,,,,False
97421000AV1324,2024-01-31,False,,,,False
97418000AN0174,2024-08-29,True,,,,False
97411000BK0127,2024-12-18,True,,,,False
97409000AM0772,2024-07-31,True,,,,False
97418000AP1110,2024-02-28,True,,,,False
97420000AC0589,2024-09-03,False,,,,False
97418000BE0151,2024-08-16,False,,,,False
97422000CM0101,2024-05-22,False,,,,False
97415000HO0990,2024-03-08,False,,,,False
97413000BE0033,2024-08-28,True,,,,False
97405000AW1675,2024-04-25,False,,,,False
97406000AT0302,2024-09-26,True,,,,False
97413000AV1194,2024-12-12,False,,,,False
97415000CM2362,2024-11-02,True,,,,False
97409000BI0245,2024-04-04,False,,,,False
97408000AN1713,2024-08-23,True,,,,False
97422000EN0031,2024-08-20,False,,,,False
97412000BY0774,2024-01-18,False,,,,False
97411000DR0349,2024-08-13,False,,,,False
97415000EO1032,2024-04-19,False,,,,False
97415000EW1983,2024-08-28,False,,,,False
97408000AT2039,2024-09-25,True,,,,False
97411000DL0222,2024-11-12,False,,,,False
97413000DG0307,2024-05-30,False,,,,False
97412000CD0099,2024-12-03,False,,,,False
97413000BM0787,2024-03-28,True,,,,False
97422000BN2589,2024-01-11,False,,,,False
97418000AV2882,2024-06-27,True,,,,False
97414000HC0302,2024-04-12,False,,,,False
97409000AS2106,2024-08-01,True,,,,False
97414000EL1520,2024-08-01,False,,,,False
97408000BO0498,2024-06-28,True,,,,False
97403000AM0780,2024-06-14,False,,,,False
97419000AE0201,2024-10-10,False,,,,False
97406000AV0887,2024-05-27,True,,,,False
97416000CS1633,2024-04-16,True,,,,False
97411000AD0494,2024-01-04,False,,,,False
97402000AI1002,2024-08-22,True,,,,False
97416000EW1265,2024-06-26,True,,,,False
97415000CV0441,2024-11-07,False,,,,False
97415000BO0422,2024-06-18,True,,,,False
97415000EV0160,2024-07-11,False,,,,False
97422000DO0464,2024-10-01,True,,,,False
97416000HY1241,2024-09-26,False,,,,False
97410000BX0898,2024-02-13,False,,,,False
97411000DH0269,2024-11-12,False,,,,False
97413000BW0372,2024-04-09,False,,,,False
97405000AW1673,2024-11-18,False,,,,False
97412000BW0478,2024-07-08,False,,,,False
97422000AW0865,2024-09-19,True,,,,False
97411000EI0327,2024-06-20,True,,,,False
97403000AP2307,2024-02-19,False,,,,False
97422000AV0229,2024-12-23,False,,,,False
97415000DE1207,2024-10-18,False,,,,False
97409000BL0208,2024-09-17,True,,,,False
97415000BV0709,2024-06-04,True,,,,False
97420000AC0586,2024-06-24,False,,,,False
97415000BZ1085,2024-04-04,False,,,,False
97410000AE1371,2024-06-26,False,,,,False
97407000BE0209,2024-12-11,False,,,,False
97405000AY0741,2024-12-09,False,,,,False
97408000AM1275,2024-11-05,False,,,,False
97411000BX0278,2024-07-11,True,,,,False
97418000BE0194,2024-08-20,False,,,,False
97413000CD0043,2024-06-19,False,,,,False
97416000HX1501,2024-11-04,False,,,,False
97416000HS0521,2024-02-05,True,,,,False
97401000AM1648,2024-08-13,True,,,,False
97412000AH1321,2024-11-07,False,,,,False
97401000AN1285,2024-05-29,False,,,,False
97414000HE0064,2024-02-07,False,,,,False
97409000AP1826,2024-03-20,True,,,,False
97415000DM1578,2024-10-31,True,,,,False
97408000AI0041,2024-10-02,True,,,,False
97408000AC3642,2024-02-12,False,,,,False
97409000AL1971,2024-12-26,True,,,,False
97409000BD0584,2024-09-02,False,,,,False
97412000BW2265,2024-04-24,True,,,,False
97408000BL0182,2024-10-08,False,,,,False
97401000AT0581,2024-02-12,True,,,,False
97413000BH0154,2024-05-28,True,,,,False
97410000AL0378,2024-12-27,False,,,,False
97410000AR1468,2024-03-21,False,,,,False
97422000EK0059,2024-12-02,False,,,,False
97404000AS0355,2024-10-11,False,,,,False
97409000AZ0692,2024-05-06,True,,,,False
97415000DX0273,2024-08-14,False,,,,False
97408000AM0993,2024-12-27,False,,,,False
97415000EH0520,2024-03-29,True,,,,False
97415000EO0976,2024-07-15,True,,,,False
97411000AI0053,2024-06-19,True,,,,False
97410000AS1114,2024-11-29,True,,,,False
97423000AC0332,2024-01-14,True,,,,False
97404000AX0656,2024-07-08,True,,,,False
97416000EX0717,2024-03-07,False,,,,False
97417000AO0558,2024-11-06,True,,,,False
97415000AS1911,2024-03-20,True,,,,False
97411000HS0402,2024-12-18,True,,,,False
97401000AR1652,2024-04-15,True,,,,False
97413000CU0982,2024-09-20,False,,,,False
97416000DV0184,2024-10-08,False,,,,False
97416000HW0207,2024-12-09,False,,,,False
97422000CH0708,2024-03-26,False,,,,False
97415000DH0170,2024-08-13,False,,,,False
97415000BW2116,2024-09-10,False,,,,False
97410000AO0375,2024-05-21,True,,,,False
97412000AM2044,2024-03-11,True,,,,False
97409000AR2316,2024-11-29,True,,,,False
97411000KE0236,2024-08-08,False,,,,False
97416000CS1386,2024-11-08,True,,,,False
97416000IA1870,2024-04-30,False,,,,False
97410000AD0702,2024-04-18,False,,,,False
97416000HY0198,2024-01-30,False,,,,False
97411000EL0275,2024-05-17,True,,,,False
97416000IM0804,2024-07-11,False,,,,False
97412000CD0954,2024-03-18,False,,,,False
97409000AR1810,2024-12-17,True,,,,False
97411000CP0153,2024-03-11,False,,,,False
97416000HO0895,2024-05-16,True,,,,False
97415000ER1754,2024-03-04,True,,,,False
97422000CY0441,2024-05-10,True,,,,False
97422000EK0399,2024-10-09,True,,,,False
97415000HN0169,2024-05-07,True,,,,False
97411000CV0406,2024-09-20,False,,,,False
97415000DR0460,2024-03-13,True,,,,False
97422000CS0392,2024-08-29,False,,,,False
97411000HP0247,2024-06-28,False,,,,False
97405000AD0699,2024-07-15,True,,,,False
97415000HM0115,2024-06-28,False,,,,False
97416000EK0526,2024-05-28,False,,,,False
97410000BH0087,2024-06-06,False,,,,False
97418000AT2495,2024-06-20,False,,,,False
97411000DS0812,2024-08-30,False,,,,False
97415000DP0331,2024-02-02,True,,,,False
97410000AT0355,2024-12-23,False,,,,False
97410000AK0761,2024-10-04,False,,,,False
97414000HK0640,2024-12-12,False,,,,False
97411000AC0199,2024-09-26,False,,,,False
97415000BX0241,2024-09-16,True,,,,False
97412000BW1347,2024-02-12,True,,,,False
97411000HS0516,2024-12-18,True,,,,False
97414000DT0726,2024-07-17,False,,,,False
97411000HP0221,2024-03-28,False,,,,False
97410000CD0951,2024-06-19,True,,,,False
97415000DX0391,2024-10-01,False,,,,False
97408000AP1441,2024-02-13,False,,,,False
97412000BE0436,2024-04-24,False,,,,False
97409000BE1587,2024-06-20,True,,,,False
97413000CX1892,2024-08-26,False,,,,False
97413000DD0684,2024-03-13,False,,,,False
97408000AC3434,2024-02-20,True,,,,False
97415000AX0660,2024-02-06,True,,,,False
97412000BD0205,2024-09-26,True,,,,False
97409000AP1828,2024-03-20,True,,,,False
97415000HL0123,2024-03-29,True,,,,False
97403000AP1152,2024-12-11,False,,,,False
97411000AV0298,2024-09-02,False,,,,False
97406000AS0281,2024-11-07,False,,,,False
97414000CP0259,2024-04-22,True,,,,False
97410000AS0743,2024-07-08,False,,,,False
97416000IA1815,2024-07-24,True,,,,False
97408000BK0149,2024-09-03,False,,,,False
97422000CO0505,2024-11-28,True,,,,False
97412000AL0350,2024-08-28,True,,,,False
97413000BW0373,2024-02-27,False,,,,False
97422000BS1377,2024-07-18,True,,,,False
97415000DS0807,2024-12-26,False,,,,False
97410000AE1294,2024-05-28,True,,,,False
97415000DT1143,2024-03-12,False,,,,False
97424000AN0026,2024-09-09,False,,,,False
97413000DF0424,2024-01-18,False,,,,False
97414000EM0994,2024-08-30,True,,,,False
97423000AE0501,2024-08-06,False,,,,False
97416000EI0409,2024-03-01,False,,,,False
97416000CX0786,2024-11-14,False,,,,False
97406000AL0677,2024-11-05,True,,,,False
97416000ET2119,2024-03-11,True,,,,False
97418000BD0330,2024-12-23,True,,,,False
97422000EL0445,2024-10-18,False,,,,False
97410000AC0165,2024-10-10,True,,,,False
97415000DR0491,2024-02-02,True,,,,False
97405000AO0382,2024-07-03,True,,,,False
97412000BX1028,2024-02-29,False,,,,False
97420000AW0027,2024-12-31,False,,,,False
97405000AK1798,2024-03-13,False,,,,False
97408000AT1631,2024-12-05,True,,,,False
97416000CS1565,2024-04-30,False,,,,False
97402000AK1365,2024-03-01,False,,,,False
97416000IE1380,2024-02-06,False,,,,False
97420000AZ1105,2024-12-27,False,,,,False
97409000BE1590,2024-06-20,True,,,,False
97411000CM0379,2024-07-08,True,,,,False
97417000BK0017,2024-04-24,False,,,,False
97406000AL0664,2024-11-05,True,,,,False
97410000BI0143,2024-08-20,False,,,,False
97415000BV1050,2024-01-23,True,,,,False
97411000BZ1088,2024-12-13,False,,,,False
97414000DH1540,2024-04-03,False,,,,False
97403000AM0767,2024-07-22,True,,,,False
97415000EY1729,2024-09-30,False,,,,False
97420000BH1954,2024-06-19,False,,,,False
97420000AB0414,2024-02-21,False,,,,False
97415000AS1765,2024-02-12,False,,,,False
97414000EN3938,2024-12-30,True,,,,False
97424000AM0903,2024-12-04,False,,,,False
97407000AH1376,2024-12-11,True,,,,False
97409000AY0449,2024-09-13,False,,,,False
97415000BZ0628,2024-12-19,True,,,,False
97414000ET2318,2024-05-17,False,,,,False
97416000DE1809,2024-08-09,True,,,,False
97402000AK1893,2024-08-09,False,,,,False
97401000AR1625,2024-01-22,False,,,,False
97419000AS0795,2024-10-17,True,,,,False
97409000AH0455,2024-04-30,False,,,,False
97407000BC0082,2024-12-02,False,,,,False
97408000AR0052,2024-02-26,False,,,,False
97415000DW0255,2024-04-30,True,,,,False
97415000HI0545,2024-02-28,True,,,,False
97416000IA0535,2024-08-08,True,,,,False
97417000BD0397,2024-01-11,False,,,,False
97411000DM0667,2024-11-26,True,,,,False
97412000BN0678,2024-06-24,False,,,,False
97418000AV2574,2024-11-28,False,,,,False
97423000AC0395,2024-01-14,True,,,,False
97422000BH1024,2024-02-15,False,,,,False
97411000HS0518,2024-12-18,True,,,,False
97422000AW0867,2024-09-19,False,,,,False
97411000BP0748,2024-12-30,True,,,,False
97412000BW0976,2024-10-08,False,,,,False
97416000ET0305,2024-10-28,False,,,,False
97415000DH0332,2024-10-29,False,,,,False
97414000ET0754,2024-08-08,False,,,,False
97410000AC0667,2024-04-18,True,,,,False
97413000AV2120,2024-10-03,True,,,,False
97415000ER1736,2024-12-13,True,,,,False
97411000BK0386,2024-12-18,True,,,,False
97409000AL0977,2024-01-24,False,,,,False
97418000AS1201,2024-05-22,True,,,,False
97424000AE1859,2024-06-27,False,,,,False
97422000BS1127,2024-01-22,True,,,,False
97420000AK0146,2024-03-19,True,,,,False
97416000ET2146,2024-03-11,True,,,,False
97409000BL0205,2024-09-17,True,,,,False
97414000DN0234,2024-07-29,False,,,,False
97413000CY0671,2024-09-17,False,,,,False
97412000BW2471,2024-12-19,True,,,,False
97413000DK0068,2024-05-30,True,,,,False
97419000AN0361,2024-11-29,True,,,,False
97405000AD0708,2024-06-13,True,,,,False
97415000EV0797,2024-04-23,False,,,,False
97415000CV0173,2024-11-21,False,,,,False
97411000AZ0251,2024-10-04,True,,,,False
97415000HO1028,2024-12-13,False,,,,False
97413000CH0096,2024-06-10,False,,,,False
97411000CD1279,2024-11-06,False,,,,False
97407000AS0327,2024-05-22,False,,,,False
97415000AW0092,2024-03-08,False,,,,False
97412000BL1152,2024-02-20,False,,,,False
97414000HA0190,2024-05-17,False,,,,False
97416000HX1530,2024-05-31,False,,,,False
97409000BM1420,2024-06-28,True,,,,False
97415000AZ0977,2024-03-04,True,,,,False
97412000BS0481,2024-07-26,False,,,,False
97410000BM1265,2024-11-08,False,,,,False
97423000AK2023,2024-10-25,False,,,,False
97408000AC1407,2024-04-19,False,,,,False
97422000BM0803,2024-02-07,True,,,,False
97410000BM1352,2024-08-13,True,,,,False
97408000AW0043,2024-07-18,False,,,,False
97411000BX0379,2024-02-22,False,,,,False
97418000AY0481,2024-12-16,True,,,,False
97422000CN1291,2024-03-18,True,,,,False
97423000AC0338,2024-01-14,True,,,,False
97414000CL0368,2024-02-01,False,,,,False
97405000BE0922,2024-12-24,True,,,,False
97411000BD0745,2024-05-27,False,,,,False
97416000ES1195,2024-04-26,False,,,,False
97422000CN1652,2024-10-24,False,,,,False
97401000AR1743,2024-12-06,False,,,,False
97415000CM2344,2024-11-02,True,,,,False
97416000HZ0140,2024-09-17,False,,,,False
97414000DE0506,2024-06-19,False,,,,False
97415000AX0749,2024-09-06,True,,,,False
97416000EW1251,2024-04-26,False,,,,False
97422000DO0536,2024-03-14,False,,,,False
97415000EH0552,2024-01-08,False,,,,False
97408000AN1694,2024-08-23,True,,,,False
97418000AT0319,2024-05-03,True,,,,False
97420000BH2165,2024-04-19,False,,,,False
97411000IH0018,2024-11-29,True,,,,False
97414000DE0246,2024-12-19,True,,,,False
97409000AX1089,2024-08-14,False,,,,False
97420000AZ1130,2024-06-07,True,,,,False
97411000HS0405,2024-12-18,True,,,,False
97415000AV0969,2024-10-14,True,,,,False
97415000BN1145,2024-04-17,False,,,,False
97411000HW0210,2024-09-27,False,,,,False
97422000BD2868,2024-04-24,True,,,,False
97404000AX0231,2024-03-25,False,,,,False
97410000AR1666,2024-04-30,True,,,,False
97422000BW1244,2024-07-26,True,,,,False
97409000BL0211,2024-06-25,True,,,,False
97412000CX0620,2024-12-23,False,,,,False
97409000AK1085,2024-12-26,False,,,,False
97410000AI0971,2024-07-25,False,,,,False
97401000AP1247,2024-02-12,True,,,,False
97416000DS0216,2024-12-31,False,,,,False
97411000CR0324,2024-05-21,False,,,,False
97408000AM0815,2024-05-03,True,,,,False
97401000AD1636,2024-09-30,False,,,,False
97418000AZ0412,2024-12-23,True,,,,False
97423000AH0156,2024-09-27,False,,,,False
97408000BL0143,2024-09-13,False,,,,False
97413000DG1093,2024-04-05,False,,,,False
97415000CM2359,2024-11-02,True,,,,False
97421000AZ0239,2024-07-06,False,,,,False
97416000DT0574,2024-02-08,False,,,,False
97424000AM0395,2024-09-06,False,,,,False
97411000HX0434,2024-12-10,False,,,,False
97410000AT1136,2024-02-22,True,,,,False
97414000HI1632,2024-06-27,False,,,,False
97424000AM0916,2024-04-30,False,,,,False
97418000BM0112,2024-09-09,False,,,,False
97418000BO0031,2024-07-04,False,,,,False
97405000BE1093,2024-09-17,True,,,,False
97406000AL0657,2024-11-05,True,,,,False
97415000DK1098,2024-02-26,True,,,,False
97404000AI0319,2024-08-01,False,,,,False
97411000DY0285,2024-02-26,False,,,,False
97407000AV0058,2024-12-11,False,,,,False
97405000BE1750,2024-05-23,True,,,,False
97405000BE1499,2024-05-17,False,,,,False
97416000EK0091,2024-12-06,False,,,,False
97415000DH0223,2024-12-12,False,,,,False
97415000HN0151,2024-05-07,True,,,,False
97401000AT0735,2024-10-31,True,,,,False
97422000CE0795,2024-07-22,True,,,,False
97415000EY1071,2024-06-18,False,,,,False
97416000HN1481,2024-01-08,False,,,,False
97411000AD0148,2024-12-13,False,,,,False
97409000BL0213,2024-06-25,True,,,,False
97420000AY0077,2024-09-09,True,,,,False
97413000AV1366,2024-04-30,False,,,,False
97401000AM0889,2024-10-31,False,,,,False
97415000BP0489,2024-10-11,True,,,,False
97422000BN0554,2024-07-10,False,,,,False
97414000EN2165,2024-02-16,False,,,,False
97414000DH0773,2024-12-31,True,,,,False
97414000CY0123,2024-01-26,True,,,,False
97412000BM0915,2024-12-27,False,,,,False
97402000AI0413,2024-10-28,True,,,,False
97405000BH1021,2024-06-21,True,,,,False
97403000AS1667,2024-05-30,True,,,,False
97420000AZ0877,2024-06-10,False,,,,False
97415000CD0148,2024-12-12,False,,,,False
97414000HD0427,2024-05-31,False,,,,False
97412000AZ0598,2024-10-25,True,,,,False
97408000AM0316,2024-09-30,True,,,,False
97409000AP1239,2024-06-11,False,,,,False
97416000DT0779,2024-05-07,False,,,,False
97415000CP1350,2024-10-15,False,,,,False
97415000CL0921,2024-08-29,False,,,,False
97411000BP0580,2024-04-10,True,,,,False
97404000AD0710,2024-03-29,True,,,,False
97413000AC0848,2024-09-20,True,,,,False
97411000BP0882,2024-12-30,True,,,,False
97412000AL0334,2024-08-28,True,,,,False
97409000AL0620,2024-12-26,True,,,,False
97416000CS1526,2024-02-29,True,,,,False
97410000AM0275,2024-11-15,False,,,,False
97411000AN0231,2024-03-18,False,,,,False
97416000HP0804,2024-01-25,True,,,,False
97410000CD0933,2024-12-05,True,,,,False
97422000CS1540,2024-10-18,True,,,,False
97420000AK0144,2024-03-19,True,,,,False
97416000IH0018,2024-08-29,False,,,,False
97415000DR0487,2024-02-02,True,,,,False
97412000AP0219,2024-11-22,False,,,,False
97418000AP4353,2024-04-16,False,,,,False
97418000AP4158,2024-07-31,True,,,,False
97411000BK0234,2024-03-26,True,,,,False
97412000AY0168,2024-11-26,True,,,,False
97413000CY0660,2024-08-14,True,,,,False
97415000EY0428,2024-04-09,False,,,,False
97411000KE0450,2024-10-04,False,,,,False
97411000AT0474,2024-09-16,False,,,,False
97416000EW1254,2024-10-03,False,,,,False
97422000BH2086,2024-11-18,False,,,,False
97415000AZ1706,2024-12-19,True,,,,False
97416000DN0317,2024-12-19,True,,,,False
97406000AW0271,2024-08-23,False,,,,False
97416000EM0247,2024-01-26,False,,,,False
97414000CN0337,2024-02-09,True,,,,False
97422000BD2869,2024-04-24,True,,,,False
97415000CH3297,2024-01-24,False,,,,False
97404000AD1322,2024-11-21,True,,,,False
97412000BC0652,2024-05-31,False,,,,False
97417000AT0496,2024-09-04,True,,,,False
97418000AP4286,2024-12-23,True,,,,False
97409000AL1426,2024-11-27,False,,,,False
97422000CN1360,2024-06-19,False,,,,False
97405000AI0709,2024-11-14,False,,,,False
97415000DK1120,2024-12-17,True,,,,False
97413000CU0734,2024-08-19,True,,,,False
97407000AY0456,2024-10-02,False,,,,False
97410000BX1458,2024-02-13,False,,,,False
97403000AP1151,2024-10-07,False,,,,False
97415000CW1030,2024-04-19,False,,,,False
97416000CS1254,2024-04-16,True,,,,False
97418000AT0329,2024-11-19,True,,,,False
97414000HI0702,2024-03-29,True,,,,False
97422000AK1442,2024-12-27,True,,,,False
97416000DM0901,2024-09-13,True,,,,False
97415000DI0663,2024-06-18,True,,,,False
97422000BD2757,2024-03-07,True,,,,False
97414000CE0250,2024-12-18,False,,,,False
97414000DV0598,2024-07-29,True,,,,False
97418000AY0539,2024-05-23,False,,,,False
97416000EX1879,2024-11-25,False,,,,False
97415000AY0758,2024-10-22,False,,,,False
97409000AX0890,2024-08-28,False,,,,False
97415000AT0226,2024-08-08,False,,,,False
97411000AS0684,2024-03-18,False,,,,False
97422000AY0518,2024-09-25,True,,,,False
97401000AR0565,2024-06-26,False,,,,False
97411000DM0491,2024-10-15,False,,,,False
97415000BZ0640,2024-12-19,True,,,,False
97405000AZ0864,2024-08-29,False,,,,False
97415000CT2645,2024-05-17,False,,,,False
97421000BC0174,2024-01-31,False,,,,False
97412000BX1747,2024-03-28,True,,,,False
97411000AD0498,2024-10-07,True,,,,False
97411000CX1364,2024-03-29,False,,,,False
97410000AR1661,2024-04-30,True,,,,False
97412000BM1293,2024-04-30,True,,,,False
97422000BS1899,2024-09-19,True,,,,False
97411000HX0432,2024-02-13,False,,,,False
97415000CM2285,2024-09-11,False,,,,False
97415000AV0368,2024-11-15,True,,,,False
97411000AE0057,2024-11-07,False,,,,False
97415000CH1282,2024-04-17,False,,,,False
97405000AD0652,2024-01-19,False,,,,False
97415000EH0551,2024-08-09,False,,,,False
97414000EO0462,2024-12-26,False,,,,False
97416000DN0325,2024-12-19,True,,,,False
97411000DP0142,2024-10-10,False,,,,False
97413000CR1141,2024-09-24,True,,,,False
97415000AV0924,2024-08-23,False,,,,False
97408000AM1179,2024-03-27,False,,,,False
97416000ES2064,2024-12-19,False,,,,False
97411000BH0595,2024-07-25,False,,,,False
97408000AO1414,2024-09-24,False,,,,False
97409000AL1835,2024-03-22,False,,,,False
97415000BZ0632,2024-12-19,True,,,,False
97405000AL0121,2024-04-23,False,,,,False
97421000AR0054,2024-05-30,True,,,,False
97411000AB0659,2024-11-28,False,,,,False
97401000AM1458,2024-12-11,True,,,,False
97406000AW0638,2024-09-03,True,,,,False
97415000BW2039,2024-06-06,True,,,,False
97411000IH0019,2024-11-29,True,,,,False
97416000HO0958,2024-07-17,False,,,,False
97422000BL1752,2024-08-19,False,,,,False
97411000HC0094,2024-08-08,False,,,,False
97413000DM0230,2024-08-14,True,,,,False
97409000AL1972,2024-12-26,True,,,,False
97411000HA0030,2024-12-13,False,,,,False
97410000AS1386,2024-11-29,True,,,,False
97422000BI1130,2024-09-02,True,,,,False
97408000AC2692,2024-07-16,False,,,,False
97414000EN2664,2024-03-06,False,,,,False
97405000AO0705,2024-09-12,False,,,,False
97417000AO0070,2024-05-03,False,,,,False
97412000BM1437,2024-07-11,False,,,,False
97409000AC0919,2024-11-14,False,,,,False
97420000AI0904,2024-04-17,True,,,,False
97413000DE1308,2024-02-26,False,,,,False
97407000AB0064,2024-10-01,True,,,,False
97414000HK0230,2024-05-10,True,,,,False
97415000CD0485,2024-08-08,False,,,,False
97422000BN3067,2024-08-13,False,,,,False
97414000HE0133,2024-05-23,False,,,,False
97414000DK0884,2024-10-02,False,,,,False
97423000AB1905,2024-04-08,False,,,,False
97422000ED0597,2024-03-26,True,,,,False
97416000CV1688,2024-02-08,True,,,,False
97418000AO1680,2024-10-02,True,,,,False
97416000HM0592,2024-09-30,False,,,,False
97422000BE1756,2024-06-03,False,,,,False
97412000CS0532,2024-02-09,True,,,,False
97415000DE0184,2024-10-03,False,,,,False
97416000HO1125,2024-05-14,False,,,,False
97414000HI1496,2024-11-27,True,,,,False
97411000DL0826,2024-05-27,False,,,,False
97419000AN0011,2024-03-28,True,,,,False
97416000HN1605,2024-07-24,False,,,,False
97401000AM1912,2024-05-27,False,,,,False
97416000DN0264,2024-12-19,True,,,,False
97411000EL0363,2024-11-18,False,,,,False
97422000BX0288,2024-12-19,True,,,,False
97419000AR0791,2024-10-04,False,,,,False
97410000AT1137,2024-02-22,True,,,,False
97423000AI0788,2024-09-13,True,,,,False
97409000AS2142,2024-12-26,False,,,,False
97409000AT0645,2024-07-05,True,,,,False
97416000CS1636,2024-04-16,True,,,,False
97415000DK0708,2024-06-07,True,,,,False
97422000BK2525,2024-12-27,True,,,,False
97405000AH0842,2024-09-20,False,,,,False
97411000HS0481,2024-07-31,True,,,,False
97416000ES0106,2024-06-19,False,,,,False
97416000ES0507,2024-11-04,False,,,,False
97418000AS0683,2024-04-12,True,,,,False
97416000EX1136,2024-03-29,True,,,,False
97422000BO1131,2024-10-10,False,,,,False
97412000BM1208,2024-04-30,True,,,,False
97403000AR0975,2024-01-17,True,,,,False
97411000BZ0230,2024-07-18,False,,,,False
97411000BD0274,2024-04-15,True,,,,False
97422000AV0741,2024-06-27,False,,,,False
97413000DG0454,2024-05-15,True,,,,False
97411000BP0881,2024-12-30,True,,,,False
97420000AS0650,2024-01-24,True,,,,False
97409000AR2315,2024-11-29,True,,,,False
97403000AS1712,2024-07-16,False,,,,False
97408000BL0160,2024-12-16,False,,,,False
97415000EY2010,2024-08-30,False,,,,False
97417000AO0267,2024-10-29,False,,,,False
97415000DI0991,2024-06-18,True,,,,False
97422000BL0884,2024-11-13,False,,,,False
97414000DR0484,2024-11-06,False,,,,False
97415000CL0822,2024-02-20,True,,,,False
97415000DK1043,2024-09-20,False,,,,False
97422000EN0064,2024-11-05,True,,,,False
97412000CH0363,2024-05-27,False,,,,False
97413000CV0171,2024-05-23,False,,,,False
97413000CX1157,2024-08-27,True,,,,False
97418000AE0275,2024-07-22,True,,,,False
97415000CL0145,2024-02-22,False,,,,False
97416000DN0469,2024-10-18,True,,,,False
97415000BV1607,2024-07-22,True,,,,False
97408000AT1609,2024-12-05,True,,,,False
97415000CY0791,2024-06-21,False,,,,False
97416000CT0658,2024-09-16,False,,,,False
97402000AI0823,2024-08-13,False,,,,False
97415000EO0889,2024-11-21,False,,,,False
97415000BN0897,2024-08-08,True,,,,False
97415000BZ0586,2024-12-19,True,,,,False
97415000EY0753,2024-12-17,False,,,,False
97416000CY0138,2024-10-30,False,,,,False
97415000BV0123,2024-09-26,False,,,,False
97416000CV1952,2024-12-16,False,,,,False
97412000CS0453,2024-11-12,True,,,,False
97416000IK0331,2024-08-14,False,,,,False
97409000AK0834,2024-11-08,False,,,,False
97403000AP1857,2024-03-21,False,,,,False
97414000EN2686,2024-11-21,True,,,,False
97421000AY0149,2024-10-30,True,,,,False
97401000AN0595,2024-11-07,True,,,,False
97424000AM0982,2024-03-28,False,,,,False
97412000CN0168,2024-03-01,True,,,,False
97415000EO1018,2024-07-25,True,,,,False
97416000ES2180,2024-12-31,False,,,,False
97410000AS1390,2024-04-30,True,,,,False
97420000BH1417,2024-12-09,False,,,,False
97424000AM0172,2024-09-06,False,,,,False
97415000ET1703,2024-11-26,False,,,,False
97411000DR0734,2024-06-13,False,,,,False
97414000EW0634,2024-03-07,False,,,,False
97415000AZ1739,2024-10-04,False,,,,False
97415000BZ0630,2024-12-19,True,,,,False
97407000AL0341,2024-09-24,False,,,,False
97413000DC1757,2024-05-29,False,,,,False
97414000EN4020,2024-10-25,False,,,,False
97402000AB0308,2024-10-16,False,,,,False
97408000AO1634,2024-08-06,True,,,,False
97410000AI1460,2024-12-19,False,,,,False
97409000AB0966,2024-09-03,True,,,,False
97422000AY1480,2024-07-04,True,,,,False
97415000BZ0873,2024-12-19,True,,,,False
97406000AV0608,2024-05-23,False,,,,False
97423000AC0358,2024-01-14,True,,,,False
97405000AR1297,2024-07-10,False,,,,False
97411000AV0547,2024-11-19,False,,,,False
97413000DE0071,2024-09-09,True,,,,False
97415000DM1160,2024-04-26,True,,,,False
97422000BD0066,2024-11-14,True,,,,False
97411000AP0434,2024-07-31,False,,,,False
97412000AX0089,2024-10-29,False,,,,False
97424000AM0421,2024-09-06,False,,,,False
97411000AE0365,2024-06-07,False,,,,False
97408000AM0416,2024-09-16,True,,,,False
97411000CH0772,2024-01-23,False,,,,False
97424000AM0163,2024-09-06,False,,,,False
97414000EX0628,2024-10-14,True,,,,False
97423000AK1276,2024-07-23,False,,,,False
97410000AR1439,2024-10-30,True,,,,False
97414000CW0578,2024-02-27,True,,,,False
97412000AZ0931,2024-11-26,False,,,,False
97418000AL0117,2024-08-29,True,,,,False
97418000AT2402,2024-02-12,False,,,,False
97423000AK2054,2024-10-04,False,,,,False
97415000AB0723,2024-12-11,True,,,,False
97422000DE0531,2024-05-07,False,,,,False
97419000AP0421,2024-07-10,True,,,,False
97415000CM2366,2024-11-02,True,,,,False
97411000HE0387,2024-08-28,False,,,,False
97422000AW0113,2024-09-27,False,,,,False
97405000AO0184,2024-07-03,True,,,,False
97408000AI0058,2024-10-02,True,,,,False
97420000BI0187,2024-10-22,False,,,,False
97416000EN0907,2024-06-20,False,,,,False
97415000CH3368,2024-02-14,True,,,,False
97414000CV0421,2024-11-21,False,,,,False
97422000AY0525,2024-09-25,True,,,,False
97412000AZ0437,2024-08-06,False,,,,False
97413000DE2117,2024-05-29,True,,,,False
97412000AM2045,2024-03-11,True,,,,False
97413000AV2299,2024-10-03,True,,,,False
97414000CL0506,2024-07-09,False,,,,False
97415000HN0188,2024-05-07,True,,,,False
97415000DV0411,2024-07-23,False,,,,False
97424000AI1266,2024-12-26,False,,,,False
97415000BO0933,2024-07-09,True,,,,False
97416000EN0369,2024-06-18,False,,,,False
97419000AE0484,2024-04-26,True,,,,False
97420000AE0197,2024-07-08,False,,,,False
97410000BE0558,2024-01-26,True,,,,False
97415000AT0608,2024-08-20,False,,,,False
97415000CN0170,2024-07-10,False,,,,False
97408000AN1638,2024-08-27,False,,,,False
97411000IN0149,2024-03-26,False,,,,False
97414000CW0583,2024-02-27,True,,,,False
97411000AZ0236,2024-05-30,True,,,,False
97408000AO0505,2024-01-12,False,,,,False
97412000BL0959,2024-04-19,True,,,,False
97413000CX1033,2024-11-18,False,,,,False
97421000AB0413,2024-12-30,True,,,,False
97415000AS0009,2024-11-12,False,,,,False
97422000DL0842,2024-10-24,True,,,,False
97406000AL0684,2024-11-05,True,,,,False
97408000AB0268,2024-10-04,False,,,,False
97420000AS0876,2024-01-30,True,,,,False
97418000AP4050,2024-03-19,True,,,,False
97422000CI0436,2024-01-10,False,,,,False
97415000BH0085,2024-04-23,False,,,,False
97412000CT0229,2024-12-13,False,,,,False
97405000AD0688,2024-09-20,False,,,,False
97410000AH1287,2024-03-22,True,,,,False
97415000DM1030,2024-01-17,True,,,,False
97421000AZ0198,2024-12-24,False,,,,False
97415000DE0545,2024-03-27,False,,,,False
97417000AO0550,2024-11-06,False,,,,False
97409000AM0327,2024-10-09,True,,,,False
97415000CN0056,2024-07-16,True,,,,False
97402000AI1180,2024-05-28,False,,,,False
97415000CV0976,2024-03-05,False,,,,False
97414000HE0168,2024-02-08,True,,,,False
97414000HB0059,2024-11-26,False,,,,False
97416000EM0777,2024-05-17,True,,,,False
97422000EM0450,2024-12-26,True,,,,False
97422000EN0614,2024-07-18,False,,,,False
97404000AT0879,2024-07-16,False,,,,False
97413000DE0514,2024-12-18,False,,,,False
97416000CS1336,2024-11-28,False,,,,False
97414000CR0677,2024-04-25,True,,,,False
97403000AR0621,2024-10-10,False,,,,False
97418000AT2276,2024-08-30,True,,,,False
97415000EO0916,2024-06-14,True,,,,False
97412000AH0873,2024-08-29,False,,,,False
97414000CN0021,2024-12-09,False,,,,False
97424000AI1263,2024-02-29,False,,,,False
97408000AM0639,2024-09-03,True,,,,False
97422000CN1666,2024-06-27,True,,,,False
97411000EL0464,2024-07-04,True,,,,False
97416000CS1578,2024-04-30,True,,,,False
97415000DK1094,2024-03-22,False,,,,False
97408000BI0411,2024-11-28,False,,,,False
97411000IA0152,2024-06-24,False,,,,False
97407000AB0063,2024-10-01,True,,,,False
97413000CY1450,2024-05-10,True,,,,False
97422000AD0270,2024-06-25,True,,,,False
97410000BT0123,2024-01-31,True,,,,False
97411000HW0545,2024-03-06,False,,,,False
97422000CY0426,2024-01-17,False,,,,False
97411000AS0052,2024-03-20,True,,,,False
97408000AC2640,2024-10-21,False,,,,False
97419000AM0175,2024-07-18,True,,,,False
97414000CV0993,2024-11-29,False,,,,False
97409000AB0969,2024-09-03,True,,,,False
97414000CM0204,2024-12-30,True,,,,False
97409000BK0696,2024-11-14,False,,,,False
97415000DM1020,2024-10-31,True,,,,False
97408000AC3715,2024-11-04,False,,,,False
97402000AC0124,2024-01-23,True,,,,False
97404000AM1017,2024-12-31,False,,,,False
97412000BY1642,2024-04-23,False,,,,False
97424000AD0367,2024-04-29,True,,,,False
97403000AO0892,2024-03-27,False,,,,False
97411000IW0127,2024-02-02,True,,,,False
97413000DB0462,2024-08-23,False,,,,False
97420000AO0657,2024-08-06,False,,,,False
97422000BH2059,2024-10-10,False,,,,False
97412000BT0344,2024-08-19,False,,,,False
97409000AB0736,2024-05-17,True,,,,False
97402000AB1210,2024-04-05,True,,,,False
97417000BH0366,2024-11-05,False,,,,False
97412000AR0218,2024-12-16,True,,,,False
97414000DV0608,2024-07-29,True,,,,False
97405000BH0680,2024-10-15,False,,,,False
97411000ER0147,2024-12-27,False,,,,False
97420000AZ1019,2024-12-18,False,,,,False
97415000DH0411,2024-08-26,False,,,,False
97412000CH0272,2024-05-22,False,,,,False
97422000CX0093,2024-06-26,False,,,,False
97418000AT0966,2024-08-06,True,,,,False
97418000AV2669,2024-09-26,True,,,,False
97422000BV0194,2024-12-17,True,,,,False
97414000EW0578,2024-01-23,False,,,,False
97422000AK1044,2024-07-29,False,,,,False
97415000CW0264,2024-07-04,False,,,,False
97422000BS2041,2024-05-21,False,,,,False
97415000BZ0641,2024-12-19,True,,,,False
97411000CR0604,2024-10-04,False,,,,False
97416000EX1877,2024-07-04,False,,,,False
97401000AO0368,2024-07-25,True,,,,False
97415000HO1036,2024-01-30,False,,,,False
97411000BP0885,2024-12-30,True,,,,False
97424000AE0364,2024-08-07,False,,,,False
97422000BS1378,2024-07-18,True,,,,False
97405000BE1147,2024-02-08,False,,,,False
97416000IA0460,2024-10-02,False,,,,False
97416000EW0243,2024-04-11,False,,,,False
97413000CS1064,2024-08-09,False,,,,False
97415000BZ0642,2024-12-19,True,,,,False
97410000BW0999,2024-07-30,True,,,,False
97410000AE1215,2024-05-27,False,,,,False
97409000AL2056,2024-12-26,True,,,,False
97410000AD0480,2024-08-30,True,,,,False
97415000DR0361,2024-02-20,False,,,,False
97415000DS0231,2024-12-04,True,,,,False
97418000AO0931,2024-10-23,False,,,,False
97414000DV0607,2024-07-29,True,,,,False
97416000HP0797,2024-01-25,True,,,,False
97410000AS0769,2024-03-20,False,,,,False
97413000DB0458,2024-09-24,False,,,,False
97406000AL0659,2024-11-05,True,,,,False
97410000AH1290,2024-03-22,True,,,,False
97414000EV0736,2024-12-19,True,,,,False
97407000AE0527,2024-09-26,True,,,,False
97414000DN0513,2024-08-29,False,,,,False
97421000BM0540,2024-06-21,True,,,,False
97412000BY1740,2024-06-04,False,,,,False
97402000AC0122,2024-01-23,True,,,,False
97416000HX0185,2024-12-12,False,,,,False
97409000AL2382,2024-12-26,True,,,,False
97414000CO0645,2024-03-21,False,,,,False
97412000BW1349,2024-02-12,True,,,,False
97409000BE1589,2024-06-20,True,,,,False
97413000DG0802,2024-09-24,True,,,,False
97413000CN0754,2024-11-28,True,,,,False
97409000AX1120,2024-12-16,False,,,,False
97416000CW1378,2024-11-05,False,,,,False
97410000AS1431,2024-06-24,False,,,,False
97412000BN0648,2024-10-11,False,,,,False
97401000AR0778,2024-09-16,True,,,,False
97418000AT2320,2024-07-29,True,,,,False
97401000AO1106,2024-12-24,False,,,,False
97418000BD0252,2024-12-23,True,,,,False
97409000AL1191,2024-04-16,False,,,,False
97413000CW0258,2024-05-02,True,,,,False
97410000BE0563,2024-01-26,True,,,,False
97405000AV0025,2024-09-09,True,,,,False
97411000AE0252,2024-07-11,False,,,,False
97422000BT0986,2024-10-16,False,,,,False
97413000DE2483,2024-09-27,False,,,,False
97407000AT0038,2024-03-29,False,,,,False
97415000CX0464,2024-02-15,False,,,,False
97422000BS0794,2024-12-31,False,,,,False
97415000CD0627,2024-04-19,False,,,,False
97422000BS1558,2024-10-10,False,,,,False
97423000AH0638,2024-08-09,True,,,,False
97411000CH0039,2024-09-19,False,,,,False
97412000AS0365,2024-06-25,True,,,,False
97415000BV1595,2024-02-26,False,,,,False
97413000DE1938,2024-10-02,True,,,,False
97410000BH0427,2024-07-22,True,,,,False
97406000AW1234,2024-09-27,False,,,,False
97415000BW2029,2024-06-06,True,,,,False
97407000AO1250,2024-10-31,True,,,,False
97416000HX1208,2024-07-31,True,,,,False
97412000AO0748,2024-03-07,False,,,,False
97410000BK0126,2024-03-25,True,,,,False
97422000AE0627,2024-10-31,False,,,,False
97414000CR0675,2024-04-25,True,,,,False
97412000BW2252,2024-12-19,True,,,,False
97409000AM0790,2024-03-07,True,,,,False
97407000AS0503,2024-07-10,True,,,,False
97414000CR0720,2024-05-30,True,,,,False
97416000DT0870,2024-07-17,False,,,,False
97413000AV2273,2024-11-18,False,,,,False
97412000BW0324,2024-09-02,False,,,,False
97416000HI1019,2024-07-18,False,,,,False
97409000BD0569,2024-10-11,False,,,,False
97412000CV0561,2024-07-31,False,,,,False
97414000ET1969,2024-07-30,True,,,,False
97422000BV2741,2024-05-14,False,,,,False
97422000CD0374,2024-03-22,True,,,,False
97416000ER0694,2024-08-14,False,,,,False
97419000AC0227,2024-12-31,False,,,,False
97411000CD1260,2024-01-30,False,,,,False
97415000CH3296,2024-11-19,False,,,,False
97410000BH0714,2024-07-26,True,,,,False
97401000AT0729,2024-10-31,True,,,,False
97422000AK1056,2024-02-09,False,,,,False
97405000BE0921,2024-12-24,True,,,,False
97410000AV0304,2024-04-30,False,,,,False
97411000AD0397,2024-07-09,False,,,,False
97416000DT0143,2024-03-05,False,,,,False
97401000AP0560,2024-02-12,True,,,,False
97414000DT0907,2024-04-25,False,,,,False
97422000AR0016,2024-11-25,False,,,,False
97410000AS1462,2024-01-31,False,,,,False
97422000BX0677,2024-07-11,False,,,,False
97416000CV1979,2024-07-23,False,,,,False
97418000BE0101,2024-12-23,True,,,,False
97411000EK0102,2024-05-03,True,,,,False
97416000EI0800,2024-12-27,False,,,,False
97409000AL1961,2024-12-26,True,,,,False
97414000CV0988,2024-09-10,True,,,,False
97413000CX2813,2024-08-23,True,,,,False
97415000AV0967,2024-10-14,True,,,,False
97423000AD0777,2024-11-13,False,,,,False
97416000ET1373,2024-07-08,True,,,,False
97422000DM0397,2024-05-17,True,,,,False
97423000AC0348,2024-01-14,True,,,,False
97412000AO0949,2024-08-19,False,,,,False
97412000AH0972,2024-10-30,False,,,,False
97418000BI0349,2024-04-18,False,,,,False
97422000AP0634,2024-12-10,True,,,,False
97409000AL2013,2024-12-26,True,,,,False
97422000EC0259,2024-07-30,False,,,,False
97407000BC0058,2024-01-09,False,,,,False
97416000CT1257,2024-10-16,False,,,,False
97411000EW0104,2024-08-30,False,,,,False
97422000AY1483,2024-07-04,True,,,,False
97412000BN0585,2024-09-26,False,,,,False
97401000AR1662,2024-01-22,False,,,,False
97421000AY0267,2024-09-12,False,,,,False
97412000CD0637,2024-08-19,False,,,,False
97413000BD0009,2024-09-09,True,,,,False
97415000DE0695,2024-11-08,False,,,,False
97403000AS2048,2024-11-06,False,,,,False
97423000AI0787,2024-09-13,True,,,,False
97415000HR0163,2024-07-08,True,,,,False
97415000BW2100,2024-10-09,True,,,,False
97412000AZ0951,2024-09-27,True,,,,False
97407000BD0165,2024-12-27,False,,,,False
97404000AR0428,2024-11-14,False,,,,False
97418000AS0342,2024-10-11,False,,,,False
97414000ES0969,2024-05-02,False,,,,False
97415000AV0434,2024-12-06,True,,,,False
97416000IE0351,2024-04-18,False,,,,False
97416000DX0163,2024-01-08,False,,,,False
97410000BH0436,2024-07-22,True,,,,False
97408000AC2969,2024-04-30,False,,,,False
97413000DE0787,2024-09-12,True,,,,False
97415000BZ0749,2024-05-10,False,,,,False
97417000AO0556,2024-11-06,True,,,,False
97415000AW2240,2024-09-25,False,,,,False
97421000AV1175,2024-04-10,False,,,,False
97415000ES0647,2024-09-06,False,,,,False
97418000BT0910,2024-11-28,False,,,,False
97411000IZ0421,2024-04-11,False,,,,False
97422000BV2535,2024-12-17,True,,,,False
97415000BZ0637,2024-12-19,True,,,,False
97416000IB0224,2024-11-08,False,,,,False
97408000AP0938,2024-04-18,False,,,,False
97422000CY0057,2024-03-05,False,,,,False
97422000BI0871,2024-02-16,False,,,,False
97410000AS1250,2024-11-29,True,,,,False
97419000AS0501,2024-01-24,False,,,,False
97415000CH3237,2024-12-26,True,,,,False
97422000BV1894,2024-09-26,False,,,,False
97414000DT0979,2024-08-01,False,,,,False
97414000ET2305,2024-03-04,True,,,,False
97414000CV0989,2024-09-10,True,,,,False
97406000AR0244,2024-11-28,False,,,,False
97412000BM0946,2024-05-16,False,,,,False
97415000CM2346,2024-11-02,True,,,,False
97414000DL0507,2024-12-30,False,,,,False
97424000AM0409,2024-09-06,False,,,,False
97416000EH1095,2024-08-19,True,,,,False
97415000ET1715,2024-04-12,False,,,,False
97415000BV1326,2024-09-27,False,,,,False
97422000CR0524,2024-06-21,True,,,,False
97415000CV1239,2024-03-11,True,,,,False
97412000AM1993,2024-02-05,False,,,,False
97411000AS0109,2024-07-29,False,,,,False
97409000AZ0732,2024-08-29,False,,,,False
97404000AE1407,2024-07-12,False,,,,False
97409000AN0608,2024-06-11,False,,,,False
97416000CW0942,2024-04-25,True,,,,False
97422000BD2347,2024-12-30,True,,,,False
97405000AK0310,2024-06-21,True,,,,False
97409000AL1957,2024-05-10,False,,,,False
97416000CO0629,2024-03-12,False,,,,False
97422000AK1104,2024-11-22,False,,,,False
97411000BH0547,2024-02-22,False,,,,False
97422000BT1255,2024-11-05,True,,,,False
97416000EM0774,2024-05-17,True,,,,False
97424000AI2331,2024-04-26,True,,,,False
97414000DT1006,2024-04-26,False,,,,False
97414000CT1028,2024-07-25,False,,,,False
97411000IC0381,2024-07-16,True,,,,False
97415000AZ1419,2024-04-30,True,,,,False
97424000AO0031,2024-03-15,True,,,,False
97415000EN0260,2024-12-26,True,,,,False
97405000BI1206,2024-08-02,False,,,,False
97410000AV0650,2024-05-10,False,,,,False
97415000HO0514,2024-03-01,False,,,,False
97415000CX1542,2024-02-21,False,,,,False
97405000AL1396,2024-08-01,False,,,,False
97416000DV0385,2024-05-28,False,,,,False
97404000AY0018,2024-09-26,True,,,,False
97415000CM2347,2024-11-02,True,,,,False
97402000AI1164,2024-07-30,False,,,,False
97421000BC0441,2024-12-17,True,,,,False
97418000AP4191,2024-09-05,True,,,,False
97404000AE1095,2024-03-06,True,,,,False
97408000AB0390,2024-08-30,True,,,,False
97418000BD0447,2024-03-28,True,,,,False
97416000EW0244,2024-06-10,False,,,,False
97418000BM0113,2024-10-25,False,,,,False
97411000BE0460,2024-02-09,False,,,,False
97415000EY1447,2024-05-13,False,,,,False
97418000AV1716,2024-09-13,False,,,,False
97412000BY1466,2024-06-15,True,,,,False
97416000HY0352,2024-07-10,True,,,,False
97408000AP1521,2024-03-26,True,,,,False
97412000CE2230,2024-12-16,False,,,,False
97409000AK0675,2024-02-20,False,,,,False
97416000HP0801,2024-01-25,True,,,,False
97409000AR2729,2024-12-06,False,,,,False
97423000AD0776,2024-11-13,False,,,,False
97422000AV0694,2024-07-04,False,,,,False
97416000CZ1721,2024-04-24,False,,,,False
97415000CM0717,2024-02-21,False,,,,False
97415000BZ0875,2024-12-19,True,,,,False
97413000CX1965,2024-07-11,False,,,,False
97411000AO0471,2024-01-17,True,,,,False
97411000HS0390,2024-12-18,True,,,,False
97412000CR0004,2024-10-16,True,,,,False
97412000BW1024,2024-08-07,False,,,,False
97413000DD0651,2024-08-09,True,,,,False
97409000BL0217,2024-08-01,True,,,,False
97418000AS0698,2024-04-16,False,,,,False
97415000EN0242,2024-12-26,True,,,,False
97422000BK2331,2024-08-30,True,,,,False
97409000BD0463,2024-01-26,False,,,,False
97418000BO0326,2024-12-23,True,,,,False
97416000EX1902,2024-12-10,True,,,,False
97401000AP1138,2024-10-23,True,,,,False
97416000HY1748,2024-12-19,True,,,,False
97415000CM0752,2024-03-29,False,,,,False
97414000EO1413,2024-03-21,False,,,,False
97416000HY1097,2024-12-24,True,,,,False
97422000BV3180,2024-10-18,False,,,,False
97408000BR0125,2024-10-15,False,,,,False
97416000CW1912,2024-07-03,False,,,,False
97412000AH0996,2024-04-12,False,,,,False
97409000AZ0694,2024-05-06,True,,,,False
97410000CD0911,2024-01-24,False,,,,False
97405000BI1181,2024-03-04,True,,,,False
97416000EX1731,2024-01-29,False,,,,False
97415000CY0972,2024-03-14,True,,,,False
97409000AY1119,2024-06-25,False,,,,False
97414000DI0403,2024-07-27,False,,,,False
97413000CG0872,2024-02-23,True,,,,False
97414000DV0602,2024-07-29,True,,,,False
97422000CS1261,2024-12-16,True,,,,False
97415000EY1410,2024-11-19,True,,,,False
97422000BK2324,2024-08-30,True,,,,False
97412000BM0905,2024-09-11,False,,,,False
97406000AM0641,2024-02-22,False,,,,False
97422000BD0775,2024-05-31,False,,,,False
97411000EV0340,2024-05-30,False,,,,False
97410000AS0687,2024-10-17,False,,,,False
97410000BN0298,2024-10-30,True,,,,False
97409000AP1823,2024-03-20,True,,,,False
97404000BA0031,2024-05-06,False,,,,False
97415000DR0469,2024-03-13,True,,,,False
97423000AE0313,2024-07-15,True,,,,False
97410000BH0720,2024-02-29,False,,,,False
97410000BS0129,2024-11-19,False,,,,False
97413000DI0301,2024-11-26,False,,,,False
97409000AB0968,2024-09-03,True,,,,False
97401000AO0217,2024-02-12,True,,,,False
97409000AB0433,2024-01-18,False,,,,False
97417000AI0112,2024-03-12,True,,,,False
97422000DE0775,2024-11-05,False,,,,False
97416000ID0901,2024-06-27,False,,,,False
97416000EM1034,2024-08-16,True,,,,False
97411000EL0680,2024-08-30,True,,,,False
97416000DS0647,2024-03-29,False,,,,False
97416000IB0554,2024-01-25,False,,,,False
97416000CW1553,2024-07-17,True,,,,False
97411000DR0357,2024-12-12,False,,,,False
97401000AR0777,2024-09-16,True,,,,False
97408000AT2025,2024-11-21,True,,,,False
97422000CN1819,2024-09-06,False,,,,False
97423000AK1869,2024-01-09,False,,,,False
97406000AL0688,2024-11-05,True,,,,False
97412000CI0395,2024-08-09,False,,,,False
97412000BO0459,2024-11-07,False,,,,False
97422000BD1679,2024-10-17,False,,,,False
97415000CY0338,2024-10-18,True,,,,False
97415000DP0329,2024-02-02,True,,,,False
97416000HT0282,2024-06-27,False,,,,False
97415000DH0234,2024-09-04,False,,,,False
97411000ER0094,2024-10-07,False,,,,False
97410000AR1538,2024-04-23,True,,,,False
97411000CD1515,2024-06-24,False,,,,False
97415000BI0312,2024-05-24,False,,,,False
97422000AX1450,2024-02-27,False,,,,False
97416000EY0604,2024-05-17,False,,,,False
97416000CY0788,2024-12-05,True,,,,False
97411000AY0521,2024-07-08,True,,,,False
97414000EL2400,2024-03-26,True,,,,False
97403000AR1319,2024-08-29,False,,,,False
97419000AS0760,2024-11-27,False,,,,False
97415000AY1529,2024-10-30,True,,,,False
97403000AN0141,2024-09-24,True,,,,False
97407000BI0440,2024-07-22,True,,,,False
97415000EW0043,2024-08-19,False,,,,False
97423000AB1704,2024-10-29,False,,,,False
97416000CW2911,2024-11-20,True,,,,False
97418000AY0495,2024-12-16,True,,,,False
97418000AV1792,2024-05-22,True,,,,False
97408000BO0581,2024-09-27,True,,,,False
97405000AL0149,2024-02-29,True,,,,False
97403000AR1075,2024-09-24,True,,,,False
97415000ES0812,2024-11-21,False,,,,False
97414000EX0835,2024-07-25,True,,,,False
97401000AS0684,2024-06-04,False,,,,False
97423000AK1200,2024-08-14,True,,,,False
97416000HX0961,2024-11-28,False,,,,False
97416000HY1658,2024-11-22,False,,,,False
97416000HV0674,2024-11-13,False,,,,False
97412000CE2815,2024-04-24,True,,,,False
97415000AH1298,2024-02-13,False,,,,False
97401000AL0895,2024-02-14,False,,,,False
97404000AX0255,2024-07-09,False,,,,False
97415000BW0862,2024-04-30,True,,,,False
97413000CS0510,2024-12-10,True,,,,False
97408000AT1073,2024-05-07,False,,,,False
97421000AX0133,2024-11-04,False,,,,False
97414000HL0277,2024-11-08,False,,,,False
97413000CX2371,2024-05-28,True,,,,False
97405000BI1247,2024-02-05,True,,,,False
97415000AZ1217,2024-12-19,True,,,,False
97410000BX0921,2024-07-30,True,,,,False
97422000CX1311,2024-01-30,False,,,,False
97416000CD0550,2024-02-27,True,,,,False
97409000AL2048,2024-12-26,True,,,,False
97415000DK1160,2024-09-30,True,,,,False
97412000AW0519,2024-07-23,False,,,,False
97405000AD0724,2024-09-20,False,,,,False
97415000DS0431,2024-11-19,True,,,,False
97414000EW0304,2024-08-19,False,,,,False
97423000AK2040,2024-04-26,False,,,,False
97409000BP0100,2024-03-12,True,,,,False
97418000AT1674,2024-12-23,True,,,,False
97406000AM0919,2024-10-11,False,,,,False
97418000AS1224,2024-01-31,False,,,,False
97414000EN4022,2024-10-25,False,,,,False
97401000AO1089,2024-09-06,True,,,,False
97422000CD0410,2024-11-20,False,,,,False
97418000AR2589,2024-10-21,True,,,,False
97411000CY0980,2024-10-09,True,,,,False
97408000AP1496,2024-04-19,False,,,,False
97409000BS0228,2024-08-29,False,,,,False
97415000CS1035,2024-04-26,False,,,,False
97421000AL0576,2024-07-31,True,,,,False
97409000AL2052,2024-12-26,True,,,,False
97411000BP0884,2024-12-30,True,,,,False
97402000AL0124,2024-09-13,False,,,,False
97417000AX0147,2024-11-13,False,,,,False
97412000BH0251,2024-05-06,False,,,,False
97412000BW0656,2024-10-24,True,,,,False
97410000CL0772,2024-07-24,False,,,,False
97417000AT0492,2024-09-04,True,,,,False
97422000BH1715,2024-06-28,False,,,,False
97419000AO0369,2024-04-18,False,,,,False
97411000IN0341,2024-09-05,False,,,,False
97415000CZ0298,2024-06-24,False,,,,False
97422000BT0466,2024-09-05,True,,,,False
97410000AD0482,2024-08-30,True,,,,False
97420000BE0490,2024-02-28,False,,,,False
97408000AV1047,2024-12-31,True,,,,False
97414000EM0489,2024-06-19,True,,,,False
97412000BH0727,2024-05-06,False,,,,False
97408000AW0971,2024-04-12,False,,,,False
97411000HS0511,2024-07-31,True,,,,False
97412000BY0223,2024-06-25,False,,,,False
97416000EX0582,2024-03-28,False,,,,False
97422000AE0281,2024-09-24,False,,,,False
97408000AO1652,2024-09-30,False,,,,False
97405000AD0703,2024-07-15,True,,,,False
97413000CQ0437,2024-05-07,False,,,,False
97409000AP1666,2024-02-28,True,,,,False
97412000BE0450,2024-12-23,False,,,,False
97414000EL2363,2024-09-11,False,,,,False
97414000DV0601,2024-07-29,True,,,,False
97407000AK1120,2024-10-22,True,,,,False
97405000AM0882,2024-05-23,False,,,,False
97404000AL1629,2024-03-20,False,,,,False
97405000AL0268,2024-12-27,False,,,,False
97415000EY0164,2024-12-27,False,,,,False
97419000AL0937,2024-02-23,False,,,,False
97423000AC0335,2024-01-14,True,,,,False
97415000AX0659,2024-02-06,True,,,,False
97415000BZ0752,2024-10-15,True,,,,False
97411000CH0775,2024-01-18,False,,,,False
97415000EK0422,2024-12-16,False,,,,False
97422000AK1406,2024-05-22,True,,,,False
97403000AP1851,2024-01-19,False,,,,False
97422000BR1077,2024-07-08,False,,,,False
97412000CR0003,2024-10-16,True,,,,False
97413000BH0934,2024-07-03,True,,,,False
97409000BS0129,2024-03-28,True,,,,False
97412000AM2015,2024-09-05,False,,,,False
97416000IM0777,2024-10-29,False,,,,False
97411000AE0274,2024-04-16,False,,,,False
97422000CN1296,2024-03-18,True,,,,False
97423000AB1936,2024-01-04,True,,,,False
97409000BD0293,2024-05-27,False,,,,False
97415000EY0398,2024-11-13,True,,,,False
97414000CY0439,2024-07-15,True,,,,False
97422000AD1123,2024-01-05,False,,,,False
97409000BE1594,2024-06-20,True,,,,False
97401000AR1650,2024-04-15,True,,,,False
97409000AV0921,2024-09-19,False,,,,False
97418000AS0661,2024-04-16,False,,,,False
97416000CT1034,2024-07-11,False,,,,False
97412000CY0889,2024-04-29,True,,,,False
97410000AB1193,2024-04-09,False,,,,False
97409000BE1584,2024-06-20,True,,,,False
97408000AX0363,2024-11-25,False,,,,False
97415000DR0461,2024-03-13,True,,,,False
97412000BW1596,2024-04-30,False,,,,False
97404000AM0736,2024-09-26,False,,,,False
97411000DM0503,2024-01-24,False,,,,False
97422000CS1511,2024-08-13,False,,,,False
97416000CS1614,2024-04-16,True,,,,False
97405000BD0165,2024-09-09,True,,,,False
97414000CM0205,2024-12-30,True,,,,False
97422000CH0784,2024-07-19,False,,,,False
97418000AT0318,2024-05-03,True,,,,False
97415000DT1208,2024-08-13,True,,,,False
97415000BP0689,2024-10-25,False,,,,False
97414000DV0599,2024-07-29,True,,,,False
97415000CZ0581,2024-12-04,False,,,,False
97424000AI0277,2024-08-07,False,,,,False
97410000BE0711,2024-04-19,False,,,,False
97401000AR1732,2024-02-08,True,,,,False
97416000CY0422,2024-01-30,False,,,,False
97403000AS0933,2024-02-09,False,,,,False
97418000AV2661,2024-09-26,True,,,,False
97422000CX0986,2024-08-14,False,,,,False
97406000AH0198,2024-07-15,False,,,,False
97414000ET0570,2024-02-29,True,,,,False
97416000EL0725,2024-12-13,False,,,,False
97410000AH1013,2024-02-21,False,,,,False
97411000DP0312,2024-06-13,False,,,,False
97411000EI0329,2024-11-29,False,,,,False
97410000AC0663,2024-04-18,True,,,,False
97415000BI0629,2024-03-15,False,,,,False
97415000CD0490,2024-12-30,False,,,,False
97424000AD0003,2024-08-06,False,,,,False
97417000AS0283,2024-07-01,False,,,,False
97412000AW0198,2024-06-27,True,,,,False
97418000AS0879,2024-09-16,False,,,,False
97418000AO1082,2024-10-10,False,,,,False
97405000AN0351,2024-09-26,False,,,,False
97416000EY1373,2024-03-20,True,,,,False
97415000AS1913,2024-10-24,True,,,,False
97410000AN0827,2024-03-15,True,,,,False
97415000AV0336,2024-11-15,True,,,,False
97412000BW1348,2024-02-12,True,,,,False
97410000BX0873,2024-02-09,False,,,,False
97415000EO0979,2024-07-15,True,,,,False
97405000AO0248,2024-07-03,True,,,,False
97413000CX2803,2024-05-16,True,,,,False
97411000AI0153,2024-09-09,False,,,,False
97415000ER1705,2024-08-01,False,,,,False
97403000AM0783,2024-07-23,False,,,,False
97411000HX0163,2024-07-18,True,,,,False
97406000AO0474,2024-11-14,True,,,,False
97415000CZ0962,2024-12-31,False,,,,False
97412000BK1123,2024-12-19,True,,,,False
97413000DE1466,2024-12-06,False,,,,False
97422000EC0118,2024-06-19,False,,,,False
97415000BI0217,2024-12-26,True,,,,False
97422000BD2859,2024-04-24,True,,,,False
97411000EN0028,2024-02-14,False,,,,False
97414000EN4124,2024-11-25,True,,,,False
97408000BO0580,2024-09-27,True,,,,False
97422000AP0199,2024-02-07,False,,,,False
97407000AE0529,2024-09-26,True,,,,False
97413000CX1412,2024-09-09,True,,,,False
97416000IE0200,2024-10-14,True,,,,False
97414000DH1309,2024-12-13,True,,,,False
97410000BM1332,2024-07-31,False,,,,False
97412000CR0620,2024-03-08,False,,,,False
97411000CM0202,2024-03-21,False,,,,False
97403000AR1497,2024-10-30,False,,,,False
97411000CD1344,2024-08-23,False,,,,False
97423000AC0382,2024-01-14,True,,,,False
97422000DM0444,2024-03-29,False,,,,False
97416000ET1823,2024-09-20,False,,,,False
97418000BD0464,2024-07-03,False,,,,False
97401000AS0180,2024-10-15,True,,,,False
97413000CI0727,2024-05-06,False,,,,False
97404000AC1216,2024-04-08,False,,,,False
97411000HE0280,2024-12-18,False,,,,False
97418000BS0168,2024-02-29,False,,,,False
97412000BW2433,2024-05-10,False,,,,False
97404000AD1554,2024-06-27,True,,,,False
97414000CN0992,2024-02-22,False,,,,False
97419000AL0478,2024-07-26,False,,,,False
97414000DL0145,2024-02-07,False,,,,False
97416000CZ1812,2024-10-01,True,,,,False
97416000IA1191,2024-01-30,False,,,,False
97416000CV2316,2024-10-22,False,,,,False
97415000DK0763,2024-07-09,True,,,,False
97415000DM1533,2024-07-09,True,,,,False
97408000AB0366,2024-05-03,True,,,,False
97414000CH0770,2024-02-27,False,,,,False
97415000CX0802,2024-07-10,True,,,,False
97416000HL0331,2024-05-29,False,,,,False
97418000AV2671,2024-09-26,True,,,,False
97409000AY1304,2024-08-22,True,,,,False
97411000AV0242,2024-07-16,False,,,,False
97415000AY0186,2024-12-16,True,,,,False
97424000AM0344,2024-09-06,False,,,,False
97414000EM0479,2024-12-30,False,,,,False
97417000BC1095,2024-09-06,False,,,,False
97422000BD3450,2024-07-08,False,,,,False
97402000AK0534,2024-02-23,False,,,,False
97409000BD0575,2024-10-11,False,,,,False
97415000DN0104,2024-08-22,False,,,,False
97415000AY1577,2024-06-20,True,,,,False
97408000BM0036,2024-07-03,False,,,,False
97422000DH0991,2024-09-30,True,,,,False
97413000CY0800,2024-05-02,True,,,,False
97408000AM0628,2024-09-03,True,,,,False
97413000CE0310,2024-03-26,False,,,,False
97414000HE0579,2024-01-29,True,,,,False
97415000CP1951,2024-01-17,False,,,,False
97424000AM0924,2024-12-13,True,,,,False
97408000AT2040,2024-09-25,True,,,,False
97423000AC0393,2024-01-14,True,,,,False
97420000AP0110,2024-11-25,False,,,,False
97401000AR1615,2024-01-22,False,,,,False
97412000BP0463,2024-12-12,True,,,,False
97411000IB0339,2024-10-16,False,,,,False
97418000AO1772,2024-10-02,True,,,,False
97422000BS2052,2024-08-27,False,,,,False
97413000CM0257,2024-09-09,True,,,,False
97416000ET1573,2024-04-22,False,,,,False
97415000AZ1821,2024-08-09,False,,,,False
97422000AP0076,2024-03-28,False,,,,False
97416000EI1426,2024-07-22,False,,,,False
97410000AK0483,2024-12-31,True,,,,False
97411000AY0567,2024-11-25,True,,,,False
97416000HY1236,2024-09-06,True,,,,False
97415000BW0698,2024-04-30,True,,,,False
97405000BI1232,2024-01-25,True,,,,False
97416000CW0640,2024-02-15,True,,,,False
97422000DH0993,2024-07-10,True,,,,False
97405000AM0317,2024-06-20,False,,,,False
97415000AZ1707,2024-12-19,True,,,,False
97416000CS1331,2024-12-19,False,,,,False
97416000DT0817,2024-11-14,False,,,,False
97411000CM0534,2024-07-08,True,,,,False
97418000AP4159,2024-07-31,True,,,,False
97418000AT1239,2024-07-31,False,,,,False
97416000DE1805,2024-08-09,True,,,,False
97416000CS1613,2024-04-16,True,,,,False
97414000EO1490,2024-12-26,False,,,,False
97420000AE0486,2024-06-24,False,,,,False
97423000AB1915,2024-08-26,False,,,,False
97414000EX0832,2024-07-25,True,,,,False
97416000ET2153,2024-05-14,True,,,,False
97412000CE2827,2024-09-26,False,,,,False
97415000BW1694,2024-12-18,False,,,,False
97411000CD0917,2024-09-09,False,,,,False
97402000AC0119,2024-01-23,True,,,,False
97418000AW0747,2024-04-17,False,,,,False
97409000AL2059,2024-12-26,True,,,,False
97411000HS0406,2024-12-18,True,,,,False
97410000BL0009,2024-03-20,False,,,,False
97410000AI0604,2024-05-31,True,,,,False
97414000HE0040,2024-02-02,False,,,,False
97405000AK1739,2024-11-13,False,,,,False
97422000BW3405,2024-08-08,False,,,,False
97415000AZ0166,2024-04-04,False,,,,False
97401000AO0988,2024-02-12,True,,,,False
97403000AP1024,2024-09-24,False,,,,False
97415000AZ1418,2024-04-30,True,,,,False
97411000DX0007,2024-04-29,False,,,,False
97412000BK1998,2024-09-16,False,,,,False
97402000AI0949,2024-05-21,True,,,,False
97415000EH0512,2024-01-31,True,,,,False
97406000AI0374,2024-12-16,False,,,,False
97416000HY1564,2024-02-09,True,,,,False
97412000AX0797,2024-10-07,True,,,,False
97410000AH0079,2024-11-25,True,,,,False
97413000DL0275,2024-10-31,True,,,,False
97414000HL0688,2024-08-19,False,,,,False
97418000AS1376,2024-12-23,True,,,,False
97422000CE0449,2024-02-15,False,,,,False
97420000AZ0425,2024-12-30,False,,,,False
97411000AE0324,2024-03-01,True,,,,False
97415000DN0518,2024-08-22,False,,,,False
97401000AI0599,2024-08-14,True,,,,False
97404000AH0512,2024-02-22,False,,,,False
97422000BW2946,2024-05-14,True,,,,False
97424000AE0903,2024-05-15,False,,,,False
97416000EI0847,2024-08-09,False,,,,False
97406000AW1143,2024-12-05,False,,,,False
97408000AP1482,2024-09-05,False,,,,False
97414000EW0410,2024-05-22,True,,,,False
97406000AI0982,2024-07-24,False,,,,False
97416000IK0018,2024-01-25,False,,,,False
97414000CM0208,2024-12-30,True,,,,False
97412000BC0564,2024-06-24,True,,,,False
97413000BE0035,2024-06-28,False,,,,False
97422000AV0905,2024-11-29,False,,,,False
97422000CP0704,2024-12-11,False,,,,False
97405000AK1744,2024-11-22,False,,,,False
97413000CH0472,2024-02-02,False,,,,False
97414000ET0841,2024-11-07,False,,,,False
97411000BH0272,2024-02-28,True,,,,False
97416000IH0066,2024-12-02,False,,,,False
97415000ET1578,2024-07-26,False,,,,False
97402000AH0252,2024-05-06,False,,,,False
97416000IB0402,2024-05-30,False,,,,False
97416000CZ0913,2024-04-16,True,,,,False
97411000DI0315,2024-09-19,True,,,,False
97412000CE2821,2024-08-02,True,,,,False
97416000CW1245,2024-07-17,True,,,,False
97415000AY1650,2024-05-03,True,,,,False
97410000AS1420,2024-02-12,False,,,,False
97410000BX1706,2024-11-06,False,,,,False
97411000DT0254,2024-08-06,False,,,,False
97415000DE0945,2024-10-31,False,,,,False
97416000EH1227,2024-08-12,False,,,,False
97415000CM2351,2024-11-02,True,,,,False
97416000HY1664,2024-08-09,False,,,,False
97416000ET2161,2024-12-30,False,,,,False
97409000BL0203,2024-06-25,True,,,,False
97416000EL0458,2024-05-15,False,,,,False
97411000DK0454,2024-12-02,True,,,,False
97403000AR0447,2024-10-18,False,,,,False
97420000BH1292,2024-10-26,False,,,,False
97408000AC3044,2024-03-28,False,,,,False
97413000CG0486,2024-04-12,False,,,,False
97411000BZ0965,2024-06-06,False,,,,False
97413000CW0232,2024-05-02,True,,,,False
97408000AO1057,2024-03-11,False,,,,False
97410000AC0247,2024-01-11,False,,,,False
97405000AW1688,2024-07-16,False,,,,False
97413000CN1169,2024-05-31,False,,,,False
97412000BW0982,2024-10-29,True,,,,False
97422000DE0513,2024-08-12,False,,,,False
97402000AD1130,2024-04-05,False,,,,False
97412000BW1282,2024-11-28,False,,,,False
97422000CP0764,2024-12-17,False,,,,False
97422000CS1616,2024-12-16,True,,,,False
97411000BH0210,2024-12-09,False,,,,False
97415000DK1093,2024-06-11,False,,,,False
97405000AX0220,2024-05-15,False,,,,False
97409000AP0966,2024-03-25,False,,,,False
97412000CZ0726,2024-10-24,False,,,,False
97405000AK0267,2024-03-29,False,,,,False
97415000BW0357,2024-03-01,False,,,,False
97415000DM0497,2024-10-30,False,,,,False
97420000AS1020,2024-07-04,False,,,,False
97415000DR0267,2024-02-02,True,,,,False
97405000AD0593,2024-05-27,False,,,,False
97422000AP1244,2024-05-10,True,,,,False
97422000CY0448,2024-03-29,True,,,,False
97416000DN0007,2024-02-29,False,,,,False
97411000HX0162,2024-07-18,True,,,,False
97411000HY0219,2024-05-21,True,,,,False
97422000BW1256,2024-07-26,True,,,,False
97402000AB0667,2024-06-06,False,,,,False
97422000CH0223,2024-12-30,False,,,,False
97402000AB1209,2024-04-05,True,,,,False
97412000CY0640,2024-04-09,True,,,,False
97409000AL0763,2024-07-15,False,,,,False
97418000AS0923,2024-12-23,True,,,,False
97415000BI0573,2024-07-19,False,,,,False
97405000BE0756,2024-05-29,True,,,,False
97416000HZ0188,2024-08-23,True,,,,False
97410000BX0943,2024-04-22,True,,,,False
97417000AI0111,2024-03-12,True,,,,False
97410000AS1388,2024-11-29,True,,,,False
97415000CS0939,2024-10-31,False,,,,False
97415000DI0645,2024-03-07,False,,,,False
97415000ER1746,2024-12-13,True,,,,False
97424000AM0417,2024-09-06,False,,,,False
97405000BI1269,2024-10-21,True,,,,False
97411000IA0544,2024-06-24,True,,,,False
97411000HW0537,2024-04-30,False,,,,False
97415000AW1521,2024-06-17,False,,,,False
97415000EW0527,2024-02-28,True,,,,False
97423000AC0334,2024-01-14,True,,,,False
97406000AT0484,2024-04-04,True,,,,False
97422000CI0514,2024-03-15,False,,,,False
97412000CW0756,2024-06-13,False,,,,False
97409000BE1588,2024-10-31,False,,,,False
97415000AW0786,2024-12-27,False,,,,False
97415000EP1189,2024-03-20,True,,,,False
97422000BD2341,2024-12-30,True,,,,False
97418000AY0397,2024-06-28,False,,,,False
97422000BI1131,2024-09-02,True,,,,False
97418000AT2370,2024-05-03,False,,,,False
97405000AD0420,2024-01-03,True,,,,False
97409000AS1895,2024-01-26,True,,,,False
97415000EM0233,2024-06-17,False,,,,False
97412000CD0891,2024-05-29,False,,,,False
97416000IE1821,2024-05-02,False,,,,False
97405000AE0936,2024-09-24,False,,,,False
97412000CK0916,2024-07-19,False,,,,False
97415000EY1489,2024-06-18,True,,,,False
97405000AL0642,2024-02-29,True,,,,False
97416000HP0795,2024-01-25,True,,,,False
97412000CW0751,2024-12-13,True,,,,False
97406000AV1027,2024-06-03,True,,,,False
97421000AV1155,2024-04-03,False,,,,False
97422000BD1754,2024-02-26,False,,,,False
97407000BE0063,2024-12-19,False,,,,False
97411000HS0469,2024-12-18,False,,,,False
97415000HK0532,2024-08-06,False,,,,False
97409000AL0623,2024-12-26,True,,,,False
97415000HK0387,2024-05-29,True,,,,False
97411000HD0301,2024-03-12,True,,,,False
97415000BS0120,2024-02-05,False,,,,False
97409000BL0212,2024-06-25,True,,,,False
97415000CT2126,2024-09-20,False,,,,False
97411000AM0326,2024-05-16,False,,,,False
97412000AV1083,2024-09-18,False,,,,False
97415000AZ1525,2024-09-24,False,,,,False
97411000ID0323,2024-08-22,False,,,,False
97416000HY1243,2024-09-06,True,,,,False
97412000CH0267,2024-06-19,True,,,,False
97416000HI1109,2024-04-08,True,,,,False
97420000BH2086,2024-09-12,True,,,,False
97415000AT0410,2024-09-13,False,,,,False
97411000AM0147,2024-06-22,False,,,,False
97415000DM0303,2024-10-31,True,,,,False
97422000BM0490,2024-05-14,False,,,,False
97411000AS0200,2024-02-16,False,,,,False
97411000EX0264,2024-10-14,False,,,,False
97407000BC0554,2024-07-29,True,,,,False
97406000AM0973,2024-02-27,False,,,,False
97414000CO1595,2024-11-20,True,,,,False
97410000BH0705,2024-11-21,False,,,,False
97409000AK0987,2024-12-16,True,,,,False
97411000EK0050,2024-05-31,False,,,,False
97424000AI2000,2024-04-26,True,,,,False
97404000AI1804,2024-10-24,False,,,,False
97415000EO1089,2024-04-17,True,,,,False
97411000AP0416,2024-08-05,False,,,,False
97414000EX0836,2024-07-25,True,,,,False
97424000AE0395,2024-08-07,False,,,,False
97411000DT0288,2024-05-15,True,,,,False
97414000CI0552,2024-01-09,True,,,,False
97410000AI0560,2024-09-13,False,,,,False
97416000EV1813,2024-03-15,True,,,,False
97422000CD0542,2024-10-17,False,,,,False
97416000EN1479,2024-10-28,False,,,,False
97424000AO1236,2024-05-28,False,,,,False
97415000AY1570,2024-03-04,False,,,,False
97405000AR1774,2024-02-12,True,,,,False
97410000BW1108,2024-11-21,False,,,,False
97411000CP0476,2024-12-13,False,,,,False
97409000AZ0599,2024-09-20,False,,,,False
97415000HM0204,2024-11-08,False,,,,False
97414000CH0636,2024-10-24,False,,,,False
97409000AO0385,2024-04-15,True,,,,False
97409000BO0172,2024-07-26,False,,,,False
97409000AL1926,2024-07-19,False,,,,False
97401000AO0903,2024-11-08,False,,,,False
97404000AZ0043,2024-03-25,False,,,,False
97410000AS1426,2024-01-09,False,,,,False
97406000AO0479,2024-11-14,True,,,,False
97416000EI0657,2024-09-03,False,,,,False
97415000EO1091,2024-12-24,True,,,,False
97415000DE0899,2024-10-25,True,,,,False
97421000AP0443,2024-07-12,True,,,,False
97415000CS0033,2024-04-29,False,,,,False
97419000AN0008,2024-03-28,True,,,,False
97423000AC0389,2024-01-14,True,,,,False
97413000CW0296,2024-08-14,True,,,,False
97410000AY0487,2024-07-04,False,,,,False
97416000CS1602,2024-10-14,False,,,,False
97424000AM0221,2024-07-12,False,,,,False
97422000BE2329,2024-06-27,True,,,,False
97410000BK0082,2024-03-25,True,,,,False
97409000AX1084,2024-08-07,True,,,,False
97410000AV0654,2024-04-04,False,,,,False
97418000BO0201,2024-12-23,True,,,,False
97422000CH0435,2024-08-01,False,,,,False
97407000AI1889,2024-08-19,True,,,,False
97410000BD0372,2024-06-25,True,,,,False
97415000EK0627,2024-05-31,True,,,,False
97415000AY0194,2024-12-16,True,,,,False
97414000DN0171,2024-08-19,False,,,,False
97411000IR0077,2024-11-15,True,,,,False
97401000AM0088,2024-08-01,False,,,,False
97410000AD0919,2024-04-16,True,,,,False
97410000AM0195,2024-07-02,False,,,,False
97402000AI0951,2024-12-12,True,,,,False
97409000AS0915,2024-10-30,False,,,,False
97411000AS0435,2024-09-17,False,,,,False
97421000AP0540,2024-11-22,False,,,,False
97415000ET1407,2024-10-31,False,,,,False
97413000CQ0770,2024-09-20,True,,,,False
97405000AD0727,2024-06-13,True,,,,False
97401000AL0014,2024-04-30,False,,,,False
97414000EO1369,2024-11-05,True,,,,False
97412000BZ0332,2024-10-17,False,,,,False
97420000BC1866,2024-12-19,True,,,,False
97415000DK1112,2024-12-17,True,,,,False
97414000CY0379,2024-11-16,False,,,,False
97420000BH2083,2024-09-12,True,,,,False
97416000CS1523,2024-06-13,True,,,,False
97423000AC0347,2024-01-14,True,,,,False
97415000ER1086,2024-06-28,False,,,,False
97408000AC3047,2024-03-25,False,,,,False
97419000AS0721,2024-08-21,False,,,,False
97405000AL0714,2024-06-05,False,,,,False
97413000BH0813,2024-03-19,False,,,,False
97411000BZ1002,2024-03-15,False,,,,False
97407000AE0827,2024-12-16,True,,,,False
97403000AS2097,2024-09-25,False,,,,False
97415000DY0160,2024-03-28,True,,,,False
97418000AS1270,2024-12-23,True,,,,False
97418000AS1064,2024-07-09,True,,,,False
97408000AC3424,2024-02-20,True,,,,False
97416000HX1230,2024-12-20,False,,,,False
97410000AP0560,2024-07-04,True,,,,False
97416000DX0306,2024-01-18,False,,,,False
97405000AH0754,2024-12-13,False,,,,False
97417000AT0495,2024-09-04,True,,,,False
97401000AR1475,2024-07-16,False,,,,False
97416000CS1238,2024-04-16,True,,,,False
97412000AP0752,2024-04-08,False,,,,False
97405000AP0093,2024-06-28,True,,,,False
97411000EI0052,2024-09-23,False,,,,False
97414000EO0461,2024-10-02,False,,,,False
97412000CN0169,2024-03-01,True,,,,False
97414000EL2526,2024-09-05,True,,,,False
97422000EN0680,2024-09-27,False,,,,False
97406000AM0511,2024-12-09,False,,,,False
97416000EI1430,2024-02-19,True,,,,False
97420000AE0460,2024-06-24,False,,,,False
97411000BD1079,2024-12-09,False,,,,False
97418000AT2381,2024-11-28,False,,,,False
97410000AB1219,2024-08-30,False,,,,False
97416000HL0386,2024-03-28,False,,,,False
97411000IL0037,2024-01-10,False,,,,False
97413000DE1446,2024-06-20,True,,,,False
97419000AI0362,2024-01-26,True,,,,False
97412000AX1062,2024-10-07,True,,,,False
97402000AN0239,2024-02-28,False,,,,False
97411000KD0020,2024-04-05,True,,,,False
97411000BP0598,2024-12-30,True,,,,False
97416000ET0668,2024-11-13,False,,,,False
97415000CX0216,2024-03-22,False,,,,False
97410000AD0918,2024-04-16,True,,,,False
97415000HI0539,2024-02-28,True,,,,False
97414000CP0510,2024-04-22,True,,,,False
97410000BE1194,2024-01-26,False,,,,False
97415000DT0993,2024-10-31,False,,,,False
97419000AP0181,2024-07-10,True,,,,False
97407000AH1355,2024-12-30,True,,,,False
97422000BD1569,2024-10-22,False,,,,False
97413000CY1471,2024-12-23,True,,,,False
97422000BL1558,2024-01-24,False,,,,False
97415000EH0513,2024-03-29,True,,,,False
97404000AL1723,2024-02-21,False,,,,False
97404000AE1583,2024-06-27,False,,,,False
97412000AM2056,2024-08-14,False,,,,False
97415000DV0542,2024-05-29,False,,,,False
97422000CL1093,2024-12-23,False,,,,False
97411000AE0456,2024-06-11,False,,,,False
97411000DT0287,2024-05-15,True,,,,False
97422000BD2920,2024-03-29,False,,,,False
97411000CM0926,2024-10-31,True,,,,False
97422000CS0667,2024-04-04,False,,,,False
97418000AP2491,2024-02-20,False,,,,False
97416000ET2110,2024-11-27,False,,,,False
97415000CX0461,2024-04-24,False,,,,False
97408000AC2259,2024-11-15,False,,,,False
97409000AL1869,2024-12-23,False,,,,False
97422000BV3185,2024-07-22,False,,,,False
97408000AC2310,2024-07-02,True,,,,False
97410000CD0928,2024-05-31,False,,,,False
97422000BV1053,2024-01-29,False,,,,False
97413000CR1047,2024-07-05,False,,,,False
97416000CZ1970,2024-02-06,False,,,,False
97416000HP0796,2024-01-25,True,,,,False
97412000AZ0927,2024-09-06,True,,,,False
97413000BH0023,2024-05-28,True,,,,False
97414000EN4149,2024-10-10,False,,,,False
97421000BM0538,2024-06-21,True,,,,False
97402000AK0223,2024-12-05,False,,,,False
97411000BP0591,2024-04-10,True,,,,False
97415000CY1187,2024-11-25,False,,,,False
97408000AP0937,2024-07-08,False,,,,False
97415000AZ1984,2024-05-10,True,,,,False
97422000BD1157,2024-03-28,False,,,,False
97416000IB0068,2024-12-31,False,,,,False
97413000CY1474,2024-12-27,True,,,,False
97409000AX1096,2024-09-12,False,,,,False
97417000BH0336,2024-03-22,False,,,,False
97413000CA0265,2024-01-29,False,,,,False
97401000AR1606,2024-01-22,True,,,,False
97415000BH0131,2024-08-22,False,,,,False
97416000HN0853,2024-06-27,True,,,,False
97415000EV0862,2024-03-06,True,,,,False
97406000AK0254,2024-12-02,False,,,,False
97412000BW0748,2024-10-28,False,,,,False
97411000KB0024,2024-10-25,False,,,,False
97413000CA0227,2024-12-30,True,,,,False
97410000AR0661,2024-11-29,True,,,,False
97414000ET1190,2024-07-30,True,,,,False
97409000AT1666,2024-04-11,False,,,,False
97411000CR0590,2024-09-16,False,,,,False
97424000AM1008,2024-10-15,True,,,,False
97411000HY0164,2024-05-21,True,,,,False
97415000DM1461,2024-12-10,True,,,,False
97415000AS1002,2024-07-30,False,,,,False
97421000AP0309,2024-05-30,True,,,,False
97409000BE1592,2024-06-20,True,,,,False
97411000IW0117,2024-02-02,True,,,,False
97420000AZ0260,2024-04-24,False,,,,False
97403000AO0745,2024-03-19,True,,,,False
97411000AY0287,2024-10-09,False,,,,False
97416000HN1776,2024-01-22,False,,,,False
97407000BE0348,2024-09-30,False,,,,False
97415000EO1019,2024-07-25,True,,,,False
97415000HN0152,2024-05-07,True,,,,False
97413000CQ0856,2024-04-12,False,,,,False
97411000CD0951,2024-09-19,False,,,,False
97412000CT0741,2024-06-25,True,,,,False
97415000BO0421,2024-06-18,True,,,,False
97412000AZ0950,2024-09-27,True,,,,False
97418000AT1753,2024-12-23,True,,,,False
97415000CH3385,2024-05-07,False,,,,False
97415000AW1996,2024-04-11,False,,,,False
97414000EN1025,2024-03-29,False,,,,False
97416000HX0567,2024-12-20,False,,,,False
97409000BE0742,2024-12-31,True,,,,False
97410000BW1046,2024-07-30,True,,,,False
97414000HD0280,2024-10-11,False,,,,False
97418000AS0524,2024-03-19,False,,,,False
97412000BT0493,2024-10-18,False,,,,False
97415000DT1204,2024-08-13,True,,,,False
97413000DE1416,2024-06-20,True,,,,False
97422000BW3326,2024-10-15,False,,,,False
97415000HR0162,2024-07-08,True,,,,False
97412000BP0492,2024-04-04,True,,,,False
97413000CN0755,2024-11-28,True,,,,False
97416000DS0707,2024-11-12,False,,,,False
97411000EK0271,2024-06-13,False,,,,False
97416000EK0261,2024-12-17,False,,,,False
97407000AK0379,2024-04-23,False,,,,False
97412000CZ0719,2024-05-14,False,,,,False
97415000CD0405,2024-09-19,False,,,,False
97415000BW0856,2024-04-30,True,,,,False
97405000BH0977,2024-11-22,True,,,,False
97410000AI0611,2024-11-12,False,,,,False
97415000DR0614,2024-09-06,True,,,,False
97417000BC0103,2024-12-17,True,,,,False
97422000BH2058,2024-07-24,False,,,,False
97405000AL1146,2024-05-15,True,,,,False
97416000CW1247,2024-07-17,True,,,,False
97418000AP3868,2024-05-23,True,,,,False
97422000BS1866,2024-04-03,False,,,,False
97405000BI1205,2024-10-17,False,,,,False
97418000AS1294,2024-12-23,True,,,,False
97416000EV1071,2024-08-20,False,,,,False
97416000IE0645,2024-10-14,True,,,,False
97416000EX1148,2024-03-29,True,,,,False
97416000EK0223,2024-02-28,False,,,,False
97411000DW0120,2024-05-16,False,,,,False
97409000AR1727,2024-04-25,False,,,,False
97416000IK0519,2024-03-21,True,,,,False
97418000AX0068,2024-08-29,True,,,,False
97401000AR1604,2024-01-22,False,,,,False
97419000AL0247,2024-02-29,False,,,,False
97410000BV0683,2024-10-02,True,,,,False
97416000IA0632,2024-09-18,False,,,,False
97414000EL2009,2024-07-08,False,,,,False
97414000CM0217,2024-12-30,True,,,,False
97411000AO0308,2024-11-12,False,,,,False
97418000AX0514,2024-12-30,False,,,,False
97422000BL0146,2024-06-24,False,,,,False
97411000DW0114,2024-09-30,False,,,,False
97410000AN0807,2024-01-31,True,,,,False
97418000AT2268,2024-08-30,True,,,,False
97413000AV2052,2024-11-20,True,,,,False
97416000IA1335,2024-11-29,False,,,,False
97404000AR0069,2024-03-28,False,,,,False
97415000CM2361,2024-11-02,True,,,,False
97412000AM0770,2024-07-24,False,,,,False
97423000AK2064,2024-12-23,False,,,,False
97413000CX2686,2024-06-18,False,,,,False
97412000BP0278,2024-12-12,True,,,,False
97422000BV3178,2024-07-31,False,,,,False
97404000AL1321,2024-02-27,False,,,,False
97418000AS1029,2024-12-23,True,,,,False
97422000DL0630,2024-08-23,False,,,,False
97416000CW2014,2024-02-26,True,,,,False
97411000BD0553,2024-12-19,True,,,,False
97411000DR0740,2024-12-24,True,,,,False
97422000BS1900,2024-09-19,True,,,,False
97411000EK0006,2024-02-28,False,,,,False
97416000ET2147,2024-03-11,True,,,,False
97411000AM0146,2024-08-23,False,,,,False
97410000AV0658,2024-09-13,True,,,,False
97423000AC0510,2024-03-07,False,,,,False
97402000AB1051,2024-12-06,False,,,,False
97416000IC0673,2024-11-26,False,,,,False
97415000CH3235,2024-12-26,True,,,,False
97407000BA0183,2024-01-25,False,,,,False
97409000AS2033,2024-08-16,False,,,,False
97415000DI0641,2024-10-30,False,,,,False
97411000DX0122,2024-07-24,False,,,,False
97416000HI0243,2024-03-08,False,,,,False
97407000AV0048,2024-09-12,False,,,,False
97416000DE0497,2024-04-26,False,,,,False
97407000AK0027,2024-11-29,False,,,,False
97416000DE0945,2024-09-27,False,,,,False
97408000AR0438,2024-04-05,True,,,,False
97413000DE1210,2024-03-21,False,,,,False
97415000CS0763,2024-09-09,False,,,,False
97415000AV0370,2024-11-15,True,,,,False
97415000AS1917,2024-09-18,True,,,,False
97422000BV1905,2024-08-02,False,,,,False
97411000AZ0487,2024-10-04,True,,,,False
97415000EP1191,2024-03-20,True,,,,False
97414000EN3810,2024-02-02,True,,,,False
97412000CE1053,2024-04-09,False,,,,False
97415000HP0064,2024-10-17,True,,,,False
97408000AT0788,2024-03-11,True,,,,False
97420000AS0253,2024-12-13,False,,,,False
97408000AB0270,2024-04-29,False,,,,False
97410000BX1905,2024-04-17,False,,,,False
97413000CO0772,2024-02-29,False,,,,False
97417000AI0126,2024-01-30,False,,,,False
97411000HO0051,2024-06-10,False,,,,False
97416000HW0555,2024-05-11,False,,,,False
97417000AY0111,2024-05-14,False,,,,False
97411000DX0121,2024-04-02,False,,,,False
97418000AC1565,2024-08-09,False,,,,False
97423000AK2062,2024-12-23,True,,,,False
97416000CS1538,2024-02-29,True,,,,False
97422000DL0564,2024-04-29,False,,,,False
97411000HO0032,2024-03-29,True,,,,False
97411000HE0585,2024-10-28,True,,,,False
97422000EN0065,2024-11-05,True,,,,False
97412000AM0994,2024-09-03,True,,,,False
97422000BV2050,2024-12-18,False,,,,False
97411000BN0276,2024-10-01,False,,,,False
97411000BZ0330,2024-10-08,False,,,,False
97411000HX0045,2024-09-10,False,,,,False
97416000CS1647,2024-04-16,True,,,,False
97405000AD0719,2024-07-15,True,,,,False
97423000AB1331,2024-05-23,True,,,,False
97422000AD1209,2024-08-29,False,,,,False
97416000CS1385,2024-11-08,True,,,,False
97411000IS0675,2024-07-25,True,,,,False
97411000IZ0273,2024-02-02,False,,,,False
97416000HY1343,2024-08-05,True,,,,False
97410000AS1392,2024-11-29,True,,,,False
97416000CZ0850,2024-10-31,True,,,,False
97409000BI0115,2024-05-03,False,,,,False
97414000CH0732,2024-11-27,True,,,,False
97405000AN0279,2024-11-12,True,,,,False
97415000DE1320,2024-11-05,False,,,,False
97420000AC0453,2024-12-30,True,,,,False
97411000HE0591,2024-12-11,True,,,,False
97401000AS1403,2024-09-09,False,,,,False
97415000AW0759,2024-09-27,False,,,,False
97415000EO1087,2024-04-05,True,,,,False
97414000ER0949,2024-07-25,False,,,,False
97416000CY0789,2024-12-05,True,,,,False
97412000AT0263,2024-04-16,True,,,,False
97411000BX0296,2024-07-11,True,,,,False
97414000ER0753,2024-05-15,False,,,,False
97415000BZ0904,2024-12-19,True,,,,False
97415000DE1200,2024-02-28,True,,,,False
97424000AD0366,2024-04-29,True,,,,False
97409000AP0898,2024-03-20,True,,,,False
97401000AS1390,2024-03-19,False,,,,False
97418000BE0128,2024-08-12,False,,,,False
97411000DM0297,2024-06-05,False,,,,False
97410000AK0016,2024-12-31,False,,,,False
97409000AP0751,2024-04-18,False,,,,False
97409000BM0590,2024-07-29,True,,,,False
97415000CY0363,2024-06-21,True,,,,False
97422000CE0071,2024-09-06,True,,,,False
97412000CE2686,2024-03-27,False,,,,False
97411000KE0038,2024-08-13,False,,,,False
97415000BZ0636,2024-12-19,True,,,,False
97415000CM2371,2024-05-31,False,,,,False
97407000AK1298,2024-10-22,True,,,,False
97414000EX0834,2024-07-25,True,,,,False
97417000AN0338,2024-04-30,False,,,,False
97417000BD0417,2024-05-23,False,,,,False
97414000HI1431,2024-12-04,False,,,,False
97418000AT2321,2024-02-29,False,,,,False
97407000AX0207,2024-11-19,False,,,,False
97415000EO0909,2024-02-29,True,,,,False
97413000BD0083,2024-02-20,False,,,,False
97408000BO0405,2024-01-02,False,,,,False
97405000BE0063,2024-07-19,False,,,,False
97423000AC0349,2024-01-14,True,,,,False
97404000AH0517,2024-08-19,False,,,,False
97422000BR1806,2024-07-11,True,,,,False
97420000BC0665,2024-04-22,False,,,,False
97402000AC0123,2024-01-23,True,,,,False
97410000AE1359,2024-04-08,True,,,,False
97422000BH1060,2024-04-02,True,,,,False
97415000AY1626,2024-07-23,False,,,,False
97405000AK1313,2024-10-31,False,,,,False
97414000HH0504,2024-05-30,True,,,,False
97415000BZ0753,2024-10-29,True,,,,False
97411000DR0739,2024-12-24,True,,,,False
97410000AP0561,2024-07-04,True,,,,False
97415000DM1109,2024-04-26,True,,,,False
97411000IC0133,2024-03-27,False,,,,False
97401000AO1103,2024-12-24,True,,,,False
97406000AS0282,2024-11-07,False,,,,False
97422000AS0752,2024-05-27,True,,,,False
97410000AT0486,2024-07-11,False,,,,False
97416000CW2828,2024-07-31,True,,,,False
97421000AV1167,2024-04-03,False,,,,False
97406000AW0982,2024-05-02,False,,,,False
97411000HT0039,2024-11-22,False,,,,False
97414000DO0068,2024-05-30,False,,,,False
97413000DD0059,2024-09-09,True,,,,False
97405000AL1148,2024-05-15,True,,,,False
97407000AH1377,2024-12-11,True,,,,False
97420000AI0905,2024-12-09,False,,,,False
97409000AL2214,2024-12-16,False,,,,False
97415000DP0868,2024-12-26,True,,,,False
97414000CT1114,2024-04-30,True,,,,False
97415000CP1129,2024-12-30,True,,,,False
97413000DM0164,2024-04-15,False,,,,False
97422000BZ0235,2024-12-26,False,,,,False
97422000CS0912,2024-12-12,False,,,,False
97411000AL0309,2024-08-30,False,,,,False
97407000AV0340,2024-07-31,False,,,,False
97415000DI0631,2024-06-07,False,,,,False
97414000HI0284,2024-10-31,False,,,,False
97418000AR1695,2024-03-05,True,,,,False
97415000AY0919,2024-02-01,False,,,,False
97413000BW0379,2024-02-27,False,,,,False
97405000AM0218,2024-02-08,True,,,,False
97410000CD0170,2024-11-29,True,,,,False
97421000BP0077,2024-10-29,False,,,,False
97420000BE0618,2024-10-03,False,,,,False
97416000DT0286,2024-08-21,False,,,,False
97415000ET1672,2024-01-30,False,,,,False
97422000CE0301,2024-06-28,False,,,,False
97423000AE0687,2024-07-15,True,,,,False
97411000AD0588,2024-02-29,True,,,,False
97411000CY0645,2024-12-12,False,,,,False
97405000BE1073,2024-12-24,True,,,,False
97416000IB0685,2024-11-14,False,,,,False
97411000DX0105,2024-01-30,False,,,,False
97418000AR1613,2024-09-12,False,,,,False
97412000CD0991,2024-08-07,False,,,,False
97410000AR1664,2024-11-29,True,,,,False
97423000AB1904,2024-11-18,False,,,,False
97416000CV1862,2024-10-23,False,,,,False
97410000CD0947,2024-08-29,False,,,,False
97415000EY0389,2024-11-13,True,,,,False
97402000AK2109,2024-07-23,True,,,,False
97416000CS1582,2024-04-30,True,,,,False
97411000AY0523,2024-07-08,True,,,,False
97403000AP0621,2024-06-26,False,,,,False
97408000BR0097,2024-02-20,False,,,,False
97415000CT3211,2024-10-24,True,,,,False
97413000CY1472,2024-12-23,True,,,,False
97414000HL0324,2024-06-07,False,,,,False
97416000HY1056,2024-08-05,True,,,,False
97412000CY0701,2024-05-07,False,,,,False
97423000AB1907,2024-12-17,False,,,,False
97411000CT1594,2024-12-23,True,,,,False
97410000BX1959,2024-08-08,False,,,,False
97423000AC0383,2024-01-14,True,,,,False
97415000EO0980,2024-05-14,True,,,,False
97413000CY0858,2024-05-02,True,,,,False
97412000CE2802,2024-09-17,False,,,,False
97422000BL1807,2024-10-29,False,,,,False
97422000AY1481,2024-07-04,True,,,,False
97409000BE1142,2024-04-24,True,,,,False
97412000BE0451,2024-09-13,False,,,,False
97411000AD0232,2024-12-31,False,,,,False
97409000AO0299,2024-12-18,False,,,,False
97404000AW0311,2024-10-10,True,,,,False
97411000CY0556,2024-08-22,True,,,,False
97402000AH0622,2024-02-13,True,,,,False
97410000CL0264,2024-03-15,True,,,,False
97409000AX0484,2024-02-23,False,,,,False
97422000BX1185,2024-01-30,False,,,,False
97415000AY1509,2024-12-26,False,,,,False
97405000AK1752,2024-01-10,False,,,,False
97411000BP0920,2024-06-06,False,,,,False
97411000HI0317,2024-10-22,False,,,,False
97416000CW1514,2024-07-17,True,,,,False
97411000DS0692,2024-12-12,False,,,,False
97416000EP0747,2024-09-06,False,,,,False
97409000AL1960,2024-12-26,True,,,,False
97412000AT0540,2024-07-15,True,,,,False
97416000EW1259,2024-06-05,True,,,,False
97419000AM0205,2024-07-18,True,,,,False
97405000BH0495,2024-02-20,False,,,,False
97409000AX1119,2024-12-16,False,,,,False
97415000BO0940,2024-07-09,True,,,,False
97413000DE2101,2024-06-07,True,,,,False
97406000AO0431,2024-03-27,False,,,,False
97412000AN0021,2024-09-20,True,,,,False
97422000AX1133,2024-07-15,False,,,,False
97421000AL0609,2024-11-29,True,,,,False
97423000AC0355,2024-01-14,True,,,,False
97402000AB0743,2024-12-30,False,,,,False
97415000DK0743,2024-04-26,True,,,,False
97413000CD0317,2024-12-16,False,,,,False
97411000AM0549,2024-07-10,False,,,,False
97409000BE1596,2024-06-20,True,,,,False
97416000EK0249,2024-09-17,False,,,,False
97409000AT1159,2024-03-13,False,,,,False
97422000BH1885,2024-02-20,False,,,,False
97412000CN0141,2024-03-01,True,,,,False
97416000CS0859,2024-12-06,False,,,,False
97420000BC1860,2024-10-31,False,,,,False
97422000AX1684,2024-03-11,False,,,,False
97415000CL0918,2024-02-16,False,,,,False
97417000BC0068,2024-12-17,True,,,,False
97415000HR0300,2024-06-26,False,,,,False
97412000AN0330,2024-09-11,True,,,,False
97411000AW0814,2024-06-06,False,,,,False
97410000AR0426,2024-03-27,False,,,,False
97411000KB0114,2024-10-25,False,,,,False
97416000EY1416,2024-09-20,True,,,,False
97405000AL0629,2024-09-05,True,,,,False
97416000DE1317,2024-01-31,False,,,,False
97416000EX0757,2024-04-17,False,,,,False
97411000DS0834,2024-02-01,False,,,,False
97416000IA0813,2024-07-24,True,,,,False
97424000AL0607,2024-01-11,False,,,,False
97424000AH0568,2024-11-20,False,,,,False
97405000BE1145,2024-02-29,False,,,,False
97414000HI1623,2024-12-12,False,,,,False
97412000BR0216,2024-04-08,False,,,,False
97418000AZ0234,2024-12-23,True,,,,False
97408000AY0383,2024-06-18,False,,,,False
97414000DH0826,2024-12-16,False,,,,False
97409000AY1051,2024-11-05,True,,,,False
97414000HA0546,2024-05-13,False,,,,False
97415000AW2172,2024-04-30,False,,,,False
97422000CX0652,2024-04-26,True,,,,False
97411000DN0017,2024-05-18,False,,,,False
97416000EK0252,2024-10-23,False,,,,False
97405000AM0217,2024-02-08,True,,,,False
97415000BO0945,2024-07-09,True,,,,False
97415000CT2791,2024-06-27,False,,,,False
97411000CT1617,2024-02-19,False,,,,False
97412000AH1304,2024-01-23,False,,,,False
97411000BL0415,2024-12-04,True,,,,False
97416000CV1635,2024-05-31,False,,,,False
97420000AO0648,2024-03-13,False,,,,False
97411000HP0406,2024-12-17,False,,,,False
97409000AO0112,2024-08-20,False,,,,False
97416000DS0234,2024-05-23,True,,,,False
97409000BK0701,2024-03-20,False,,,,False
97408000AT0915,2024-03-06,False,,,,False
97416000CY0617,2024-08-29,False,,,,False
97411000DN0175,2024-09-23,False,,,,False
97416000ET2109,2024-11-27,False,,,,False
97408000BO0561,2024-09-27,True,,,,False
97411000CY0555,2024-08-22,True,,,,False
97410000AS1251,2024-11-29,True,,,,False
97415000EO0878,2024-05-27,False,,,,False
97423000AC0404,2024-01-14,True,,,,False
97412000BL1192,2024-12-18,False,,,,False
97415000DT0322,2024-12-04,True,,,,False
97415000EW1815,2024-04-09,False,,,,False
97424000AO0392,2024-03-15,True,,,,False
97418000AT2430,2024-12-23,True,,,,False
97414000CS0676,2024-09-11,False,,,,False
97404000AI2238,2024-02-21,False,,,,False
97412000AV0568,2024-04-22,True,,,,False
97409000AP1832,2024-03-20,True,,,,False
97415000DR0494,2024-02-02,True,,,,False
97416000CW2892,2024-02-15,False,,,,False
97415000BW0996,2024-05-30,False,,,,False
97411000AD0481,2024-09-10,False,,,,False
97408000AV1044,2024-12-31,True,,,,False
97410000BW0919,2024-06-14,False,,,,False
97416000EH0801,2024-07-04,True,,,,False
97423000AK1481,2024-07-17,True,,,,False
97414000CO0395,2024-04-26,False,,,,False
97414000EY0214,2024-01-23,True,,,,False
97413000AV1460,2024-07-18,False,,,,False
97415000HN0047,2024-05-17,False,,,,False
97409000AL1963,2024-12-26,True,,,,False
97408000BK0288,2024-08-28,True,,,,False
97415000HI0521,2024-06-07,True,,,,False
97413000AV1401,2024-04-26,False,,,,False
97416000DM0897,2024-09-13,True,,,,False
97403000AH0520,2024-08-29,False,,,,False
97417000BC0290,2024-07-26,False,,,,False
97401000AO0367,2024-07-25,True,,,,False
97409000AL1959,2024-12-26,True,,,,False
97423000AH1826,2024-12-10,False,,,,False
97418000AV1969,2024-12-26,False,,,,False
97422000BH1609,2024-09-09,False,,,,False
97415000BZ0646,2024-12-19,True,,,,False
97413000CX2360,2024-04-23,False,,,,False
97412000AY0346,2024-11-26,True,,,,False
97416000EK0233,2024-09-26,False,,,,False
97415000BW1942,2024-10-09,True,,,,False
97415000AX0024,2024-03-07,False,,,,False
97412000BN0968,2024-09-19,False,,,,False
97422000EC0105,2024-07-18,False,,,,False
97424000AI0998,2024-07-11,False,,,,False
97408000AP1584,2024-04-09,True,,,,False
97415000CN0204,2024-07-16,True,,,,False
97422000DO0463,2024-10-01,True,,,,False
97404000AE1103,2024-07-05,False,,,,False
97420000BH0479,2024-06-21,True,,,,False
97416000ET1332,2024-09-19,False,,,,False
97422000CN1088,2024-08-05,False,,,,False
97418000AS1065,2024-07-09,True,,,,False
97412000BW1350,2024-05-31,False,,,,False
97405000AD0741,2024-06-13,True,,,,False
97412000BM0364,2024-12-17,True,,,,False
97405000AL0624,2024-12-03,False,,,,False
97406000AM0972,2024-09-12,False,,,,False
97412000AN0072,2024-09-12,False,,,,False
97412000AV1162,2024-08-29,True,,,,False
97422000CN1453,2024-03-05,False,,,,False
97423000AI0790,2024-12-19,False,,,,False
97415000DT1205,2024-08-13,True,,,,False
97414000DS0848,2024-01-08,False,,,,False
97424000AD0306,2024-12-27,False,,,,False
97422000BS1897,2024-10-09,False,,,,False
97422000BD3717,2024-09-13,False,,,,False
97409000AL2020,2024-12-26,True,,,,False
97416000EO0115,2024-08-30,False,,,,False
97404000AS0354,2024-07-17,False,,,,False
97406000AV0042,2024-02-21,False,,,,False
97422000ED0005,2024-08-14,False,,,,False
97422000BW0830,2024-11-27,False,,,,False
97416000CW1696,2024-07-26,False,,,,False
97413000DE0049,2024-10-02,True,,,,False
97418000AP1810,2024-12-23,True,,,,False
97413000CD0047,2024-05-06,False,,,,False
97416000EL0274,2024-03-19,False,,,,False
97418000AY0616,2024-08-21,False,,,,False
97416000CX0545,2024-07-10,False,,,,False
97416000HY0386,2024-07-10,True,,,,False
97405000AR1876,2024-04-05,False,,,,False
97415000EK0064,2024-08-20,False,,,,False
97412000CP0466,2024-10-23,False,,,,False
97413000BD0043,2024-09-09,True,,,,False
97409000AB0735,2024-05-17,True,,,,False
97415000DY0158,2024-03-28,True,,,,False
97410000AR0660,2024-11-29,True,,,,False
97410000AS1389,2024-11-29,True,,,,False
97409000AR0694,2024-10-24,False,,,,False
97422000BW1257,2024-07-26,True,,,,False
97405000AE0037,2024-07-11,True,,,,False
97406000AW1173,2024-05-21,False,,,,False
97414000ET0571,2024-02-29,True,,,,False
97416000CS1534,2024-02-29,True,,,,False
97411000HW0538,2024-04-17,False,,,,False
97412000BK1713,2024-09-27,True,,,,False
97401000AS1481,2024-09-19,False,,,,False
97410000AP0235,2024-09-02,False,,,,False
97409000BK0747,2024-06-28,True,,,,False
97404000AL1609,2024-09-26,True,,,,False
97415000BZ0631,2024-12-19,True,,,,False
97412000CN0035,2024-03-01,True,,,,False
97412000CY1096,2024-12-13,False,,,,False
97422000DH0994,2024-07-10,True,,,,False
97413000BW0376,2024-02-27,False,,,,False
97412000BM0976,2024-04-30,True,,,,False
97415000ER1069,2024-06-21,False,,,,False
97411000DW0037,2024-12-19,False,,,,False
97411000AZ0479,2024-05-30,True,,,,False
97409000AT1065,2024-05-24,False,,,,False
97414000DL0120,2024-04-04,False,,,,False
97413000CY1470,2024-12-27,True,,,,False
97415000BZ0634,2024-12-19,True,,,,False
97407000AS1158,2024-12-04,False,,,,False
97411000BZ0983,2024-03-28,False,,,,False
97422000EC0476,2024-01-16,False,,,,False
97415000BZ0739,2024-03-26,False,,,,False
97413000AV0356,2024-06-07,False,,,,False
97423000AC0346,2024-01-14,True,,,,False
97403000AS0517,2024-05-22,False,,,,False
97408000AX0308,2024-11-21,True,,,,False
97422000AS0976,2024-05-27,True,,,,False
97416000ID0793,2024-06-14,False,,,,False
97419000AN0010,2024-03-28,True,,,,False
97423000AB1903,2024-03-14,False,,,,False
97415000CD0573,2024-03-15,False,,,,False
97411000CD0065,2024-12-31,False,,,,False
97416000CS0816,2024-04-23,False,,,,False
97416000IE1940,2024-04-11,False,,,,False
97418000AC0563,2024-12-23,True,,,,False
97416000ES2177,2024-06-25,False,,,,False
97415000DE0093,2024-03-28,False,,,,False
97418000BD0425,2024-03-28,True,,,,False
97415000HP0063,2024-10-17,True,,,,False
97415000DK1117,2024-09-30,True,,,,False
97413000CN1031,2024-03-21,False,,,,False
97413000CN0116,2024-12-19,False,,,,False
97412000AW0347,2024-09-06,False,,,,False
97410000AH0901,2024-12-18,False,,,,False
97403000AS1454,2024-01-05,False,,,,False
97410000BX1634,2024-04-22,True,,,,False
97412000BW0771,2024-10-29,True,,,,False
97412000BX1368,2024-07-11,True,,,,False
97422000CE0072,2024-09-06,True,,,,False
97411000IS0294,2024-07-25,True,,,,False
97411000AW0692,2024-03-18,True,,,,False
97410000BH0136,2024-10-17,False,,,,False
97414000EL0388,2024-07-15,False,,,,False
97418000AZ0233,2024-12-23,True,,,,False
97415000AW2313,2024-02-28,False,,,,False
97422000BW2947,2024-05-14,True,,,,False
97414000CH1078,2024-03-08,False,,,,False
97420000AB0820,2024-08-05,False,,,,False
97418000BD0259,2024-12-23,True,,,,False
97411000ET0060,2024-08-19,False,,,,False
97415000CM1820,2024-04-22,False,,,,False
97415000BV1055,2024-01-23,True,,,,False
97420000AO0612,2024-03-29,True,,,,False
97416000HX0718,2024-07-17,False,,,,False
97410000BY0930,2024-06-21,True,,,,False
97413000CX2806,2024-05-16,True,,,,False
97415000BW0783,2024-09-05,False,,,,False
97416000CW2858,2024-01-30,True,,,,False
97424000AM1012,2024-12-31,True,,,,False
97422000BH2097,2024-11-22,False,,,,False
97414000HA0583,2024-10-31,False,,,,False
97411000HV0097,2024-08-26,False,,,,False
97414000CV0382,2024-11-04,False,,,,False
97411000IR0504,2024-03-28,False,,,,False
97422000CW0035,2024-02-15,False,,,,False
97405000AD0148,2024-01-03,True,,,,False
97421000AI0481,2024-05-22,True,,,,False
97412000AM1622,2024-04-26,True,,,,False
97410000BH0716,2024-07-26,True,,,,False
97415000DS1023,2024-11-19,True,,,,False
97413000DG0455,2024-05-15,True,,,,False
97408000AN2078,2024-12-06,False,,,,False
97413000CR1097,2024-01-09,False,,,,False
97414000CM0207,2024-12-30,True,,,,False
97415000AY1644,2024-12-31,False,,,,False
97414000HD0357,2024-03-05,False,,,,False
97414000EN3790,2024-12-27,False,,,,False
97415000DV0413,2024-04-19,False,,,,False
97416000IK0516,2024-12-20,True,,,,False
97405000AT0048,2024-11-07,True,,,,False
97418000AW0292,2024-06-27,True,,,,False
97411000CY0547,2024-03-28,False,,,,False
97416000ES1193,2024-07-30,False,,,,False
97409000BE0188,2024-10-31,True,,,,False
97413000CV0184,2024-01-27,False,,,,False
97422000BY0684,2024-08-29,False,,,,False
97412000BL0374,2024-04-05,False,,,,False
97405000BI1276,2024-10-21,True,,,,False
97412000AX0174,2024-08-30,False,,,,False
97410000AE1352,2024-08-30,False,,,,False
97418000AR2365,2024-01-12,False,,,,False
97422000AK1071,2024-09-11,False,,,,False
97413000CU0527,2024-11-25,False,,,,False
97406000AL0666,2024-11-05,True,,,,False
97415000CH3173,2024-08-22,True,,,,False
97408000AO0674,2024-10-28,False,,,,False
97412000AN0762,2024-07-24,False,,,,False
97416000HR0380,2024-06-13,False,,,,False
97416000EM0217,2024-12-27,False,,,,False
97415000BY0449,2024-03-08,False,,,,False
97408000AN1286,2024-04-05,True,,,,False
97423000AC0340,2024-01-14,True,,,,False
97412000CV0383,2024-02-15,False,,,,False
97422000BH0680,2024-09-23,False,,,,False
97422000CE0800,2024-11-28,False,,,,False
97409000AP1819,2024-03-20,True,,,,False
97410000AO0201,2024-01-22,False,,,,False
97413000DG1081,2024-03-26,False,,,,False
97422000AX1458,2024-04-22,False,,,,False
97415000BZ0897,2024-12-19,True,,,,False
97412000CL0329,2024-03-28,True,,,,False
97409000AL2050,2024-12-26,True,,,,False
97412000AX1085,2024-10-07,True,,,,False
97404000AM0472,2024-07-30,False,,,,False
97410000BN0299,2024-07-11,False,,,,False
97412000BY1467,2024-06-15,True,,,,False
97415000EY0776,2024-04-29,True,,,,False
97416000IB0159,2024-02-19,False,,,,False
97412000BN0731,2024-01-26,False,,,,False
97415000CT0589,2024-07-26,False,,,,False
97412000CI0287,2024-06-12,False,,,,False
97406000AL0175,2024-02-02,False,,,,False
97405000AW1690,2024-07-16,True,,,,False
97411000EM0115,2024-07-05,False,,,,False
97409000AL2142,2024-12-26,True,,,,False
97413000CV0185,2024-12-26,False,,,,False
97422000BT1245,2024-11-05,True,,,,False
97414000EN2610,2024-11-21,True,,,,False
97415000AH1103,2024-04-11,False,,,,False
97406000AV0317,2024-04-22,False,,,,False
97407000AH1192,2024-12-30,True,,,,False
97413000BH0204,2024-10-28,False,,,,False
97415000CP1108,2024-04-19,False,,,,False
97402000AB1211,2024-11-15,False,,,,False
97414000EO0644,2024-09-24,False,,,,False
97422000CE0796,2024-07-22,True,,,,False
97404000AZ0004,2024-05-30,False,,,,False
97414000HC0353,2024-03-28,False,,,,False
97414000ET2302,2024-03-07,False,,,,False
97416000CS1532,2024-04-09,True,,,,False
97409000AL1821,2024-12-19,False,,,,False
97418000AS0922,2024-12-23,True,,,,False
97415000AR0093,2024-11-20,False,,,,False
97420000AS0875,2024-01-30,True,,,,False
97416000ID0202,2024-06-27,True,,,,False
97416000IK0170,2024-03-05,False,,,,False
97403000AP1961,2024-02-27,True,,,,False
97401000AN0593,2024-11-07,True,,,,False
97416000IB0494,2024-08-21,False,,,,False
97418000AV2660,2024-09-26,True,,,,False
97401000AM0823,2024-09-30,True,,,,False
97401000AP1276,2024-12-31,False,,,,False
97407000AK0873,2024-07-31,False,,,,False
97409000AK0976,2024-08-30,False,,,,False
97422000BX0562,2024-10-30,False,,,,False
97410000BI0221,2024-04-29,False,,,,False
97411000HO0197,2024-02-12,False,,,,False
97411000CD0923,2024-09-24,False,,,,False
97412000CL0334,2024-03-28,True,,,,False
97422000AS0080,2024-02-22,False,,,,False
97411000AW0693,2024-03-18,True,,,,False
97415000CT0217,2024-10-24,True,,,,False
97415000CL0814,2024-02-20,True,,,,False
97403000AR1091,2024-12-05,False,,,,False
97409000AP1667,2024-02-28,True,,,,False
97405000AW0173,2024-02-21,False,,,,False
97416000ET0458,2024-04-08,False,,,,False
97401000AT0509,2024-09-10,True,,,,False
97409000AL2010,2024-12-26,True,,,,False
97405000AT0047,2024-11-07,True,,,,False
97416000HX1542,2024-04-12,True,,,,False
97422000CS1600,2024-12-02,True,,,,False
97401000AO0989,2024-02-12,True,,,,False
97406000AV1298,2024-04-08,False,,,,False
97402000AL0061,2024-03-08,False,,,,False
97416000HX1275,2024-05-07,True,,,,False
97422000BW3474,2024-12-24,True,,,,False
97415000AV0350,2024-11-15,True,,,,False
97413000AV2199,2024-05-23,False,,,,False
97418000AV2893,2024-09-26,True,,,,False
97405000AO0246,2024-07-03,True,,,,False
97423000AC0400,2024-01-14,True,,,,False
97415000BZ0645,2024-12-19,True,,,,False
97415000BZ1072,2024-06-11,False,,,,False
97413000CW0259,2024-05-02,True,,,,False
97405000AR1472,2024-03-25,False,,,,False
97414000DI0479,2024-11-04,True,,,,False
97411000HD0133,2024-03-12,True,,,,False
97414000CT0180,2024-01-31,False,,,,False
97415000AS1937,2024-09-23,False,,,,False
97416000CZ2090,2024-06-05,True,,,,False
97403000AS0803,2024-07-10,False,,,,False
97415000ET1669,2024-01-03,False,,,,False
97410000AM0174,2024-07-23,False,,,,False
97412000CY0638,2024-04-09,True,,,,False
97411000CY0847,2024-10-11,False,,,,False
97411000IN0064,2024-10-14,False,,,,False
97415000EW1922,2024-12-04,False,,,,False
97410000AR1444,2024-10-30,True,,,,False
97412000AR0215,2024-12-16,True,,,,False
97417000BC0284,2024-11-25,False,,,,False
97417000AT1160,2024-12-26,True,,,,False
97409000AY1120,2024-10-25,True,,,,False
97415000CP1608,2024-07-11,False,,,,False
97415000DR0499,2024-02-02,True,,,,False
97411000AN0414,2024-09-19,False,,,,False
97419000AS0759,2024-06-07,False,,,,False
97410000AX0213,2024-01-31,False,,,,False
97418000AW0757,2024-11-18,False,,,,False
97415000AZ1986,2024-05-10,True,,,,False
97412000BW1014,2024-07-30,False,,,,False
97405000AR0807,2024-03-22,True,,,,False
97422000ED0274,2024-12-06,True,,,,False
97411000DZ0032,2024-11-26,True,,,,False
97407000BC0574,2024-11-26,False,,,,False
97404000AM1117,2024-03-26,False,,,,False
97416000CS0901,2024-12-05,False,,,,False
97411000BK0610,2024-04-02,True,,,,False
97422000BD0826,2024-03-01,True,,,,False
97403000AP1964,2024-02-27,True,,,,False
97418000AS1378,2024-12-23,True,,,,False
97414000CW0581,2024-02-27,True,,,,False
97412000BL0767,2024-07-09,True,,,,False
97413000CR1042,2024-06-13,True,,,,False
97411000KE0250,2024-10-14,True,,,,False
97407000AB0009,2024-03-27,True,,,,False
97401000AM0822,2024-09-30,True,,,,False
97409000BL0078,2024-11-14,True,,,,False
97420000AE0462,2024-09-03,False,,,,False
97401000AR1748,2024-08-12,False,,,,False
97418000BD0222,2024-04-19,False,,,,False
97411000EH0180,2024-01-30,True,,,,False
97421000BC0185,2024-09-24,False,,,,False
97415000BO0936,2024-07-09,True,,,,False
97423000AE0126,2024-05-31,False,,,,False
97411000CV0597,2024-01-05,False,,,,False
97416000IE2030,2024-04-23,True,,,,False
97422000BD0986,2024-07-05,False,,,,False
97401000AO0421,2024-11-07,True,,,,False
97409000AR0024,2024-09-13,False,,,,False
97415000EH0394,2024-08-02,False,,,,False
97413000CR1041,2024-06-13,True,,,,False
97414000DN0428,2024-10-23,False,,,,False
97414000DN0589,2024-05-17,False,,,,False
97412000AZ0602,2024-10-25,True,,,,False
97415000AW1417,2024-12-30,False,,,,False
97408000AI0021,2024-03-22,True,,,,False
97416000ET2121,2024-03-11,True,,,,False
97415000HI0022,2024-11-06,False,,,,False
97415000DZ0006,2024-11-07,False,,,,False
97402000AR0026,2024-03-28,True,,,,False
97412000AO0940,2024-08-26,False,,,,False
97411000HS0482,2024-07-31,True,,,,False
97408000AO1885,2024-09-24,False,,,,False
97415000EY1488,2024-06-18,True,,,,False
97403000AS0550,2024-07-31,False,,,,False
97413000DG1083,2024-08-30,False,,,,False
97414000HH0246,2024-08-26,False,,,,False
97417000BD0946,2024-02-08,False,,,,False
97411000AB0073,2024-09-24,True,,,,False
97401000AN0594,2024-11-07,True,,,,False
97415000DV0016,2024-08-26,False,,,,False
97419000AP0432,2024-07-10,True,,,,False
97411000HL0011,2024-07-26,False,,,2026-08-31 12:54:01.383002+00:00,False
97411000HY0179,2024-11-27,True,,,,False
97413000CX2006,2024-06-07,False,,,,False
97412000BW2466,2024-07-29,False,,,,False
97412000BK0314,2024-10-21,False,,,,False
97408000AR1282,2024-04-05,True,,,,False
97415000CK1040,2024-10-25,False,,,,False
97415000EN0238,2024-12-26,True,,,,False
97413000CI0577,2024-12-26,True,,,,False
97416000EY0757,2024-03-08,True,,,,False
97416000HS0423,2024-03-15,False,,,,False
97419000AI0089,2024-09-24,True,,,,False
97415000CI0257,2024-07-05,False,,,,False
97415000EX0123,2024-04-22,False,,,,False
97415000HK0167,2024-01-26,False,,,,False
97420000AN0229,2024-11-27,False,,,,False
97422000AY1232,2024-11-21,True,,,,False
97415000DN0001,2024-04-15,True,,,,False
97418000AT1755,2024-12-23,True,,,,False
97418000AL0073,2024-04-29,True,,,,False
97413000CY1530,2024-12-23,True,,,,False
97416000ET2157,2024-12-12,False,,,,False
97416000EL0092,2024-08-30,False,,,,False
97420000BH0813,2024-04-24,False,,,,False
97414000EN2745,2024-05-07,False,,,,False
97408000AV0332,2024-03-11,False,,,,False
97415000BZ0644,2024-12-19,True,,,,False
97415000DE0741,2024-06-11,False,,,,False
97409000BM0495,2024-07-25,False,,,,False
97408000AO1031,2024-07-29,False,,,,False
97423000AB1333,2024-05-23,True,,,,False
97410000AR1665,2024-11-29,True,,,,False
97416000CX0211,2024-08-29,False,,,,False
97411000EV0334,2024-03-29,False,,,,False
97412000AM2039,2024-02-15,False,,,,False
97405000AL1279,2024-11-07,True,,,,False
97408000AT1103,2024-02-14,False,,,,False
97416000HV0687,2024-12-19,True,,,,False
97416000HR0349,2024-09-06,True,,,,False
97410000BX1624,2024-11-19,False,,,,False
97422000CN1297,2024-03-18,True,,,,False
97411000EW0132,2024-02-19,False,,,,False
97415000BV1053,2024-01-23,True,,,,False
97411000HP0404,2024-12-23,True,,,,False
97414000CY0152,2024-01-26,True,,,,False
97422000AS0692,2024-05-23,False,,,,False
97405000BE0298,2024-03-25,True,,,,False
97418000BV0377,2024-02-14,False,,,,False
97422000CN1658,2024-06-27,True,,,,False
97415000BX0239,2024-09-16,True,,,,False
97416000EX1578,2024-09-11,False,,,,False
97408000BO0559,2024-09-27,True,,,,False
97415000CD0673,2024-06-20,False,,,,False
97422000AP0836,2024-02-23,False,,,,False
97418000AV1499,2024-02-28,False,,,,False
97416000HT0035,2024-12-06,False,,,,False
97422000CI0411,2024-12-19,True,,,,False
97416000EW1255,2024-07-08,False,,,,False
97410000AS0745,2024-03-26,False,,,,False
97422000BX0072,2024-05-02,False,,,,False
97416000ET2124,2024-02-16,True,,,,False
97414000HK0676,2024-04-22,False,,,,False
97412000AX0540,2024-03-05,False,,,,False
97415000BW0860,2024-04-30,True,,,,False
97413000CN0004,2024-09-09,True,,,,False
97414000HE0586,2024-01-29,True,,,,False
97414000DO0217,2024-07-17,False,,,,False
97405000AR1864,2024-03-22,False,,,,False
97413000CI0578,2024-12-26,True,,,,False
97409000AK0931,2024-12-16,True,,,,False
97422000DE0523,2024-01-11,False,,,,False
97411000ES0152,2024-08-19,False,,,,False
97416000ES1722,2024-10-21,False,,,,False
97409000AL1986,2024-12-26,True,,,,False
97414000CI0736,2024-03-19,False,,,,False
97401000AM1581,2024-06-29,False,,,,False
97418000AY0832,2024-04-08,False,,,,False
97422000AS0704,2024-10-09,True,,,,False
97415000EN0243,2024-12-26,True,,,,False
97422000BM1484,2024-11-04,False,,,,False
97416000DW0123,2024-09-26,False,,,,False
97411000AO0074,2024-05-21,False,,,,False
97415000BZ0128,2024-12-19,True,,,,False
97414000ET2285,2024-02-14,False,,,,False
97413000DK0242,2024-09-13,False,,,,False
97416000IM0512,2024-02-19,True,,,,False
97411000AS0001,2024-08-26,False,,,,False
97416000IL0010,2024-08-28,False,,,,False
97418000AO1926,2024-08-07,False,,,,False
97412000AZ0154,2024-11-18,False,,,,False
97422000CX0601,2024-12-30,False,,,,False
97420000AO0644,2024-12-23,False,,,,False
97418000BD0223,2024-12-23,True,,,,False
97424000AI2333,2024-04-26,True,,,,False
97415000CH1879,2024-01-19,False,,,,False
97411000KE0316,2024-12-13,False,,,,False
97419000AT0035,2024-07-10,True,,,,False
97414000EL1831,2024-03-14,False,,,,False
97418000AW0474,2024-01-31,True,,,,False
97420000AC0067,2024-12-12,False,,,,False
97404000AL1772,2024-03-04,True,,,,False
97422000BD2829,2024-10-24,True,,,,False
97416000DZ0330,2024-08-01,True,,,,False
97409000AY0987,2024-07-18,False,,,,False
97411000IY0078,2024-12-31,False,,,,False
97424000AN0374,2024-09-03,False,,,,False
97418000AT2387,2024-04-30,False,,,,False
97415000BV1337,2024-10-18,True,,,,False
97405000AC0088,2024-11-14,True,,,,False
97411000HW0032,2024-01-18,True,,,,False
97415000DT0795,2024-11-22,False,,,,False
97415000ET1609,2024-05-27,False,,,,False
97414000EK0641,2024-04-02,True,,,,False
97405000BE0916,2024-05-29,True,,,,False
97415000CS1131,2024-01-09,False,,,,False
97409000AL2019,2024-12-26,True,,,,False
97422000BX0043,2024-12-12,False,,,,False
97405000AD0469,2024-11-29,True,,,,False
97405000AD0683,2024-06-13,True,,,,False
97416000EI1432,2024-02-19,True,,,,False
97422000BN2962,2024-04-11,False,,,,False
97410000AT0182,2024-02-22,True,,,,False
97408000BL0059,2024-08-26,False,,,,False
97403000AS1673,2024-05-30,True,,,,False
97403000AR0115,2024-01-17,True,,,,False
97414000EL1353,2024-10-22,False,,,,False
97419000AW0166,2024-10-22,False,,,,False
97423000AB1912,2024-04-08,False,,,,False
97411000CT0258,2024-08-29,True,,,,False
97411000EX0267,2024-07-11,False,,,,False
97420000AO0626,2024-03-29,True,,,,False
97409000AK0932,2024-12-16,True,,,,False
97415000EH0550,2024-10-04,False,,,,False
97422000CN1818,2024-09-27,False,,,,False
97417000AO0317,2024-03-28,False,,,,False
97422000BN3002,2024-02-26,False,,,,False
97415000CM2164,2024-01-25,False,,,,False
97422000BP1959,2024-04-17,True,,,,False
97405000BD0164,2024-09-09,True,,,,False
97416000CV1422,2024-12-31,False,,,,False
97418000AS1388,2024-12-23,True,,,,False
97413000AV1666,2024-09-24,False,,,,False
97415000BZ0757,2024-10-29,True,,,,False
97415000DT0809,2024-07-18,False,,,,False
97406000AE0248,2024-06-17,True,,,,False
97415000DH0242,2024-11-25,False,,,,False
97409000AC0847,2024-08-28,False,,,,False
97422000CH0167,2024-02-20,False,,,,False
97412000BC0804,2024-06-24,True,,,,False
97406000AX0109,2024-04-26,False,,,,False
97422000CZ0966,2024-12-31,False,,,,False
97410000BN0271,2024-10-30,True,,,,False
97416000EW1257,2024-06-05,True,,,,False
97402000AI0954,2024-05-21,True,,,,False
97410000AS1397,2024-04-30,True,,,,False
97413000BD0366,2024-06-24,False,,,,False
97413000CX2373,2024-05-28,True,,,,False
97415000CX1331,2024-02-26,False,,,,False
97415000BP0331,2024-06-06,False,,,,False
97415000BP0193,2024-04-22,False,,,,False
97405000AW1689,2024-07-16,True,,,,False
97415000DY0169,2024-03-01,False,,,,False
97415000CX0801,2024-07-10,True,,,,False
97415000AY0974,2024-01-31,False,,,,False
97416000CW2424,2024-06-27,True,,,,False
97415000EX0054,2024-09-10,False,,,,False
97423000AC0353,2024-01-14,True,,,,False
97401000AS1560,2024-12-16,False,,,,False
97416000DS0394,2024-08-08,True,,,,False
97413000BW0371,2024-02-27,False,,,,False
97402000AH0226,2024-03-26,False,,,,False
97411000BZ1302,2024-11-26,False,,,,False
97422000BD0068,2024-11-14,True,,,,False
97409000BE2110,2024-05-07,False,,,,False
97407000BE0350,2024-12-10,False,,,,False
97413000CR1140,2024-09-24,True,,,,False
97413000DD0006,2024-09-09,True,,,,False
97403000AP2208,2024-08-28,False,,,,False
97417000BD1464,2024-02-16,False,,,,False
97416000IB0293,2024-07-05,False,,,,False
97422000CI0895,2024-06-21,True,,,,False
97422000AP1247,2024-05-10,True,,,,False
97423000AC0386,2024-01-14,True,,,,False
97406000AP0359,2024-10-31,True,,,,False
97415000HR0262,2024-10-24,False,,,,False
97412000CP0354,2024-07-11,False,,,,False
97414000HK0329,2024-05-10,True,,,,False
97418000AR1693,2024-03-05,True,,,,False
97415000BR0121,2024-02-01,True,,,,False
97409000BE1591,2024-06-20,True,,,,False
97418000AR1580,2024-09-09,False,,,,False
97414000DV0716,2024-08-16,False,,,,False
97410000BM0214,2024-01-31,True,,,,False
97417000BC0094,2024-12-17,True,,,,False
97418000AC1194,2024-10-23,True,,,,False
97411000DK0455,2024-12-02,True,,,,False
97414000EL2131,2024-07-15,False,,,,False
97404000AL1596,2024-09-26,True,,,,False
97416000IE1088,2024-12-09,True,,,,False
97409000BE1579,2024-06-20,True,,,,False
97409000BE1204,2024-11-07,False,,,,False
97410000AC0166,2024-10-10,True,,,,False
97418000BV0165,2024-03-08,False,,,,False
97410000AH1178,2024-09-06,True,,,,False
97411000IH0194,2024-08-09,False,,,,False
97409000AI1639,2024-03-05,True,,,,False
97424000AM0322,2024-09-06,False,,,,False
97415000HI0389,2024-02-16,True,,,,False
97422000EK0403,2024-10-09,True,,,,False
97415000DI0967,2024-05-23,True,,,,False
97418000BI0368,2024-09-18,True,,,,False
97414000HC0368,2024-05-14,False,,,,False
97413000DM0354,2024-10-11,False,,,,False
97404000AT0419,2024-03-14,False,,,,False
97411000DL0767,2024-05-27,False,,,,False
97422000BR1111,2024-05-31,False,,,,False
97421000BD0245,2024-11-29,False,,,,False
97422000AS0974,2024-10-09,True,,,,False
97405000AP0215,2024-10-28,True,,,,False
97407000AS0625,2024-06-27,False,,,,False
97415000BP0014,2024-05-13,True,,,,False
97407000BL0191,2024-11-22,False,,,,False
97415000DM1316,2024-01-23,True,,,,False
97415000AY1539,2024-06-13,False,,,,False
97414000DN0182,2024-02-01,False,,,,False
97402000AK0483,2024-11-06,False,,,,False
97412000CN0033,2024-03-01,True,,,,False
97416000EL0641,2024-06-21,False,,,,False
97411000AS0045,2024-04-29,False,,,,False
97416000CW2018,2024-02-26,True,,,,False
97409000AR2185,2024-03-20,False,,,,False
97412000CD0793,2024-02-29,False,,,,False
97422000BL1593,2024-08-07,True,,,,False
97410000AR1333,2024-01-18,False,,,,False
97423000AD0760,2024-01-31,False,,,,False
97411000BL0416,2024-12-04,True,,,,False
97406000AW0647,2024-09-03,True,,,,False
97422000BX0026,2024-07-11,False,,,,False
97411000EN0145,2024-07-15,False,,,,False
97416000ID0707,2024-08-29,True,,,,False
97412000AT0542,2024-07-15,True,,,,False
97403000AM0786,2024-07-01,False,,,,False
97413000CM0786,2024-03-22,False,,,,False
97411000DY0277,2024-01-30,True,,,,False
97418000BH1009,2024-10-21,False,,,,False
97406000AV0668,2024-12-16,False,,,,False
97411000BZ1607,2024-12-02,False,,,,False
97416000HI1084,2024-04-24,False,,,,False
97413000DM0258,2024-02-15,False,,,,False
97415000ET1409,2024-07-31,False,,,,False
97418000AT1759,2024-12-23,True,,,,False
97414000ET2236,2024-09-20,False,,,,False
97405000AE0035,2024-07-11,True,,,,False
97415000EO1033,2024-06-28,False,,,,False
97416000IA1608,2024-09-19,True,,,,False
97422000AE0804,2024-04-30,True,,,,False
97415000BV1338,2024-10-18,True,,,,False
97414000DE1116,2024-06-26,False,,,,False
97412000CY0643,2024-04-09,True,,,,False
97415000EV0903,2024-02-08,True,,,,False
97415000EO1092,2024-12-24,True,,,,False
97408000AT0262,2024-08-22,False,,,,False
97416000EX1900,2024-12-10,True,,,,False
97418000AT1128,2024-11-19,True,,,,False
97422000BH0545,2024-04-02,True,,,,False
97415000AY1595,2024-01-24,False,,,,False
97415000CV1292,2024-01-08,True,,,,False
97409000AL1987,2024-12-26,True,,,,False
97409000AR0842,2024-04-24,False,,,,False
97413000DD1458,2024-06-06,True,,,,False
97423000AE0452,2024-12-04,False,,,,False
97422000BD0067,2024-11-14,True,,,,False
97416000HZ0976,2024-11-18,True,,,,False
97420000AB1403,2024-05-13,False,,,,False
97422000BV2055,2024-02-14,False,,,,False
97406000AM0507,2024-09-02,False,,,,False
97415000AX1111,2024-11-22,True,,,,False
97415000CH3175,2024-08-22,True,,,,False
97411000HT0096,2024-07-12,False,,,,False
97412000AW0694,2024-12-12,True,,,,False
97414000CW0498,2024-05-28,False,,,,False
97408000AC3169,2024-02-09,False,,,,False
97423000AH1057,2024-01-18,False,,,,False
97412000CS0533,2024-06-18,False,,,,False
97405000AV0485,2024-12-30,False,,,,False
97415000CM2349,2024-11-02,True,,,,False
97409000BE1582,2024-06-20,True,,,,False
97412000BY1715,2024-05-28,True,,,,False
97415000EO1086,2024-04-17,True,,,,False
97410000AE0518,2024-04-10,False,,,,False
97413000CU1060,2024-08-19,True,,,,False
97421000AL0456,2024-12-18,True,,,,False
97411000AE0302,2024-02-29,False,,,,False
97410000AD1018,2024-08-22,True,,,,False
97411000CT1625,2024-12-23,True,,,,False
97420000AD0417,2024-10-31,True,,,,False
97404000AC0958,2024-05-17,False,,,,False
97420000AS0874,2024-01-30,True,,,,False
97422000BW3475,2024-12-24,True,,,,False
97412000BW2472,2024-12-19,True,,,,False
97415000DI0964,2024-05-23,True,,,,False
97410000CD0927,2024-05-31,False,,,,False
97411000DM0489,2024-03-22,False,,,,False
97408000BM0161,2024-10-10,False,,,,False
97405000BH0106,2024-09-26,True,,,,False
97409000AM0823,2024-12-13,False,,,,False
97422000EN0060,2024-11-05,True,,,,False
97413000DA0539,2024-06-24,True,,,,False
97420000BH2058,2024-06-21,True,,,,False
97405000BE0918,2024-12-24,True,,,,False
97415000AW0209,2024-07-08,False,,,,False
97416000CR0733,2024-07-26,False,,,,False
97416000CW2910,2024-07-17,True,,,,False
97412000BN0327,2024-03-11,False,,,,False
97415000AV0341,2024-11-15,True,,,,False
97416000DX0021,2024-12-23,False,,,,False
97418000BD0422,2024-03-28,True,,,,False
97411000EL0679,2024-08-30,True,,,,False
97415000BV1124,2024-02-23,True,,,,False
97418000BT0911,2024-11-28,False,,,,False
97416000EP0449,2024-06-20,True,,,,False
97412000BS0203,2024-09-13,False,,,,False
97411000BL0314,2024-11-26,False,,,,False
97405000AN0615,2024-06-04,True,,,,False
97415000DM1531,2024-07-09,True,,,,False
97410000AB1211,2024-02-07,False,,,,False
97414000HB0331,2024-03-04,False,,,,False
97405000AV0150,2024-05-27,False,,,,False
97405000AD0711,2024-09-20,True,,,,False
97418000AR2588,2024-10-21,True,,,,False
97402000AK2113,2024-07-23,True,,,,False
97411000HS0383,2024-12-19,False,,,,False
97412000BL1124,2024-11-15,False,,,,False
97401000AR1607,2024-01-22,True,,,,False
97415000DV0574,2024-12-19,False,,,,False
97423000AB1847,2024-12-27,True,,,,False
97421000AL0081,2024-11-27,False,,,,False
97415000AB0492,2024-12-26,False,,,,False
97413000CS0765,2024-06-06,False,,,,False
97415000CT2672,2024-04-26,False,,,,False
97409000AL1989,2024-12-26,True,,,,False
97411000CM0931,2024-10-31,True,,,,False
97411000KE0255,2024-10-14,True,,,,False
97415000BO0938,2024-07-09,True,,,,False
97413000DK0486,2024-12-09,False,,,,False
97413000BM0791,2024-03-28,True,,,,False
97416000EI1012,2024-12-16,False,,,,False
97412000CP0064,2024-09-05,True,,,,False
97409000AR0241,2024-02-19,False,,,,False
97411000AP0438,2024-08-30,False,,,,False
97415000EH0518,2024-04-26,True,,,,False
97416000EI1572,2024-12-17,False,,,,False
97420000AI0704,2024-12-18,False,,,,False
97420000AB1081,2024-06-25,False,,,,False
97418000AP3874,2024-09-17,False,,,,False
97422000BT1431,2024-02-26,True,,,,False
97418000BD0256,2024-12-23,True,,,,False
97401000AM0003,2024-08-19,False,,,,False
97401000AI0016,2024-11-25,False,,,,False
97422000BV1101,2024-04-18,False,,,,False
97416000CW2912,2024-07-31,True,,,,False
97415000DT1149,2024-01-25,False,,,,False
97415000BP0511,2024-08-09,False,,,,False
97411000BP0789,2024-12-30,True,,,,False
97411000BD0222,2024-10-17,False,,,,False
97415000BO0614,2024-10-28,True,,,,False
97405000AM0529,2024-08-26,True,,,,False
97423000AB1914,2024-12-18,False,,,,False
97418000BD0133,2024-06-28,False,,,,False
97416000DE1332,2024-03-12,False,,,,False
97411000BZ1461,2024-09-06,False,,,,False
97422000EC0505,2024-06-03,False,,,,False
97416000IE2020,2024-12-02,False,,,,False
97414000CN0555,2024-02-09,True,,,,False
97416000CZ0756,2024-06-05,True,,,,False
97418000AV1079,2024-07-30,True,,,,False
97416000EN0639,2024-02-29,True,,,,False
97405000BI1177,2024-01-19,True,,,,False
97415000BW2012,2024-09-17,False,,,,False
97406000AN0134,2024-07-09,False,,,,False
97411000AE0431,2024-03-29,False,,,,False
97416000IA0807,2024-01-09,False,,,,False
97415000DE0205,2024-12-16,False,,,,False
97415000EO0918,2024-02-29,True,,,,False
97416000HI0942,2024-02-13,False,,,,False
97413000DD1460,2024-06-06,True,,,,False
97411000BL0186,2024-02-22,False,,,,False
97412000AZ0446,2024-07-30,False,,,,False
97417000AT0835,2024-10-09,False,,,,False
97405000AK1291,2024-09-03,False,,,,False
97409000AS2107,2024-08-01,True,,,,False
97415000AZ1549,2024-06-14,True,,,,False
97409000AI1636,2024-03-05,True,,,,False
97411000BH0976,2024-12-09,True,,,,False
97416000CW2909,2024-11-20,True,,,,False
97414000EN4026,2024-10-25,False,,,,False
97410000BN0388,2024-10-29,False,,,,False
97411000AB0072,2024-09-24,True,,,,False
97412000BW1296,2024-07-19,False,,,,False
97415000AY0353,2024-06-28,False,,,,False
97405000AO0461,2024-07-24,True,,,,False
97414000HK0674,2024-06-14,False,,,,False
97410000AX1002,2024-02-27,False,,,,False
97422000BN1795,2024-12-13,False,,,,False
97415000AS1920,2024-03-20,True,,,,False
97416000CZ1597,2024-09-06,True,,,,False
97415000DE1109,2024-11-07,False,,,,False
97415000CS0923,2024-12-06,False,,,,False
97411000HS0497,2024-07-31,True,,,,False
97421000AV1349,2024-02-29,False,,,,False
97419000AP0417,2024-07-10,True,,,,False
97421000AP0447,2024-07-12,True,,,,False
97411000CT0257,2024-08-29,True,,,,False
97416000DE0653,2024-06-26,True,,,,False
97413000DC1756,2024-08-27,False,,,,False
97408000AI0051,2024-03-22,True,,,,False
97422000AP0637,2024-12-10,True,,,,False
97422000DI0054,2024-10-09,False,,,,False
97401000AR0203,2024-06-24,False,,,,False
97415000EK0629,2024-02-09,True,,,,False
97413000CQ0869,2024-12-19,False,,,,False
97411000HS0508,2024-07-31,True,,,,False
97416000EX1252,2024-10-10,False,,,,False
97405000AD0700,2024-07-15,True,,,,False
97410000AK0484,2024-12-31,True,,,,False
97422000AR0196,2024-12-12,True,,,,False
97424000AR0079,2024-08-06,False,,,,False
97411000IB0051,2024-03-21,False,,,,False
97416000HY1657,2024-07-25,False,,,,False
97421000AL0607,2024-11-29,True,,,,False
97408000BO0446,2024-09-27,True,,,,False
97411000DL0780,2024-02-28,False,,,,False
97413000AC0743,2024-01-23,True,,,,False
97417000BM0003,2024-09-09,True,,,,False
97413000DE2501,2024-12-19,False,,,,False
97412000BY0853,2024-10-09,False,,,,False
97415000EH0540,2024-11-12,False,,,,False
97401000AO1081,2024-09-30,True,,,,False
97404000AT0112,2024-01-12,False,,,,False
97415000CH3360,2024-10-04,False,,,,False
97422000BZ0091,2024-12-24,False,,,,False
97404000AZ0207,2024-11-13,False,,,,False
97408000AN0401,2024-04-08,False,,,,False
97412000BW0935,2024-11-27,False,,,,False
97413000BM0825,2024-10-10,False,,,,False
97411000KC0004,2024-10-23,False,,,,False
97413000BM0596,2024-12-19,True,,,,False
97415000AZ1704,2024-12-19,True,,,,False
97409000BM1129,2024-07-29,True,,,,False
97413000CX2122,2024-06-06,False,,,,False
97417000AP0029,2024-02-23,True,,,,False
97412000AX1030,2024-12-26,True,,,,False
97422000BK2499,2024-06-17,False,,,,False
97401000AO0428,2024-10-15,True,,,,False
97413000CY1531,2024-12-23,False,,,,False
97416000DE1889,2024-07-15,False,,,,False
97408000AP0124,2024-01-02,False,,,,False
97407000AS0367,2024-12-11,False,,,,False
97408000AS0230,2024-12-17,False,,,,False
97413000CH0777,2024-09-04,False,,,,False
97417000BC1058,2024-10-01,True,,,,False
97419000AI0501,2024-09-24,True,,,,False
97414000CI0796,2024-10-10,False,,,,False
97407000AY0402,2024-03-12,False,,,,False
97411000HM0217,2024-07-23,False,,,,False
97412000CX0888,2024-06-10,False,,,,False
97422000BR1807,2024-05-10,True,,,,False
97418000BN0230,2024-12-14,True,,,,False
97411000AZ0215,2024-04-12,False,,,,False
97420000AI0972,2024-08-20,False,,,,False
97411000AW0694,2024-02-16,True,,,,False
97417000BC0731,2024-09-06,False,,,,False
97409000BM0984,2024-12-11,True,,,,False
97414000CR0673,2024-04-25,True,,,,False
97409000AX1082,2024-08-07,True,,,,False
97418000AT1361,2024-01-26,True,,,,False
97418000AT2294,2024-01-22,False,,,,False
97415000CR0797,2024-12-11,False,,,,False
97415000BZ0918,2024-12-19,True,,,,False
97422000DH0992,2024-07-10,True,,,,False
97424000AM0321,2024-09-06,False,,,,False
97404000AT0485,2024-01-24,False,,,,False
97411000AM0089,2024-12-16,True,,,,False
97413000CT0434,2024-01-25,False,,,,False
97410000BX1732,2024-10-17,True,,,,False
97412000CR0695,2024-05-30,False,,,,False
97422000ED0311,2024-12-06,True,,,,False
97415000BV1608,2024-07-22,True,,,,False
97401000AR1481,2024-06-25,False,,,,False
97415000DM1112,2024-04-26,True,,,,False
97411000AO0466,2024-01-17,True,,,,False
97418000AT1997,2024-12-23,True,,,,False
97416000CS1541,2024-04-30,True,,,,False
97415000CM0834,2024-02-09,True,,,,False
97407000AL1154,2024-12-30,False,,,,False
97413000CX1159,2024-08-27,True,,,,False
97403000AS2056,2024-01-23,False,,,,False
97424000AM0173,2024-09-06,False,,,,False
97413000CX1413,2024-09-09,True,,,,False
97421000AP0542,2024-04-18,True,,,,False
97405000BI1256,2024-08-29,True,,,,False
97406000AV0882,2024-05-27,True,,,,False
97413000CN0999,2024-04-17,False,,,,False
97422000BD2233,2024-06-29,True,,,,False
97411000IZ0398,2024-09-26,False,,,,False
97423000AE0385,2024-04-09,False,,,,False
97421000AV1158,2024-04-03,False,,,,False
97411000IE0803,2024-12-09,False,,,,False
97410000AV0687,2024-03-13,False,,,,False
97409000AY1505,2024-12-30,True,,,,False
97415000AX0218,2024-05-24,False,,,,False
97412000AZ0934,2024-12-30,False,,,,False
97407000AK1297,2024-10-22,True,,,,False
97416000CS1616,2024-04-16,True,,,,False
97406000AV0705,2024-03-29,True,,,,False
97411000EP0181,2024-06-24,False,,,,False
97413000CE0307,2024-03-21,False,,,,False
97414000EN4126,2024-11-25,True,,,,False
97416000CZ2096,2024-06-05,True,,,,False
97411000AE0355,2024-04-16,False,,,,False
97411000CE1326,2024-04-02,False,,,,False
97415000ER1722,2024-12-13,True,,,,False
97415000CP2007,2024-02-13,False,,,,False
97411000HY0163,2024-12-31,False,,,,False
97409000BM1417,2024-06-28,True,,,,False
97408000AM1279,2024-03-15,False,,,,False
97422000BO1809,2024-04-26,False,,,,False
97412000BW2009,2024-07-03,True,,,,False
97415000AX1088,2024-06-20,True,,,,False
97418000BH1020,2024-11-21,False,,,,False
97411000KC0064,2024-09-04,False,,,,False
97412000AK0084,2024-09-12,False,,,,False
97403000AS0753,2024-08-21,False,,,,False
97415000AS1915,2024-10-14,True,,,,False
97409000AL0762,2024-07-31,False,,,,False
97422000BR1432,2024-06-03,False,,,,False
97422000BT0364,2024-12-19,True,,,,False
97422000CS1588,2024-03-21,True,,,,False
97413000CR1139,2024-11-15,False,,,,False
97406000AR0343,2024-05-27,False,,,,False
97409000AI1676,2024-02-21,True,,,,False
97407000AV0298,2024-12-05,False,,,,False
97411000DN0106,2024-12-13,False,,,,False
97424000AM0897,2024-02-29,False,,,,False
97411000AO0763,2024-01-17,True,,,,False
97416000DS0657,2024-11-28,False,,,,False
97422000EH0049,2024-03-25,False,,,,False
97414000EO1330,2024-07-11,False,,,,False
97422000AW0866,2024-09-19,True,,,,False
97418000AT0555,2024-06-11,False,,,,False
97413000DJ0036,2024-03-22,True,,,,False
97411000DR0404,2024-08-28,False,,,,False
97416000CS1597,2024-01-18,True,,,,False
97416000IB0686,2024-12-31,False,,,,False
97407000AH0246,2024-07-30,True,,,,False
97415000CO0287,2024-06-26,False,,,,False
97422000BO1698,2024-04-26,True,,,,False
97401000AS0980,2024-02-27,False,,,,False
97422000AS0978,2024-12-27,False,,,,False
97420000AH0141,2024-12-27,False,,,,False
97408000AP1267,2024-08-30,False,,,,False
97409000AL1958,2024-12-26,True,,,,False
97412000BY0214,2024-09-13,False,,,,False
97407000AV0129,2024-11-29,False,,,,False
97418000AR2599,2024-07-29,False,,,,False
97413000DJ0037,2024-03-22,True,,,,False
97411000IT0056,2024-10-15,False,,,,False
97413000DG0423,2024-08-08,False,,,,False
97416000HS0519,2024-02-05,True,,,,False
97412000BX1027,2024-04-09,False,,,,False
97410000CD0169,2024-11-29,True,,,,False
97411000HE0026,2024-09-04,False,,,,False
97405000AR1677,2024-07-03,False,,,,False
97412000AH0090,2024-01-05,False,,,,False
97417000AL0074,2024-06-05,False,,,,False
97411000EL0260,2024-05-17,True,,,,False
97415000CR0810,2024-12-02,True,,,,False
97406000AH0554,2024-07-24,False,,,,False
97418000BO0224,2024-12-16,False,,,,False
97406000AS0215,2024-04-29,False,,,,False
97415000CS0523,2024-06-13,True,,,,False
97414000CM0218,2024-12-30,False,,,,False
97411000AT0450,2024-04-29,False,,,,False
97422000DM0106,2024-06-10,True,,,,False
97422000CP0216,2024-01-03,False,,,,False
97415000EH0557,2024-08-30,False,,,,False
97405000AO0177,2024-07-03,True,,,,False
97414000DY0374,2024-06-13,True,,,,False
97404000AV0427,2024-10-10,False,,,,False
97410000AS1463,2024-10-21,False,,,,False
97412000CP0075,2024-09-05,True,,,,False
97409000AX1121,2024-12-16,False,,,,False
97407000AE0826,2024-12-06,True,,,,False
97416000CS0884,2024-03-06,False,,,,False
97410000BX0406,2024-08-30,False,,,,False
97410000BW0282,2024-07-30,True,,,,False
97411000EP0224,2024-04-03,False,,,,False
97413000DM0370,2024-06-19,True,,,,False
97410000AB0119,2024-01-24,False,,,,False
97418000AT2052,2024-07-12,False,,,,False
97414000CM0323,2024-12-30,True,,,,False
97412000CW1074,2024-03-14,False,,,,False
97414000ET2317,2024-12-12,False,,,,False
97405000AB0200,2024-12-23,False,,,,False
97410000AS1395,2024-04-30,True,,,,False
97415000AY1596,2024-12-17,False,,,,False
97416000CZ2367,2024-11-19,False,,,,False
97415000DE1235,2024-07-05,True,,,,False
97415000DK1103,2024-02-27,True,,,,False
97415000CY0128,2024-07-31,False,,,,False
97401000AR1741,2024-11-05,True,,,,False
97411000HW0272,2024-09-27,False,,,,False
97409000AL1968,2024-12-26,True,,,,False
97415000AY1527,2024-01-29,False,,,,False
97404000AM1143,2024-12-10,False,,,,False
97409000BE2294,2024-04-24,True,,,,False
97408000AM0318,2024-09-30,True,,,,False
97416000EV0158,2024-05-06,True,,,,False
97420000AB1819,2024-01-31,True,,,,False
97412000CS0531,2024-02-09,True,,,,False
97415000DW0262,2024-09-26,False,,,,False
97414000EN2303,2024-06-18,False,,,,False
97407000AK1900,2024-07-30,False,,,,False
97417000AS0148,2024-10-17,False,,,,False
97410000AC0164,2024-10-10,True,,,,False
97412000CV0989,2024-12-27,False,,,,False
97412000BV0330,2024-05-23,False,,,,False
97404000BA0077,2024-07-25,True,,,,False
97409000AI1673,2024-02-21,True,,,,False
97412000BM1377,2024-09-18,False,,,,False
97415000CM2304,2024-08-20,False,,,,False
97403000AP1708,2024-10-22,True,,,,False
97422000CD0251,2024-03-22,True,,,,False
97410000BX1942,2024-10-17,True,,,,False
97411000AW0265,2024-08-27,True,,,,False
97415000BN0732,2024-08-08,True,,,,False
97413000CX1757,2024-05-02,True,,,,False
97411000BP0620,2024-02-03,False,,,,False
97409000BD1109,2024-06-20,False,,,,False
97406000AP0051,2024-12-10,False,,,,False
97418000AL0205,2024-10-30,False,,,,False
97411000AP0451,2024-06-21,False,,,,False
97409000BE0645,2024-12-31,True,,,,False
97422000AL1337,2024-06-13,False,,,,False
97418000AV2668,2024-09-26,True,,,,False
97409000AX1113,2024-08-27,False,,,,False
97412000BX1001,2024-03-28,True,,,,False
97418000AT1994,2024-12-23,True,,,,False
97407000AT0104,2024-06-26,False,,,,False
97405000AD0706,2024-09-20,True,,,,False
97416000HN1788,2024-08-07,False,,,,False
97422000DM0371,2024-06-21,False,,,,False
97422000BP0481,2024-01-12,False,,,,False
97417000BC1057,2024-10-01,True,,,,False
97416000ID0287,2024-06-27,True,,,,False
97413000CY1461,2024-10-29,False,,,,False
97416000HY1666,2024-05-13,False,,,,False
97412000CE2818,2024-08-02,True,,,,False
97416000EK0604,2024-04-26,False,,,,False
97412000CE2814,2024-04-24,True,,,,False
97401000AN0157,2024-11-07,True,,,,False
97410000AO0187,2024-03-20,False,,,,False
97413000CN0376,2024-07-16,True,,,,False
97420000AR0703,2024-02-09,False,,,,False
97413000CR0851,2024-10-24,False,,,,False
97416000DR0298,2024-11-08,True,,,,False
97405000AD0722,2024-09-20,True,,,,False
97411000KE0389,2024-09-16,True,,,,False
97411000CD1051,2024-09-25,False,,,,False
97412000BW2000,2024-07-03,True,,,,False
97411000DH0261,2024-06-18,False,,,,False
97415000BC0277,2024-10-14,False,,,,False
97410000AV0673,2024-12-04,True,,,,False
97414000EN2606,2024-11-21,True,,,,False
97422000BO1700,2024-04-26,True,,,,False
97415000BV1555,2024-03-15,False,,,,False
97415000HI0334,2024-07-11,False,,,,False
97413000CY1473,2024-12-23,True,,,,False
97418000AS1017,2024-12-23,True,,,,False
97406000AW1041,2024-12-23,False,,,,False
97415000DM1333,2024-07-09,True,,,,False
97411000DL0783,2024-06-18,False,,,,False
97406000AI0598,2024-09-26,False,,,,False
97409000AY0362,2024-03-20,False,,,,False
97410000CD0926,2024-05-31,False,,,,False
97418000AP4324,2024-05-23,True,,,,False
97416000HM0061,2024-02-27,True,,,,False
97405000AR1844,2024-10-30,False,,,,False
97424000AI2354,2024-12-13,True,,,,False
97415000DT0800,2024-12-10,True,,,,False
97416000CT0924,2024-10-15,True,,,,False
97411000DW0146,2024-11-28,True,,,,False
97419000AR0819,2024-11-09,False,,,,False
97408000BK0451,2024-09-06,False,,,,False
97410000AY0094,2024-05-31,False,,,,False
97409000AS1894,2024-01-26,True,,,,False
97409000BK0761,2024-12-10,False,,,,False
97405000AR1493,2024-02-07,False,,,,False
97412000CE2487,2024-08-23,False,,,,False
97424000AM1006,2024-04-19,False,,,,False
97411000BK0063,2024-03-06,False,,,,False
97401000AN0607,2024-11-07,True,,,,False
97410000AT1076,2024-05-22,True,,,,False
97418000AS0787,2024-02-05,False,,,,False
97404000AD0714,2024-03-29,True,,,,False
97415000EW1511,2024-07-24,False,,,,False
97416000HX1205,2024-07-31,True,,,,False
97422000BX0835,2024-07-11,False,,,,False
97413000DJ0582,2024-02-28,True,,,,False
97423000AK1568,2024-10-08,False,,,,False
97410000BW1104,2024-09-06,False,,,,False
97414000HI0984,2024-02-23,False,,,,False
97415000DK1111,2024-06-19,True,,,,False
97409000AK1315,2024-09-12,False,,,,False
97416000CX0788,2024-07-12,False,,,,False
97415000CX0660,2024-07-10,True,,,,False
97411000IB0342,2024-09-04,False,,,,False
97412000AO0932,2024-11-04,False,,,,False
97415000DN0489,2024-02-23,False,,,,False
97410000AV0644,2024-11-25,True,,,,False
97414000HB0359,2024-12-27,True,,,,False
97401000AI0480,2024-12-13,False,,,,False
97415000CD0676,2024-12-12,False,,,,False
97403000AP1224,2024-03-20,False,,,,False
97419000AN0009,2024-03-28,True,,,,False
97412000BW0896,2024-03-18,False,,,,False
97416000HV0688,2024-12-19,True,,,,False
97416000HY1225,2024-09-06,True,,,,False
97422000BE2813,2024-06-27,True,,,,False
97401000AR1077,2024-04-26,False,,,,False
97420000AS1222,2024-01-24,True,,,,False
97411000HC0173,2024-10-03,False,,,,False
97422000BV2581,2024-06-17,False,,,,False
97423000AK2018,2024-06-04,False,,,,False
97418000AP1814,2024-12-23,True,,,,False
97413000CL0703,2024-01-11,False,,,,False
97415000CM2342,2024-11-02,True,,,,False
97422000ED0011,2024-11-04,False,,,,False
97416000HR0365,2024-09-06,True,,,,False
97422000AX1191,2024-03-12,False,,,,False
97414000ET0400,2024-10-28,False,,,,False
97415000BN0210,2024-06-27,False,,,,False
97412000AM1673,2024-02-16,False,,,,False
97412000BN0663,2024-05-10,False,,,,False
97414000ET1827,2024-06-10,False,,,,False
97415000EM0432,2024-05-15,False,,,,False
97415000CM2358,2024-11-02,True,,,,False
97414000EZ0195,2024-08-30,False,,,,False
97405000AN0616,2024-06-04,True,,,,False
97415000AV0420,2024-12-06,True,,,,False
97422000BD0307,2024-03-01,True,,,,False
97422000CM1096,2024-10-31,True,,,,False
97415000BP0051,2024-12-18,False,,,,False
97412000AV1154,2024-09-20,False,,,,False
97418000AV2895,2024-09-12,True,,,,False
97422000EN0067,2024-11-05,True,,,,False
97420000AE0407,2024-06-24,False,,,,False
97405000AD0559,2024-04-25,False,,,,False
97424000AM0408,2024-09-06,False,,,,False
97423000AK1879,2024-04-22,False,,,,False
97414000CO0073,2024-10-31,False,,,,False
97409000AR1403,2024-05-30,False,,,,False
97412000AX1026,2024-12-26,True,,,,False
97415000CL0919,2024-02-22,False,,,,False
97409000AP1821,2024-03-20,True,,,,False
97409000AT0067,2024-04-10,False,,,,False
97415000AZ1544,2024-01-26,False,,,,False
97411000DS0443,2024-11-04,False,,,,False
97422000CX1160,2024-10-25,False,,,,False
97412000BS0431,2024-04-17,False,,,,False
97411000DM0020,2024-11-26,True,,,,False
97422000BV1878,2024-03-19,False,,,,False
97414000CH0894,2024-10-10,False,,,,False
97409000BK0709,2024-03-01,False,,,,False
97401000AR1731,2024-02-08,True,,,,False
97411000DT0301,2024-05-15,True,,,,False
97416000EI0999,2024-02-19,True,,,,False
97406000AO0254,2024-05-21,False,,,,False
97414000DM0814,2024-12-31,False,,,,False
97414000EM0990,2024-08-30,True,,,,False
97405000AO0179,2024-07-03,True,,,,False
97401000AR1611,2024-01-22,False,,,,False
97411000IH0543,2024-06-06,True,,,,False
97414000EN3798,2024-05-30,False,,,,False
97415000CZ0543,2024-01-30,False,,,,False
97422000AS0972,2024-10-09,True,,,,False
97413000CI0682,2024-05-14,False,,,,False
97401000AS0612,2024-03-12,False,,,,False
97413000DA0301,2024-06-28,False,,,,False
97415000BO0420,2024-06-18,True,,,,False
97414000DH0321,2024-12-31,True,,,,False
97415000EY1049,2024-11-14,False,,,,False
97409000AN0460,2024-02-12,False,,,,False
97410000CL0183,2024-10-22,False,,,,False
97413000BM0600,2024-12-19,True,,,,False
97416000DM0677,2024-05-31,True,,,,False
97413000CG0877,2024-02-23,True,,,,False
97411000IY0004,2024-02-21,False,,,,False
97416000CS1603,2024-08-23,False,,,,False
97403000AO0204,2024-08-09,True,,,,False
97416000ES2217,2024-06-28,False,,,,False
97415000EH0516,2024-04-26,True,,,,False
97415000AV0670,2024-12-03,True,,,,False
97415000CT2566,2024-02-22,False,,,,False
97405000BH1020,2024-06-21,True,,,,False
97412000AZ0822,2024-08-27,True,,,,False
97411000IS0673,2024-07-25,True,,,,False
97422000AK0840,2024-07-05,False,,,,False
97408000BO0601,2024-04-03,False,,,,False
97409000AR1960,2024-04-30,False,,,,False
97411000EZ0077,2024-12-04,False,,,,False
97412000AY0188,2024-11-26,True,,,,False
97416000IA1605,2024-09-27,False,,,,False
97422000CO0385,2024-06-28,True,,,,False
97416000ET0883,2024-07-12,False,,,,False
97416000DM0046,2024-03-28,False,,,,False
97415000DE1192,2024-02-28,True,,,,False
97411000DZ0037,2024-10-31,False,,,,False
97416000EX1890,2024-09-03,False,,,,False
97408000AP1487,2024-01-30,False,,,,False
97408000AM1110,2024-08-21,False,,,,False
97415000CK0482,2024-04-03,False,,,,False
97405000AL1550,2024-09-05,True,,,,False
97415000EO0907,2024-06-14,True,,,,False
97417000AT0498,2024-09-04,True,,,,False
97413000AV2289,2024-04-23,True,,,,False
97414000CH1153,2024-02-20,False,,,,False
97412000BS0233,2024-05-22,False,,,,False
97408000AO0327,2024-04-03,True,,,,False
97414000EV0838,2024-09-13,False,,,,False
97415000EK0628,2024-05-31,True,,,,False
97418000AC0504,2024-02-20,False,,,,False
97413000CX0778,2024-02-27,False,,,,False
97415000CM0833,2024-02-09,True,,,,False
97416000CS1618,2024-04-16,True,,,,False
97405000AD0147,2024-01-03,True,,,,False
97413000AC0583,2024-09-30,False,,,,False
97416000CX1486,2024-01-04,True,,,,False
97410000BS0678,2024-08-29,False,,,,False
97415000BW2013,2024-05-07,False,,,,False
97412000CP0162,2024-08-20,False,,,,False
97414000DT0723,2024-06-11,False,,,,False
97413000DE1823,2024-12-31,False,,,,False
97418000AS1374,2024-12-23,True,,,,False
97406000AE0619,2024-06-17,True,,,,False
97422000AV0251,2024-01-30,False,,,,False
97415000CR0807,2024-12-02,True,,,,False
97410000AR1579,2024-06-19,False,,,,False
97413000CW0299,2024-08-14,True,,,,False
97404000AV0247,2024-11-29,False,,,,False
97407000BI0051,2024-06-18,False,,,,False
97412000BY1641,2024-10-23,False,,,,False
97422000BP1461,2024-07-11,False,,,,False
97415000HI0019,2024-04-26,False,,,,False
97424000AI0486,2024-04-19,False,,,,False
97422000AL0736,2024-12-16,False,,,,False
97418000AY0023,2024-06-13,False,,,,False
97409000AS1553,2024-03-05,False,,,,False
97416000DV0212,2024-05-07,False,,,,False
97408000AB0265,2024-09-24,True,,,,False
97407000AO1750,2024-04-11,False,,,,False
97419000AP0213,2024-07-10,True,,,,False
97412000BK1991,2024-05-31,True,,,,False
97416000DE1806,2024-08-09,True,,,,False
97406000AP0356,2024-10-31,True,,,,False
97412000BW2473,2024-12-19,True,,,,False
97418000AC0566,2024-12-23,True,,,,False
97416000EY0493,2024-03-08,True,,,,False
97410000BX1956,2024-12-31,False,,,,False
97412000AX1020,2024-12-12,True,,,,False
97416000CS1315,2024-11-28,False,,,,False
97422000BH2084,2024-05-31,False,,,,False
97420000BD0177,2024-02-27,True,,,,False
97411000AL0449,2024-05-28,False,,,,False
97424000AI0570,2024-08-07,False,,,,False
97422000BR1808,2024-05-10,True,,,,False
97422000BR1854,2024-12-30,True,,,,False
97411000EH0183,2024-04-26,True,,,,False
97417000AO0552,2024-11-07,True,,,,False
97414000CT1536,2024-12-16,True,,,,False
97414000CY0324,2024-08-13,False,,,,False
97413000BW0380,2024-02-27,False,,,,False
97402000AK1500,2024-12-04,False,,,,False
97416000DV0090,2024-11-23,False,,,,False
97415000DS0474,2024-12-06,True,,,,False
97415000DM1528,2024-07-09,True,,,,False
97411000ES0054,2024-08-22,False,,,,False
97403000AO0742,2024-03-19,True,,,,False
97417000AT1162,2024-12-26,True,,,,False
97416000EY1278,2024-02-14,False,,,,False
97411000CX1748,2024-01-22,False,,,,False
97410000AT0786,2024-05-28,False,,,,False
97406000AI0605,2024-06-12,True,,,,False
97424000AI2335,2024-04-26,True,,,,False
97418000AT1752,2024-12-23,True,,,,False
97414000CV0091,2024-06-28,False,,,,False
97409000AS0710,2024-10-04,False,,,,False
97412000BM0975,2024-04-30,True,,,,False
97416000CS1569,2024-02-02,False,,,,False
97411000HR0138,2024-12-19,False,,,,False
97418000AR2585,2024-09-27,False,,,,False
97409000BD0208,2024-04-11,False,,,,False
97409000AS1266,2024-07-08,True,,,,False
97415000DN0148,2024-04-15,True,,,,False
97415000DR0500,2024-02-02,True,,,,False
97418000AS0725,2024-09-09,False,,,,False
97412000AV0572,2024-04-22,True,,,,False
97410000BH0713,2024-07-26,False,,,,False
97411000HO0031,2024-03-29,True,,,,False
97411000CT0261,2024-08-29,True,,,,False
97409000AN0671,2024-12-23,False,,,,False
97414000EV0729,2024-12-19,True,,,,False
97403000AP0192,2024-09-16,False,,,,False
97413000CG0846,2024-07-12,False,,,,False
97409000AX1083,2024-08-07,True,,,,False
97416000EW1261,2024-06-05,True,,,,False
97422000BT1420,2024-02-26,True,,,,False
97405000BI1235,2024-01-18,False,,,,False
97415000CY0209,2024-10-28,False,,,,False
97401000AR1619,2024-01-22,True,,,,False
97411000HS0404,2024-12-18,True,,,,False
97407000AO1003,2024-05-30,False,,,,False
97424000AI1995,2024-04-26,True,,,,False
97416000CS1260,2024-04-16,True,,,,False
97403000AS2090,2024-10-18,False,,,,False
97416000IK0046,2024-08-09,False,,,,False
97415000CY0327,2024-06-21,True,,,,False
97411000EK0313,2024-12-18,False,,,,False
97403000AR0512,2024-09-12,False,,,,False
97423000AH0639,2024-08-09,True,,,,False
97422000AP0064,2024-10-16,False,,,,False
97414000HE0334,2024-05-24,False,,,,False
97405000AD0716,2024-07-15,True,,,,False
97410000BV0433,2024-05-07,False,,,,False
97421000BC0197,2024-08-07,False,,,,False
97412000AN0442,2024-02-09,False,,,,False
97412000BW2450,2024-12-31,False,,,,False
97415000BZ0129,2024-12-19,True,,,,False
97411000BE0197,2024-11-26,False,,,,False
97422000EM0228,2024-12-26,True,,,,False
97415000DR1020,2024-02-19,True,,,,False
97415000DR0495,2024-02-02,True,,,,False
97416000IB0292,2024-03-28,False,,,,False
97409000AS1872,2024-11-08,False,,,,False
97420000BD1298,2024-09-20,False,,,,False
97415000CX0664,2024-07-10,True,,,,False
97408000AS0619,2024-10-04,True,,,,False
97416000IM0583,2024-02-02,False,,,,False
97412000BH0746,2024-07-19,False,,,,False
97411000HI0607,2024-06-27,False,,,,False
97415000BZ0588,2024-12-19,True,,,,False
97411000IH0452,2024-06-25,True,,,,False
97406000AC0504,2024-08-16,True,,,,False
97412000CH0432,2024-08-20,True,,,,False
97418000AP1813,2024-12-23,True,,,,False
97414000EM0279,2024-12-30,False,,,,False
97409000AI0406,2024-09-06,False,,,,False
97423000AC0414,2024-01-14,True,,,,False
97404000AL1232,2024-09-27,False,,,,False
97411000HX0435,2024-05-24,False,,,,False
97416000IA1633,2024-04-29,False,,,,False
97415000CM1208,2024-01-17,False,,,,False
97412000AM1477,2024-07-24,True,,,,False
97424000AE1435,2024-12-12,True,,,,False
97409000AL2011,2024-12-26,True,,,,False
97403000AM0824,2024-03-08,False,,,,False
97414000HE0169,2024-02-08,True,,,,False
97408000AP1106,2024-12-03,False,,,,False
97412000AL0337,2024-08-28,True,,,,False
97401000AD1518,2024-09-26,True,,,,False
97405000AL1598,2024-09-25,False,,,,False
97412000BS0058,2024-08-01,False,,,,False
97422000AX1409,2024-05-15,False,,,,False
97412000BC0812,2024-05-31,True,,,,False
97413000CD0401,2024-03-07,False,,,,False
97416000EP0971,2024-04-16,False,,,,False
97414000CM0209,2024-12-30,True,,,,False
97411000CM0535,2024-07-08,True,,,,False
97423000AC0415,2024-01-14,True,,,,False
97411000AP0488,2024-09-11,False,,,,False
97413000DE2395,2024-11-25,False,,,,False
97418000AY0293,2024-07-30,False,,,,False
97412000CT0782,2024-10-17,False,,,,False
97418000AT2013,2024-05-03,True,,,,False
97411000EP0077,2024-07-01,False,,,,False
97422000EN0289,2024-04-16,False,,,,False
97416000CV2323,2024-07-01,True,,,,False
97407000AS0428,2024-07-10,True,,,,False
97415000DT0808,2024-09-24,False,,,,False
97416000DM0740,2024-06-25,True,,,,False
97405000BE1754,2024-07-09,True,,,,False
97407000AH0245,2024-07-30,True,,,,False
97413000BH0935,2024-07-03,True,,,,False
97407000BC0515,2024-01-25,False,,,,False
97402000AK0382,2024-08-30,False,,,,False
97416000IE0962,2024-01-23,False,,,,False
97412000AV0754,2024-08-09,False,,,,False
97411000HX0347,2024-07-15,False,,,,False
97407000BC0043,2024-11-26,False,,,,False
97422000DH0995,2024-07-10,True,,,,False
97415000EZ0069,2024-05-28,False,,,,False
97422000BK1289,2024-07-30,False,,,,False
97415000EH0548,2024-04-19,False,,,,False
97411000KE0387,2024-02-15,True,,,,False
97416000CO0946,2024-08-16,False,,,,False
97422000CL1468,2024-11-14,False,,,,False
97420000AZ0448,2024-02-22,False,,,,False
97413000ZA0075,2024-08-13,False,,,,False
97409000AO0370,2024-11-27,False,,,,False
97422000AE0919,2024-08-19,False,,,,False
97416000HX1274,2024-05-07,True,,,,False
97415000AW2312,2024-02-28,False,,,,False
97414000HK0159,2024-08-08,False,,,,False
97415000DI0965,2024-05-23,True,,,,False
97421000BC0307,2024-12-17,True,,,,False
97416000EX1878,2024-02-14,False,,,,False
97413000CY1468,2024-12-23,True,,,,False
97412000AV1164,2024-08-29,True,,,,False
97405000AI0405,2024-09-07,False,,,,False
97415000CR1251,2024-04-17,False,,,,False
97408000AB0414,2024-12-13,True,,,,False
97415000HN0026,2024-12-23,False,,,,False
97414000ES0528,2024-10-14,False,,,,False
97412000CP0140,2024-01-12,True,,,,False
97422000BX0285,2024-11-15,False,,,,False
97405000BI1155,2024-04-18,False,,,,False
97413000AC0842,2024-09-20,True,,,,False
97415000CP2041,2024-12-30,True,,,,False
97402000AH0525,2024-02-13,True,,,,False
97414000ET2271,2024-05-24,True,,,,False
97411000HS0501,2024-07-31,True,,,,False
97412000AM1606,2024-01-31,True,,,,False
97408000BO0560,2024-09-27,True,,,,False
97409000AH0293,2024-05-17,False,,,,False
97422000BS2075,2024-05-30,False,,,,False
97415000DM1575,2024-10-31,True,,,,False
97416000CZ1815,2024-10-01,True,,,,False
97416000HI0987,2024-04-08,True,,,,False
97422000ED0596,2024-03-26,True,,,,False
97419000AT0006,2024-07-10,True,,,,False
97416000EH0795,2024-07-04,True,,,,False
97407000AS0153,2024-06-26,False,,,,False
97414000CT1486,2024-12-16,True,,,,False
97415000DR0471,2024-03-13,True,,,,False
97414000ES0995,2024-08-06,True,,,,False
97416000CS1643,2024-04-16,True,,,,False
97409000AL1529,2024-12-26,True,,,,False
97401000AS0181,2024-10-15,True,,,,False
97409000AO0278,2024-06-27,False,,,,False
97415000AZ1985,2024-05-10,True,,,,False
97409000AW0402,2024-08-21,False,,,,False
97405000AD0743,2024-06-13,True,,,,False
97405000AD0739,2024-09-20,True,,,,False
97416000CW2383,2024-10-30,False,,,,False
97412000CT0652,2024-10-16,False,,,,False
97407000AY0312,2024-02-13,False,,,,False
97405000AD0687,2024-06-13,True,,,,False
97415000CY0910,2024-01-31,False,,,,False
97416000CW1513,2024-07-17,True,,,,False
97414000EN4148,2024-10-10,False,,,,False
97415000EP0674,2024-11-14,False,,,,False
97407000BI0288,2024-08-26,False,,,,False
97408000AT0440,2024-03-19,False,,,,False
97410000CD0042,2024-10-03,False,,,,False
97408000AN1347,2024-04-05,True,,,,False
97415000EV0881,2024-03-06,True,,,,False
97411000AW0133,2024-04-15,False,,,,False
97408000AT0691,2024-07-25,False,,,,False
97415000AZ1645,2024-06-06,False,,,,False
97411000CY0491,2024-07-24,False,,,,False
97422000BR1809,2024-07-11,True,,,,False
97422000CE0798,2024-11-08,False,,,,False
97422000BD2731,2024-03-07,True,,,,False
97422000AY1562,2024-11-13,True,,,,False
97414000CI1034,2024-06-13,False,,,,False
97415000DP0872,2024-12-26,True,,,,False
97408000BK0211,2024-09-13,False,,,,False
97401000AT0727,2024-10-31,True,,,,False
97411000AV0202,2024-05-07,False,,,,False
97424000AM0621,2024-09-06,False,,,,False
97413000DE2120,2024-06-07,True,,,,False
97411000BZ1729,2024-02-05,False,,,,False
97416000CV1690,2024-02-08,True,,,,False
97408000AC3719,2024-11-28,False,,,,False
97415000AV0359,2024-11-15,True,,,,False
97405000AR1731,2024-11-26,False,,,,False
97422000AP1253,2024-04-26,False,,,,False
97408000AC3716,2024-12-10,True,,,,False
97405000BH0399,2024-12-03,False,,,,False
97401000AI0161,2024-08-14,True,,,,False
97418000AS1230,2024-05-07,False,,,,False
97405000AW0290,2024-09-19,True,,,,False
97401000AO1086,2024-09-06,True,,,,False
97415000CZ0275,2024-07-12,False,,,,False
97416000HX1515,2024-06-14,False,,,,False
97422000ED0593,2024-03-26,True,,,,False
97409000BL0209,2024-06-25,True,,,,False
97411000CT1439,2024-12-30,False,,,,False
97411000DK0210,2024-12-02,True,,,,False
97422000DN0281,2024-06-26,False,,,,False
97404000AP0194,2024-11-25,False,,,,False
97415000DR0470,2024-03-13,True,,,,False
97414000ES0034,2024-03-08,False,,,,False
97416000ET2169,2024-12-19,True,,,,False
97406000AW1174,2024-11-26,True,,,,False
97414000EK0686,2024-09-23,False,,,,False
97413000CO0443,2024-06-29,False,,,,False
97416000EX0663,2024-05-15,True,,,,False
97415000CT2977,2024-04-05,False,,,,False
97415000ET1606,2024-07-25,False,,,,False
97408000AT2024,2024-09-25,True,,,,False
97411000EL0337,2024-05-28,False,,,,False
97411000CY0696,2024-09-30,False,,,,False
97405000AR1852,2024-07-12,False,,,,False
97422000EL0135,2024-04-04,False,,,,False
97415000DM1591,2024-04-26,False,,,,False
97415000CK1019,2024-09-26,False,,,,False
97422000BR1856,2024-12-30,True,,,,False
97416000DN0020,2024-02-22,False,,,,False
97411000AL0211,2024-11-20,False,,,,False
97410000CD0171,2024-11-29,True,,,,False
97401000AM1456,2024-12-11,True,,,,False
97416000CT0946,2024-08-14,False,,,,False
97411000DM0537,2024-07-24,True,,,,False
97412000AZ0907,2024-07-08,False,,,,False
97415000HN0153,2024-01-04,False,,,,False
97410000BM0076,2024-03-05,False,,,,False
97408000AP1616,2024-11-04,False,,,,False
97415000DM1535,2024-12-10,False,,,,False
97423000AK2051,2024-07-17,True,,,,False
97405000AO0704,2024-09-05,False,,,,False
97410000AS1438,2024-05-23,False,,,,False
97411000AS0053,2024-03-20,True,,,,False
97409000AE0229,2024-06-26,False,,,,False
97409000AL2021,2024-12-26,True,,,,False
97414000DE0238,2024-10-15,False,,,,False
97414000EO1395,2024-07-23,True,,,,False
97411000HS0513,2024-07-31,True,,,,False
97405000AL1567,2024-06-28,False,,,,False
97413000DH0014,2024-05-22,False,,,,False
97410000AD0993,2024-08-22,True,,,,False
97416000HY1160,2024-06-18,False,,,,False
97412000BC0010,2024-01-26,True,,,,False
97411000IH0453,2024-06-25,True,,,,False
97422000EC0290,2024-08-30,True,,,,False
97406000AI0563,2024-05-24,False,,,,False
97416000IL0348,2024-09-25,False,,,,False
97424000AI0560,2024-10-21,False,,,,False
97401000AT0638,2024-08-22,False,,,,False
97420000BH2084,2024-10-14,True,,,,False
97411000DT0300,2024-05-15,True,,,,False
97408000AT1921,2024-09-18,False,,,,False
97411000AW0823,2024-08-27,True,,,,False
97411000KE0333,2024-05-17,False,,,,False
97409000BM1357,2024-02-20,False,,,,False
97409000AO0138,2024-04-15,True,,,,False
97405000BH0553,2024-12-27,False,,,,False
97407000AI1891,2024-08-19,True,,,,False
97408000BI0304,2024-06-05,False,,,,False
97411000DN0035,2024-05-24,False,,,,False
97412000AM1623,2024-04-26,True,,,,False
97408000AS0571,2024-04-05,True,,,,False
97422000CL0482,2024-09-03,False,,,,False
97401000AP1337,2024-06-28,False,,,,False
97411000DR0402,2024-12-12,False,,,,False
97418000AR2150,2024-09-03,False,,,,False
97418000AP3217,2024-08-06,False,,,,False
97422000BN2867,2024-11-04,True,,,,False
97410000BW0967,2024-12-16,True,,,,False
97414000DT0720,2024-07-12,False,,,,False
97412000BN0788,2024-12-24,False,,,,False
97408000AB0231,2024-12-13,True,,,,False
97403000AM0673,2024-10-30,False,,,,False
97402000AK2194,2024-01-29,False,,,,False
97422000BD3718,2024-11-27,False,,,,False
97401000AS1212,2024-02-28,False,,,,False
97418000AP2355,2024-10-07,False,,,,False
97412000CX0615,2024-05-27,False,,,,False
97424000AI1133,2024-03-05,False,,,,False
97410000AN0828,2024-03-15,True,,,,False
97416000EW0774,2024-01-29,False,,,,False
97409000AM0620,2024-07-31,True,,,,False
97409000AO0384,2024-04-15,True,,,,False
97415000DM0754,2024-12-17,False,,,,False
97416000CS1605,2024-12-13,False,,,,False
97415000BO0887,2024-07-09,True,,,,False
97424000AI2095,2024-02-27,False,,,,False
97421000AK0154,2024-11-04,False,,,,False
97416000EM0653,2024-05-21,True,,,,False
97404000AM1120,2024-02-26,False,,,,False
97409000AS1822,2024-03-29,False,,,,False
97407000AI0486,2024-11-29,False,,,,False
97412000CY0973,2024-12-17,True,,,,False
97422000CS1542,2024-10-18,True,,,,False
97408000AM0870,2024-02-20,False,,,,False
97410000AV0648,2024-03-27,False,,,,False
97418000AV2672,2024-09-26,True,,,,False
97422000BW0992,2024-09-23,False,,,,False
97422000BE2986,2024-04-30,False,,,,False
97415000AY0187,2024-12-16,True,,,,False
97424000AM1010,2024-12-31,True,,,,False
97422000BE1955,2024-09-13,True,,,,False
97408000BL0129,2024-04-30,False,,,,False
97411000BP0880,2024-12-30,True,,,,False
97422000CN1817,2024-09-06,False,,,,False
97418000BD0448,2024-03-28,True,,,,False
97420000BC1889,2024-02-09,False,,,,False
97415000BO0615,2024-10-28,True,,,,False
97421000AK0249,2024-12-12,False,,,,False
97405000BI1179,2024-01-19,True,,,,False
97414000DL0505,2024-04-11,False,,,,False
97412000AM1476,2024-07-24,True,,,,False
97416000ES1704,2024-11-26,False,,,,False
97408000AT0677,2024-08-16,False,,,,False
97415000DR0612,2024-09-06,True,,,,False
97411000HS0479,2024-07-31,True,,,,False
97409000AZ0996,2024-04-22,False,,,,False
97416000HL0385,2024-06-27,False,,,,False
97414000EO1372,2024-11-05,True,,,,False
97405000BE1755,2024-07-09,True,,,,False
97415000BW0746,2024-03-21,False,,,,False
97416000DN0012,2024-02-15,False,,,,False
97411000EI0451,2024-04-25,True,,,,False
97422000BD2400,2024-10-02,False,,,,False
97423000AC0409,2024-01-14,True,,,,False
97415000DK0905,2024-12-10,False,,,,False
97415000EP0503,2024-10-14,True,,,,False
97414000EN2753,2024-12-30,False,,,,False
97405000BE1344,2024-01-18,False,,,,False
97415000CM2360,2024-11-02,True,,,,False
97420000BD0178,2024-02-27,True,,,,False
97415000CM2363,2024-11-02,True,,,,False
97411000EI0241,2024-06-20,True,,,,False
97415000BO0130,2024-07-04,False,,,,False
97406000AI0621,2024-12-11,False,,,,False
97406000AW0867,2024-06-28,False,,,,False
97415000EV0653,2024-10-09,False,,,,False
97412000AW0197,2024-06-27,True,,,,False
97401000AM0323,2024-09-30,True,,,,False
97413000CJ0224,2024-09-09,True,,,,False
97411000CM0017,2024-03-22,False,,,,False
97415000AV0329,2024-11-15,True,,,,False
97413000AV1556,2024-09-09,True,,,,False
97411000BZ1333,2024-08-27,False,,,,False
97415000BW0618,2024-03-18,False,,,,False
97410000BL0262,2024-03-28,False,,,,False
97411000IM0295,2024-12-30,False,,,,False
97415000BN0286,2024-09-16,False,,,,False
97423000AK0828,2024-03-19,False,,,,False
97412000BN1364,2024-12-26,False,,,,False
97414000EX0873,2024-11-16,False,,,,False
97413000AV2295,2024-10-03,True,,,,False
97421000AR0043,2024-05-30,True,,,,False
97418000BD0424,2024-03-28,True,,,,False
97401000AT0601,2024-09-10,True,,,,False
97416000ET1942,2024-08-23,False,,,,False
97415000ER1763,2024-01-31,False,,,,False
97418000AT1130,2024-11-19,True,,,,False
97415000AV0361,2024-11-15,True,,,,False
97422000DL0536,2024-08-01,False,,,,False
97413000CY1467,2024-12-27,True,,,,False
97408000BI0407,2024-04-26,False,,,,False
97412000BM0319,2024-07-23,False,,,,False
97405000AO0707,2024-07-24,True,,,,False
97411000CD0795,2024-06-24,False,,,,False
97415000EO0904,2024-11-27,False,,,,False
97416000CX0617,2024-01-04,True,,,,False
97411000AD0322,2024-06-12,False,,,,False
97406000AL0614,2024-03-29,False,,,,False
97414000CI1030,2024-11-15,False,,,,False
97411000DY0274,2024-04-26,True,,,,False
97419000AR0469,2024-01-19,False,,,,False
97416000CZ1816,2024-10-01,True,,,,False
97415000CY0385,2024-06-21,True,,,,False
97418000BO0182,2024-12-23,True,,,,False
97411000DR0655,2024-10-18,True,,,,False
97409000BE0646,2024-12-31,True,,,,False
97416000EH1392,2024-05-28,False,,,,False
97415000BO0124,2024-04-23,False,,,,False
97407000AO0435,2024-11-28,False,,,,False
97411000EK0247,2024-11-21,False,,,,False
97410000AS1430,2024-06-24,False,,,,False
97416000DM0359,2024-05-31,True,,,,False
97412000CR0825,2024-12-30,False,,,,False
97411000CV0774,2024-10-29,False,,,,False
97406000AT0728,2024-02-20,False,,,,False
97405000AY0757,2024-09-27,False,,,,False
97418000AP1112,2024-02-28,True,,,,False
97416000EW1266,2024-06-26,True,,,,False
97410000AC0158,2024-10-10,True,,,,False
97410000AH1289,2024-03-22,True,,,,False
97413000AC0846,2024-09-20,True,,,,False
97412000AM1454,2024-09-11,False,,,,False
97422000DL0493,2024-04-26,False,,,,False
97415000CZ0523,2024-12-09,False,,,,False
97415000AY1572,2024-07-26,True,,,,False
97405000BE0565,2024-09-17,True,,,,False
97410000CN0147,2024-08-29,True,,,,False
97406000AE0251,2024-06-17,True,,,,False
97416000DT0110,2024-12-30,False,,,,False
97418000AT0298,2024-11-19,True,,,,False
97411000EI0360,2024-04-25,True,,,,False
97407000BC0522,2024-07-29,True,,,,False
97415000BX0252,2024-09-16,True,,,,False
97422000DW0072,2024-07-16,False,,,,False
97422000CN0252,2024-12-30,False,,,,False
97410000CN0146,2024-08-29,True,,,,False
97412000BK1708,2024-09-27,True,,,,False
97411000HS0464,2024-07-31,True,,,,False
97408000BO0354,2024-06-28,True,,,,False
97411000IL0347,2024-04-23,False,,,,False
97418000BE0458,2024-12-31,False,,,,False
97421000AB0185,2024-12-30,True,,,,False
97411000BZ1514,2024-10-18,False,,,,False
97414000EL0303,2024-03-06,False,,,,False
97408000AO1703,2024-02-26,True,,,,False
97422000BD0792,2024-04-08,False,,,,False
97408000AM0419,2024-09-16,True,,,,False
97411000EX0213,2024-03-22,False,,,,False
97423000AC0030,2024-01-09,False,,,,False
97421000BD0331,2024-10-21,False,,,,False
97416000CX1192,2024-02-07,False,,,,False
97418000AT0259,2024-04-24,False,,,,False
97418000AP4053,2024-03-19,True,,,,False
97401000AI0992,2024-05-28,False,,,,False
97412000CE0173,2024-01-26,False,,,,False
97414000CO1643,2024-07-18,False,,,,False
97422000BO1701,2024-04-26,True,,,,False
97421000BO0373,2024-06-03,False,,,,False
97422000BM1483,2024-05-17,False,,,,False
97418000AV2718,2024-06-27,True,,,,False
97418000AV2750,2024-06-10,False,,,,False
97402000AI0952,2024-05-21,True,,,,False
97414000DI0721,2024-11-04,True,,,,False
97416000HM0621,2024-02-27,True,,,,False
97416000CD0552,2024-02-27,True,,,,False
97416000ET2137,2024-12-19,True,,,,False
97416000ES1666,2024-12-23,False,,,,False
97420000AE0455,2024-06-24,False,,,,False
97412000BC0814,2024-05-31,True,,,,False
97410000AN0458,2024-11-25,False,,,,False
97414000EN4153,2024-12-23,False,,,,False
97415000CM2364,2024-11-02,True,,,,False
97411000AD0213,2024-04-25,False,,,,False
97415000DS0102,2024-11-19,True,,,,False
97414000EK0648,2024-04-02,True,,,,False
97416000IE0900,2024-11-28,False,,,,False
97415000DK1139,2024-02-26,True,,,,False
97412000AH1322,2024-12-18,False,,,,False
97416000CO1026,2024-06-10,False,,,,False
97415000DE0595,2024-09-12,False,,,,False
97411000AT0338,2024-11-06,True,,,,False
97414000EM0488,2024-06-19,True,,,,False
97404000AE0284,2024-09-24,True,,,,False
97416000EX1660,2024-11-28,False,,,,False
97410000BX1733,2024-10-17,True,,,,False
97411000IW0133,2024-02-02,True,,,,False
97412000BR0726,2024-01-26,False,,,,False
97416000HV0036,2024-09-06,False,,,,False
97410000BD0193,2024-04-25,False,,,,False
97406000AT0301,2024-09-26,True,,,,False
97415000ER1641,2024-08-30,False,,,,False
97414000DV0600,2024-07-29,True,,,,False
97411000CH0796,2024-10-03,False,,,,False
97422000DH0341,2024-07-01,False,,,,False
97418000AO1768,2024-10-02,True,,,,False
97418000BM0156,2024-09-09,False,,,,False
97418000AC0564,2024-05-23,True,,,,False
97408000AP1582,2024-04-09,True,,,,False
97421000AL0575,2024-07-19,False,,,,False
97415000CV1257,2024-06-25,True,,,,False
97413000CY0346,2024-06-28,False,,,,False
97415000EY0123,2024-04-15,False,,,,False
97405000AS0584,2024-03-01,False,,,,False
97401000AN0158,2024-11-07,True,,,,False
97406000AT0483,2024-04-04,True,,,,False
97419000AC0444,2024-01-29,False,,,,False
97414000EK0524,2024-07-16,False,,,,False
97405000BI1233,2024-01-25,True,,,,False
97405000AL1185,2024-09-26,False,,,,False
97411000AW0831,2024-06-18,False,,,,False
97411000HO0213,2024-04-24,False,,,,False
97421000AP0496,2024-04-18,True,,,,False
97415000CM2357,2024-11-02,True,,,,False
97414000HI1617,2024-02-15,True,,,,False
97406000AV0889,2024-05-27,True,,,,False
97401000AO1109,2024-12-24,True,,,,False
97411000HO0199,2024-07-23,False,,,,False
97416000EP0517,2024-05-02,False,,,,False
97422000BW1411,2024-02-13,False,,,,False
97409000AL1988,2024-12-26,True,,,,False
97418000AT2297,2024-10-31,False,,,,False
97415000DP0828,2024-08-30,False,,,,False
97415000AW0444,2024-06-07,False,,,,False
97422000EM0216,2024-12-02,False,,,,False
97422000AR0689,2024-07-17,False,,,,False
97424000AE1719,2024-02-02,False,,,,False
97413000ZA0091,2024-12-31,False,,,,False
97413000DA0395,2024-08-16,False,,,,False
97410000BY0936,2024-06-21,True,,,,False
97422000CS0970,2024-05-23,False,,,,False
97420000AZ1127,2024-10-25,False,,,,False
97416000CW1244,2024-07-17,True,,,,False
97414000EL0287,2024-07-08,False,,,,False
97419000AT0038,2024-11-21,False,,,,False
97403000AP2286,2024-04-04,False,,,,False
97418000AS1386,2024-12-23,True,,,,False
97416000EZ0739,2024-09-30,False,,,,False
97416000EV1588,2024-07-11,True,,,,False
97424000AH0048,2024-03-28,False,,,,False
97405000BE0159,2024-03-25,True,,,,False
97411000CM0188,2024-03-01,False,,,,False
97415000DE1196,2024-02-28,True,,,,False
97422000AD1217,2024-01-23,False,,,,False
97405000BE1223,2024-09-20,True,,,,False
97415000EW0912,2024-11-04,False,,,,False
97412000AZ0949,2024-09-27,True,,,,False
97403000AV0070,2024-09-27,False,,,,False
97422000DM0479,2024-01-09,False,,,,False
97416000ID0219,2024-06-27,True,,,,False
97415000BZ0874,2024-12-19,True,,,,False
97422000BR1112,2024-12-26,False,,,,False
97414000HH0026,2024-06-24,False,,,,False
97422000BD1161,2024-12-30,True,,,,False
97411000HE0588,2024-12-11,True,,,,False
97422000BY0617,2024-09-12,False,,,,False
97410000BW0920,2024-07-26,False,,,,False
97409000AB0970,2024-09-03,True,,,,False
97412000BL1183,2024-04-19,True,,,,False
97410000BN0293,2024-02-06,False,,,,False
97415000BV1609,2024-07-22,True,,,,False
