idu,p,raison_1,raison_2,raison_3,contrib_1,contrib_2,contrib_3
97408000AP1609,0.76471,Zone AU au PLU (PLU/GPU en vigueur à l'ingestion 2026),"Secteur à rotation faible du foncier nu (DVF arrêté au 31/12/2025, 36 mois)",9 permis à moins de 100 m en 24 mois (Sitadel 2013→2025),0.496,0.2864,0.2623
97408000AP1610,0.76471,Zone AU au PLU (PLU/GPU en vigueur à l'ingestion 2026),"Secteur à rotation faible du foncier nu (DVF arrêté au 31/12/2025, 36 mois)",9 permis à moins de 100 m en 24 mois (Sitadel 2013→2025),0.496,0.2864,0.2623
97423000AB1342,0.59426,Zone AU au PLU (PLU/GPU en vigueur à l'ingestion 2026),14 permis à moins de 100 m en 24 mois (Sitadel 2013→2025),17 vente(s) à moins de 150 m en 24 mois (DVF arrêté au 31/12/2025),0.496,0.2623,0.2532
97423000AB1341,0.58333,Zone AU au PLU (PLU/GPU en vigueur à l'ingestion 2026),13 permis à moins de 100 m en 24 mois (Sitadel 2013→2025),16 vente(s) à moins de 150 m en 24 mois (DVF arrêté au 31/12/2025),0.496,0.2623,0.2532
97408000AP1647,0.58333,Zone AU au PLU (PLU/GPU en vigueur à l'ingestion 2026),"Secteur à rotation faible du foncier nu (DVF arrêté au 31/12/2025, 36 mois)",7 permis à moins de 100 m en 24 mois (Sitadel 2013→2025),0.496,0.2864,0.2623
97423000AB1908,0.58333,Zone AU au PLU (PLU/GPU en vigueur à l'ingestion 2026),13 permis à moins de 100 m en 24 mois (Sitadel 2013→2025),16 vente(s) à moins de 150 m en 24 mois (DVF arrêté au 31/12/2025),0.496,0.2623,0.2532
97411000HD0032,0.58333,Détenue depuis moins d'un an — dernière mutation connue (DVF arrêté au 31/12/2025),Parcelle de 14106 m² (cadastre),Piscine détectée sur la parcelle (ortho 2026),1.8696,0.461,0.3786
97422000AX1253,0.55099,Détenue depuis moins d'un an — dernière mutation connue (DVF arrêté au 31/12/2025),Zone AU au PLU (PLU/GPU en vigueur à l'ingestion 2026),Parcelle de 27084 m² (cadastre),1.7837,0.496,0.461
97410000CD0905,0.5,Zone AU au PLU (PLU/GPU en vigueur à l'ingestion 2026),"Secteur à rotation faible du foncier nu (DVF arrêté au 31/12/2025, 36 mois)",10 permis à moins de 100 m en 24 mois (Sitadel 2013→2025),0.496,0.2864,0.2623
97423000AB1911,0.5,Zone AU au PLU (PLU/GPU en vigueur à l'ingestion 2026),14 permis à moins de 100 m en 24 mois (Sitadel 2013→2025),15 vente(s) à moins de 150 m en 24 mois (DVF arrêté au 31/12/2025),0.496,0.2623,0.2532
97411000HR0060,0.5,Détenue depuis moins d'un an — dernière mutation connue (DVF arrêté au 31/12/2025),Parcelle de 17013 m² (cadastre),27 vente(s) à moins de 150 m en 24 mois (DVF arrêté au 31/12/2025),1.8696,0.461,0.2532
97422000AX1477,0.5,Détenue depuis moins d'un an — dernière mutation connue (DVF arrêté au 31/12/2025),Zone AU au PLU (PLU/GPU en vigueur à l'ingestion 2026),Parcelle de 12440 m² (cadastre),1.7837,0.496,0.461
97408000AP1663,0.5,Zone AU au PLU (PLU/GPU en vigueur à l'ingestion 2026),"Secteur à rotation faible du foncier nu (DVF arrêté au 31/12/2025, 36 mois)",7 permis à moins de 100 m en 24 mois (Sitadel 2013→2025),0.496,0.2864,0.2623
97422000AX1479,0.44522,Détenue depuis moins d'un an — dernière mutation connue (DVF arrêté au 31/12/2025),Zone AU au PLU (PLU/GPU en vigueur à l'ingestion 2026),Parcelle de 12532 m² (cadastre),1.7837,0.496,0.461
97412000AM2101,0.33333,Zone AU au PLU (PLU/GPU en vigueur à l'ingestion 2026),9 vente(s) à moins de 150 m en 24 mois (DVF arrêté au 31/12/2025),Parcelle de 398 m² (cadastre),0.496,0.2532,0.2132
97408000AP1604,0.33333,Zone AU au PLU (PLU/GPU en vigueur à l'ingestion 2026),"Secteur à rotation faible du foncier nu (DVF arrêté au 31/12/2025, 36 mois)",9 permis à moins de 100 m en 24 mois (Sitadel 2013→2025),0.496,0.2864,0.2623
97408000AP1605,0.33333,Zone AU au PLU (PLU/GPU en vigueur à l'ingestion 2026),"Secteur à rotation faible du foncier nu (DVF arrêté au 31/12/2025, 36 mois)",9 permis à moins de 100 m en 24 mois (Sitadel 2013→2025),0.496,0.2864,0.2623
97404000AS0367,0.33333,Zone AU au PLU (PLU/GPU en vigueur à l'ingestion 2026),"Secteur à rotation faible du foncier nu (DVF arrêté au 31/12/2025, 36 mois)",12 vente(s) à moins de 150 m en 24 mois (DVF arrêté au 31/12/2025),0.496,0.2864,0.2532
97408000AP1603,0.33333,Zone AU au PLU (PLU/GPU en vigueur à l'ingestion 2026),"Secteur à rotation faible du foncier nu (DVF arrêté au 31/12/2025, 36 mois)",9 permis à moins de 100 m en 24 mois (Sitadel 2013→2025),0.496,0.2864,0.2623
97422000AX1478,0.33333,Détenue depuis moins d'un an — dernière mutation connue (DVF arrêté au 31/12/2025),Zone AU au PLU (PLU/GPU en vigueur à l'ingestion 2026),Parcelle de 13098 m² (cadastre),1.7837,0.496,0.461
97416000DM0248,0.27273,Détenue depuis moins d'un an — dernière mutation connue (DVF arrêté au 31/12/2025),Piscine détectée sur la parcelle (ortho 2026),4 permis à moins de 100 m en 24 mois (Sitadel 2013→2025),1.4443,0.3786,0.2623
97412000CY1095,0.27273,10 permis à moins de 100 m en 24 mois (Sitadel 2013→2025),14 vente(s) à moins de 150 m en 24 mois (DVF arrêté au 31/12/2025),Parcelle de 415 m² (cadastre),0.2623,0.2532,0.2132
97414000ES1044,0.27273,Piscine détectée sur la parcelle (ortho 2026),4 permis à moins de 100 m en 24 mois (Sitadel 2013→2025),Parcelle de 435 m² (cadastre),0.3786,0.2623,0.2132
97414000EN4048,0.27273,Zone AU au PLU (PLU/GPU en vigueur à l'ingestion 2026),5 permis à moins de 100 m en 24 mois (Sitadel 2013→2025),Parcelle de 244 m² (cadastre),0.496,0.2623,0.2132
97414000ES0993,0.27273,8 permis à moins de 100 m en 24 mois (Sitadel 2013→2025),12 vente(s) à moins de 150 m en 24 mois (DVF arrêté au 31/12/2025),Parcelle de 289 m² (cadastre),0.2623,0.2532,0.2132
97401000AR1758,0.27273,Détenue depuis moins d'un an — dernière mutation connue (DVF arrêté au 31/12/2025),Piscine détectée sur la parcelle (ortho 2026),4 permis à moins de 100 m en 24 mois (Sitadel 2013→2025),1.1989,0.3786,0.2623
97411000HL0011,0.27273,Détenue depuis moins d'un an — dernière mutation connue (DVF arrêté au 31/12/2025),Parcelle de 29514 m² (cadastre),Piscine détectée sur la parcelle (ortho 2026),1.5423,0.461,0.3786
97415000AB0783,0.27273,Détenue depuis moins d'un an — dernière mutation connue (DVF arrêté au 31/12/2025),Zone AU au PLU (PLU/GPU en vigueur à l'ingestion 2026),Parcelle de 15963 m² (cadastre),1.6241,0.496,0.461
97422000AD1237,0.27273,Zone AU au PLU (PLU/GPU en vigueur à l'ingestion 2026),Piscine détectée sur la parcelle (ortho 2026),Parcelle de 599 m² (cadastre),0.496,0.3786,0.1289
97423000AB1441,0.27273,Zone AU au PLU (PLU/GPU en vigueur à l'ingestion 2026),4 permis à moins de 100 m en 24 mois (Sitadel 2013→2025),10 vente(s) à moins de 150 m en 24 mois (DVF arrêté au 31/12/2025),0.496,0.2623,0.2532
97411000EL0201,0.27273,Piscine détectée sur la parcelle (ortho 2026),4 permis à moins de 100 m en 24 mois (Sitadel 2013→2025),Parcelle de 562 m² (cadastre),0.3786,0.2623,0.1289
97412000CY1099,0.27273,7 permis à moins de 100 m en 24 mois (Sitadel 2013→2025),13 vente(s) à moins de 150 m en 24 mois (DVF arrêté au 31/12/2025),Parcelle de 31 m² (cadastre),0.2623,0.2532,0.1894
97420000AO0654,0.27273,"Secteur à rotation forte du foncier nu (DVF arrêté au 31/12/2025, 36 mois)",14 permis à moins de 100 m en 24 mois (Sitadel 2013→2025),24 vente(s) à moins de 150 m en 24 mois (DVF arrêté au 31/12/2025),0.2864,0.2623,0.2532
97409000AX1085,0.27273,"Secteur à rotation faible du foncier nu (DVF arrêté au 31/12/2025, 36 mois)",11 permis à moins de 100 m en 24 mois (Sitadel 2013→2025),19 vente(s) à moins de 150 m en 24 mois (DVF arrêté au 31/12/2025),0.2864,0.2623,0.2532
97412000CY1047,0.25,8 permis à moins de 100 m en 24 mois (Sitadel 2013→2025),15 vente(s) à moins de 150 m en 24 mois (DVF arrêté au 31/12/2025),Parcelle de 429 m² (cadastre),0.2623,0.2532,0.2132
97412000CY1098,0.25,8 permis à moins de 100 m en 24 mois (Sitadel 2013→2025),15 vente(s) à moins de 150 m en 24 mois (DVF arrêté au 31/12/2025),Parcelle de 325 m² (cadastre),0.2623,0.2532,0.2132
97415000AB0408,0.25,Détenue depuis moins d'un an — dernière mutation connue (DVF arrêté au 31/12/2025),Zone AU au PLU (PLU/GPU en vigueur à l'ingestion 2026),6 permis à moins de 100 m en 24 mois (Sitadel 2013→2025),1.1989,0.496,0.2623
97403000AM0768,0.25,Zone AU au PLU (PLU/GPU en vigueur à l'ingestion 2026),Parcelle de 316 m² (cadastre),8 vente(s) à moins de 150 m en 24 mois (DVF arrêté au 31/12/2025),0.496,0.2132,0.1161
97414000EN4045,0.25,Zone AU au PLU (PLU/GPU en vigueur à l'ingestion 2026),5 permis à moins de 100 m en 24 mois (Sitadel 2013→2025),Parcelle de 342 m² (cadastre),0.496,0.2623,0.2132
97422000BP2099,0.23077,Zone AU au PLU (PLU/GPU en vigueur à l'ingestion 2026),Piscine détectée sur la parcelle (ortho 2026),Parcelle de 394 m² (cadastre),0.496,0.3786,0.2132
97414000EN3337,0.23077,Zone AU au PLU (PLU/GPU en vigueur à l'ingestion 2026),4 permis à moins de 100 m en 24 mois (Sitadel 2013→2025),Parcelle de 487 m² (cadastre),0.496,0.2623,0.2132
97416000EY1406,0.23077,Piscine détectée sur la parcelle (ortho 2026),4 permis à moins de 100 m en 24 mois (Sitadel 2013→2025),Parcelle de 345 m² (cadastre),0.3786,0.2623,0.2132
97415000CX0939,0.22034,Piscine détectée sur la parcelle (ortho 2026),Parcelle de 583 m² (cadastre),Zone U au PLU (PLU/GPU en vigueur à l'ingestion 2026),0.3786,0.1289,0.1036
97418000AT2542,0.22034,"Secteur à rotation faible du foncier nu (DVF arrêté au 31/12/2025, 36 mois)",4 permis à moins de 100 m en 24 mois (Sitadel 2013→2025),Parcelle de 314 m² (cadastre),0.2864,0.2623,0.2132
97412000CY1091,0.22034,7 permis à moins de 100 m en 24 mois (Sitadel 2013→2025),9 vente(s) à moins de 150 m en 24 mois (DVF arrêté au 31/12/2025),Parcelle de 272 m² (cadastre),0.2623,0.2532,0.2132
97415000EO1102,0.22034,4 permis à moins de 100 m en 24 mois (Sitadel 2013→2025),14 vente(s) à moins de 150 m en 24 mois (DVF arrêté au 31/12/2025),Parcelle de 306 m² (cadastre),0.2623,0.2532,0.2132
97409000AR1260,0.22034,Piscine détectée sur la parcelle (ortho 2026),5 permis à moins de 100 m en 24 mois (Sitadel 2013→2025),Parcelle de 438 m² (cadastre),0.3786,0.2623,0.2132
97418000AT2541,0.22034,"Secteur à rotation faible du foncier nu (DVF arrêté au 31/12/2025, 36 mois)",4 permis à moins de 100 m en 24 mois (Sitadel 2013→2025),Parcelle de 365 m² (cadastre),0.2864,0.2623,0.2132
97416000ET2243,0.22034,15 permis à moins de 100 m en 24 mois (Sitadel 2013→2025),19 vente(s) à moins de 150 m en 24 mois (DVF arrêté au 31/12/2025),Parcelle de 311 m² (cadastre),0.2623,0.2532,0.2132
97409000BL0146,0.22034,"Secteur à rotation forte du foncier nu (DVF arrêté au 31/12/2025, 36 mois)",4 permis à moins de 100 m en 24 mois (Sitadel 2013→2025),10 vente(s) à moins de 150 m en 24 mois (DVF arrêté au 31/12/2025),0.2864,0.2623,0.2532
97415000CX1395,0.22034,Piscine détectée sur la parcelle (ortho 2026),Parcelle de 608 m² (cadastre),8 vente(s) à moins de 150 m en 24 mois (DVF arrêté au 31/12/2025),0.3786,0.1289,0.1161
97415000AB0840,0.22034,Détenue depuis moins d'un an — dernière mutation connue (DVF arrêté au 31/12/2025),Zone AU au PLU (PLU/GPU en vigueur à l'ingestion 2026),6 permis à moins de 100 m en 24 mois (Sitadel 2013→2025),1.1989,0.496,0.2623
97414000EN3391,0.22034,Zone AU au PLU (PLU/GPU en vigueur à l'ingestion 2026),Parcelle de 454 m² (cadastre),"Secteur à rotation faible du foncier nu (DVF arrêté au 31/12/2025, 36 mois)",0.496,0.2132,0.195
97411000EH0142,0.22034,"Secteur à rotation faible du foncier nu (DVF arrêté au 31/12/2025, 36 mois)",Parcelle de 3 m² (cadastre),5% de ménages pauvres dans le carreau (Filosofi INSEE 2019),0.195,0.1894,0.1094
97416000IE0737,0.22034,Zone AU au PLU (PLU/GPU en vigueur à l'ingestion 2026),Piscine détectée sur la parcelle (ortho 2026),Parcelle de 401 m² (cadastre),0.496,0.3786,0.2132
97414000ES1029,0.22034,7 permis à moins de 100 m en 24 mois (Sitadel 2013→2025),13 vente(s) à moins de 150 m en 24 mois (DVF arrêté au 31/12/2025),Parcelle de 256 m² (cadastre),0.2623,0.2532,0.2132
97414000EN2236,0.22034,Zone AU au PLU (PLU/GPU en vigueur à l'ingestion 2026),Parcelle de 460 m² (cadastre),"Secteur à rotation faible du foncier nu (DVF arrêté au 31/12/2025, 36 mois)",0.496,0.2132,0.195
97410000AH0213,0.22034,Détenue depuis moins d'un an — dernière mutation connue (DVF arrêté au 31/12/2025),Parcelle de 14806 m² (cadastre),Piscine détectée sur la parcelle (ortho 2026),1.7203,0.461,0.3786
97411000AM0011,0.22034,Piscine détectée sur la parcelle (ortho 2026),4 permis à moins de 100 m en 24 mois (Sitadel 2013→2025),Parcelle de 462 m² (cadastre),0.3786,0.2623,0.2132
97416000ET2242,0.22034,15 permis à moins de 100 m en 24 mois (Sitadel 2013→2025),18 vente(s) à moins de 150 m en 24 mois (DVF arrêté au 31/12/2025),Parcelle de 333 m² (cadastre),0.2623,0.2532,0.2132
97408000AP1631,0.22034,Détenue depuis moins d'un an — dernière mutation connue (DVF arrêté au 31/12/2025),Zone AU au PLU (PLU/GPU en vigueur à l'ingestion 2026),12 permis à moins de 100 m en 24 mois (Sitadel 2013→2025),1.1171,0.496,0.2623
97415000AB0797,0.22034,Détenue depuis moins d'un an — dernière mutation connue (DVF arrêté au 31/12/2025),Zone AU au PLU (PLU/GPU en vigueur à l'ingestion 2026),Piscine détectée sur la parcelle (ortho 2026),1.1989,0.496,0.3786
97423000AB1910,0.21053,Frein — Le propriétaire a vendu une autre parcelle depuis 24 mois (millésimes fonciers PM 2019-2024),Zone AU au PLU (PLU/GPU en vigueur à l'ingestion 2026),14 permis à moins de 100 m en 24 mois (Sitadel 2013→2025),-0.6133,0.496,0.2623
97415000CH0535,0.21053,Détenue depuis moins d'un an — dernière mutation connue (DVF arrêté au 31/12/2025),Parcelle de 13111 m² (cadastre),Zone U au PLU (PLU/GPU en vigueur à l'ingestion 2026),1.8389,0.4541,0.1036
97422000EN0678,0.21053,Détenue depuis moins d'un an — dernière mutation connue (DVF arrêté au 31/12/2025),Zone AU au PLU (PLU/GPU en vigueur à l'ingestion 2026),Piscine détectée sur la parcelle (ortho 2026),1.2719,0.496,0.3786
97412000AM1053,0.21053,4 permis à moins de 100 m en 24 mois (Sitadel 2013→2025),Parcelle de 318 m² (cadastre),"Secteur à rotation faible du foncier nu (DVF arrêté au 31/12/2025, 36 mois)",0.2623,0.2132,0.195
97416000EZ0746,0.21053,Piscine détectée sur la parcelle (ortho 2026),Parcelle de 433 m² (cadastre),Zone U au PLU (PLU/GPU en vigueur à l'ingestion 2026),0.3786,0.2132,0.1036
97416000ET2108,0.21053,17 permis à moins de 100 m en 24 mois (Sitadel 2013→2025),19 vente(s) à moins de 150 m en 24 mois (DVF arrêté au 31/12/2025),Parcelle de 367 m² (cadastre),0.2623,0.2532,0.2132
97408000AP0627,0.21053,"Secteur à rotation faible du foncier nu (DVF arrêté au 31/12/2025, 36 mois)",4 permis à moins de 100 m en 24 mois (Sitadel 2013→2025),Parcelle de 346 m² (cadastre),0.2864,0.2623,0.2132
97416000DT0253,0.21053,5 permis à moins de 100 m en 24 mois (Sitadel 2013→2025),9 vente(s) à moins de 150 m en 24 mois (DVF arrêté au 31/12/2025),Parcelle de 378 m² (cadastre),0.2623,0.2532,0.2132
97423000AB1917,0.21053,Zone AU au PLU (PLU/GPU en vigueur à l'ingestion 2026),14 permis à moins de 100 m en 24 mois (Sitadel 2013→2025),16 vente(s) à moins de 150 m en 24 mois (DVF arrêté au 31/12/2025),0.496,0.2623,0.2532
97412000CE2722,0.21053,5 permis à moins de 100 m en 24 mois (Sitadel 2013→2025),Parcelle de 328 m² (cadastre),"27 m² de SDP résiduelle (résiduel m135, PLU 2026)",0.2623,0.2132,0.1134
97412000BW1891,0.21053,4 permis à moins de 100 m en 24 mois (Sitadel 2013→2025),12 vente(s) à moins de 150 m en 24 mois (DVF arrêté au 31/12/2025),Parcelle de 58 m² (cadastre),0.2623,0.2532,0.1336
97411000AD0525,0.18254,Piscine détectée sur la parcelle (ortho 2026),6 permis à moins de 100 m en 24 mois (Sitadel 2013→2025),8 vente(s) à moins de 150 m en 24 mois (DVF arrêté au 31/12/2025),0.3786,0.2623,0.1161
97414000ES1043,0.18254,4 permis à moins de 100 m en 24 mois (Sitadel 2013→2025),9 vente(s) à moins de 150 m en 24 mois (DVF arrêté au 31/12/2025),Parcelle de 560 m² (cadastre),0.2623,0.2532,0.1289
97406000AI0941,0.18254,Zone AU au PLU (PLU/GPU en vigueur à l'ingestion 2026),"Secteur à rotation faible du foncier nu (DVF arrêté au 31/12/2025, 36 mois)",Parcelle de 530 m² (cadastre),0.496,0.195,0.1289
97411000AE0836,0.18254,6 permis à moins de 100 m en 24 mois (Sitadel 2013→2025),12 vente(s) à moins de 150 m en 24 mois (DVF arrêté au 31/12/2025),Parcelle de 220 m² (cadastre),0.2623,0.2532,0.1336
97414000CV0998,0.18254,Zone AU au PLU (PLU/GPU en vigueur à l'ingestion 2026),Frein — 0 vente(s) à moins de 150 m en 24 mois (DVF arrêté au 31/12/2025),Parcelle de 289 m² (cadastre),0.496,-0.2221,0.2132
97422000BL0320,0.18254,Détenue depuis moins d'un an — dernière mutation connue (DVF arrêté au 31/12/2025),Frein — Zone A au PLU (PLU/GPU en vigueur à l'ingestion 2026),Parcelle de 158203 m² (cadastre),1.8696,-0.5621,0.461
97411000KE0436,0.18254,9 vente(s) à moins de 150 m en 24 mois (DVF arrêté au 31/12/2025),Parcelle de 286 m² (cadastre),"57 m² de SDP résiduelle (résiduel m135, PLU 2026)",0.2532,0.2132,0.1134
97409000AV1036,0.18254,Piscine détectée sur la parcelle (ortho 2026),Parcelle de 455 m² (cadastre),Zone U au PLU (PLU/GPU en vigueur à l'ingestion 2026),0.3786,0.2132,0.1036
97422000AS0913,0.18254,4 permis à moins de 100 m en 24 mois (Sitadel 2013→2025),Parcelle de 241 m² (cadastre),"52 m² de SDP résiduelle (résiduel m135, PLU 2026)",0.2623,0.2132,0.1134
97413000CH0866,0.18254,10 vente(s) à moins de 150 m en 24 mois (DVF arrêté au 31/12/2025),Parcelle de 369 m² (cadastre),"Secteur à rotation faible du foncier nu (DVF arrêté au 31/12/2025, 36 mois)",0.2532,0.2132,0.195
97411000AD0165,0.18254,6 permis à moins de 100 m en 24 mois (Sitadel 2013→2025),10 vente(s) à moins de 150 m en 24 mois (DVF arrêté au 31/12/2025),Parcelle de 306 m² (cadastre),0.2623,0.2532,0.2132
97415000EW2024,0.18254,Détenue depuis moins d'un an — dernière mutation connue (DVF arrêté au 31/12/2025),Piscine détectée sur la parcelle (ortho 2026),10 vente(s) à moins de 150 m en 24 mois (DVF arrêté au 31/12/2025),1.2146,0.3786,0.2532
97412000BW2420,0.18254,9 vente(s) à moins de 150 m en 24 mois (DVF arrêté au 31/12/2025),Parcelle de 346 m² (cadastre),Zone U au PLU (PLU/GPU en vigueur à l'ingestion 2026),0.2532,0.2132,0.1036
97414000EN4079,0.18254,6 permis à moins de 100 m en 24 mois (Sitadel 2013→2025),Parcelle de 250 m² (cadastre),"Secteur à rotation faible du foncier nu (DVF arrêté au 31/12/2025, 36 mois)",0.2623,0.2132,0.195
97411000EH0140,0.18254,"Secteur à rotation faible du foncier nu (DVF arrêté au 31/12/2025, 36 mois)",Parcelle de 69 m² (cadastre),5% de ménages pauvres dans le carreau (Filosofi INSEE 2019),0.195,0.1336,0.1094
97422000BD3733,0.18254,Piscine détectée sur la parcelle (ortho 2026),Parcelle de 357 m² (cadastre),Zone U au PLU (PLU/GPU en vigueur à l'ingestion 2026),0.3786,0.2132,0.1036
97411000DY0219,0.18254,"Secteur à rotation faible du foncier nu (DVF arrêté au 31/12/2025, 36 mois)",Parcelle de 60 m² (cadastre),8 vente(s) à moins de 150 m en 24 mois (DVF arrêté au 31/12/2025),0.195,0.1336,0.1161
97414000EN3815,0.18254,Zone AU au PLU (PLU/GPU en vigueur à l'ingestion 2026),Piscine détectée sur la parcelle (ortho 2026),"Secteur à rotation faible du foncier nu (DVF arrêté au 31/12/2025, 36 mois)",0.496,0.3786,0.195
97423000AE0961,0.18254,Zone AU au PLU (PLU/GPU en vigueur à l'ingestion 2026),Parcelle de 369 m² (cadastre),"Secteur à rotation faible du foncier nu (DVF arrêté au 31/12/2025, 36 mois)",0.496,0.2132,0.1121
97413000CA0242,0.18254,Zone AU au PLU (PLU/GPU en vigueur à l'ingestion 2026),"Secteur à rotation faible du foncier nu (DVF arrêté au 31/12/2025, 36 mois)",4 permis à moins de 100 m en 24 mois (Sitadel 2013→2025),0.496,0.2864,0.2623
97411000DY0023,0.18254,Piscine détectée sur la parcelle (ortho 2026),4 permis à moins de 100 m en 24 mois (Sitadel 2013→2025),"Secteur à rotation faible du foncier nu (DVF arrêté au 31/12/2025, 36 mois)",0.3786,0.2623,0.195
97411000KA0296,0.18254,Zone AU au PLU (PLU/GPU en vigueur à l'ingestion 2026),Parcelle de 300 m² (cadastre),"Secteur à rotation faible du foncier nu (DVF arrêté au 31/12/2025, 36 mois)",0.496,0.2132,0.195
97416000HN1778,0.18254,6 permis à moins de 100 m en 24 mois (Sitadel 2013→2025),9 vente(s) à moins de 150 m en 24 mois (DVF arrêté au 31/12/2025),Parcelle de 136 m² (cadastre),0.2623,0.2532,0.1336
97411000AL0496,0.18254,10 vente(s) à moins de 150 m en 24 mois (DVF arrêté au 31/12/2025),Parcelle de 306 m² (cadastre),Zone U au PLU (PLU/GPU en vigueur à l'ingestion 2026),0.2532,0.2132,0.1036
97414000CV0772,0.18254,Zone AU au PLU (PLU/GPU en vigueur à l'ingestion 2026),Frein — 0 vente(s) à moins de 150 m en 24 mois (DVF arrêté au 31/12/2025),Parcelle de 417 m² (cadastre),0.496,-0.2221,0.2132
97411000AL0497,0.18254,10 vente(s) à moins de 150 m en 24 mois (DVF arrêté au 31/12/2025),Parcelle de 353 m² (cadastre),Zone U au PLU (PLU/GPU en vigueur à l'ingestion 2026),0.2532,0.2132,0.1036
97414000EL0303,0.18254,Détenue depuis moins d'un an — dernière mutation connue (DVF arrêté au 31/12/2025),Piscine détectée sur la parcelle (ortho 2026),Parcelle de 8956 m² (cadastre),1.4073,0.3786,0.237
97408000AS0498,0.18254,Zone AU au PLU (PLU/GPU en vigueur à l'ingestion 2026),Parcelle de 77 m² (cadastre),"Secteur à rotation faible du foncier nu (DVF arrêté au 31/12/2025, 36 mois)",0.496,0.1336,0.0875
97416000DT0872,0.18254,4 permis à moins de 100 m en 24 mois (Sitadel 2013→2025),10 vente(s) à moins de 150 m en 24 mois (DVF arrêté au 31/12/2025),Parcelle de 360 m² (cadastre),0.2623,0.2532,0.2132
97412000CE1504,0.18254,4 permis à moins de 100 m en 24 mois (Sitadel 2013→2025),Parcelle de 454 m² (cadastre),Zone U au PLU (PLU/GPU en vigueur à l'ingestion 2026),0.2623,0.2132,0.1036
97410000AV0309,0.18254,Piscine détectée sur la parcelle (ortho 2026),"Secteur à rotation faible du foncier nu (DVF arrêté au 31/12/2025, 36 mois)",Parcelle de 482 m² (cadastre),0.3786,0.2864,0.2132
97416000CX1461,0.18254,7 permis à moins de 100 m en 24 mois (Sitadel 2013→2025),9 vente(s) à moins de 150 m en 24 mois (DVF arrêté au 31/12/2025),Parcelle de 10 m² (cadastre),0.2623,0.2532,0.1894
97416000CW2465,0.18254,5 permis à moins de 100 m en 24 mois (Sitadel 2013→2025),13 vente(s) à moins de 150 m en 24 mois (DVF arrêté au 31/12/2025),Parcelle de 368 m² (cadastre),0.2623,0.2532,0.2132
97415000AB0832,0.18254,Détenue depuis moins d'un an — dernière mutation connue (DVF arrêté au 31/12/2025),Zone AU au PLU (PLU/GPU en vigueur à l'ingestion 2026),4 permis à moins de 100 m en 24 mois (Sitadel 2013→2025),1.0852,0.496,0.2623
97415000HP0029,0.18254,Détenue depuis moins d'un an — dernière mutation connue (DVF arrêté au 31/12/2025),Parcelle de 25371 m² (cadastre),Candidat photovoltaïque (ortho 2026),1.8635,0.4506,0.1253
97416000EL0114,0.18254,4 permis à moins de 100 m en 24 mois (Sitadel 2013→2025),10 vente(s) à moins de 150 m en 24 mois (DVF arrêté au 31/12/2025),Parcelle de 262 m² (cadastre),0.2623,0.2532,0.2132
97408000AS0457,0.18254,Zone AU au PLU (PLU/GPU en vigueur à l'ingestion 2026),Parcelle de 416 m² (cadastre),"Secteur à rotation faible du foncier nu (DVF arrêté au 31/12/2025, 36 mois)",0.496,0.2132,0.0875
97416000ES0793,0.18254,Détenue depuis moins d'un an — dernière mutation connue (DVF arrêté au 31/12/2025),5 permis à moins de 100 m en 24 mois (Sitadel 2013→2025),13 vente(s) à moins de 150 m en 24 mois (DVF arrêté au 31/12/2025),1.3855,0.2623,0.2532
97411000EN0181,0.18254,Détenue depuis moins d'un an — dernière mutation connue (DVF arrêté au 31/12/2025),Piscine détectée sur la parcelle (ortho 2026),Parcelle de 1391 m² (cadastre),1.4907,0.3786,0.1888
97412000BW1889,0.18254,13 vente(s) à moins de 150 m en 24 mois (DVF arrêté au 31/12/2025),Parcelle de 528 m² (cadastre),"43 m² de SDP résiduelle (résiduel m135, PLU 2026)",0.2532,0.1289,0.1134
97412000CX0091,0.18254,Détenue depuis moins d'un an — dernière mutation connue (DVF arrêté au 31/12/2025),Piscine détectée sur la parcelle (ortho 2026),10 vente(s) à moins de 150 m en 24 mois (DVF arrêté au 31/12/2025),1.3307,0.3786,0.2532
97424000AI1863,0.18254,4 permis à moins de 100 m en 24 mois (Sitadel 2013→2025),Parcelle de 447 m² (cadastre),"Secteur à rotation faible du foncier nu (DVF arrêté au 31/12/2025, 36 mois)",0.2623,0.2132,0.195
97411000CM0558,0.18254,Détenue depuis moins d'un an — dernière mutation connue (DVF arrêté au 31/12/2025),Parcelle de 13958 m² (cadastre),Zone U au PLU (PLU/GPU en vigueur à l'ingestion 2026),1.8696,0.461,0.1036
97416000CS0269,0.17326,Frein — Parcelle de 6035 m² (cadastre),Piscine détectée sur la parcelle (ortho 2026),"Secteur à rotation faible du foncier nu (DVF arrêté au 31/12/2025, 36 mois)",-0.4529,0.3786,0.2864
97408000AP1437,0.16138,"Secteur à rotation faible du foncier nu (DVF arrêté au 31/12/2025, 36 mois)",4 permis à moins de 100 m en 24 mois (Sitadel 2013→2025),Parcelle de 537 m² (cadastre),0.2864,0.2623,0.1289
97416000DT0254,0.15789,4 permis à moins de 100 m en 24 mois (Sitadel 2013→2025),10 vente(s) à moins de 150 m en 24 mois (DVF arrêté au 31/12/2025),Parcelle de 162 m² (cadastre),0.2623,0.2532,0.1336
97413000DJ0511,0.15789,"Secteur à rotation faible du foncier nu (DVF arrêté au 31/12/2025, 36 mois)",Parcelle de 192 m² (cadastre),"45 m² de SDP résiduelle (résiduel m135, PLU 2026)",0.195,0.1336,0.1134
97415000CW1056,0.15789,Zone AU au PLU (PLU/GPU en vigueur à l'ingestion 2026),Parcelle de 130 m² (cadastre),4% de ménages pauvres dans le carreau (Filosofi INSEE 2019),0.496,0.1336,0.1094
97414000DT0766,0.15789,"Secteur à rotation faible du foncier nu (DVF arrêté au 31/12/2025, 36 mois)",4 permis à moins de 100 m en 24 mois (Sitadel 2013→2025),Parcelle de 386 m² (cadastre),0.2864,0.2623,0.2132
97412000BW1887,0.15789,11 vente(s) à moins de 150 m en 24 mois (DVF arrêté au 31/12/2025),Parcelle de 53 m² (cadastre),Zone U au PLU (PLU/GPU en vigueur à l'ingestion 2026),0.2532,0.1336,0.1036
97416000EK0540,0.15789,5 permis à moins de 100 m en 24 mois (Sitadel 2013→2025),Parcelle de 266 m² (cadastre),8 vente(s) à moins de 150 m en 24 mois (DVF arrêté au 31/12/2025),0.2623,0.2132,0.1161
97411000AN0183,0.15789,4 permis à moins de 100 m en 24 mois (Sitadel 2013→2025),9 vente(s) à moins de 150 m en 24 mois (DVF arrêté au 31/12/2025),Parcelle de 186 m² (cadastre),0.2623,0.2532,0.1336
97416000CV2388,0.15789,Détenue depuis moins d'un an — dernière mutation connue (DVF arrêté au 31/12/2025),Frein — Zone A au PLU (PLU/GPU en vigueur à l'ingestion 2026),Parcelle de 47651 m² (cadastre),1.8696,-0.5621,0.461
97408000AC3349,0.15789,Parcelle de 330 m² (cadastre),"Secteur à rotation faible du foncier nu (DVF arrêté au 31/12/2025, 36 mois)","56 m² de SDP résiduelle (résiduel m135, PLU 2026)",0.2132,0.195,0.1134
97410000AN0366,0.15789,"Secteur à rotation faible du foncier nu (DVF arrêté au 31/12/2025, 36 mois)",Parcelle de 319 m² (cadastre),"47 m² de SDP résiduelle (résiduel m135, PLU 2026)",0.2864,0.2132,0.1134
97412000AM2084,0.15789,4 permis à moins de 100 m en 24 mois (Sitadel 2013→2025),Parcelle de 344 m² (cadastre),"Secteur à rotation faible du foncier nu (DVF arrêté au 31/12/2025, 36 mois)",0.2623,0.2132,0.195
97416000ET1152,0.15789,Parcelle de 338 m² (cadastre),"Secteur à rotation faible du foncier nu (DVF arrêté au 31/12/2025, 36 mois)",8 vente(s) à moins de 150 m en 24 mois (DVF arrêté au 31/12/2025),0.2132,0.195,0.1161
97406000AV1338,0.15789,Détenue depuis moins d'un an — dernière mutation connue (DVF arrêté au 31/12/2025),Zone AU au PLU (PLU/GPU en vigueur à l'ingestion 2026),14 vente(s) à moins de 150 m en 24 mois (DVF arrêté au 31/12/2025),1.2731,0.496,0.2532
97415000CL0917,0.15789,6 permis à moins de 100 m en 24 mois (Sitadel 2013→2025),Parcelle de 433 m² (cadastre),7 vente(s) à moins de 150 m en 24 mois (DVF arrêté au 31/12/2025),0.2623,0.2132,0.1161
97414000CH1740,0.15789,Piscine détectée sur la parcelle (ortho 2026),Parcelle de 480 m² (cadastre),"35 m² de SDP résiduelle (résiduel m135, PLU 2026)",0.3786,0.2132,0.1134
97415000AS1918,0.15789,6 permis à moins de 100 m en 24 mois (Sitadel 2013→2025),10 vente(s) à moins de 150 m en 24 mois (DVF arrêté au 31/12/2025),Parcelle de 231 m² (cadastre),0.2623,0.2532,0.1336
97422000EH0005,0.15789,Détenue depuis moins d'un an — dernière mutation connue (DVF arrêté au 31/12/2025),13 vente(s) à moins de 150 m en 24 mois (DVF arrêté au 31/12/2025),Parcelle de 4098 m² (cadastre),1.4907,0.2532,0.1888
97411000AN0122,0.15789,4 permis à moins de 100 m en 24 mois (Sitadel 2013→2025),10 vente(s) à moins de 150 m en 24 mois (DVF arrêté au 31/12/2025),Parcelle de 254 m² (cadastre),0.2623,0.2532,0.2132
97413000CA0246,0.15789,Zone AU au PLU (PLU/GPU en vigueur à l'ingestion 2026),"Secteur à rotation faible du foncier nu (DVF arrêté au 31/12/2025, 36 mois)",5 permis à moins de 100 m en 24 mois (Sitadel 2013→2025),0.496,0.2864,0.2623
97411000HW0435,0.15789,Parcelle de 281 m² (cadastre),Candidat photovoltaïque (ortho 2026),Zone U au PLU (PLU/GPU en vigueur à l'ingestion 2026),0.2132,0.1253,0.1036
97416000CS1401,0.15789,Piscine détectée sur la parcelle (ortho 2026),"Secteur à rotation faible du foncier nu (DVF arrêté au 31/12/2025, 36 mois)",Frein — nan% de ménages pauvres dans le carreau (Filosofi INSEE 2019),0.3786,0.2864,-0.136
97422000AP1250,0.15789,Détenue depuis moins d'un an — dernière mutation connue (DVF arrêté au 31/12/2025),Zone AU au PLU (PLU/GPU en vigueur à l'ingestion 2026),Parcelle de 10221 m² (cadastre),1.3855,0.496,0.2462
97422000CY0197,0.15789,Piscine détectée sur la parcelle (ortho 2026),5 permis à moins de 100 m en 24 mois (Sitadel 2013→2025),"Secteur à rotation faible du foncier nu (DVF arrêté au 31/12/2025, 36 mois)",0.3786,0.2623,0.195
97415000BW1978,0.15789,7 permis à moins de 100 m en 24 mois (Sitadel 2013→2025),"Secteur à rotation faible du foncier nu (DVF arrêté au 31/12/2025, 36 mois)",Parcelle de 537 m² (cadastre),0.2623,0.195,0.1289
97412000CP0461,0.15789,4 permis à moins de 100 m en 24 mois (Sitadel 2013→2025),Parcelle de 356 m² (cadastre),"41 m² de SDP résiduelle (résiduel m135, PLU 2026)",0.2623,0.2132,0.1134
97408000AO1908,0.15789,10 vente(s) à moins de 150 m en 24 mois (DVF arrêté au 31/12/2025),Parcelle de 271 m² (cadastre),Zone U au PLU (PLU/GPU en vigueur à l'ingestion 2026),0.2532,0.2132,0.1036
97416000CW2399,0.15789,11 vente(s) à moins de 150 m en 24 mois (DVF arrêté au 31/12/2025),Parcelle de 466 m² (cadastre),Zone U au PLU (PLU/GPU en vigueur à l'ingestion 2026),0.2532,0.2132,0.1036
97422000AS0911,0.15789,4 permis à moins de 100 m en 24 mois (Sitadel 2013→2025),Parcelle de 296 m² (cadastre),Zone U au PLU (PLU/GPU en vigueur à l'ingestion 2026),0.2623,0.2132,0.1036
97408000AB0275,0.15789,Frein — Le propriétaire a vendu une autre parcelle depuis 24 mois (millésimes fonciers PM 2019-2024),"Secteur à rotation faible du foncier nu (DVF arrêté au 31/12/2025, 36 mois)",5 permis à moins de 100 m en 24 mois (Sitadel 2013→2025),-0.6133,0.2864,0.2623
97411000BP0966,0.15789,Piscine détectée sur la parcelle (ortho 2026),Parcelle de 216 m² (cadastre),Zone U au PLU (PLU/GPU en vigueur à l'ingestion 2026),0.3786,0.1336,0.1036
97418000AT2289,0.15789,Zone AU au PLU (PLU/GPU en vigueur à l'ingestion 2026),"Secteur à rotation faible du foncier nu (DVF arrêté au 31/12/2025, 36 mois)",Frein — nan% de ménages pauvres dans le carreau (Filosofi INSEE 2019),0.496,0.2864,-0.136
97416000EP0873,0.15789,5 permis à moins de 100 m en 24 mois (Sitadel 2013→2025),Parcelle de 537 m² (cadastre),"Secteur à rotation faible du foncier nu (DVF arrêté au 31/12/2025, 36 mois)",0.2623,0.1289,0.1121
97412000AO0939,0.15789,"Secteur à rotation faible du foncier nu (DVF arrêté au 31/12/2025, 36 mois)",Parcelle de 378 m² (cadastre),Zone U au PLU (PLU/GPU en vigueur à l'ingestion 2026),0.2864,0.2132,0.1036
97415000AD0423,0.15789,Piscine détectée sur la parcelle (ortho 2026),Parcelle de 411 m² (cadastre),Zone U au PLU (PLU/GPU en vigueur à l'ingestion 2026),0.3786,0.2132,0.1036
97415000CT2821,0.15789,10 vente(s) à moins de 150 m en 24 mois (DVF arrêté au 31/12/2025),Parcelle de 399 m² (cadastre),"Secteur à rotation faible du foncier nu (DVF arrêté au 31/12/2025, 36 mois)",0.2532,0.2132,0.1121
97413000DJ0513,0.15789,"Secteur à rotation faible du foncier nu (DVF arrêté au 31/12/2025, 36 mois)",Parcelle de 48 m² (cadastre),0% de ménages pauvres dans le carreau (Filosofi INSEE 2019),0.195,0.1336,0.1094
97401000AR1178,0.15789,Parcelle de 386 m² (cadastre),"Secteur à rotation faible du foncier nu (DVF arrêté au 31/12/2025, 36 mois)",Candidat photovoltaïque (ortho 2026),0.2132,0.195,0.1253
97412000AM2042,0.15789,Détenue depuis moins d'un an — dernière mutation connue (DVF arrêté au 31/12/2025),Zone AU au PLU (PLU/GPU en vigueur à l'ingestion 2026),5 permis à moins de 100 m en 24 mois (Sitadel 2013→2025),1.1989,0.496,0.2623
97408000AN1347,0.15789,Détenue depuis moins d'un an — dernière mutation connue (DVF arrêté au 31/12/2025),13 vente(s) à moins de 150 m en 24 mois (DVF arrêté au 31/12/2025),Parcelle de 9708 m² (cadastre),1.6044,0.2532,0.2462
97411000IZ0392,0.15789,Parcelle de 352 m² (cadastre),"Secteur à rotation faible du foncier nu (DVF arrêté au 31/12/2025, 36 mois)",Zone U au PLU (PLU/GPU en vigueur à l'ingestion 2026),0.2132,0.195,0.1036
97414000EN4068,0.15789,7 permis à moins de 100 m en 24 mois (Sitadel 2013→2025),Parcelle de 408 m² (cadastre),"Secteur à rotation faible du foncier nu (DVF arrêté au 31/12/2025, 36 mois)",0.2623,0.2132,0.195
97415000ER0522,0.15789,10 vente(s) à moins de 150 m en 24 mois (DVF arrêté au 31/12/2025),Parcelle de 503 m² (cadastre),Candidat photovoltaïque (ortho 2026),0.2532,0.1289,0.1253
97422000AX1480,0.15789,Détenue depuis moins d'un an — dernière mutation connue (DVF arrêté au 31/12/2025),Zone AU au PLU (PLU/GPU en vigueur à l'ingestion 2026),Parcelle de 1444 m² (cadastre),1.2448,0.496,0.1888
97409000AX0586,0.15789,"Secteur à rotation faible du foncier nu (DVF arrêté au 31/12/2025, 36 mois)",4 permis à moins de 100 m en 24 mois (Sitadel 2013→2025),Parcelle de 474 m² (cadastre),0.2864,0.2623,0.2132
97415000AB0376,0.15789,Détenue depuis moins d'un an — dernière mutation connue (DVF arrêté au 31/12/2025),Frein — Le propriétaire a vendu une autre parcelle depuis 24 mois (millésimes fonciers PM 2019-2024),Zone AU au PLU (PLU/GPU en vigueur à l'ingestion 2026),1.6241,-0.6133,0.496
97408000AP1682,0.15789,Détenue depuis moins d'un an — dernière mutation connue (DVF arrêté au 31/12/2025),Zone AU au PLU (PLU/GPU en vigueur à l'ingestion 2026),10 permis à moins de 100 m en 24 mois (Sitadel 2013→2025),1.1171,0.496,0.2623
97415000CT2823,0.15789,10 vente(s) à moins de 150 m en 24 mois (DVF arrêté au 31/12/2025),Parcelle de 253 m² (cadastre),"Secteur à rotation faible du foncier nu (DVF arrêté au 31/12/2025, 36 mois)",0.2532,0.2132,0.1121
97415000AB0858,0.15789,Détenue depuis moins d'un an — dernière mutation connue (DVF arrêté au 31/12/2025),Zone AU au PLU (PLU/GPU en vigueur à l'ingestion 2026),Parcelle de 22886 m² (cadastre),1.6241,0.496,0.461
97404000AY0600,0.15789,Détenue depuis moins d'un an — dernière mutation connue (DVF arrêté au 31/12/2025),Zone AU au PLU (PLU/GPU en vigueur à l'ingestion 2026),9 vente(s) à moins de 150 m en 24 mois (DVF arrêté au 31/12/2025),1.3307,0.496,0.2532
97415000EZ0131,0.15789,Détenue depuis moins d'un an — dernière mutation connue (DVF arrêté au 31/12/2025),Piscine détectée sur la parcelle (ortho 2026),Parcelle de 1412 m² (cadastre),1.4907,0.3786,0.1888
97411000HS0070,0.15789,"Secteur à rotation faible du foncier nu (DVF arrêté au 31/12/2025, 36 mois)",Parcelle de 481 m² (cadastre),5% de ménages pauvres dans le carreau (Filosofi INSEE 2019),0.2864,0.2132,0.1094
97411000DY0034,0.15789,Détenue depuis moins d'un an — dernière mutation connue (DVF arrêté au 31/12/2025),Piscine détectée sur la parcelle (ortho 2026),4 permis à moins de 100 m en 24 mois (Sitadel 2013→2025),1.0852,0.3786,0.2623
97411000AD0549,0.15789,6 permis à moins de 100 m en 24 mois (Sitadel 2013→2025),Parcelle de 33 m² (cadastre),8 vente(s) à moins de 150 m en 24 mois (DVF arrêté au 31/12/2025),0.2623,0.1894,0.1161
97401000AR1559,0.15789,16 vente(s) à moins de 150 m en 24 mois (DVF arrêté au 31/12/2025),Parcelle de 350 m² (cadastre),"Secteur à rotation faible du foncier nu (DVF arrêté au 31/12/2025, 36 mois)",0.2532,0.2132,0.195
97409000AL1911,0.15687,Détenue depuis moins d'un an — dernière mutation connue (DVF arrêté au 31/12/2025),Piscine détectée sur la parcelle (ortho 2026),15 vente(s) à moins de 150 m en 24 mois (DVF arrêté au 31/12/2025),1.3855,0.3786,0.2532
97415000AY1600,0.15667,"Secteur à rotation faible du foncier nu (DVF arrêté au 31/12/2025, 36 mois)",Parcelle de 329 m² (cadastre),Zone U au PLU (PLU/GPU en vigueur à l'ingestion 2026),0.2864,0.2132,0.1036
97415000ET0133,0.1562,Frein — Parcelle de 8166 m² (cadastre),Piscine détectée sur la parcelle (ortho 2026),"Secteur à rotation faible du foncier nu (DVF arrêté au 31/12/2025, 36 mois)",-0.4529,0.3786,0.2864
97412000BW2421,0.15297,9 vente(s) à moins de 150 m en 24 mois (DVF arrêté au 31/12/2025),Parcelle de 183 m² (cadastre),Zone U au PLU (PLU/GPU en vigueur à l'ingestion 2026),0.2532,0.1336,0.1036
97404000BA0172,0.15294,Détenue depuis moins d'un an — dernière mutation connue (DVF arrêté au 31/12/2025),Piscine détectée sur la parcelle (ortho 2026),Candidat photovoltaïque (ortho 2026),1.248,0.3786,0.1253
97410000AS1425,0.15294,Frein — Le propriétaire a vendu une autre parcelle depuis 24 mois (millésimes fonciers PM 2019-2024),Zone AU au PLU (PLU/GPU en vigueur à l'ingestion 2026),19 permis à moins de 100 m en 24 mois (Sitadel 2013→2025),-0.6133,0.496,0.2623
97411000EK0108,0.15294,Détenue depuis moins d'un an — dernière mutation connue (DVF arrêté au 31/12/2025),Piscine détectée sur la parcelle (ortho 2026),Parcelle de 1156 m² (cadastre),1.2544,0.3786,0.1302
97416000HP0192,0.15294,Détenue depuis moins d'un an — dernière mutation connue (DVF arrêté au 31/12/2025),Piscine détectée sur la parcelle (ortho 2026),Parcelle de 1891 m² (cadastre),1.2945,0.3786,0.1888
97413000DE1526,0.15294,11 vente(s) à moins de 150 m en 24 mois (DVF arrêté au 31/12/2025),Parcelle de 426 m² (cadastre),Zone U au PLU (PLU/GPU en vigueur à l'ingestion 2026),0.2532,0.2132,0.1036
97413000CS0346,0.15294,Détenue depuis moins d'un an — dernière mutation connue (DVF arrêté au 31/12/2025),Piscine détectée sur la parcelle (ortho 2026),Parcelle de 1453 m² (cadastre),1.3307,0.3786,0.1888
97418000AT2317,0.15294,Frein — Le propriétaire a vendu une autre parcelle depuis 24 mois (millésimes fonciers PM 2019-2024),"Secteur à rotation faible du foncier nu (DVF arrêté au 31/12/2025, 36 mois)",15 permis à moins de 100 m en 24 mois (Sitadel 2013→2025),-0.6133,0.2864,0.2623
97412000CR0626,0.15294,Parcelle de 457 m² (cadastre),Candidat photovoltaïque (ortho 2026),"45 m² de SDP résiduelle (résiduel m135, PLU 2026)",0.2132,0.1253,0.1134
97412000BW2422,0.15294,9 vente(s) à moins de 150 m en 24 mois (DVF arrêté au 31/12/2025),Parcelle de 163 m² (cadastre),Zone U au PLU (PLU/GPU en vigueur à l'ingestion 2026),0.2532,0.1336,0.1036
97416000CX1460,0.15294,7 permis à moins de 100 m en 24 mois (Sitadel 2013→2025),9 vente(s) à moins de 150 m en 24 mois (DVF arrêté au 31/12/2025),Parcelle de 127 m² (cadastre),0.2623,0.2532,0.1336
97411000EP0182,0.15294,Détenue depuis moins d'un an — dernière mutation connue (DVF arrêté au 31/12/2025),Piscine détectée sur la parcelle (ortho 2026),Parcelle de 1108 m² (cadastre),1.1558,0.3786,0.1302
97416000HL0023,0.15294,Détenue depuis moins d'un an — dernière mutation connue (DVF arrêté au 31/12/2025),Frein — Zone N au PLU (PLU/GPU en vigueur à l'ingestion 2026),Parcelle de 91449 m² (cadastre),1.7203,-0.5326,0.461
97414000EW0682,0.15294,Détenue depuis moins d'un an — dernière mutation connue (DVF arrêté au 31/12/2025),Piscine détectée sur la parcelle (ortho 2026),Parcelle de 1023 m² (cadastre),1.3746,0.3786,0.1302
97410000AS1439,0.15294,Frein — Le propriétaire a vendu une autre parcelle depuis 24 mois (millésimes fonciers PM 2019-2024),Zone AU au PLU (PLU/GPU en vigueur à l'ingestion 2026),15 permis à moins de 100 m en 24 mois (Sitadel 2013→2025),-0.6133,0.496,0.2623
97403000AM0766,0.15294,Zone AU au PLU (PLU/GPU en vigueur à l'ingestion 2026),4 permis à moins de 100 m en 24 mois (Sitadel 2013→2025),11 vente(s) à moins de 150 m en 24 mois (DVF arrêté au 31/12/2025),0.496,0.2623,0.2532
97423000AB0181,0.15294,4 permis à moins de 100 m en 24 mois (Sitadel 2013→2025),"Secteur à rotation faible du foncier nu (DVF arrêté au 31/12/2025, 36 mois)",Parcelle de 595 m² (cadastre),0.2623,0.195,0.1289
97422000CM0262,0.15294,Détenue depuis moins d'un an — dernière mutation connue (DVF arrêté au 31/12/2025),Piscine détectée sur la parcelle (ortho 2026),Parcelle de 5196 m² (cadastre),1.3313,0.3786,0.237
97416000EK0121,0.15294,11 vente(s) à moins de 150 m en 24 mois (DVF arrêté au 31/12/2025),Parcelle de 326 m² (cadastre),Zone U au PLU (PLU/GPU en vigueur à l'ingestion 2026),0.2532,0.2132,0.1036
97414000EN2983,0.15294,4 permis à moins de 100 m en 24 mois (Sitadel 2013→2025),Parcelle de 424 m² (cadastre),"Secteur à rotation faible du foncier nu (DVF arrêté au 31/12/2025, 36 mois)",0.2623,0.2132,0.195
97416000HN0973,0.15294,Piscine détectée sur la parcelle (ortho 2026),5 permis à moins de 100 m en 24 mois (Sitadel 2013→2025),Frein — Parcelle de 920 m² (cadastre),0.3786,0.2623,-0.1218
97417000BC0067,0.15294,Détenue depuis moins d'un an — dernière mutation connue (DVF arrêté au 31/12/2025),Parcelle de 28947 m² (cadastre),Frein — Zone inconnu au PLU (PLU/GPU en vigueur à l'ingestion 2026),1.7837,0.461,-0.1636
97416000ET0852,0.15294,9 vente(s) à moins de 150 m en 24 mois (DVF arrêté au 31/12/2025),"Secteur à rotation faible du foncier nu (DVF arrêté au 31/12/2025, 36 mois)",Parcelle de 603 m² (cadastre),0.2532,0.195,0.1289
97422000AS0935,0.15294,4 permis à moins de 100 m en 24 mois (Sitadel 2013→2025),Parcelle de 289 m² (cadastre),Zone U au PLU (PLU/GPU en vigueur à l'ingestion 2026),0.2623,0.2132,0.1036
97422000BN2929,0.15294,4 permis à moins de 100 m en 24 mois (Sitadel 2013→2025),Parcelle de 291 m² (cadastre),7 vente(s) à moins de 150 m en 24 mois (DVF arrêté au 31/12/2025),0.2623,0.2132,0.1161
97415000EP1179,0.15294,9 permis à moins de 100 m en 24 mois (Sitadel 2013→2025),Parcelle de 339 m² (cadastre),8 vente(s) à moins de 150 m en 24 mois (DVF arrêté au 31/12/2025),0.2623,0.2132,0.1161
97410000AS1441,0.15294,Frein — Le propriétaire a vendu une autre parcelle depuis 24 mois (millésimes fonciers PM 2019-2024),Zone AU au PLU (PLU/GPU en vigueur à l'ingestion 2026),14 permis à moins de 100 m en 24 mois (Sitadel 2013→2025),-0.6133,0.496,0.2623
97404000AL1664,0.15294,Zone AU au PLU (PLU/GPU en vigueur à l'ingestion 2026),Parcelle de 220 m² (cadastre),"63 m² de SDP résiduelle (résiduel m135, PLU 2026)",0.496,0.1336,0.1134
97412000AO0973,0.15294,"Secteur à rotation faible du foncier nu (DVF arrêté au 31/12/2025, 36 mois)",Parcelle de 472 m² (cadastre),Zone U au PLU (PLU/GPU en vigueur à l'ingestion 2026),0.2864,0.2132,0.1036
97411000HS0151,0.15294,"Secteur à rotation faible du foncier nu (DVF arrêté au 31/12/2025, 36 mois)",11 vente(s) à moins de 150 m en 24 mois (DVF arrêté au 31/12/2025),Zone U au PLU (PLU/GPU en vigueur à l'ingestion 2026),0.2864,0.2532,0.1036
97409000AR2432,0.15294,Piscine détectée sur la parcelle (ortho 2026),Parcelle de 608 m² (cadastre),"59 m² de SDP résiduelle (résiduel m135, PLU 2026)",0.3786,0.1289,0.1134
97401000AR1417,0.15294,Parcelle de 404 m² (cadastre),"Secteur à rotation faible du foncier nu (DVF arrêté au 31/12/2025, 36 mois)",Zone U au PLU (PLU/GPU en vigueur à l'ingestion 2026),0.2132,0.195,0.1036
97412000CP0463,0.15294,4 permis à moins de 100 m en 24 mois (Sitadel 2013→2025),Parcelle de 381 m² (cadastre),Zone U au PLU (PLU/GPU en vigueur à l'ingestion 2026),0.2623,0.2132,0.1036
97423000AB0357,0.15294,4 permis à moins de 100 m en 24 mois (Sitadel 2013→2025),"Secteur à rotation faible du foncier nu (DVF arrêté au 31/12/2025, 36 mois)",Parcelle de 538 m² (cadastre),0.2623,0.195,0.1289
97415000ET1707,0.15294,Frein — Le propriétaire a vendu une autre parcelle depuis 24 mois (millésimes fonciers PM 2019-2024),"Secteur à rotation faible du foncier nu (DVF arrêté au 31/12/2025, 36 mois)",5 permis à moins de 100 m en 24 mois (Sitadel 2013→2025),-0.6133,0.2864,0.2623
97413000CS0128,0.15294,Détenue depuis moins d'un an — dernière mutation connue (DVF arrêté au 31/12/2025),Piscine détectée sur la parcelle (ortho 2026),Parcelle de 1373 m² (cadastre),1.3307,0.3786,0.1888
97410000AS1446,0.15294,Frein — Le propriétaire a vendu une autre parcelle depuis 24 mois (millésimes fonciers PM 2019-2024),Zone AU au PLU (PLU/GPU en vigueur à l'ingestion 2026),16 permis à moins de 100 m en 24 mois (Sitadel 2013→2025),-0.6133,0.496,0.2623
97403000AP1224,0.15294,Détenue depuis moins d'un an — dernière mutation connue (DVF arrêté au 31/12/2025),10 vente(s) à moins de 150 m en 24 mois (DVF arrêté au 31/12/2025),Parcelle de 5766 m² (cadastre),1.4443,0.2532,0.2462
97411000EH0190,0.15294,"Secteur à rotation faible du foncier nu (DVF arrêté au 31/12/2025, 36 mois)",Parcelle de 50 m² (cadastre),6% de ménages pauvres dans le carreau (Filosofi INSEE 2019),0.195,0.1336,0.1094
97412000BP0125,0.15294,4 permis à moins de 100 m en 24 mois (Sitadel 2013→2025),10 vente(s) à moins de 150 m en 24 mois (DVF arrêté au 31/12/2025),Parcelle de 160 m² (cadastre),0.2623,0.2532,0.1336
97412000CP0462,0.15294,4 permis à moins de 100 m en 24 mois (Sitadel 2013→2025),Parcelle de 343 m² (cadastre),Zone U au PLU (PLU/GPU en vigueur à l'ingestion 2026),0.2623,0.2132,0.1036
97415000DI0656,0.15016,Détenue depuis moins d'un an — dernière mutation connue (DVF arrêté au 31/12/2025),Parcelle de 7745 m² (cadastre),Candidat photovoltaïque (ortho 2026),1.6044,0.2462,0.1253
97406000AV1024,0.10909,Zone AU au PLU (PLU/GPU en vigueur à l'ingestion 2026),7 vente(s) à moins de 150 m en 24 mois (DVF arrêté au 31/12/2025),"Secteur à rotation faible du foncier nu (DVF arrêté au 31/12/2025, 36 mois)",0.496,0.1161,0.1121
97418000AT2379,0.10909,Frein — Le propriétaire a vendu une autre parcelle depuis 24 mois (millésimes fonciers PM 2019-2024),"Secteur à rotation faible du foncier nu (DVF arrêté au 31/12/2025, 36 mois)",15 permis à moins de 100 m en 24 mois (Sitadel 2013→2025),-0.6133,0.2864,0.2623
97414000EN1580,0.10909,5 permis à moins de 100 m en 24 mois (Sitadel 2013→2025),"Secteur à rotation faible du foncier nu (DVF arrêté au 31/12/2025, 36 mois)",Parcelle de 555 m² (cadastre),0.2623,0.195,0.1289
97407000AH0233,0.10909,Piscine détectée sur la parcelle (ortho 2026),Parcelle de 235 m² (cadastre),Zone U au PLU (PLU/GPU en vigueur à l'ingestion 2026),0.3786,0.1336,0.1036
97414000EX0877,0.10909,Détenue depuis moins d'un an — dernière mutation connue (DVF arrêté au 31/12/2025),Piscine détectée sur la parcelle (ortho 2026),Parcelle de 2165 m² (cadastre),1.3704,0.3786,0.1888
97405000AK1003,0.10909,4 permis à moins de 100 m en 24 mois (Sitadel 2013→2025),Parcelle de 292 m² (cadastre),"28 m² de SDP résiduelle (résiduel m135, PLU 2026)",0.2623,0.2132,0.1134
97401000AD1625,0.10909,Piscine détectée sur la parcelle (ortho 2026),5 permis à moins de 100 m en 24 mois (Sitadel 2013→2025),"Secteur à rotation faible du foncier nu (DVF arrêté au 31/12/2025, 36 mois)",0.3786,0.2623,0.1121
97416000DE0715,0.10909,5 permis à moins de 100 m en 24 mois (Sitadel 2013→2025),Parcelle de 395 m² (cadastre),"57 m² de SDP résiduelle (résiduel m135, PLU 2026)",0.2623,0.2132,0.1134
97411000KB0241,0.10909,Parcelle de 392 m² (cadastre),"Secteur à rotation faible du foncier nu (DVF arrêté au 31/12/2025, 36 mois)",Zone U au PLU (PLU/GPU en vigueur à l'ingestion 2026),0.2132,0.195,0.1036
97415000AH0692,0.10909,Zone AU au PLU (PLU/GPU en vigueur à l'ingestion 2026),Piscine détectée sur la parcelle (ortho 2026),Parcelle de 551 m² (cadastre),0.496,0.3786,0.1289
97408000AP0038,0.10909,"Secteur à rotation faible du foncier nu (DVF arrêté au 31/12/2025, 36 mois)",4 permis à moins de 100 m en 24 mois (Sitadel 2013→2025),Zone U au PLU (PLU/GPU en vigueur à l'ingestion 2026),0.2864,0.2623,0.1036
97411000EK0282,0.10909,Détenue depuis moins d'un an — dernière mutation connue (DVF arrêté au 31/12/2025),Parcelle de 5406 m² (cadastre),7 vente(s) à moins de 150 m en 24 mois (DVF arrêté au 31/12/2025),1.4841,0.2462,0.1161
97422000BP1390,0.10909,Détenue depuis moins d'un an — dernière mutation connue (DVF arrêté au 31/12/2025),Zone AU au PLU (PLU/GPU en vigueur à l'ingestion 2026),4 permis à moins de 100 m en 24 mois (Sitadel 2013→2025),1.3307,0.496,0.2623
97415000CY1041,0.10909,Détenue depuis moins d'un an — dernière mutation connue (DVF arrêté au 31/12/2025),Zone AU au PLU (PLU/GPU en vigueur à l'ingestion 2026),11 vente(s) à moins de 150 m en 24 mois (DVF arrêté au 31/12/2025),1.1814,0.496,0.2532
97415000EZ0122,0.10909,Détenue depuis moins d'un an — dernière mutation connue (DVF arrêté au 31/12/2025),Piscine détectée sur la parcelle (ortho 2026),7% de ménages pauvres dans le carreau (Filosofi INSEE 2019),1.248,0.3786,0.1094
97413000CT0129,0.10909,Piscine détectée sur la parcelle (ortho 2026),Parcelle de 400 m² (cadastre),"Frein — Secteur à rotation faible du foncier nu (DVF arrêté au 31/12/2025, 36 mois)",0.3786,0.2132,-0.1238
97411000HD0309,0.10909,Parcelle de 309 m² (cadastre),"41 m² de SDP résiduelle (résiduel m135, PLU 2026)",Zone U au PLU (PLU/GPU en vigueur à l'ingestion 2026),0.2132,0.1134,0.1036
97422000BR1798,0.10909,9 vente(s) à moins de 150 m en 24 mois (DVF arrêté au 31/12/2025),Parcelle de 483 m² (cadastre),Zone U au PLU (PLU/GPU en vigueur à l'ingestion 2026),0.2532,0.2132,0.1036
97422000CX1140,0.10909,Zone AU au PLU (PLU/GPU en vigueur à l'ingestion 2026),7 permis à moins de 100 m en 24 mois (Sitadel 2013→2025),Parcelle de 598 m² (cadastre),0.496,0.2623,0.1101
97422000CZ0414,0.10909,Détenue depuis moins d'un an — dernière mutation connue (DVF arrêté au 31/12/2025),Piscine détectée sur la parcelle (ortho 2026),Parcelle de 1259 m² (cadastre),1.3307,0.3786,0.1888
97412000AZ0851,0.10909,"Secteur à rotation faible du foncier nu (DVF arrêté au 31/12/2025, 36 mois)",Parcelle de 407 m² (cadastre),Zone U au PLU (PLU/GPU en vigueur à l'ingestion 2026),0.2864,0.2132,0.1036
97412000BR0009,0.10909,Détenue depuis moins d'un an — dernière mutation connue (DVF arrêté au 31/12/2025),Frein — Zone A au PLU (PLU/GPU en vigueur à l'ingestion 2026),Parcelle de 18698 m² (cadastre),1.9094,-0.5621,0.461
97404000AI2379,0.10909,Piscine détectée sur la parcelle (ortho 2026),4 permis à moins de 100 m en 24 mois (Sitadel 2013→2025),Zone U au PLU (PLU/GPU en vigueur à l'ingestion 2026),0.3786,0.2623,0.1036
97412000AX1078,0.10909,6 permis à moins de 100 m en 24 mois (Sitadel 2013→2025),Parcelle de 183 m² (cadastre),7 vente(s) à moins de 150 m en 24 mois (DVF arrêté au 31/12/2025),0.2623,0.1336,0.1161
97407000AL0695,0.10909,4 permis à moins de 100 m en 24 mois (Sitadel 2013→2025),Parcelle de 284 m² (cadastre),Zone U au PLU (PLU/GPU en vigueur à l'ingestion 2026),0.2623,0.2132,0.1036
97404000AL1659,0.10909,4 permis à moins de 100 m en 24 mois (Sitadel 2013→2025),Parcelle de 430 m² (cadastre),"Secteur à rotation faible du foncier nu (DVF arrêté au 31/12/2025, 36 mois)",0.2623,0.2132,0.1121
97424000AI1447,0.10909,7 permis à moins de 100 m en 24 mois (Sitadel 2013→2025),24 vente(s) à moins de 150 m en 24 mois (DVF arrêté au 31/12/2025),"Secteur à rotation faible du foncier nu (DVF arrêté au 31/12/2025, 36 mois)",0.2623,0.2532,0.195
97416000HZ0193,0.10909,Détenue depuis moins d'un an — dernière mutation connue (DVF arrêté au 31/12/2025),Piscine détectée sur la parcelle (ortho 2026),9 vente(s) à moins de 150 m en 24 mois (DVF arrêté au 31/12/2025),1.1558,0.3786,0.2532
97414000ES0030,0.10909,6 permis à moins de 100 m en 24 mois (Sitadel 2013→2025),9 vente(s) à moins de 150 m en 24 mois (DVF arrêté au 31/12/2025),"Secteur à rotation faible du foncier nu (DVF arrêté au 31/12/2025, 36 mois)",0.2623,0.2532,0.1121
97415000EZ0264,0.10909,Détenue depuis moins d'un an — dernière mutation connue (DVF arrêté au 31/12/2025),Piscine détectée sur la parcelle (ortho 2026),0% de ménages pauvres dans le carreau (Filosofi INSEE 2019),1.248,0.3786,0.1094
97424000AI0873,0.10909,Parcelle de 421 m² (cadastre),"Secteur à rotation faible du foncier nu (DVF arrêté au 31/12/2025, 36 mois)",Zone U au PLU (PLU/GPU en vigueur à l'ingestion 2026),0.2132,0.195,0.1036
97404000AR0071,0.10909,4 permis à moins de 100 m en 24 mois (Sitadel 2013→2025),Parcelle de 325 m² (cadastre),"Secteur à rotation faible du foncier nu (DVF arrêté au 31/12/2025, 36 mois)",0.2623,0.2132,0.1121
97422000BD3747,0.10909,Zone AU au PLU (PLU/GPU en vigueur à l'ingestion 2026),Parcelle de 433 m² (cadastre),"Aucune vente connue depuis au moins 12 ans (DVF arrêté au 31/12/2025, historique 2014+)",0.496,0.2132,0.063
97410000AS1450,0.10909,Frein — Le propriétaire a vendu une autre parcelle depuis 24 mois (millésimes fonciers PM 2019-2024),Zone AU au PLU (PLU/GPU en vigueur à l'ingestion 2026),15 permis à moins de 100 m en 24 mois (Sitadel 2013→2025),-0.6133,0.496,0.2623
97417000BC0150,0.10909,Détenue depuis moins d'un an — dernière mutation connue (DVF arrêté au 31/12/2025),Parcelle de 31438 m² (cadastre),Frein — Zone inconnu au PLU (PLU/GPU en vigueur à l'ingestion 2026),1.7837,0.461,-0.1636
97404000AP0082,0.10909,Détenue depuis moins d'un an — dernière mutation connue (DVF arrêté au 31/12/2025),Piscine détectée sur la parcelle (ortho 2026),Parcelle de 1180 m² (cadastre),1.3746,0.3786,0.1302
97415000BW1088,0.10909,Parcelle de 278 m² (cadastre),"Secteur à rotation faible du foncier nu (DVF arrêté au 31/12/2025, 36 mois)",Zone U au PLU (PLU/GPU en vigueur à l'ingestion 2026),0.2132,0.195,0.1036
97421000AL0544,0.10909,Détenue depuis moins d'un an — dernière mutation connue (DVF arrêté au 31/12/2025),Zone AU au PLU (PLU/GPU en vigueur à l'ingestion 2026),8 permis à moins de 100 m en 24 mois (Sitadel 2013→2025),1.1171,0.496,0.2623
97422000EK0063,0.10909,Détenue depuis moins d'un an — dernière mutation connue (DVF arrêté au 31/12/2025),Piscine détectée sur la parcelle (ortho 2026),Parcelle de 8239 m² (cadastre),1.4841,0.3786,0.2462
97415000CY1052,0.10909,Détenue depuis moins d'un an — dernière mutation connue (DVF arrêté au 31/12/2025),Zone AU au PLU (PLU/GPU en vigueur à l'ingestion 2026),10 vente(s) à moins de 150 m en 24 mois (DVF arrêté au 31/12/2025),1.1814,0.496,0.2532
97415000BO0142,0.10909,5 permis à moins de 100 m en 24 mois (Sitadel 2013→2025),Parcelle de 278 m² (cadastre),Zone U au PLU (PLU/GPU en vigueur à l'ingestion 2026),0.2623,0.2132,0.1036
97404000AT0861,0.10909,4 permis à moins de 100 m en 24 mois (Sitadel 2013→2025),"Secteur à rotation faible du foncier nu (DVF arrêté au 31/12/2025, 36 mois)",Parcelle de 495 m² (cadastre),0.2623,0.195,0.1289
97408000AM1326,0.10909,14 vente(s) à moins de 150 m en 24 mois (DVF arrêté au 31/12/2025),Parcelle de 318 m² (cadastre),Zone U au PLU (PLU/GPU en vigueur à l'ingestion 2026),0.2532,0.2132,0.1036
97407000BL0226,0.10909,"Frein — Secteur à rotation faible du foncier nu (DVF arrêté au 31/12/2025, 36 mois)",Parcelle de 413 m² (cadastre),Candidat photovoltaïque (ortho 2026),-0.2583,0.2132,0.1253
97416000HZ1030,0.10909,4 permis à moins de 100 m en 24 mois (Sitadel 2013→2025),11 vente(s) à moins de 150 m en 24 mois (DVF arrêté au 31/12/2025),Parcelle de 107 m² (cadastre),0.2623,0.2532,0.1336
97416000HX0823,0.10909,Détenue depuis moins d'un an — dernière mutation connue (DVF arrêté au 31/12/2025),Piscine détectée sur la parcelle (ortho 2026),Parcelle de 1210 m² (cadastre),1.2146,0.3786,0.1302
97414000DT0722,0.10909,"Secteur à rotation faible du foncier nu (DVF arrêté au 31/12/2025, 36 mois)",Parcelle de 453 m² (cadastre),Zone U au PLU (PLU/GPU en vigueur à l'ingestion 2026),0.2864,0.2132,0.1036
97411000AP0082,0.10909,13 vente(s) à moins de 150 m en 24 mois (DVF arrêté au 31/12/2025),Parcelle de 438 m² (cadastre),Zone U au PLU (PLU/GPU en vigueur à l'ingestion 2026),0.2532,0.2132,0.1036
97411000CD0399,0.10909,Détenue depuis moins d'un an — dernière mutation connue (DVF arrêté au 31/12/2025),Piscine détectée sur la parcelle (ortho 2026),Parcelle de 1782 m² (cadastre),1.3704,0.3786,0.1888
97408000BL0332,0.10909,12 vente(s) à moins de 150 m en 24 mois (DVF arrêté au 31/12/2025),Parcelle de 413 m² (cadastre),"Frein — Secteur à rotation faible du foncier nu (DVF arrêté au 31/12/2025, 36 mois)",0.2532,0.2132,-0.1238
97408000AP1149,0.10909,Détenue depuis moins d'un an — dernière mutation connue (DVF arrêté au 31/12/2025),Zone AU au PLU (PLU/GPU en vigueur à l'ingestion 2026),5 permis à moins de 100 m en 24 mois (Sitadel 2013→2025),1.0402,0.496,0.2623
97412000CE2776,0.10909,Parcelle de 396 m² (cadastre),Zone U au PLU (PLU/GPU en vigueur à l'ingestion 2026),Secteur densément bâti (BD TOPO 2026),0.2132,0.1036,0.0981
97405000BI1048,0.10909,Parcelle de 403 m² (cadastre),Candidat photovoltaïque (ortho 2026),"40 m² de SDP résiduelle (résiduel m135, PLU 2026)",0.2132,0.1253,0.1134
97423000AB1357,0.10909,Zone AU au PLU (PLU/GPU en vigueur à l'ingestion 2026),Piscine détectée sur la parcelle (ortho 2026),Frein — Parcelle de 3198 m² (cadastre),0.496,0.3786,-0.3473
97416000CW1751,0.10909,Parcelle de 416 m² (cadastre),8 vente(s) à moins de 150 m en 24 mois (DVF arrêté au 31/12/2025),Zone U au PLU (PLU/GPU en vigueur à l'ingestion 2026),0.2132,0.1161,0.1036
97410000BE1176,0.10909,Parcelle de 469 m² (cadastre),"Secteur à rotation faible du foncier nu (DVF arrêté au 31/12/2025, 36 mois)","67 m² de SDP résiduelle (résiduel m135, PLU 2026)",0.2132,0.195,0.1134
97406000AW1178,0.10909,5 permis à moins de 100 m en 24 mois (Sitadel 2013→2025),"Secteur à rotation faible du foncier nu (DVF arrêté au 31/12/2025, 36 mois)",Parcelle de 514 m² (cadastre),0.2623,0.195,0.1289
97412000CI0428,0.10909,"Secteur à rotation faible du foncier nu (DVF arrêté au 31/12/2025, 36 mois)",Parcelle de 222 m² (cadastre),Zone U au PLU (PLU/GPU en vigueur à l'ingestion 2026),0.2864,0.1336,0.1036
97401000AS1504,0.10909,Piscine détectée sur la parcelle (ortho 2026),Parcelle de 286 m² (cadastre),Zone U au PLU (PLU/GPU en vigueur à l'ingestion 2026),0.3786,0.2132,0.1036
97411000HW0405,0.10909,Parcelle de 349 m² (cadastre),Zone U au PLU (PLU/GPU en vigueur à l'ingestion 2026),"Secteur à rotation faible du foncier nu (DVF arrêté au 31/12/2025, 36 mois)",0.2132,0.1036,0.0875
97411000HW0436,0.10909,Parcelle de 280 m² (cadastre),Zone U au PLU (PLU/GPU en vigueur à l'ingestion 2026),"Secteur à rotation faible du foncier nu (DVF arrêté au 31/12/2025, 36 mois)",0.2132,0.1036,0.0875
97415000EL0494,0.10909,4 permis à moins de 100 m en 24 mois (Sitadel 2013→2025),Parcelle de 432 m² (cadastre),"35 m² de SDP résiduelle (résiduel m135, PLU 2026)",0.2623,0.2132,0.1134
97416000EX0803,0.10909,Parcelle de 412 m² (cadastre),"Secteur à rotation faible du foncier nu (DVF arrêté au 31/12/2025, 36 mois)",Zone U au PLU (PLU/GPU en vigueur à l'ingestion 2026),0.2132,0.1121,0.1036
97423000AB0686,0.10909,Parcelle de 318 m² (cadastre),"Secteur à rotation faible du foncier nu (DVF arrêté au 31/12/2025, 36 mois)",Zone U au PLU (PLU/GPU en vigueur à l'ingestion 2026),0.2132,0.195,0.1036
97415000DK1044,0.10909,Frein — Le propriétaire a vendu une autre parcelle depuis 24 mois (millésimes fonciers PM 2019-2024),Zone AU au PLU (PLU/GPU en vigueur à l'ingestion 2026),"Secteur à rotation faible du foncier nu (DVF arrêté au 31/12/2025, 36 mois)",-0.6133,0.496,0.2864
97422000CM1077,0.10909,Zone AU au PLU (PLU/GPU en vigueur à l'ingestion 2026),0% de ménages pauvres dans le carreau (Filosofi INSEE 2019),"Zone sans droits à bâtir (résiduel m135, PLU 2026)",0.496,0.1094,0.1014
97418000AS0733,0.10909,Parcelle de 284 m² (cadastre),"Secteur à rotation faible du foncier nu (DVF arrêté au 31/12/2025, 36 mois)",8 vente(s) à moins de 150 m en 24 mois (DVF arrêté au 31/12/2025),0.2132,0.195,0.1161
97412000AO0971,0.10909,"Secteur à rotation faible du foncier nu (DVF arrêté au 31/12/2025, 36 mois)",Parcelle de 71 m² (cadastre),Zone U au PLU (PLU/GPU en vigueur à l'ingestion 2026),0.2864,0.1336,0.1036
97411000AT0475,0.10484,Détenue depuis moins d'un an — dernière mutation connue (DVF arrêté au 31/12/2025),9 vente(s) à moins de 150 m en 24 mois (DVF arrêté au 31/12/2025),Parcelle de 1260 m² (cadastre),1.4907,0.2532,0.1888
97408000AO0241,0.10051,Parcelle de 388 m² (cadastre),Zone U au PLU (PLU/GPU en vigueur à l'ingestion 2026),3 permis à moins de 100 m en 24 mois (Sitadel 2013→2025),0.2132,0.1036,0.0926
97401000AR1649,0.1,"Secteur à rotation faible du foncier nu (DVF arrêté au 31/12/2025, 36 mois)",Parcelle de 580 m² (cadastre),7 vente(s) à moins de 150 m en 24 mois (DVF arrêté au 31/12/2025),0.195,0.1289,0.1161
97415000AS1194,0.1,Détenue depuis moins d'un an — dernière mutation connue (DVF arrêté au 31/12/2025),6 permis à moins de 100 m en 24 mois (Sitadel 2013→2025),10 vente(s) à moins de 150 m en 24 mois (DVF arrêté au 31/12/2025),1.2719,0.2623,0.2532
97403000AR1511,0.1,Piscine détectée sur la parcelle (ortho 2026),Parcelle de 527 m² (cadastre),"58 m² de SDP résiduelle (résiduel m135, PLU 2026)",0.3786,0.1289,0.1134
97415000BP0980,0.1,Détenue depuis moins d'un an — dernière mutation connue (DVF arrêté au 31/12/2025),10 vente(s) à moins de 150 m en 24 mois (DVF arrêté au 31/12/2025),Parcelle de 1384 m² (cadastre),1.3307,0.2532,0.1888
97412000BY1430,0.1,Parcelle de 465 m² (cadastre),Candidat photovoltaïque (ortho 2026),Zone U au PLU (PLU/GPU en vigueur à l'ingestion 2026),0.2132,0.1253,0.1036
97415000CX0639,0.1,Détenue depuis moins d'un an — dernière mutation connue (DVF arrêté au 31/12/2025),Piscine détectée sur la parcelle (ortho 2026),Parcelle de 1122 m² (cadastre),1.0653,0.3786,0.1302
97406000AW1247,0.1,Parcelle de 348 m² (cadastre),"Secteur à rotation faible du foncier nu (DVF arrêté au 31/12/2025, 36 mois)","57 m² de SDP résiduelle (résiduel m135, PLU 2026)",0.2132,0.195,0.1134
97415000CX1306,0.1,Détenue depuis moins d'un an — dernière mutation connue (DVF arrêté au 31/12/2025),11 vente(s) à moins de 150 m en 24 mois (DVF arrêté au 31/12/2025),Parcelle de 3146 m² (cadastre),1.1507,0.2532,0.186
97416000DN0007,0.1,Détenue depuis moins d'un an — dernière mutation connue (DVF arrêté au 31/12/2025),21 vente(s) à moins de 150 m en 24 mois (DVF arrêté au 31/12/2025),Parcelle de 1145 m² (cadastre),1.3746,0.2532,0.1302
97415000CM2182,0.1,4 permis à moins de 100 m en 24 mois (Sitadel 2013→2025),Parcelle de 41 m² (cadastre),Zone U au PLU (PLU/GPU en vigueur à l'ingestion 2026),0.2623,0.1894,0.1036
97411000BZ1290,0.1,Parcelle de 322 m² (cadastre),Zone U au PLU (PLU/GPU en vigueur à l'ingestion 2026),3 permis à moins de 100 m en 24 mois (Sitadel 2013→2025),0.2132,0.1036,0.0926
97418000AS0292,0.1,Parcelle de 372 m² (cadastre),"Secteur à rotation faible du foncier nu (DVF arrêté au 31/12/2025, 36 mois)",Zone U au PLU (PLU/GPU en vigueur à l'ingestion 2026),0.2132,0.195,0.1036
97408000AT1624,0.1,Piscine détectée sur la parcelle (ortho 2026),3% de ménages pauvres dans le carreau (Filosofi INSEE 2019),Zone U au PLU (PLU/GPU en vigueur à l'ingestion 2026),0.3786,0.1094,0.1036
97416000DE1912,0.1,5 permis à moins de 100 m en 24 mois (Sitadel 2013→2025),Parcelle de 433 m² (cadastre),"54 m² de SDP résiduelle (résiduel m135, PLU 2026)",0.2623,0.2132,0.1134
97413000CX2858,0.1,Parcelle de 305 m² (cadastre),8 vente(s) à moins de 150 m en 24 mois (DVF arrêté au 31/12/2025),Zone U au PLU (PLU/GPU en vigueur à l'ingestion 2026),0.2132,0.1161,0.1036
97404000AV0254,0.1,4 permis à moins de 100 m en 24 mois (Sitadel 2013→2025),Parcelle de 583 m² (cadastre),7 vente(s) à moins de 150 m en 24 mois (DVF arrêté au 31/12/2025),0.2623,0.1289,0.1161
97415000DP0054,0.1,Détenue depuis moins d'un an — dernière mutation connue (DVF arrêté au 31/12/2025),Piscine détectée sur la parcelle (ortho 2026),Parcelle de 3620 m² (cadastre),1.2945,0.3786,0.1888
97406000AW1248,0.1,Parcelle de 460 m² (cadastre),"Secteur à rotation faible du foncier nu (DVF arrêté au 31/12/2025, 36 mois)",Zone U au PLU (PLU/GPU en vigueur à l'ingestion 2026),0.2132,0.195,0.1036
97416000ES0905,0.1,13 vente(s) à moins de 150 m en 24 mois (DVF arrêté au 31/12/2025),Candidat photovoltaïque (ortho 2026),Zone U au PLU (PLU/GPU en vigueur à l'ingestion 2026),0.2532,0.1253,0.1036
97411000AM0421,0.1,5 permis à moins de 100 m en 24 mois (Sitadel 2013→2025),Parcelle de 434 m² (cadastre),"Frein — Secteur à rotation faible du foncier nu (DVF arrêté au 31/12/2025, 36 mois)",0.2623,0.2132,-0.1238
97411000AT0474,0.1,Détenue depuis moins d'un an — dernière mutation connue (DVF arrêté au 31/12/2025),Parcelle de 1329 m² (cadastre),7 vente(s) à moins de 150 m en 24 mois (DVF arrêté au 31/12/2025),1.4907,0.1888,0.1161
97418000AT2543,0.1,Frein — Zone N au PLU (PLU/GPU en vigueur à l'ingestion 2026),"Secteur à rotation faible du foncier nu (DVF arrêté au 31/12/2025, 36 mois)",4 permis à moins de 100 m en 24 mois (Sitadel 2013→2025),-0.5326,0.2864,0.2623
97413000CY0677,0.1,6 permis à moins de 100 m en 24 mois (Sitadel 2013→2025),Parcelle de 266 m² (cadastre),Zone U au PLU (PLU/GPU en vigueur à l'ingestion 2026),0.2623,0.2132,0.1036
97412000CE2824,0.1,Parcelle de 286 m² (cadastre),Zone U au PLU (PLU/GPU en vigueur à l'ingestion 2026),Secteur densément bâti (BD TOPO 2026),0.2132,0.1036,0.0981
97412000AV0769,0.1,Parcelle de 516 m² (cadastre),"30 m² de SDP résiduelle (résiduel m135, PLU 2026)","Secteur à rotation faible du foncier nu (DVF arrêté au 31/12/2025, 36 mois)",0.1289,0.1134,0.1121
97424000AM1007,0.1,Zone AU au PLU (PLU/GPU en vigueur à l'ingestion 2026),Piscine détectée sur la parcelle (ortho 2026),Frein — Détenue depuis 2 à 3 ans — dernière mutation connue (DVF arrêté au 31/12/2025),0.496,0.3786,-0.2689
97411000EN0184,0.1,Détenue depuis moins d'un an — dernière mutation connue (DVF arrêté au 31/12/2025),Piscine détectée sur la parcelle (ortho 2026),Parcelle de 1222 m² (cadastre),1.3746,0.3786,0.1302
97407000AL1281,0.1,Parcelle de 277 m² (cadastre),Candidat photovoltaïque (ortho 2026),Zone U au PLU (PLU/GPU en vigueur à l'ingestion 2026),0.2132,0.1253,0.1036
97411000AM0006,0.1,4 permis à moins de 100 m en 24 mois (Sitadel 2013→2025),Parcelle de 429 m² (cadastre),"Frein — Secteur à rotation faible du foncier nu (DVF arrêté au 31/12/2025, 36 mois)",0.2623,0.2132,-0.1238
97411000EH0189,0.1,"Secteur à rotation faible du foncier nu (DVF arrêté au 31/12/2025, 36 mois)",6% de ménages pauvres dans le carreau (Filosofi INSEE 2019),Zone U au PLU (PLU/GPU en vigueur à l'ingestion 2026),0.195,0.1094,0.1036
97401000AR1591,0.1,Parcelle de 384 m² (cadastre),"Secteur à rotation faible du foncier nu (DVF arrêté au 31/12/2025, 36 mois)",Zone U au PLU (PLU/GPU en vigueur à l'ingestion 2026),0.2132,0.195,0.1036
97416000ET0804,0.1,Parcelle de 410 m² (cadastre),"Secteur à rotation faible du foncier nu (DVF arrêté au 31/12/2025, 36 mois)","28 m² de SDP résiduelle (résiduel m135, PLU 2026)",0.2132,0.195,0.1134
97410000BX1259,0.1,4 permis à moins de 100 m en 24 mois (Sitadel 2013→2025),9 vente(s) à moins de 150 m en 24 mois (DVF arrêté au 31/12/2025),Parcelle de 488 m² (cadastre),0.2623,0.2532,0.2132
97416000EX0041,0.1,Parcelle de 501 m² (cadastre),"60 m² de SDP résiduelle (résiduel m135, PLU 2026)","Secteur à rotation faible du foncier nu (DVF arrêté au 31/12/2025, 36 mois)",0.1289,0.1134,0.1121
97402000AI1207,0.1,Détenue depuis moins d'un an — dernière mutation connue (DVF arrêté au 31/12/2025),Zone AU au PLU (PLU/GPU en vigueur à l'ingestion 2026),Parcelle de 8088 m² (cadastre),1.3585,0.496,0.2462
97404000AT0870,0.1,Frein — Le propriétaire a vendu une autre parcelle depuis 24 mois (millésimes fonciers PM 2019-2024),Zone AU au PLU (PLU/GPU en vigueur à l'ingestion 2026),7 permis à moins de 100 m en 24 mois (Sitadel 2013→2025),-0.6133,0.496,0.2623
97411000HN0002,0.1,5 permis à moins de 100 m en 24 mois (Sitadel 2013→2025),"Frein — Secteur à rotation faible du foncier nu (DVF arrêté au 31/12/2025, 36 mois)",Parcelle de 297 m² (cadastre),0.2623,-0.2583,0.2132
97412000AM0391,0.1,"Secteur à rotation faible du foncier nu (DVF arrêté au 31/12/2025, 36 mois)",Candidat photovoltaïque (ortho 2026),7 vente(s) à moins de 150 m en 24 mois (DVF arrêté au 31/12/2025),0.195,0.1253,0.1161
97407000AL1582,0.1,Détenue depuis moins d'un an — dernière mutation connue (DVF arrêté au 31/12/2025),9 vente(s) à moins de 150 m en 24 mois (DVF arrêté au 31/12/2025),Parcelle de 2289 m² (cadastre),1.2177,0.2532,0.1817
97415000CX1365,0.1,Détenue depuis moins d'un an — dernière mutation connue (DVF arrêté au 31/12/2025),13 vente(s) à moins de 150 m en 24 mois (DVF arrêté au 31/12/2025),Parcelle de 3345 m² (cadastre),1.1046,0.2532,0.1817
97415000BP0979,0.1,Détenue depuis moins d'un an — dernière mutation connue (DVF arrêté au 31/12/2025),Parcelle de 8679 m² (cadastre),Candidat photovoltaïque (ortho 2026),1.4443,0.2462,0.1253
97404000AY0599,0.1,Détenue depuis moins d'un an — dernière mutation connue (DVF arrêté au 31/12/2025),Zone AU au PLU (PLU/GPU en vigueur à l'ingestion 2026),Parcelle de 3347 m² (cadastre),1.3307,0.496,0.1888
97414000EN4035,0.1,Zone AU au PLU (PLU/GPU en vigueur à l'ingestion 2026),Frein — 0 vente(s) à moins de 150 m en 24 mois (DVF arrêté au 31/12/2025),Parcelle de 469 m² (cadastre),0.496,-0.2221,0.2132
97411000HC0389,0.1,Parcelle de 264 m² (cadastre),"45 m² de SDP résiduelle (résiduel m135, PLU 2026)",Zone U au PLU (PLU/GPU en vigueur à l'ingestion 2026),0.2132,0.1134,0.1036
97411000AT0454,0.1,Détenue depuis moins d'un an — dernière mutation connue (DVF arrêté au 31/12/2025),Parcelle de 1309 m² (cadastre),8 vente(s) à moins de 150 m en 24 mois (DVF arrêté au 31/12/2025),1.4907,0.1888,0.1161
97420000AI0777,0.1,8 permis à moins de 100 m en 24 mois (Sitadel 2013→2025),Parcelle de 261 m² (cadastre),"Frein — Secteur à rotation faible du bâti (DVF arrêté au 31/12/2025, 36 mois)",0.2623,0.2132,-0.1576
97408000AC3350,0.1,"Secteur à rotation faible du foncier nu (DVF arrêté au 31/12/2025, 36 mois)",Parcelle de 173 m² (cadastre),Zone U au PLU (PLU/GPU en vigueur à l'ingestion 2026),0.195,0.1336,0.1036
97408000AO0119,0.1,Parcelle de 268 m² (cadastre),8 vente(s) à moins de 150 m en 24 mois (DVF arrêté au 31/12/2025),Zone U au PLU (PLU/GPU en vigueur à l'ingestion 2026),0.2132,0.1161,0.1036
97415000AY1671,0.1,"Secteur à rotation faible du foncier nu (DVF arrêté au 31/12/2025, 36 mois)",Parcelle de 489 m² (cadastre),"63 m² de SDP résiduelle (résiduel m135, PLU 2026)",0.2864,0.2132,0.1134
97412000BC0823,0.1,Parcelle de 559 m² (cadastre),Zone U au PLU (PLU/GPU en vigueur à l'ingestion 2026),Secteur densément bâti (BD TOPO 2026),0.1289,0.1036,0.0981
97415000EL0495,0.1,4 permis à moins de 100 m en 24 mois (Sitadel 2013→2025),Parcelle de 348 m² (cadastre),Zone U au PLU (PLU/GPU en vigueur à l'ingestion 2026),0.2623,0.2132,0.1036
97410000BX0912,0.1,Piscine détectée sur la parcelle (ortho 2026),Parcelle de 438 m² (cadastre),Zone U au PLU (PLU/GPU en vigueur à l'ingestion 2026),0.3786,0.2132,0.1036
97403000AS2102,0.1,5 permis à moins de 100 m en 24 mois (Sitadel 2013→2025),Parcelle de 382 m² (cadastre),"60 m² de SDP résiduelle (résiduel m135, PLU 2026)",0.2623,0.2132,0.1134
97412000AM2086,0.1,4 permis à moins de 100 m en 24 mois (Sitadel 2013→2025),"Secteur à rotation faible du foncier nu (DVF arrêté au 31/12/2025, 36 mois)",Zone U au PLU (PLU/GPU en vigueur à l'ingestion 2026),0.2623,0.195,0.1036
97415000DK0042,0.1,"Secteur à rotation faible du foncier nu (DVF arrêté au 31/12/2025, 36 mois)",7 permis à moins de 100 m en 24 mois (Sitadel 2013→2025),Secteur densément bâti (BD TOPO 2026),0.2864,0.2623,0.2553
97422000BT1345,0.1,Parcelle de 88 m² (cadastre),7% de ménages pauvres dans le carreau (Filosofi INSEE 2019),Zone U au PLU (PLU/GPU en vigueur à l'ingestion 2026),0.1336,0.1094,0.1036
97415000BW1673,0.1,Piscine détectée sur la parcelle (ortho 2026),"Secteur à rotation faible du foncier nu (DVF arrêté au 31/12/2025, 36 mois)",Zone U au PLU (PLU/GPU en vigueur à l'ingestion 2026),0.3786,0.195,0.1036
97412000AP0747,0.1,4 permis à moins de 100 m en 24 mois (Sitadel 2013→2025),Parcelle de 500 m² (cadastre),"27 m² de SDP résiduelle (résiduel m135, PLU 2026)",0.2623,0.1289,0.1134
97416000ET1363,0.1,Parcelle de 271 m² (cadastre),"Secteur à rotation faible du foncier nu (DVF arrêté au 31/12/2025, 36 mois)","54 m² de SDP résiduelle (résiduel m135, PLU 2026)",0.2132,0.195,0.1134
97416000EI1543,0.1,4 permis à moins de 100 m en 24 mois (Sitadel 2013→2025),Parcelle de 347 m² (cadastre),Zone U au PLU (PLU/GPU en vigueur à l'ingestion 2026),0.2623,0.2132,0.1036
97405000AR1779,0.1,Parcelle de 344 m² (cadastre),"Secteur à rotation faible du foncier nu (DVF arrêté au 31/12/2025, 36 mois)",Zone U au PLU (PLU/GPU en vigueur à l'ingestion 2026),0.2132,0.195,0.1036
97414000EN1730,0.1,Parcelle de 294 m² (cadastre),"Secteur à rotation faible du foncier nu (DVF arrêté au 31/12/2025, 36 mois)","59 m² de SDP résiduelle (résiduel m135, PLU 2026)",0.2132,0.195,0.1134
97411000KA0312,0.1,"Secteur à rotation faible du foncier nu (DVF arrêté au 31/12/2025, 36 mois)",Parcelle de 505 m² (cadastre),"68 m² de SDP résiduelle (résiduel m135, PLU 2026)",0.195,0.1289,0.1134
97415000HP0370,0.1,Zone AU au PLU (PLU/GPU en vigueur à l'ingestion 2026),4 permis à moins de 100 m en 24 mois (Sitadel 2013→2025),Parcelle de 410 m² (cadastre),0.496,0.2623,0.2132
97413000CA0251,0.1,Zone AU au PLU (PLU/GPU en vigueur à l'ingestion 2026),"Secteur à rotation faible du foncier nu (DVF arrêté au 31/12/2025, 36 mois)",5 permis à moins de 100 m en 24 mois (Sitadel 2013→2025),0.496,0.2864,0.2623
97409000AV1241,0.1,Parcelle de 292 m² (cadastre),Zone U au PLU (PLU/GPU en vigueur à l'ingestion 2026),"Secteur à rotation faible du foncier nu (DVF arrêté au 31/12/2025, 36 mois)",0.2132,0.1036,0.0875
97413000CA0250,0.1,Zone AU au PLU (PLU/GPU en vigueur à l'ingestion 2026),"Secteur à rotation faible du foncier nu (DVF arrêté au 31/12/2025, 36 mois)",5 permis à moins de 100 m en 24 mois (Sitadel 2013→2025),0.496,0.2864,0.2623
97415000CX0938,0.1,Parcelle de 89 m² (cadastre),Zone U au PLU (PLU/GPU en vigueur à l'ingestion 2026),Secteur densément bâti (BD TOPO 2026),0.1336,0.1036,0.0981
97416000CV1957,0.1,Parcelle de 405 m² (cadastre),7 vente(s) à moins de 150 m en 24 mois (DVF arrêté au 31/12/2025),Zone U au PLU (PLU/GPU en vigueur à l'ingestion 2026),0.2132,0.1161,0.1036
97411000EM0273,0.1,Détenue depuis moins d'un an — dernière mutation connue (DVF arrêté au 31/12/2025),Parcelle de 1996 m² (cadastre),5% de ménages pauvres dans le carreau (Filosofi INSEE 2019),1.4907,0.1888,0.1094
97415000CY0845,0.1,Piscine détectée sur la parcelle (ortho 2026),0% de ménages pauvres dans le carreau (Filosofi INSEE 2019),Zone U au PLU (PLU/GPU en vigueur à l'ingestion 2026),0.3786,0.1094,0.1036
97414000CH1973,0.1,4 permis à moins de 100 m en 24 mois (Sitadel 2013→2025),Parcelle de 361 m² (cadastre),Zone U au PLU (PLU/GPU en vigueur à l'ingestion 2026),0.2623,0.2132,0.1036
97416000HV0696,0.1,6 permis à moins de 100 m en 24 mois (Sitadel 2013→2025),Parcelle de 435 m² (cadastre),Zone U au PLU (PLU/GPU en vigueur à l'ingestion 2026),0.2623,0.2132,0.1036
97416000DN0080,0.1,Détenue depuis moins d'un an — dernière mutation connue (DVF arrêté au 31/12/2025),19 vente(s) à moins de 150 m en 24 mois (DVF arrêté au 31/12/2025),Parcelle de 1444 m² (cadastre),1.4907,0.2532,0.1888
97418000BK0104,0.1,Secteur densément bâti (BD TOPO 2026),Parcelle de 283 m² (cadastre),"Secteur à rotation faible du foncier nu (DVF arrêté au 31/12/2025, 36 mois)",0.2553,0.2132,0.195
97422000BP1870,0.1,Zone AU au PLU (PLU/GPU en vigueur à l'ingestion 2026),Parcelle de 458 m² (cadastre),3 permis à moins de 100 m en 24 mois (Sitadel 2013→2025),0.496,0.2132,0.0926
97404000AT0227,0.1,6 permis à moins de 100 m en 24 mois (Sitadel 2013→2025),"Secteur à rotation faible du foncier nu (DVF arrêté au 31/12/2025, 36 mois)",Zone U au PLU (PLU/GPU en vigueur à l'ingestion 2026),0.2623,0.195,0.1036
97404000AL0488,0.1,4 permis à moins de 100 m en 24 mois (Sitadel 2013→2025),Parcelle de 445 m² (cadastre),"Secteur à rotation faible du foncier nu (DVF arrêté au 31/12/2025, 36 mois)",0.2623,0.2132,0.1121
97415000AT0708,0.1,Parcelle de 326 m² (cadastre),Zone U au PLU (PLU/GPU en vigueur à l'ingestion 2026),3 permis à moins de 100 m en 24 mois (Sitadel 2013→2025),0.2132,0.1036,0.0926
97413000CX2896,0.1,Détenue depuis moins d'un an — dernière mutation connue (DVF arrêté au 31/12/2025),Zone AU au PLU (PLU/GPU en vigueur à l'ingestion 2026),9 vente(s) à moins de 150 m en 24 mois (DVF arrêté au 31/12/2025),1.1814,0.496,0.2532
97412000AM0976,0.1,Zone AU au PLU (PLU/GPU en vigueur à l'ingestion 2026),Frein — Parcelle de 1944 m² (cadastre),10 vente(s) à moins de 150 m en 24 mois (DVF arrêté au 31/12/2025),0.496,-0.3473,0.2532
97416000CW2354,0.1,4 permis à moins de 100 m en 24 mois (Sitadel 2013→2025),Parcelle de 340 m² (cadastre),7 vente(s) à moins de 150 m en 24 mois (DVF arrêté au 31/12/2025),0.2623,0.2132,0.1161
97414000CV0999,0.1,Zone AU au PLU (PLU/GPU en vigueur à l'ingestion 2026),Frein — 0 vente(s) à moins de 150 m en 24 mois (DVF arrêté au 31/12/2025),Parcelle de 145 m² (cadastre),0.496,-0.2221,0.1336
97412000AM1951,0.1,"Secteur à rotation faible du foncier nu (DVF arrêté au 31/12/2025, 36 mois)",Parcelle de 208 m² (cadastre),8 vente(s) à moins de 150 m en 24 mois (DVF arrêté au 31/12/2025),0.195,0.1336,0.1161
97408000AC3346,0.1,"Secteur à rotation faible du foncier nu (DVF arrêté au 31/12/2025, 36 mois)",Parcelle de 606 m² (cadastre),Zone U au PLU (PLU/GPU en vigueur à l'ingestion 2026),0.195,0.1289,0.1036
97405000AR1795,0.1,Parcelle de 286 m² (cadastre),"Secteur à rotation faible du foncier nu (DVF arrêté au 31/12/2025, 36 mois)",Zone U au PLU (PLU/GPU en vigueur à l'ingestion 2026),0.2132,0.195,0.1036
97413000DE2326,0.1,Parcelle de 461 m² (cadastre),Zone U au PLU (PLU/GPU en vigueur à l'ingestion 2026),3 permis à moins de 100 m en 24 mois (Sitadel 2013→2025),0.2132,0.1036,0.0926
97411000HH0480,0.1,Parcelle de 280 m² (cadastre),"62 m² de SDP résiduelle (résiduel m135, PLU 2026)",Zone U au PLU (PLU/GPU en vigueur à l'ingestion 2026),0.2132,0.1134,0.1036
97413000DG0158,0.1,4 permis à moins de 100 m en 24 mois (Sitadel 2013→2025),Parcelle de 333 m² (cadastre),"Secteur à rotation faible du foncier nu (DVF arrêté au 31/12/2025, 36 mois)",0.2623,0.2132,0.1121
97415000CY0650,0.1,Parcelle de 488 m² (cadastre),7 vente(s) à moins de 150 m en 24 mois (DVF arrêté au 31/12/2025),Zone U au PLU (PLU/GPU en vigueur à l'ingestion 2026),0.2132,0.1161,0.1036
97422000CX0775,0.1,Zone AU au PLU (PLU/GPU en vigueur à l'ingestion 2026),6 permis à moins de 100 m en 24 mois (Sitadel 2013→2025),Frein — Parcelle de 1024 m² (cadastre),0.496,0.2623,-0.2395
97420000BI0041,0.1,Détenue depuis moins d'un an — dernière mutation connue (DVF arrêté au 31/12/2025),Frein — Zone A au PLU (PLU/GPU en vigueur à l'ingestion 2026),Parcelle de 24555 m² (cadastre),1.8696,-0.5621,0.461
97412000AM2083,0.1,Parcelle de 382 m² (cadastre),"Secteur à rotation faible du foncier nu (DVF arrêté au 31/12/2025, 36 mois)",Zone U au PLU (PLU/GPU en vigueur à l'ingestion 2026),0.2132,0.195,0.1036
97420000AI0906,0.1,9 permis à moins de 100 m en 24 mois (Sitadel 2013→2025),Parcelle de 332 m² (cadastre),"Frein — Secteur à rotation faible du bâti (DVF arrêté au 31/12/2025, 36 mois)",0.2623,0.2132,-0.1576
97416000ES1104,0.1,Parcelle de 444 m² (cadastre),8 vente(s) à moins de 150 m en 24 mois (DVF arrêté au 31/12/2025),Zone U au PLU (PLU/GPU en vigueur à l'ingestion 2026),0.2132,0.1161,0.1036
97415000AY0852,0.1,"Secteur à rotation faible du foncier nu (DVF arrêté au 31/12/2025, 36 mois)",Parcelle de 574 m² (cadastre),4% de ménages pauvres dans le carreau (Filosofi INSEE 2019),0.2864,0.1289,0.1094
97415000HK0136,0.1,Détenue depuis moins d'un an — dernière mutation connue (DVF arrêté au 31/12/2025),Piscine détectée sur la parcelle (ortho 2026),Parcelle de 1290 m² (cadastre),1.3307,0.3786,0.1888
97412000CN0222,0.1,Détenue depuis moins d'un an — dernière mutation connue (DVF arrêté au 31/12/2025),Frein — Zone A au PLU (PLU/GPU en vigueur à l'ingestion 2026),Parcelle de 13873 m² (cadastre),1.8696,-0.5621,0.461
97412000AM0938,0.1,Piscine détectée sur la parcelle (ortho 2026),11 vente(s) à moins de 150 m en 24 mois (DVF arrêté au 31/12/2025),Frein — Parcelle de 1000 m² (cadastre),0.3786,0.2532,-0.2395
97412000AM2081,0.1,"Secteur à rotation faible du foncier nu (DVF arrêté au 31/12/2025, 36 mois)",Parcelle de 34 m² (cadastre),Zone U au PLU (PLU/GPU en vigueur à l'ingestion 2026),0.195,0.1894,0.1036
97412000BX1903,0.0913,Piscine détectée sur la parcelle (ortho 2026),Parcelle de 210 m² (cadastre),Zone U au PLU (PLU/GPU en vigueur à l'ingestion 2026),0.3786,0.1336,0.1036
97411000AM0340,0.0913,Parcelle de 391 m² (cadastre),"Frein — Secteur à rotation faible du foncier nu (DVF arrêté au 31/12/2025, 36 mois)","55 m² de SDP résiduelle (résiduel m135, PLU 2026)",0.2132,-0.1238,0.1134
97415000EY0833,0.0913,4 permis à moins de 100 m en 24 mois (Sitadel 2013→2025),Parcelle de 420 m² (cadastre),Zone U au PLU (PLU/GPU en vigueur à l'ingestion 2026),0.2623,0.2132,0.1036
97415000DN0357,0.0913,Parcelle de 492 m² (cadastre),"Secteur à rotation faible du foncier nu (DVF arrêté au 31/12/2025, 36 mois)",Zone U au PLU (PLU/GPU en vigueur à l'ingestion 2026),0.1289,0.1121,0.1036
97401000AR0665,0.0913,Parcelle de 277 m² (cadastre),"Secteur à rotation faible du foncier nu (DVF arrêté au 31/12/2025, 36 mois)",Zone U au PLU (PLU/GPU en vigueur à l'ingestion 2026),0.2132,0.195,0.1036
97411000AW0868,0.0913,10 vente(s) à moins de 150 m en 24 mois (DVF arrêté au 31/12/2025),Parcelle de 18 m² (cadastre),Zone U au PLU (PLU/GPU en vigueur à l'ingestion 2026),0.2532,0.1894,0.1036
97411000CE0875,0.0913,Détenue depuis moins d'un an — dernière mutation connue (DVF arrêté au 31/12/2025),Zone AU au PLU (PLU/GPU en vigueur à l'ingestion 2026),Parcelle de 2393 m² (cadastre),1.2719,0.496,0.1888
97416000ET1427,0.0913,Parcelle de 336 m² (cadastre),"Secteur à rotation faible du foncier nu (DVF arrêté au 31/12/2025, 36 mois)","73 m² de SDP résiduelle (résiduel m135, PLU 2026)",0.2132,0.195,0.1134
97421000AL0543,0.0913,Détenue depuis moins d'un an — dernière mutation connue (DVF arrêté au 31/12/2025),Zone AU au PLU (PLU/GPU en vigueur à l'ingestion 2026),6 permis à moins de 100 m en 24 mois (Sitadel 2013→2025),1.1171,0.496,0.2623
97412000AO0138,0.0913,"Secteur à rotation faible du foncier nu (DVF arrêté au 31/12/2025, 36 mois)",Zone U au PLU (PLU/GPU en vigueur à l'ingestion 2026),5 vente(s) à moins de 150 m en 24 mois (DVF arrêté au 31/12/2025),0.2864,0.1036,0.068
97420000BE0176,0.0913,6 permis à moins de 100 m en 24 mois (Sitadel 2013→2025),Parcelle de 604 m² (cadastre),8 vente(s) à moins de 150 m en 24 mois (DVF arrêté au 31/12/2025),0.2623,0.1289,0.1161
97415000EW1845,0.0913,Détenue depuis moins d'un an — dernière mutation connue (DVF arrêté au 31/12/2025),Piscine détectée sur la parcelle (ortho 2026),14 vente(s) à moins de 150 m en 24 mois (DVF arrêté au 31/12/2025),0.9656,0.3786,0.2532
97406000AW1250,0.0913,"Secteur à rotation faible du foncier nu (DVF arrêté au 31/12/2025, 36 mois)",Parcelle de 152 m² (cadastre),Zone U au PLU (PLU/GPU en vigueur à l'ingestion 2026),0.195,0.1336,0.1036
97405000AZ0915,0.0913,6 permis à moins de 100 m en 24 mois (Sitadel 2013→2025),Parcelle de 319 m² (cadastre),Zone U au PLU (PLU/GPU en vigueur à l'ingestion 2026),0.2623,0.2132,0.1036
97416000HN1803,0.0913,Parcelle de 471 m² (cadastre),Zone U au PLU (PLU/GPU en vigueur à l'ingestion 2026),9% de ménages pauvres dans le carreau (Filosofi INSEE 2019),0.2132,0.1036,0.0704
97411000HD0097,0.0913,Piscine détectée sur la parcelle (ortho 2026),Zone U au PLU (PLU/GPU en vigueur à l'ingestion 2026),"Frein — Secteur à rotation faible du foncier nu (DVF arrêté au 31/12/2025, 36 mois)",0.3786,0.1036,-0.0794
97415000DK1007,0.0913,Zone AU au PLU (PLU/GPU en vigueur à l'ingestion 2026),Piscine détectée sur la parcelle (ortho 2026),4 permis à moins de 100 m en 24 mois (Sitadel 2013→2025),0.496,0.3786,0.2623
97410000BE1082,0.0913,Parcelle de 324 m² (cadastre),"Secteur à rotation faible du foncier nu (DVF arrêté au 31/12/2025, 36 mois)",Zone U au PLU (PLU/GPU en vigueur à l'ingestion 2026),0.2132,0.195,0.1036
97411000KC0012,0.0913,Détenue depuis moins d'un an — dernière mutation connue (DVF arrêté au 31/12/2025),Piscine détectée sur la parcelle (ortho 2026),9 vente(s) à moins de 150 m en 24 mois (DVF arrêté au 31/12/2025),1.0518,0.3786,0.2532
97412000AM2082,0.0913,"Secteur à rotation faible du foncier nu (DVF arrêté au 31/12/2025, 36 mois)",Parcelle de 90 m² (cadastre),Zone U au PLU (PLU/GPU en vigueur à l'ingestion 2026),0.195,0.1336,0.1036
97411000DT0126,0.0913,"Secteur à rotation faible du foncier nu (DVF arrêté au 31/12/2025, 36 mois)",Parcelle de 587 m² (cadastre),0% de ménages pauvres dans le carreau (Filosofi INSEE 2019),0.195,0.1289,0.1094
97412000BC0819,0.0913,Parcelle de 525 m² (cadastre),Zone U au PLU (PLU/GPU en vigueur à l'ingestion 2026),Secteur densément bâti (BD TOPO 2026),0.1289,0.1036,0.0981
97409000AR1997,0.0913,Parcelle de 461 m² (cadastre),"70 m² de SDP résiduelle (résiduel m135, PLU 2026)",Zone U au PLU (PLU/GPU en vigueur à l'ingestion 2026),0.2132,0.1134,0.1036
97408000AC2923,0.0913,"Secteur à rotation faible du foncier nu (DVF arrêté au 31/12/2025, 36 mois)",Parcelle de 545 m² (cadastre),0% de ménages pauvres dans le carreau (Filosofi INSEE 2019),0.195,0.1289,0.1094
97405000AO0706,0.0913,4 permis à moins de 100 m en 24 mois (Sitadel 2013→2025),Parcelle de 498 m² (cadastre),Zone U au PLU (PLU/GPU en vigueur à l'ingestion 2026),0.2623,0.1289,0.1036
97412000BL1203,0.0913,Parcelle de 144 m² (cadastre),Zone U au PLU (PLU/GPU en vigueur à l'ingestion 2026),3 permis à moins de 100 m en 24 mois (Sitadel 2013→2025),0.1336,0.1036,0.0926
97418000AY0476,0.0913,Parcelle de 322 m² (cadastre),"74 m² de SDP résiduelle (résiduel m135, PLU 2026)",Zone U au PLU (PLU/GPU en vigueur à l'ingestion 2026),0.2132,0.1134,0.1036
97413000CX2734,0.0913,Parcelle de 386 m² (cadastre),Zone U au PLU (PLU/GPU en vigueur à l'ingestion 2026),"Secteur à rotation faible du foncier nu (DVF arrêté au 31/12/2025, 36 mois)",0.2132,0.1036,0.0875
97408000AT0858,0.0913,Détenue depuis moins d'un an — dernière mutation connue (DVF arrêté au 31/12/2025),Piscine détectée sur la parcelle (ortho 2026),Parcelle de 1228 m² (cadastre),1.1287,0.3786,0.1302
97411000EH0144,0.0913,"Secteur à rotation faible du foncier nu (DVF arrêté au 31/12/2025, 36 mois)",Frein — Parcelle de 898 m² (cadastre),5% de ménages pauvres dans le carreau (Filosofi INSEE 2019),0.195,-0.1218,0.1094
97414000CM0004,0.0913,Détenue depuis moins d'un an — dernière mutation connue (DVF arrêté au 31/12/2025),Frein — Zone N au PLU (PLU/GPU en vigueur à l'ingestion 2026),Parcelle de 529679 m² (cadastre),1.8108,-0.5326,0.461
97422000BH2085,0.0913,Parcelle de 324 m² (cadastre),7 vente(s) à moins de 150 m en 24 mois (DVF arrêté au 31/12/2025),Zone U au PLU (PLU/GPU en vigueur à l'ingestion 2026),0.2132,0.1161,0.1036
97401000AT0645,0.0913,4 permis à moins de 100 m en 24 mois (Sitadel 2013→2025),Parcelle de 318 m² (cadastre),Zone U au PLU (PLU/GPU en vigueur à l'ingestion 2026),0.2623,0.2132,0.1036
97420000BE0024,0.0913,Parcelle de 386 m² (cadastre),Zone U au PLU (PLU/GPU en vigueur à l'ingestion 2026),6 vente(s) à moins de 150 m en 24 mois (DVF arrêté au 31/12/2025),0.2132,0.1036,0.0781
97416000IE2047,0.0913,Détenue depuis moins d'un an — dernière mutation connue (DVF arrêté au 31/12/2025),Piscine détectée sur la parcelle (ortho 2026),Parcelle de 4671 m² (cadastre),1.4443,0.3786,0.2462
97409000AX1018,0.0913,"Secteur à rotation faible du foncier nu (DVF arrêté au 31/12/2025, 36 mois)",7 permis à moins de 100 m en 24 mois (Sitadel 2013→2025),19 vente(s) à moins de 150 m en 24 mois (DVF arrêté au 31/12/2025),0.2864,0.2623,0.2532
97416000HZ0451,0.0913,10 vente(s) à moins de 150 m en 24 mois (DVF arrêté au 31/12/2025),Parcelle de 590 m² (cadastre),Zone U au PLU (PLU/GPU en vigueur à l'ingestion 2026),0.2532,0.1289,0.1036
97404000AD1514,0.0913,4 permis à moins de 100 m en 24 mois (Sitadel 2013→2025),Parcelle de 331 m² (cadastre),"66 m² de SDP résiduelle (résiduel m135, PLU 2026)",0.2623,0.2132,0.1134
97409000AX0979,0.0913,"Secteur à rotation faible du foncier nu (DVF arrêté au 31/12/2025, 36 mois)",Parcelle de 567 m² (cadastre),Zone U au PLU (PLU/GPU en vigueur à l'ingestion 2026),0.2864,0.1289,0.1036
97415000BW2167,0.0913,"Secteur à rotation faible du foncier nu (DVF arrêté au 31/12/2025, 36 mois)",Parcelle de 509 m² (cadastre),Zone U au PLU (PLU/GPU en vigueur à l'ingestion 2026),0.195,0.1289,0.1036
97417000AO0180,0.0913,4 permis à moins de 100 m en 24 mois (Sitadel 2013→2025),Parcelle de 456 m² (cadastre),"Secteur à rotation faible du foncier nu (DVF arrêté au 31/12/2025, 36 mois)",0.2623,0.2132,0.195
97414000ET1406,0.0913,Détenue depuis moins d'un an — dernière mutation connue (DVF arrêté au 31/12/2025),Zone AU au PLU (PLU/GPU en vigueur à l'ingestion 2026),Parcelle de 2465 m² (cadastre),1.1951,0.496,0.1817
97403000AS2034,0.0913,5 permis à moins de 100 m en 24 mois (Sitadel 2013→2025),Parcelle de 403 m² (cadastre),Zone U au PLU (PLU/GPU en vigueur à l'ingestion 2026),0.2623,0.2132,0.1036
97404000AP0042,0.0913,Piscine détectée sur la parcelle (ortho 2026),"Frein — Secteur à rotation faible du foncier nu (DVF arrêté au 31/12/2025, 36 mois)",Candidat photovoltaïque (ortho 2026),0.3786,-0.2583,0.1253
97405000BE1774,0.0913,Détenue depuis moins d'un an — dernière mutation connue (DVF arrêté au 31/12/2025),10 vente(s) à moins de 150 m en 24 mois (DVF arrêté au 31/12/2025),Parcelle de 11606 m² (cadastre),1.2951,0.2532,0.2462
97403000AS1616,0.0913,Parcelle de 312 m² (cadastre),Zone U au PLU (PLU/GPU en vigueur à l'ingestion 2026),"Aucune vente connue depuis au moins 12 ans (DVF arrêté au 31/12/2025, historique 2014+)",0.2132,0.1036,0.0653
97405000AO0556,0.0913,Parcelle de 414 m² (cadastre),Zone U au PLU (PLU/GPU en vigueur à l'ingestion 2026),37% de parcelles bâties dans le secteur (BD TOPO 2026),0.2132,0.1036,0.0872
97423000AB1954,0.0913,"Secteur à rotation faible du foncier nu (DVF arrêté au 31/12/2025, 36 mois)",Parcelle de 204 m² (cadastre),Zone U au PLU (PLU/GPU en vigueur à l'ingestion 2026),0.195,0.1336,0.1036
97415000AH0491,0.0913,Zone AU au PLU (PLU/GPU en vigueur à l'ingestion 2026),Piscine détectée sur la parcelle (ortho 2026),Frein — 0 vente(s) à moins de 150 m en 24 mois (DVF arrêté au 31/12/2025),0.496,0.3786,-0.2221
97416000DE1914,0.0913,5 permis à moins de 100 m en 24 mois (Sitadel 2013→2025),Parcelle de 414 m² (cadastre),Zone U au PLU (PLU/GPU en vigueur à l'ingestion 2026),0.2623,0.2132,0.1036
97422000BO1820,0.0913,4 permis à moins de 100 m en 24 mois (Sitadel 2013→2025),Parcelle de 434 m² (cadastre),Zone U au PLU (PLU/GPU en vigueur à l'ingestion 2026),0.2623,0.2132,0.1036
97416000DV0387,0.0913,Parcelle de 416 m² (cadastre),Zone U au PLU (PLU/GPU en vigueur à l'ingestion 2026),3 permis à moins de 100 m en 24 mois (Sitadel 2013→2025),0.2132,0.1036,0.0926
97415000AB0833,0.0913,Détenue depuis moins d'un an — dernière mutation connue (DVF arrêté au 31/12/2025),Zone AU au PLU (PLU/GPU en vigueur à l'ingestion 2026),Parcelle de 1237 m² (cadastre),0.9691,0.496,0.1302
97402000AH0767,0.0913,Détenue depuis moins d'un an — dernière mutation connue (DVF arrêté au 31/12/2025),Piscine détectée sur la parcelle (ortho 2026),Parcelle de 995 m² (cadastre),1.2146,0.3786,0.1302
97407000AL0122,0.0913,Parcelle de 439 m² (cadastre),8 vente(s) à moins de 150 m en 24 mois (DVF arrêté au 31/12/2025),Zone U au PLU (PLU/GPU en vigueur à l'ingestion 2026),0.2132,0.1161,0.1036
97409000AR1995,0.0913,Parcelle de 279 m² (cadastre),"43 m² de SDP résiduelle (résiduel m135, PLU 2026)",Zone U au PLU (PLU/GPU en vigueur à l'ingestion 2026),0.2132,0.1134,0.1036
97412000BW0625,0.0913,Parcelle de 306 m² (cadastre),"74 m² de SDP résiduelle (résiduel m135, PLU 2026)",Zone U au PLU (PLU/GPU en vigueur à l'ingestion 2026),0.2132,0.1134,0.1036
97413000DE2323,0.0913,Parcelle de 14 m² (cadastre),Zone U au PLU (PLU/GPU en vigueur à l'ingestion 2026),3 permis à moins de 100 m en 24 mois (Sitadel 2013→2025),0.1894,0.1036,0.0926
97413000CX1894,0.0913,Zone AU au PLU (PLU/GPU en vigueur à l'ingestion 2026),Parcelle de 561 m² (cadastre),"Secteur à rotation faible du foncier nu (DVF arrêté au 31/12/2025, 36 mois)",0.496,0.1289,0.0875
97413000CS0909,0.0913,Parcelle de 11 m² (cadastre),5% de ménages pauvres dans le carreau (Filosofi INSEE 2019),Zone U au PLU (PLU/GPU en vigueur à l'ingestion 2026),0.1894,0.1094,0.1036
97409000AX1019,0.0913,"Secteur à rotation faible du foncier nu (DVF arrêté au 31/12/2025, 36 mois)",14 permis à moins de 100 m en 24 mois (Sitadel 2013→2025),19 vente(s) à moins de 150 m en 24 mois (DVF arrêté au 31/12/2025),0.2864,0.2623,0.2532
97412000BW1804,0.0913,Parcelle de 84 m² (cadastre),Zone U au PLU (PLU/GPU en vigueur à l'ingestion 2026),"Secteur à rotation faible du foncier nu (DVF arrêté au 31/12/2025, 36 mois)",0.1336,0.1036,0.0875
97411000EP0237,0.0913,Détenue depuis moins d'un an — dernière mutation connue (DVF arrêté au 31/12/2025),Piscine détectée sur la parcelle (ortho 2026),Parcelle de 1298 m² (cadastre),1.2719,0.3786,0.1888
97412000CT0709,0.0913,Parcelle de 88 m² (cadastre),Zone U au PLU (PLU/GPU en vigueur à l'ingestion 2026),3 permis à moins de 100 m en 24 mois (Sitadel 2013→2025),0.1336,0.1036,0.0926
97410000BK0038,0.0913,Détenue depuis moins d'un an — dernière mutation connue (DVF arrêté au 31/12/2025),Piscine détectée sur la parcelle (ortho 2026),Parcelle de 1474 m² (cadastre),1.2719,0.3786,0.1888
97406000AW1182,0.0913,5 permis à moins de 100 m en 24 mois (Sitadel 2013→2025),"Secteur à rotation faible du foncier nu (DVF arrêté au 31/12/2025, 36 mois)",Zone U au PLU (PLU/GPU en vigueur à l'ingestion 2026),0.2623,0.195,0.1036
97412000CE2854,0.0913,Parcelle de 580 m² (cadastre),Candidat photovoltaïque (ortho 2026),Zone U au PLU (PLU/GPU en vigueur à l'ingestion 2026),0.1289,0.1253,0.1036
97402000AH0769,0.0913,Piscine détectée sur la parcelle (ortho 2026),4 permis à moins de 100 m en 24 mois (Sitadel 2013→2025),Parcelle de 120 m² (cadastre),0.3786,0.2623,0.1336
97416000HN1473,0.0913,Piscine détectée sur la parcelle (ortho 2026),Frein — Parcelle de 4086 m² (cadastre),6 permis à moins de 100 m en 24 mois (Sitadel 2013→2025),0.3786,-0.3473,0.2623
97415000AY1622,0.0913,Frein — Le propriétaire a vendu une autre parcelle depuis 24 mois (millésimes fonciers PM 2019-2024),"Secteur à rotation faible du foncier nu (DVF arrêté au 31/12/2025, 36 mois)",16 permis à moins de 100 m en 24 mois (Sitadel 2013→2025),-0.6133,0.2864,0.2623
97411000AE0273,0.0913,11 vente(s) à moins de 150 m en 24 mois (DVF arrêté au 31/12/2025),Parcelle de 142 m² (cadastre),Zone U au PLU (PLU/GPU en vigueur à l'ingestion 2026),0.2532,0.1336,0.1036
97415000CW0194,0.0913,Détenue depuis moins d'un an — dernière mutation connue (DVF arrêté au 31/12/2025),Piscine détectée sur la parcelle (ortho 2026),Parcelle de 1012 m² (cadastre),1.2146,0.3786,0.1302
97411000KB0170,0.0913,"Secteur à rotation faible du foncier nu (DVF arrêté au 31/12/2025, 36 mois)",Parcelle de 56 m² (cadastre),Zone U au PLU (PLU/GPU en vigueur à l'ingestion 2026),0.195,0.1336,0.1036
97412000AY0073,0.0913,Détenue depuis moins d'un an — dernière mutation connue (DVF arrêté au 31/12/2025),Frein — Zone A au PLU (PLU/GPU en vigueur à l'ingestion 2026),Parcelle de 16945 m² (cadastre),1.8696,-0.5621,0.461
97413000CY1532,0.0913,Parcelle de 450 m² (cadastre),"73 m² de SDP résiduelle (résiduel m135, PLU 2026)",Zone U au PLU (PLU/GPU en vigueur à l'ingestion 2026),0.2132,0.1134,0.1036
97411000EK0277,0.0913,Détenue depuis moins d'un an — dernière mutation connue (DVF arrêté au 31/12/2025),Piscine détectée sur la parcelle (ortho 2026),"53 m² de SDP résiduelle (résiduel m135, PLU 2026)",1.1277,0.3786,0.1134
97422000BR1815,0.0913,Parcelle de 406 m² (cadastre),7 vente(s) à moins de 150 m en 24 mois (DVF arrêté au 31/12/2025),Zone U au PLU (PLU/GPU en vigueur à l'ingestion 2026),0.2132,0.1161,0.1036
97411000AT0393,0.0913,Détenue depuis moins d'un an — dernière mutation connue (DVF arrêté au 31/12/2025),9 vente(s) à moins de 150 m en 24 mois (DVF arrêté au 31/12/2025),Parcelle de 1131 m² (cadastre),1.3746,0.2532,0.1302
97411000AT0404,0.0913,Détenue depuis moins d'un an — dernière mutation connue (DVF arrêté au 31/12/2025),Parcelle de 1501 m² (cadastre),8 vente(s) à moins de 150 m en 24 mois (DVF arrêté au 31/12/2025),1.4907,0.1888,0.1161
97413000CL0918,0.0913,4 permis à moins de 100 m en 24 mois (Sitadel 2013→2025),Parcelle de 300 m² (cadastre),Zone U au PLU (PLU/GPU en vigueur à l'ingestion 2026),0.2623,0.2132,0.1036
97404000AR0506,0.0913,Parcelle de 239 m² (cadastre),"Secteur à rotation faible du foncier nu (DVF arrêté au 31/12/2025, 36 mois)",Zone U au PLU (PLU/GPU en vigueur à l'ingestion 2026),0.2132,0.1121,0.1036
97401000AP1288,0.0913,4 permis à moins de 100 m en 24 mois (Sitadel 2013→2025),Parcelle de 69 m² (cadastre),Zone U au PLU (PLU/GPU en vigueur à l'ingestion 2026),0.2623,0.1336,0.1036
97404000AH1021,0.0913,Parcelle de 476 m² (cadastre),3% de ménages pauvres dans le carreau (Filosofi INSEE 2019),Zone U au PLU (PLU/GPU en vigueur à l'ingestion 2026),0.2132,0.1094,0.1036
97412000BW2123,0.0913,Parcelle de 35 m² (cadastre),Zone U au PLU (PLU/GPU en vigueur à l'ingestion 2026),"Secteur à rotation faible du foncier nu (DVF arrêté au 31/12/2025, 36 mois)",0.1894,0.1036,0.0875
97412000BW1231,0.0913,Parcelle de 245 m² (cadastre),Zone U au PLU (PLU/GPU en vigueur à l'ingestion 2026),"Secteur à rotation faible du foncier nu (DVF arrêté au 31/12/2025, 36 mois)",0.2132,0.1036,0.0875
97416000EP0960,0.0913,Parcelle de 221 m² (cadastre),"52 m² de SDP résiduelle (résiduel m135, PLU 2026)","Secteur à rotation faible du foncier nu (DVF arrêté au 31/12/2025, 36 mois)",0.1336,0.1134,0.1121
97423000AB0598,0.0913,Frein — Parcelle de 14088 m² (cadastre),Zone AU au PLU (PLU/GPU en vigueur à l'ingestion 2026),Piscine détectée sur la parcelle (ortho 2026),-0.848,0.496,0.3786
97415000AB0799,0.0913,Détenue depuis moins d'un an — dernière mutation connue (DVF arrêté au 31/12/2025),Zone AU au PLU (PLU/GPU en vigueur à l'ingestion 2026),Parcelle de 6242 m² (cadastre),1.1989,0.496,0.2462
97411000HM0289,0.0913,5 permis à moins de 100 m en 24 mois (Sitadel 2013→2025),Parcelle de 237 m² (cadastre),"37 m² de SDP résiduelle (résiduel m135, PLU 2026)",0.2623,0.2132,0.1134
97420000BE0246,0.0913,5 permis à moins de 100 m en 24 mois (Sitadel 2013→2025),Parcelle de 518 m² (cadastre),8 vente(s) à moins de 150 m en 24 mois (DVF arrêté au 31/12/2025),0.2623,0.1289,0.1161
97405000AK1816,0.0913,Parcelle de 417 m² (cadastre),7 vente(s) à moins de 150 m en 24 mois (DVF arrêté au 31/12/2025),"Secteur à rotation faible du foncier nu (DVF arrêté au 31/12/2025, 36 mois)",0.2132,0.1161,0.1121
97406000AW1249,0.0913,"Secteur à rotation faible du foncier nu (DVF arrêté au 31/12/2025, 36 mois)",Parcelle de 27 m² (cadastre),Zone U au PLU (PLU/GPU en vigueur à l'ingestion 2026),0.195,0.1894,0.1036
97422000BD1328,0.0913,Parcelle de 456 m² (cadastre),8 vente(s) à moins de 150 m en 24 mois (DVF arrêté au 31/12/2025),Zone U au PLU (PLU/GPU en vigueur à l'ingestion 2026),0.2132,0.1161,0.1036
97411000HE0011,0.0913,Parcelle de 359 m² (cadastre),8 vente(s) à moins de 150 m en 24 mois (DVF arrêté au 31/12/2025),Zone U au PLU (PLU/GPU en vigueur à l'ingestion 2026),0.2132,0.1161,0.1036
97412000CE2757,0.0913,Détenue depuis moins d'un an — dernière mutation connue (DVF arrêté au 31/12/2025),Frein — Zone A au PLU (PLU/GPU en vigueur à l'ingestion 2026),Parcelle de 33014 m² (cadastre),1.7203,-0.5621,0.461
97422000CX1239,0.0913,Zone AU au PLU (PLU/GPU en vigueur à l'ingestion 2026),Frein — Parcelle de 844 m² (cadastre),0% de ménages pauvres dans le carreau (Filosofi INSEE 2019),0.496,-0.1218,0.1094
97413000CX2611,0.0913,14 vente(s) à moins de 150 m en 24 mois (DVF arrêté au 31/12/2025),Zone U au PLU (PLU/GPU en vigueur à l'ingestion 2026),3 permis à moins de 100 m en 24 mois (Sitadel 2013→2025),0.2532,0.1036,0.0926
97415000CY0649,0.0913,Parcelle de 451 m² (cadastre),7 vente(s) à moins de 150 m en 24 mois (DVF arrêté au 31/12/2025),Zone U au PLU (PLU/GPU en vigueur à l'ingestion 2026),0.2132,0.1161,0.1036
97412000CE2807,0.0913,Parcelle de 325 m² (cadastre),Zone U au PLU (PLU/GPU en vigueur à l'ingestion 2026),Secteur densément bâti (BD TOPO 2026),0.2132,0.1036,0.0981
97411000AW0866,0.0913,9 vente(s) à moins de 150 m en 24 mois (DVF arrêté au 31/12/2025),Parcelle de 291 m² (cadastre),Zone U au PLU (PLU/GPU en vigueur à l'ingestion 2026),0.2532,0.2132,0.1036
97408000AM1328,0.0913,14 vente(s) à moins de 150 m en 24 mois (DVF arrêté au 31/12/2025),Parcelle de 492 m² (cadastre),Zone U au PLU (PLU/GPU en vigueur à l'ingestion 2026),0.2532,0.1289,0.1036
97411000AN0312,0.0913,9 vente(s) à moins de 150 m en 24 mois (DVF arrêté au 31/12/2025),Parcelle de 601 m² (cadastre),Zone U au PLU (PLU/GPU en vigueur à l'ingestion 2026),0.2532,0.1289,0.1036
97411000AL0042,0.0913,Détenue depuis moins d'un an — dernière mutation connue (DVF arrêté au 31/12/2025),9 vente(s) à moins de 150 m en 24 mois (DVF arrêté au 31/12/2025),Parcelle de 1921 m² (cadastre),1.2448,0.2532,0.1888
97411000HD0307,0.0913,Parcelle de 279 m² (cadastre),Zone U au PLU (PLU/GPU en vigueur à l'ingestion 2026),"Frein — Secteur à rotation faible du foncier nu (DVF arrêté au 31/12/2025, 36 mois)",0.2132,0.1036,-0.0794
97412000BY1831,0.0913,9 vente(s) à moins de 150 m en 24 mois (DVF arrêté au 31/12/2025),Parcelle de 261 m² (cadastre),Zone U au PLU (PLU/GPU en vigueur à l'ingestion 2026),0.2532,0.2132,0.1036
97412000BW0737,0.0913,5 permis à moins de 100 m en 24 mois (Sitadel 2013→2025),10 vente(s) à moins de 150 m en 24 mois (DVF arrêté au 31/12/2025),Frein — Parcelle de 891 m² (cadastre),0.2623,0.2532,-0.1218
97402000AL0119,0.0913,Secteur densément bâti (BD TOPO 2026),Parcelle de 453 m² (cadastre),"38 m² de SDP résiduelle (résiduel m135, PLU 2026)",0.2553,0.2132,0.1134
97415000DR1049,0.0913,Parcelle de 462 m² (cadastre),Zone U au PLU (PLU/GPU en vigueur à l'ingestion 2026),Secteur densément bâti (BD TOPO 2026),0.2132,0.1036,0.0981
97413000CS1062,0.0913,Parcelle de 412 m² (cadastre),Zone U au PLU (PLU/GPU en vigueur à l'ingestion 2026),"Frein — Secteur à rotation faible du foncier nu (DVF arrêté au 31/12/2025, 36 mois)",0.2132,0.1036,-0.0794
97408000AP1593,0.0913,"Secteur à rotation faible du foncier nu (DVF arrêté au 31/12/2025, 36 mois)",Parcelle de 518 m² (cadastre),Zone U au PLU (PLU/GPU en vigueur à l'ingestion 2026),0.2864,0.1289,0.1036
97412000CE1505,0.0913,Parcelle de 501 m² (cadastre),Zone U au PLU (PLU/GPU en vigueur à l'ingestion 2026),Secteur densément bâti (BD TOPO 2026),0.1289,0.1036,0.0981
97415000EW2011,0.0913,Parcelle de 267 m² (cadastre),"72 m² de SDP résiduelle (résiduel m135, PLU 2026)",Zone U au PLU (PLU/GPU en vigueur à l'ingestion 2026),0.2132,0.1134,0.1036
97405000AX0036,0.0913,Détenue depuis moins d'un an — dernière mutation connue (DVF arrêté au 31/12/2025),Zone AU au PLU (PLU/GPU en vigueur à l'ingestion 2026),Parcelle de 9904 m² (cadastre),1.3675,0.496,0.237
97411000AN0069,0.0913,11 vente(s) à moins de 150 m en 24 mois (DVF arrêté au 31/12/2025),Parcelle de 135 m² (cadastre),Zone U au PLU (PLU/GPU en vigueur à l'ingestion 2026),0.2532,0.1336,0.1036
97409000BD1511,0.07943,Détenue depuis moins d'un an — dernière mutation connue (DVF arrêté au 31/12/2025),Frein — Zone A au PLU (PLU/GPU en vigueur à l'ingestion 2026),Parcelle de 16993 m² (cadastre),1.8108,-0.5621,0.461
97416000DS0730,0.07943,10 vente(s) à moins de 150 m en 24 mois (DVF arrêté au 31/12/2025),Parcelle de 409 m² (cadastre),Zone U au PLU (PLU/GPU en vigueur à l'ingestion 2026),0.2532,0.2132,0.1036
97414000EN3852,0.07943,4 permis à moins de 100 m en 24 mois (Sitadel 2013→2025),"Secteur à rotation faible du foncier nu (DVF arrêté au 31/12/2025, 36 mois)",Zone U au PLU (PLU/GPU en vigueur à l'ingestion 2026),0.2623,0.195,0.1036
97416000HV0075,0.07943,Parcelle de 239 m² (cadastre),Zone U au PLU (PLU/GPU en vigueur à l'ingestion 2026),"Aucune vente connue depuis au moins 12 ans (DVF arrêté au 31/12/2025, historique 2014+)",0.2132,0.1036,0.063
97410000BK0489,0.07943,Parcelle de 610 m² (cadastre),Zone U au PLU (PLU/GPU en vigueur à l'ingestion 2026),Secteur densément bâti (BD TOPO 2026),0.1289,0.1036,0.0981
97416000HI0189,0.07943,Détenue depuis moins d'un an — dernière mutation connue (DVF arrêté au 31/12/2025),Frein — Zone A au PLU (PLU/GPU en vigueur à l'ingestion 2026),Parcelle de 26008 m² (cadastre),1.8108,-0.5621,0.461
97411000HI0046,0.07943,Piscine détectée sur la parcelle (ortho 2026),Parcelle de 560 m² (cadastre),"Frein — Secteur à rotation faible du foncier nu (DVF arrêté au 31/12/2025, 36 mois)",0.3786,0.1289,-0.1238
97422000BS1763,0.07943,Parcelle de 160 m² (cadastre),6% de ménages pauvres dans le carreau (Filosofi INSEE 2019),Zone U au PLU (PLU/GPU en vigueur à l'ingestion 2026),0.1336,0.1094,0.1036
97401000AD1175,0.07943,Parcelle de 419 m² (cadastre),"Secteur à rotation faible du foncier nu (DVF arrêté au 31/12/2025, 36 mois)",Zone U au PLU (PLU/GPU en vigueur à l'ingestion 2026),0.2132,0.1121,0.1036
97403000AR1486,0.07943,Parcelle de 532 m² (cadastre),Zone U au PLU (PLU/GPU en vigueur à l'ingestion 2026),3 permis à moins de 100 m en 24 mois (Sitadel 2013→2025),0.1289,0.1036,0.0926
97413000DG0280,0.07943,Parcelle de 495 m² (cadastre),7 vente(s) à moins de 150 m en 24 mois (DVF arrêté au 31/12/2025),"Secteur à rotation faible du foncier nu (DVF arrêté au 31/12/2025, 36 mois)",0.1289,0.1161,0.1121
97415000EV0167,0.07943,Détenue depuis moins d'un an — dernière mutation connue (DVF arrêté au 31/12/2025),Piscine détectée sur la parcelle (ortho 2026),"64 m² de SDP résiduelle (résiduel m135, PLU 2026)",0.9656,0.3786,0.1134
97415000BP0969,0.07943,Détenue depuis moins d'un an — dernière mutation connue (DVF arrêté au 31/12/2025),Parcelle de 3162 m² (cadastre),Candidat photovoltaïque (ortho 2026),1.3307,0.1888,0.1253
97409000BE1204,0.07943,Détenue depuis moins d'un an — dernière mutation connue (DVF arrêté au 31/12/2025),Parcelle de 1577 m² (cadastre),Zone U au PLU (PLU/GPU en vigueur à l'ingestion 2026),1.3307,0.1888,0.1036
97415000CZ1405,0.07943,Parcelle de 199 m² (cadastre),"59 m² de SDP résiduelle (résiduel m135, PLU 2026)",Zone U au PLU (PLU/GPU en vigueur à l'ingestion 2026),0.1336,0.1134,0.1036
97409000AS2073,0.07943,Parcelle de 354 m² (cadastre),Zone U au PLU (PLU/GPU en vigueur à l'ingestion 2026),"Frein — Secteur à rotation faible du foncier nu (DVF arrêté au 31/12/2025, 36 mois)",0.2132,0.1036,-0.0794
97411000HD0299,0.07943,Parcelle de 325 m² (cadastre),Zone U au PLU (PLU/GPU en vigueur à l'ingestion 2026),"Frein — Secteur à rotation faible du foncier nu (DVF arrêté au 31/12/2025, 36 mois)",0.2132,0.1036,-0.0794
97410000AV0652,0.07943,Frein — Le propriétaire a vendu une autre parcelle depuis 24 mois (millésimes fonciers PM 2019-2024),"Secteur à rotation faible du foncier nu (DVF arrêté au 31/12/2025, 36 mois)",13 permis à moins de 100 m en 24 mois (Sitadel 2013→2025),-0.6133,0.2864,0.2623
97414000EL0117,0.07943,4 permis à moins de 100 m en 24 mois (Sitadel 2013→2025),Parcelle de 336 m² (cadastre),"Frein — Secteur à rotation faible du foncier nu (DVF arrêté au 31/12/2025, 36 mois)",0.2623,0.2132,-0.1238
97411000HE0570,0.07943,Parcelle de 482 m² (cadastre),Zone U au PLU (PLU/GPU en vigueur à l'ingestion 2026),Frein — Secteur densément bâti (BD TOPO 2026),0.2132,0.1036,-0.0955
97415000BV1395,0.07943,Parcelle de 397 m² (cadastre),"70 m² de SDP résiduelle (résiduel m135, PLU 2026)",Zone U au PLU (PLU/GPU en vigueur à l'ingestion 2026),0.2132,0.1134,0.1036
97415000AX1080,0.07943,Parcelle de 209 m² (cadastre),Candidat photovoltaïque (ortho 2026),"52 m² de SDP résiduelle (résiduel m135, PLU 2026)",0.1336,0.1253,0.1134
97401000AI1188,0.07943,Parcelle de 308 m² (cadastre),Zone U au PLU (PLU/GPU en vigueur à l'ingestion 2026),3 permis à moins de 100 m en 24 mois (Sitadel 2013→2025),0.2132,0.1036,0.0926
97401000AN0888,0.07943,Zone AU au PLU (PLU/GPU en vigueur à l'ingestion 2026),Parcelle de 365 m² (cadastre),"Frein — Secteur à rotation faible du foncier nu (DVF arrêté au 31/12/2025, 36 mois)",0.496,0.2132,-0.0794
97410000AV0659,0.07943,Frein — Le propriétaire a vendu une autre parcelle depuis 24 mois (millésimes fonciers PM 2019-2024),"Secteur à rotation faible du foncier nu (DVF arrêté au 31/12/2025, 36 mois)",7 permis à moins de 100 m en 24 mois (Sitadel 2013→2025),-0.6133,0.2864,0.2623
97416000EM0764,0.07943,Parcelle de 381 m² (cadastre),Zone U au PLU (PLU/GPU en vigueur à l'ingestion 2026),Frein — Secteur densément bâti (BD TOPO 2026),0.2132,0.1036,-0.0955
97411000KE0233,0.07943,Parcelle de 140 m² (cadastre),Zone U au PLU (PLU/GPU en vigueur à l'ingestion 2026),Frein — Secteur densément bâti (BD TOPO 2026),0.1336,0.1036,-0.0955
97413000CD0729,0.07943,Zone AU au PLU (PLU/GPU en vigueur à l'ingestion 2026),4 permis à moins de 100 m en 24 mois (Sitadel 2013→2025),Frein — 0 vente(s) à moins de 150 m en 24 mois (DVF arrêté au 31/12/2025),0.496,0.2623,-0.2221
97422000CR0171,0.07943,Détenue depuis moins d'un an — dernière mutation connue (DVF arrêté au 31/12/2025),Frein — Zone A au PLU (PLU/GPU en vigueur à l'ingestion 2026),Parcelle de 40069 m² (cadastre),1.8696,-0.5621,0.461
97420000AB1019,0.07943,Parcelle de 262 m² (cadastre),"Frein — Secteur à rotation faible du foncier nu (DVF arrêté au 31/12/2025, 36 mois)","68 m² de SDP résiduelle (résiduel m135, PLU 2026)",0.2132,-0.1238,0.1134
97411000AB0018,0.07943,4 permis à moins de 100 m en 24 mois (Sitadel 2013→2025),"Frein — Secteur à rotation faible du foncier nu (DVF arrêté au 31/12/2025, 36 mois)",Parcelle de 118 m² (cadastre),0.2623,-0.2583,0.1336
97413000DA0491,0.07943,Parcelle de 248 m² (cadastre),"53 m² de SDP résiduelle (résiduel m135, PLU 2026)",Zone U au PLU (PLU/GPU en vigueur à l'ingestion 2026),0.2132,0.1134,0.1036
97411000EK0005,0.07943,Détenue depuis moins d'un an — dernière mutation connue (DVF arrêté au 31/12/2025),Piscine détectée sur la parcelle (ortho 2026),7 vente(s) à moins de 150 m en 24 mois (DVF arrêté au 31/12/2025),1.0053,0.3786,0.1161
97415000CT2244,0.07943,Parcelle de 14 m² (cadastre),"Secteur à rotation faible du foncier nu (DVF arrêté au 31/12/2025, 36 mois)",Zone U au PLU (PLU/GPU en vigueur à l'ingestion 2026),0.1894,0.1121,0.1036
97412000AO0922,0.07943,"Secteur à rotation faible du foncier nu (DVF arrêté au 31/12/2025, 36 mois)",Frein — Parcelle de 884 m² (cadastre),"59 m² de SDP résiduelle (résiduel m135, PLU 2026)",0.2864,-0.1218,0.1134
97422000BV3183,0.07943,Parcelle de 308 m² (cadastre),7 vente(s) à moins de 150 m en 24 mois (DVF arrêté au 31/12/2025),Zone U au PLU (PLU/GPU en vigueur à l'ingestion 2026),0.2132,0.1161,0.1036
97403000AM0816,0.07943,Parcelle de 591 m² (cadastre),7 vente(s) à moins de 150 m en 24 mois (DVF arrêté au 31/12/2025),Zone U au PLU (PLU/GPU en vigueur à l'ingestion 2026),0.1289,0.1161,0.1036
97414000EV0839,0.07943,Parcelle de 315 m² (cadastre),Zone U au PLU (PLU/GPU en vigueur à l'ingestion 2026),Frein — Secteur densément bâti (BD TOPO 2026),0.2132,0.1036,-0.0955
97404000AI2208,0.07943,Parcelle de 403 m² (cadastre),"67 m² de SDP résiduelle (résiduel m135, PLU 2026)",7% de ménages pauvres dans le carreau (Filosofi INSEE 2019),0.2132,0.1134,0.1094
97416000EH1358,0.07943,Parcelle de 335 m² (cadastre),Zone U au PLU (PLU/GPU en vigueur à l'ingestion 2026),"Frein — Secteur à rotation faible du foncier nu (DVF arrêté au 31/12/2025, 36 mois)",0.2132,0.1036,-0.0794
97422000DH0211,0.07943,Détenue depuis moins d'un an — dernière mutation connue (DVF arrêté au 31/12/2025),Frein — Zone A au PLU (PLU/GPU en vigueur à l'ingestion 2026),Parcelle de 19084 m² (cadastre),1.8108,-0.5621,0.461
97413000CD0726,0.07943,Zone AU au PLU (PLU/GPU en vigueur à l'ingestion 2026),4 permis à moins de 100 m en 24 mois (Sitadel 2013→2025),Frein — 0 vente(s) à moins de 150 m en 24 mois (DVF arrêté au 31/12/2025),0.496,0.2623,-0.2221
97409000AS1328,0.07943,Parcelle de 339 m² (cadastre),"29 m² de SDP résiduelle (résiduel m135, PLU 2026)",Zone U au PLU (PLU/GPU en vigueur à l'ingestion 2026),0.2132,0.1134,0.1036
97416000HX1007,0.07943,4 permis à moins de 100 m en 24 mois (Sitadel 2013→2025),8 vente(s) à moins de 150 m en 24 mois (DVF arrêté au 31/12/2025),Zone U au PLU (PLU/GPU en vigueur à l'ingestion 2026),0.2623,0.1161,0.1036
97412000CE0428,0.07943,Détenue depuis moins d'un an — dernière mutation connue (DVF arrêté au 31/12/2025),Frein — Zone A au PLU (PLU/GPU en vigueur à l'ingestion 2026),Parcelle de 12584 m² (cadastre),1.7203,-0.5621,0.461
97405000AK1779,0.07943,Parcelle de 430 m² (cadastre),"Secteur à rotation faible du foncier nu (DVF arrêté au 31/12/2025, 36 mois)",Zone U au PLU (PLU/GPU en vigueur à l'ingestion 2026),0.2132,0.1121,0.1036
97415000ER1172,0.07943,4 permis à moins de 100 m en 24 mois (Sitadel 2013→2025),Frein — 0 vente(s) à moins de 150 m en 24 mois (DVF arrêté au 31/12/2025),Parcelle de 335 m² (cadastre),0.2623,-0.2221,0.2132
97411000IC0107,0.07943,Parcelle de 585 m² (cadastre),Zone U au PLU (PLU/GPU en vigueur à l'ingestion 2026),Frein — Secteur densément bâti (BD TOPO 2026),0.1289,0.1036,-0.0955
97411000DW0005,0.07943,Détenue depuis moins d'un an — dernière mutation connue (DVF arrêté au 31/12/2025),Parcelle de 1618 m² (cadastre),8 vente(s) à moins de 150 m en 24 mois (DVF arrêté au 31/12/2025),1.0852,0.1888,0.1161
97411000CV0715,0.07943,Parcelle de 587 m² (cadastre),Zone U au PLU (PLU/GPU en vigueur à l'ingestion 2026),11% de ménages pauvres dans le carreau (Filosofi INSEE 2019),0.1289,0.1036,0.0704
97416000IE0209,0.07943,Parcelle de 541 m² (cadastre),8 vente(s) à moins de 150 m en 24 mois (DVF arrêté au 31/12/2025),Zone U au PLU (PLU/GPU en vigueur à l'ingestion 2026),0.1289,0.1161,0.1036
97411000HX0126,0.07943,Parcelle de 449 m² (cadastre),7% de ménages pauvres dans le carreau (Filosofi INSEE 2019),Zone U au PLU (PLU/GPU en vigueur à l'ingestion 2026),0.2132,0.1094,0.1036
97408000AP1367,0.07943,Zone AU au PLU (PLU/GPU en vigueur à l'ingestion 2026),Frein — Parcelle de 7315 m² (cadastre),"Secteur à rotation faible du foncier nu (DVF arrêté au 31/12/2025, 36 mois)",0.496,-0.4529,0.2864
97422000BP1444,0.07943,Parcelle de 430 m² (cadastre),7 vente(s) à moins de 150 m en 24 mois (DVF arrêté au 31/12/2025),Zone U au PLU (PLU/GPU en vigueur à l'ingestion 2026),0.2132,0.1161,0.1036
97416000CW1434,0.07943,Parcelle de 288 m² (cadastre),Zone U au PLU (PLU/GPU en vigueur à l'ingestion 2026),5 vente(s) à moins de 150 m en 24 mois (DVF arrêté au 31/12/2025),0.2132,0.1036,0.068
97414000CV1006,0.07943,Détenue depuis moins d'un an — dernière mutation connue (DVF arrêté au 31/12/2025),Frein — Zone N au PLU (PLU/GPU en vigueur à l'ingestion 2026),Parcelle de 15197 m² (cadastre),1.6983,-0.5326,0.461
97422000BN2081,0.07943,Parcelle de 335 m² (cadastre),Zone U au PLU (PLU/GPU en vigueur à l'ingestion 2026),3 permis à moins de 100 m en 24 mois (Sitadel 2013→2025),0.2132,0.1036,0.0926
97422000BX0456,0.07943,Parcelle de 338 m² (cadastre),Zone U au PLU (PLU/GPU en vigueur à l'ingestion 2026),5 vente(s) à moins de 150 m en 24 mois (DVF arrêté au 31/12/2025),0.2132,0.1036,0.068
97413000CU0526,0.07943,Détenue depuis moins d'un an — dernière mutation connue (DVF arrêté au 31/12/2025),Piscine détectée sur la parcelle (ortho 2026),Parcelle de 1038 m² (cadastre),1.2146,0.3786,0.1302
97410000BX1960,0.07943,4 permis à moins de 100 m en 24 mois (Sitadel 2013→2025),Parcelle de 287 m² (cadastre),Zone U au PLU (PLU/GPU en vigueur à l'ingestion 2026),0.2623,0.2132,0.1036
97419000AP0257,0.07943,Détenue depuis moins d'un an — dernière mutation connue (DVF arrêté au 31/12/2025),Frein — Zone A au PLU (PLU/GPU en vigueur à l'ingestion 2026),Parcelle de 18541 m² (cadastre),1.8696,-0.5621,0.461
97415000AS1938,0.07943,Détenue depuis moins d'un an — dernière mutation connue (DVF arrêté au 31/12/2025),6 permis à moins de 100 m en 24 mois (Sitadel 2013→2025),10 vente(s) à moins de 150 m en 24 mois (DVF arrêté au 31/12/2025),1.1558,0.2623,0.2532
97411000AS0126,0.07943,Parcelle de 366 m² (cadastre),"Frein — Secteur à rotation faible du foncier nu (DVF arrêté au 31/12/2025, 36 mois)","73 m² de SDP résiduelle (résiduel m135, PLU 2026)",0.2132,-0.1238,0.1134
97410000BX1958,0.07943,4 permis à moins de 100 m en 24 mois (Sitadel 2013→2025),Parcelle de 334 m² (cadastre),Zone U au PLU (PLU/GPU en vigueur à l'ingestion 2026),0.2623,0.2132,0.1036
97424000AH0772,0.07943,"56 m² de SDP résiduelle (résiduel m135, PLU 2026)",Zone U au PLU (PLU/GPU en vigueur à l'ingestion 2026),"Secteur à rotation faible du foncier nu (DVF arrêté au 31/12/2025, 36 mois)",0.1134,0.1036,0.0875
97412000AX0275,0.07943,Parcelle de 327 m² (cadastre),Zone U au PLU (PLU/GPU en vigueur à l'ingestion 2026),3 permis à moins de 100 m en 24 mois (Sitadel 2013→2025),0.2132,0.1036,0.0926
97416000DZ0243,0.07943,Détenue depuis moins d'un an — dernière mutation connue (DVF arrêté au 31/12/2025),Frein — Zone A au PLU (PLU/GPU en vigueur à l'ingestion 2026),Parcelle de 25198 m² (cadastre),1.8696,-0.5621,0.461
97415000CH0908,0.07943,Détenue depuis moins d'un an — dernière mutation connue (DVF arrêté au 31/12/2025),Frein — Zone A au PLU (PLU/GPU en vigueur à l'ingestion 2026),Parcelle de 22871 m² (cadastre),1.8696,-0.5621,0.461
97411000HV0235,0.07943,Parcelle de 212 m² (cadastre),0% de ménages pauvres dans le carreau (Filosofi INSEE 2019),Zone U au PLU (PLU/GPU en vigueur à l'ingestion 2026),0.1336,0.1094,0.1036
97411000CY0978,0.07943,Parcelle de 411 m² (cadastre),"43 m² de SDP résiduelle (résiduel m135, PLU 2026)",Zone U au PLU (PLU/GPU en vigueur à l'ingestion 2026),0.2132,0.1134,0.1036
97411000HO0623,0.07943,Piscine détectée sur la parcelle (ortho 2026),Frein — Parcelle de 822 m² (cadastre),Zone U au PLU (PLU/GPU en vigueur à l'ingestion 2026),0.3786,-0.1218,0.1036
97411000BZ1777,0.07943,Détenue depuis moins d'un an — dernière mutation connue (DVF arrêté au 31/12/2025),Parcelle de 1271 m² (cadastre),0% de ménages pauvres dans le carreau (Filosofi INSEE 2019),1.3307,0.1888,0.1094
97419000AE0500,0.07943,Parcelle de 468 m² (cadastre),Zone U au PLU (PLU/GPU en vigueur à l'ingestion 2026),Frein — 39 ventes dans la commune l'an dernier (DVF arrêté au 31/12/2025),0.2132,0.1036,-0.1
97416000IK0522,0.07943,Piscine détectée sur la parcelle (ortho 2026),Parcelle de 172 m² (cadastre),"Frein — Secteur à rotation faible du foncier nu (DVF arrêté au 31/12/2025, 36 mois)",0.3786,0.1336,-0.1238
97415000HO0028,0.07943,Parcelle de 510 m² (cadastre),"48 m² de SDP résiduelle (résiduel m135, PLU 2026)",Zone U au PLU (PLU/GPU en vigueur à l'ingestion 2026),0.1289,0.1134,0.1036
97409000AS2071,0.07943,Piscine détectée sur la parcelle (ortho 2026),Frein — Parcelle de 830 m² (cadastre),Zone U au PLU (PLU/GPU en vigueur à l'ingestion 2026),0.3786,-0.1218,0.1036
97411000CM0180,0.07943,Détenue depuis moins d'un an — dernière mutation connue (DVF arrêté au 31/12/2025),Parcelle de 1389 m² (cadastre),7% de ménages pauvres dans le carreau (Filosofi INSEE 2019),1.3307,0.1888,0.1094
97413000BM0721,0.07943,Détenue depuis moins d'un an — dernière mutation connue (DVF arrêté au 31/12/2025),Frein — Zone A au PLU (PLU/GPU en vigueur à l'ingestion 2026),Parcelle de 31892 m² (cadastre),1.8696,-0.5621,0.461
97412000CL0254,0.07943,Détenue depuis moins d'un an — dernière mutation connue (DVF arrêté au 31/12/2025),Frein — Zone A au PLU (PLU/GPU en vigueur à l'ingestion 2026),Parcelle de 13643 m² (cadastre),1.8334,-0.5621,0.461
97408000AN1286,0.07943,Détenue depuis moins d'un an — dernière mutation connue (DVF arrêté au 31/12/2025),Parcelle de 1461 m² (cadastre),8 vente(s) à moins de 150 m en 24 mois (DVF arrêté au 31/12/2025),1.4907,0.1888,0.1161
97412000BL1176,0.07943,Parcelle de 72 m² (cadastre),Zone U au PLU (PLU/GPU en vigueur à l'ingestion 2026),4 vente(s) à moins de 150 m en 24 mois (DVF arrêté au 31/12/2025),0.1336,0.1036,0.0565
97411000HW0234,0.07943,"56 m² de SDP résiduelle (résiduel m135, PLU 2026)",Zone U au PLU (PLU/GPU en vigueur à l'ingestion 2026),"Secteur à rotation faible du foncier nu (DVF arrêté au 31/12/2025, 36 mois)",0.1134,0.1036,0.0875
97412000CX0341,0.07943,Détenue depuis moins d'un an — dernière mutation connue (DVF arrêté au 31/12/2025),Parcelle de 1076 m² (cadastre),7 vente(s) à moins de 150 m en 24 mois (DVF arrêté au 31/12/2025),1.2146,0.1302,0.1161
97404000BA0202,0.07943,Détenue depuis moins d'un an — dernière mutation connue (DVF arrêté au 31/12/2025),Parcelle de 1204 m² (cadastre),Zone U au PLU (PLU/GPU en vigueur à l'ingestion 2026),1.3746,0.1302,0.1036
97423000AB1742,0.07943,Détenue depuis moins d'un an — dernière mutation connue (DVF arrêté au 31/12/2025),Zone AU au PLU (PLU/GPU en vigueur à l'ingestion 2026),Parcelle de 1407 m² (cadastre),1.0545,0.496,0.186
97413000DG0157,0.07943,4 permis à moins de 100 m en 24 mois (Sitadel 2013→2025),"Secteur à rotation faible du foncier nu (DVF arrêté au 31/12/2025, 36 mois)",Zone U au PLU (PLU/GPU en vigueur à l'ingestion 2026),0.2623,0.1121,0.1036
97422000BK0039,0.07943,Parcelle de 275 m² (cadastre),Zone U au PLU (PLU/GPU en vigueur à l'ingestion 2026),5 vente(s) à moins de 150 m en 24 mois (DVF arrêté au 31/12/2025),0.2132,0.1036,0.068
97404000AS0348,0.07943,"Secteur à rotation faible du foncier nu (DVF arrêté au 31/12/2025, 36 mois)",Parcelle de 285 m² (cadastre),Zone U au PLU (PLU/GPU en vigueur à l'ingestion 2026),0.2864,0.2132,0.1036
97412000AW0326,0.07943,4 permis à moins de 100 m en 24 mois (Sitadel 2013→2025),Frein — Parcelle de 869 m² (cadastre),"Secteur à rotation faible du foncier nu (DVF arrêté au 31/12/2025, 36 mois)",0.2623,-0.1218,0.1121
97414000CO1449,0.07943,Détenue depuis moins d'un an — dernière mutation connue (DVF arrêté au 31/12/2025),4 permis à moins de 100 m en 24 mois (Sitadel 2013→2025),Parcelle de 1414 m² (cadastre),1.3307,0.2623,0.1888
97412000CK0542,0.07943,Parcelle de 459 m² (cadastre),Zone U au PLU (PLU/GPU en vigueur à l'ingestion 2026),Secteur densément bâti (BD TOPO 2026),0.2132,0.1036,0.0981
97414000EO1458,0.07943,Zone AU au PLU (PLU/GPU en vigueur à l'ingestion 2026),3 permis à moins de 100 m en 24 mois (Sitadel 2013→2025),"Secteur à rotation faible du foncier nu (DVF arrêté au 31/12/2025, 36 mois)",0.496,0.0926,0.0875
97407000AH0574,0.07943,6 permis à moins de 100 m en 24 mois (Sitadel 2013→2025),Parcelle de 154 m² (cadastre),Zone U au PLU (PLU/GPU en vigueur à l'ingestion 2026),0.2623,0.1336,0.1036
97408000AC3686,0.07943,Frein — 0 vente(s) à moins de 150 m en 24 mois (DVF arrêté au 31/12/2025),"Secteur à rotation faible du foncier nu (DVF arrêté au 31/12/2025, 36 mois)",Parcelle de 134 m² (cadastre),-0.2221,0.195,0.1336
97403000AR0421,0.07943,Zone AU au PLU (PLU/GPU en vigueur à l'ingestion 2026),Parcelle de 414 m² (cadastre),"Frein — Secteur à rotation faible du foncier nu (DVF arrêté au 31/12/2025, 36 mois)",0.496,0.2132,-0.0794
97411000EP0134,0.07943,Détenue depuis moins d'un an — dernière mutation connue (DVF arrêté au 31/12/2025),Piscine détectée sur la parcelle (ortho 2026),9 vente(s) à moins de 150 m en 24 mois (DVF arrêté au 31/12/2025),0.9068,0.3786,0.2532
97416000IA1831,0.07943,Parcelle de 233 m² (cadastre),Zone U au PLU (PLU/GPU en vigueur à l'ingestion 2026),5 vente(s) à moins de 150 m en 24 mois (DVF arrêté au 31/12/2025),0.1336,0.1036,0.068
97412000CY0390,0.07943,Parcelle de 182 m² (cadastre),Zone U au PLU (PLU/GPU en vigueur à l'ingestion 2026),Secteur densément bâti (BD TOPO 2026),0.1336,0.1036,0.0981
97412000AV0729,0.07943,Parcelle de 603 m² (cadastre),"Secteur à rotation faible du foncier nu (DVF arrêté au 31/12/2025, 36 mois)",Zone U au PLU (PLU/GPU en vigueur à l'ingestion 2026),0.1289,0.1121,0.1036
97411000IZ0371,0.07943,Frein — Parcelle de 6020 m² (cadastre),Piscine détectée sur la parcelle (ortho 2026),6 permis à moins de 100 m en 24 mois (Sitadel 2013→2025),-0.4529,0.3786,0.2623
97402000AK2129,0.07943,Zone AU au PLU (PLU/GPU en vigueur à l'ingestion 2026),Parcelle de 607 m² (cadastre),Frein — 46 ventes dans la commune l'an dernier (DVF arrêté au 31/12/2025),0.496,0.1289,-0.1
97422000BV3186,0.07943,Parcelle de 160 m² (cadastre),7 vente(s) à moins de 150 m en 24 mois (DVF arrêté au 31/12/2025),"43 m² de SDP résiduelle (résiduel m135, PLU 2026)",0.1336,0.1161,0.1134
97416000HI1114,0.07943,Parcelle de 291 m² (cadastre),"74 m² de SDP résiduelle (résiduel m135, PLU 2026)",Zone U au PLU (PLU/GPU en vigueur à l'ingestion 2026),0.2132,0.1134,0.1036
97410000AW1088,0.07943,Parcelle de 472 m² (cadastre),"Frein — Secteur à rotation faible du bâti (DVF arrêté au 31/12/2025, 36 mois)",Zone U au PLU (PLU/GPU en vigueur à l'ingestion 2026),0.2132,-0.1102,0.1036
97401000AO0891,0.07943,Détenue depuis moins d'un an — dernière mutation connue (DVF arrêté au 31/12/2025),Zone AU au PLU (PLU/GPU en vigueur à l'ingestion 2026),Parcelle de 3259 m² (cadastre),1.0852,0.496,0.1888
97411000DY0194,0.07943,Détenue depuis 2 à 3 ans — dernière mutation connue (DVF arrêté au 31/12/2025),Piscine détectée sur la parcelle (ortho 2026),4 permis à moins de 100 m en 24 mois (Sitadel 2013→2025),0.4431,0.3786,0.2623
97424000AM0914,0.07943,Zone AU au PLU (PLU/GPU en vigueur à l'ingestion 2026),Piscine détectée sur la parcelle (ortho 2026),7 permis à moins de 100 m en 24 mois (Sitadel 2013→2025),0.496,0.3786,0.2623
97401000AD1307,0.07943,Parcelle de 442 m² (cadastre),"Secteur à rotation faible du foncier nu (DVF arrêté au 31/12/2025, 36 mois)",Zone U au PLU (PLU/GPU en vigueur à l'ingestion 2026),0.2132,0.1121,0.1036
97414000CW0426,0.07943,"Secteur à rotation faible du foncier nu (DVF arrêté au 31/12/2025, 36 mois)",Parcelle de 502 m² (cadastre),"32 m² de SDP résiduelle (résiduel m135, PLU 2026)",0.195,0.1289,0.1134
97412000CE1567,0.07943,Détenue depuis moins d'un an — dernière mutation connue (DVF arrêté au 31/12/2025),Frein — Zone A au PLU (PLU/GPU en vigueur à l'ingestion 2026),Parcelle de 14232 m² (cadastre),1.7203,-0.5621,0.461
97416000CW1554,0.07943,Détenue depuis moins d'un an — dernière mutation connue (DVF arrêté au 31/12/2025),Frein — Le propriétaire a vendu une autre parcelle depuis 24 mois (millésimes fonciers PM 2019-2024),5 permis à moins de 100 m en 24 mois (Sitadel 2013→2025),1.3855,-0.6133,0.2623
97416000EZ0352,0.07943,Détenue depuis moins d'un an — dernière mutation connue (DVF arrêté au 31/12/2025),Parcelle de 1252 m² (cadastre),Zone U au PLU (PLU/GPU en vigueur à l'ingestion 2026),1.3307,0.1888,0.1036
97418000AT2374,0.07943,Frein — Détenue depuis 2 à 3 ans — dernière mutation connue (DVF arrêté au 31/12/2025),Piscine détectée sur la parcelle (ortho 2026),14 permis à moins de 100 m en 24 mois (Sitadel 2013→2025),-0.4161,0.3786,0.2623
97411000BZ1688,0.07943,Zone U au PLU (PLU/GPU en vigueur à l'ingestion 2026),"Frein — Secteur à rotation faible du foncier nu (DVF arrêté au 31/12/2025, 36 mois)",6 vente(s) à moins de 150 m en 24 mois (DVF arrêté au 31/12/2025),0.1036,-0.0794,0.0781
97412000CD0248,0.07943,Détenue depuis moins d'un an — dernière mutation connue (DVF arrêté au 31/12/2025),Zone AU au PLU (PLU/GPU en vigueur à l'ingestion 2026),Frein — nan% de ménages pauvres dans le carreau (Filosofi INSEE 2019),1.1558,0.496,-0.136
97403000AR0515,0.07943,6 permis à moins de 100 m en 24 mois (Sitadel 2013→2025),Parcelle de 576 m² (cadastre),Zone U au PLU (PLU/GPU en vigueur à l'ingestion 2026),0.2623,0.1289,0.1036
97405000AW1680,0.07943,Parcelle de 280 m² (cadastre),"43 m² de SDP résiduelle (résiduel m135, PLU 2026)",Zone U au PLU (PLU/GPU en vigueur à l'ingestion 2026),0.2132,0.1134,0.1036
97422000EC0435,0.07943,Parcelle de 425 m² (cadastre),Zone U au PLU (PLU/GPU en vigueur à l'ingestion 2026),"Aucune vente connue depuis au moins 12 ans (DVF arrêté au 31/12/2025, historique 2014+)",0.2132,0.1036,0.0653
97415000DK1107,0.07943,Zone AU au PLU (PLU/GPU en vigueur à l'ingestion 2026),Piscine détectée sur la parcelle (ortho 2026),7 permis à moins de 100 m en 24 mois (Sitadel 2013→2025),0.496,0.3786,0.2623
97422000CI0598,0.07943,Détenue depuis moins d'un an — dernière mutation connue (DVF arrêté au 31/12/2025),Parcelle de 2096 m² (cadastre),Candidat photovoltaïque (ortho 2026),1.4907,0.1888,0.1253
97411000HX0248,0.07943,Parcelle de 49 m² (cadastre),Zone U au PLU (PLU/GPU en vigueur à l'ingestion 2026),3 permis à moins de 100 m en 24 mois (Sitadel 2013→2025),0.1336,0.1036,0.0926
97412000BY1850,0.07943,4 permis à moins de 100 m en 24 mois (Sitadel 2013→2025),7 vente(s) à moins de 150 m en 24 mois (DVF arrêté au 31/12/2025),Zone U au PLU (PLU/GPU en vigueur à l'ingestion 2026),0.2623,0.1161,0.1036
97414000EM0486,0.07943,6 permis à moins de 100 m en 24 mois (Sitadel 2013→2025),Parcelle de 187 m² (cadastre),Zone U au PLU (PLU/GPU en vigueur à l'ingestion 2026),0.2623,0.1336,0.1036
97411000CH0799,0.07943,Parcelle de 255 m² (cadastre),Zone U au PLU (PLU/GPU en vigueur à l'ingestion 2026),Secteur densément bâti (BD TOPO 2026),0.2132,0.1036,0.0981
97422000BX0394,0.07943,Parcelle de 543 m² (cadastre),Zone U au PLU (PLU/GPU en vigueur à l'ingestion 2026),3 permis à moins de 100 m en 24 mois (Sitadel 2013→2025),0.1289,0.1036,0.0926
97414000DM0322,0.07943,Parcelle de 295 m² (cadastre),"33 m² de SDP résiduelle (résiduel m135, PLU 2026)",Zone U au PLU (PLU/GPU en vigueur à l'ingestion 2026),0.2132,0.1134,0.1036
97420000BE0674,0.07943,Parcelle de 556 m² (cadastre),Zone U au PLU (PLU/GPU en vigueur à l'ingestion 2026),6 vente(s) à moins de 150 m en 24 mois (DVF arrêté au 31/12/2025),0.1289,0.1036,0.0781
97411000CD1188,0.07943,Détenue depuis moins d'un an — dernière mutation connue (DVF arrêté au 31/12/2025),Parcelle de 1810 m² (cadastre),3% de ménages pauvres dans le carreau (Filosofi INSEE 2019),1.3704,0.1888,0.1094
97416000HY1705,0.07943,Parcelle de 422 m² (cadastre),Zone U au PLU (PLU/GPU en vigueur à l'ingestion 2026),"Secteur à rotation faible du foncier nu (DVF arrêté au 31/12/2025, 36 mois)",0.2132,0.1036,0.0875
97415000AZ0627,0.07943,Parcelle de 306 m² (cadastre),Zone U au PLU (PLU/GPU en vigueur à l'ingestion 2026),"118 m² de SDP résiduelle (résiduel m135, PLU 2026)",0.2132,0.1036,0.0643
97422000AY0477,0.07943,Piscine détectée sur la parcelle (ortho 2026),Frein — Parcelle de 853 m² (cadastre),Zone U au PLU (PLU/GPU en vigueur à l'ingestion 2026),0.3786,-0.1218,0.1036
97418000AR1853,0.07943,Parcelle de 576 m² (cadastre),"30 m² de SDP résiduelle (résiduel m135, PLU 2026)",Zone U au PLU (PLU/GPU en vigueur à l'ingestion 2026),0.1289,0.1134,0.1036
97413000DG1116,0.07943,Parcelle de 423 m² (cadastre),"Secteur à rotation faible du foncier nu (DVF arrêté au 31/12/2025, 36 mois)",Zone U au PLU (PLU/GPU en vigueur à l'ingestion 2026),0.2132,0.1121,0.1036
97412000CT0375,0.07943,Parcelle de 591 m² (cadastre),Zone U au PLU (PLU/GPU en vigueur à l'ingestion 2026),3 permis à moins de 100 m en 24 mois (Sitadel 2013→2025),0.1289,0.1036,0.0926
97414000DM0160,0.07943,Parcelle de 573 m² (cadastre),7 vente(s) à moins de 150 m en 24 mois (DVF arrêté au 31/12/2025),Zone U au PLU (PLU/GPU en vigueur à l'ingestion 2026),0.1289,0.1161,0.1036
97422000AP0245,0.07943,Parcelle de 365 m² (cadastre),7 vente(s) à moins de 150 m en 24 mois (DVF arrêté au 31/12/2025),Zone U au PLU (PLU/GPU en vigueur à l'ingestion 2026),0.2132,0.1161,0.1036
97422000CH0562,0.07943,Parcelle de 412 m² (cadastre),Zone U au PLU (PLU/GPU en vigueur à l'ingestion 2026),"Secteur à rotation faible du bâti (DVF arrêté au 31/12/2025, 36 mois)",0.2132,0.1036,0.0808
97405000AZ0191,0.07943,Détenue depuis moins d'un an — dernière mutation connue (DVF arrêté au 31/12/2025),11 vente(s) à moins de 150 m en 24 mois (DVF arrêté au 31/12/2025),Parcelle de 2548 m² (cadastre),1.2539,0.2532,0.1817
97406000AV1199,0.07943,Parcelle de 366 m² (cadastre),"Secteur à rotation faible du foncier nu (DVF arrêté au 31/12/2025, 36 mois)",Zone U au PLU (PLU/GPU en vigueur à l'ingestion 2026),0.2132,0.1121,0.1036
97415000AT0725,0.07943,Parcelle de 572 m² (cadastre),Zone U au PLU (PLU/GPU en vigueur à l'ingestion 2026),"Secteur à rotation faible du foncier nu (DVF arrêté au 31/12/2025, 36 mois)",0.1289,0.1036,0.0875
97411000AE0536,0.07943,Détenue depuis 3 à 5 ans — dernière mutation connue (DVF arrêté au 31/12/2025),Piscine détectée sur la parcelle (ortho 2026),4 permis à moins de 100 m en 24 mois (Sitadel 2013→2025),0.5105,0.3786,0.2623
97414000DN0218,0.07943,Parcelle de 254 m² (cadastre),8 vente(s) à moins de 150 m en 24 mois (DVF arrêté au 31/12/2025),Zone U au PLU (PLU/GPU en vigueur à l'ingestion 2026),0.2132,0.1161,0.1036
97422000BT1347,0.07943,Parcelle de 222 m² (cadastre),Candidat photovoltaïque (ortho 2026),5% de ménages pauvres dans le carreau (Filosofi INSEE 2019),0.1336,0.1253,0.1094
97423000AH1139,0.07943,Parcelle de 289 m² (cadastre),Zone U au PLU (PLU/GPU en vigueur à l'ingestion 2026),Frein — 53 ventes dans la commune l'an dernier (DVF arrêté au 31/12/2025),0.2132,0.1036,-0.1
97422000CX0551,0.07943,4 permis à moins de 100 m en 24 mois (Sitadel 2013→2025),Parcelle de 504 m² (cadastre),Zone U au PLU (PLU/GPU en vigueur à l'ingestion 2026),0.2623,0.1289,0.1036
97409000AY1331,0.07943,Parcelle de 281 m² (cadastre),Zone U au PLU (PLU/GPU en vigueur à l'ingestion 2026),3 permis à moins de 100 m en 24 mois (Sitadel 2013→2025),0.2132,0.1036,0.0926
97414000HL0590,0.07943,Piscine détectée sur la parcelle (ortho 2026),Zone U au PLU (PLU/GPU en vigueur à l'ingestion 2026),"Aucune vente connue depuis au moins 12 ans (DVF arrêté au 31/12/2025, historique 2014+)",0.3786,0.1036,0.0411
97417000AI0003,0.07943,Détenue depuis moins d'un an — dernière mutation connue (DVF arrêté au 31/12/2025),Parcelle de 33124 m² (cadastre),Secteur densément bâti (BD TOPO 2026),1.6241,0.461,0.2553
97415000EO1079,0.07943,Frein — Le propriétaire a vendu une autre parcelle depuis 24 mois (millésimes fonciers PM 2019-2024),16 vente(s) à moins de 150 m en 24 mois (DVF arrêté au 31/12/2025),"Secteur à rotation faible du foncier nu (DVF arrêté au 31/12/2025, 36 mois)",-0.6133,0.2532,0.195
97411000IW0290,0.07943,Détenue depuis moins d'un an — dernière mutation connue (DVF arrêté au 31/12/2025),Parcelle de 1992 m² (cadastre),Zone U au PLU (PLU/GPU en vigueur à l'ingestion 2026),1.4907,0.1888,0.1036
97422000EC0500,0.07943,Parcelle de 286 m² (cadastre),Zone U au PLU (PLU/GPU en vigueur à l'ingestion 2026),"Aucune vente connue depuis au moins 12 ans (DVF arrêté au 31/12/2025, historique 2014+)",0.2132,0.1036,0.0653
97414000EN1842,0.07943,5 permis à moins de 100 m en 24 mois (Sitadel 2013→2025),"Secteur à rotation faible du foncier nu (DVF arrêté au 31/12/2025, 36 mois)",Candidat photovoltaïque (ortho 2026),0.2623,0.195,0.1253
97415000EO1080,0.07943,Frein — Le propriétaire a vendu une autre parcelle depuis 24 mois (millésimes fonciers PM 2019-2024),17 vente(s) à moins de 150 m en 24 mois (DVF arrêté au 31/12/2025),Parcelle de 282 m² (cadastre),-0.6133,0.2532,0.2132
97408000BI0311,0.07943,Parcelle de 405 m² (cadastre),Zone U au PLU (PLU/GPU en vigueur à l'ingestion 2026),6 vente(s) à moins de 150 m en 24 mois (DVF arrêté au 31/12/2025),0.2132,0.1036,0.0781
97414000CV0411,0.07943,Détenue depuis moins d'un an — dernière mutation connue (DVF arrêté au 31/12/2025),Frein — Zone A au PLU (PLU/GPU en vigueur à l'ingestion 2026),Parcelle de 37375 m² (cadastre),1.6983,-0.5621,0.461
97415000AW1988,0.07943,4 permis à moins de 100 m en 24 mois (Sitadel 2013→2025),Parcelle de 394 m² (cadastre),Zone U au PLU (PLU/GPU en vigueur à l'ingestion 2026),0.2623,0.2132,0.1036
97408000BO0381,0.07943,Détenue depuis moins d'un an — dernière mutation connue (DVF arrêté au 31/12/2025),Piscine détectée sur la parcelle (ortho 2026),Parcelle de 1513 m² (cadastre),1.0852,0.3786,0.1888
97411000AN0666,0.07943,Parcelle de 266 m² (cadastre),Zone U au PLU (PLU/GPU en vigueur à l'ingestion 2026),"Frein — Secteur à rotation faible du foncier nu (DVF arrêté au 31/12/2025, 36 mois)",0.2132,0.1036,-0.0794
97407000AI0629,0.07943,Parcelle de 481 m² (cadastre),Candidat photovoltaïque (ortho 2026),Zone U au PLU (PLU/GPU en vigueur à l'ingestion 2026),0.2132,0.1253,0.1036
97407000AL1664,0.07943,Parcelle de 273 m² (cadastre),Zone U au PLU (PLU/GPU en vigueur à l'ingestion 2026),"Aucune vente connue depuis au moins 12 ans (DVF arrêté au 31/12/2025, historique 2014+)",0.2132,0.1036,0.0611
97422000BP0923,0.07943,Parcelle de 271 m² (cadastre),"54 m² de SDP résiduelle (résiduel m135, PLU 2026)",Zone U au PLU (PLU/GPU en vigueur à l'ingestion 2026),0.2132,0.1134,0.1036
97409000AS0870,0.07943,Parcelle de 436 m² (cadastre),"58 m² de SDP résiduelle (résiduel m135, PLU 2026)",Zone U au PLU (PLU/GPU en vigueur à l'ingestion 2026),0.2132,0.1134,0.1036
97415000CX0533,0.07943,Parcelle de 401 m² (cadastre),Zone U au PLU (PLU/GPU en vigueur à l'ingestion 2026),Secteur densément bâti (BD TOPO 2026),0.2132,0.1036,0.0981
97411000KC0251,0.07943,Détenue depuis moins d'un an — dernière mutation connue (DVF arrêté au 31/12/2025),Piscine détectée sur la parcelle (ortho 2026),9 vente(s) à moins de 150 m en 24 mois (DVF arrêté au 31/12/2025),0.9294,0.3786,0.2532
97407000AL1406,0.07943,Parcelle de 296 m² (cadastre),"50 m² de SDP résiduelle (résiduel m135, PLU 2026)",Zone U au PLU (PLU/GPU en vigueur à l'ingestion 2026),0.2132,0.1134,0.1036
97411000AS0504,0.07943,Parcelle de 477 m² (cadastre),"Frein — Secteur à rotation faible du foncier nu (DVF arrêté au 31/12/2025, 36 mois)",Zone U au PLU (PLU/GPU en vigueur à l'ingestion 2026),0.2132,-0.1238,0.1036
97412000AM0022,0.07943,Détenue depuis moins d'un an — dernière mutation connue (DVF arrêté au 31/12/2025),9 vente(s) à moins de 150 m en 24 mois (DVF arrêté au 31/12/2025),Parcelle de 1068 m² (cadastre),0.9691,0.2532,0.1302
97410000CD0879,0.07943,"Secteur à rotation faible du foncier nu (DVF arrêté au 31/12/2025, 36 mois)",Parcelle de 500 m² (cadastre),Zone U au PLU (PLU/GPU en vigueur à l'ingestion 2026),0.2864,0.1289,0.1036
97412000BV0390,0.07943,Parcelle de 268 m² (cadastre),Zone U au PLU (PLU/GPU en vigueur à l'ingestion 2026),"Aucune vente connue depuis au moins 12 ans (DVF arrêté au 31/12/2025, historique 2014+)",0.2132,0.1036,0.0653
97411000DY0012,0.07943,"Secteur à rotation faible du foncier nu (DVF arrêté au 31/12/2025, 36 mois)",Frein — Parcelle de 988 m² (cadastre),8 vente(s) à moins de 150 m en 24 mois (DVF arrêté au 31/12/2025),0.195,-0.1218,0.1161
97409000AR2612,0.07943,Détenue depuis moins d'un an — dernière mutation connue (DVF arrêté au 31/12/2025),Zone AU au PLU (PLU/GPU en vigueur à l'ingestion 2026),Parcelle de 2555 m² (cadastre),1.2719,0.496,0.1888
97414000CV0091,0.07943,Détenue depuis moins d'un an — dernière mutation connue (DVF arrêté au 31/12/2025),Frein — Zone A au PLU (PLU/GPU en vigueur à l'ingestion 2026),Parcelle de 13124 m² (cadastre),1.6983,-0.5621,0.461
97416000HI0538,0.07943,Détenue depuis moins d'un an — dernière mutation connue (DVF arrêté au 31/12/2025),Frein — Zone A au PLU (PLU/GPU en vigueur à l'ingestion 2026),Parcelle de 31642 m² (cadastre),1.734,-0.5621,0.4437
97422000DK0383,0.07943,Parcelle de 535 m² (cadastre),Zone U au PLU (PLU/GPU en vigueur à l'ingestion 2026),Secteur densément bâti (BD TOPO 2026),0.1289,0.1036,0.0981
97413000DE2325,0.07943,Parcelle de 253 m² (cadastre),Zone U au PLU (PLU/GPU en vigueur à l'ingestion 2026),3 permis à moins de 100 m en 24 mois (Sitadel 2013→2025),0.2132,0.1036,0.0926
97411000AH0294,0.07943,5 permis à moins de 100 m en 24 mois (Sitadel 2013→2025),Parcelle de 524 m² (cadastre),"Frein — Secteur à rotation faible du foncier nu (DVF arrêté au 31/12/2025, 36 mois)",0.2623,0.1289,-0.1238
97409000AX0213,0.07943,Détenue depuis moins d'un an — dernière mutation connue (DVF arrêté au 31/12/2025),Frein — Zone A au PLU (PLU/GPU en vigueur à l'ingestion 2026),Parcelle de 13926 m² (cadastre),1.5423,-0.5621,0.461
97415000AV0361,0.07943,Détenue depuis moins d'un an — dernière mutation connue (DVF arrêté au 31/12/2025),9 vente(s) à moins de 150 m en 24 mois (DVF arrêté au 31/12/2025),Parcelle de 2336 m² (cadastre),1.2945,0.2532,0.1888
97423000AB0321,0.07943,Zone AU au PLU (PLU/GPU en vigueur à l'ingestion 2026),Piscine détectée sur la parcelle (ortho 2026),Frein — Parcelle de 3896 m² (cadastre),0.496,0.3786,-0.3473
97410000AV0647,0.07943,Frein — Le propriétaire a vendu une autre parcelle depuis 24 mois (millésimes fonciers PM 2019-2024),"Secteur à rotation faible du foncier nu (DVF arrêté au 31/12/2025, 36 mois)",6 permis à moins de 100 m en 24 mois (Sitadel 2013→2025),-0.6133,0.2864,0.2623
97406000AO0495,0.07943,Parcelle de 415 m² (cadastre),"55 m² de SDP résiduelle (résiduel m135, PLU 2026)",Zone U au PLU (PLU/GPU en vigueur à l'ingestion 2026),0.2132,0.1134,0.1036
97418000BT0758,0.07943,Parcelle de 303 m² (cadastre),"Frein — Secteur à rotation faible du foncier nu (DVF arrêté au 31/12/2025, 36 mois)",6% de ménages pauvres dans le carreau (Filosofi INSEE 2019),0.2132,-0.1238,0.1094
97403000AO0841,0.07943,Détenue depuis moins d'un an — dernière mutation connue (DVF arrêté au 31/12/2025),Piscine détectée sur la parcelle (ortho 2026),Candidat photovoltaïque (ortho 2026),0.9294,0.3786,0.1253
97416000EP0958,0.07943,Parcelle de 68 m² (cadastre),"Secteur à rotation faible du foncier nu (DVF arrêté au 31/12/2025, 36 mois)",Zone U au PLU (PLU/GPU en vigueur à l'ingestion 2026),0.1336,0.1121,0.1036
97415000AY1587,0.07943,Frein — Le propriétaire a vendu une autre parcelle depuis 24 mois (millésimes fonciers PM 2019-2024),"Secteur à rotation faible du foncier nu (DVF arrêté au 31/12/2025, 36 mois)",16 permis à moins de 100 m en 24 mois (Sitadel 2013→2025),-0.6133,0.2864,0.2623
97409000AV1191,0.07943,Parcelle de 490 m² (cadastre),Zone U au PLU (PLU/GPU en vigueur à l'ingestion 2026),"Secteur à rotation faible du foncier nu (DVF arrêté au 31/12/2025, 36 mois)",0.2132,0.1036,0.0875
97416000EV1833,0.07943,Frein — Parcelle de 977 m² (cadastre),Zone U au PLU (PLU/GPU en vigueur à l'ingestion 2026),"Zone sans droits à bâtir (résiduel m135, PLU 2026)",-0.1218,0.1036,0.1014
97414000EN3419,0.07943,Zone AU au PLU (PLU/GPU en vigueur à l'ingestion 2026),"Secteur à rotation faible du foncier nu (DVF arrêté au 31/12/2025, 36 mois)",Parcelle de 507 m² (cadastre),0.496,0.1713,0.1101
97422000BD0608,0.07943,Parcelle de 485 m² (cadastre),Zone U au PLU (PLU/GPU en vigueur à l'ingestion 2026),"130 m² de SDP résiduelle (résiduel m135, PLU 2026)",0.2132,0.1036,0.0643
97409000BI0818,0.07943,Parcelle de 588 m² (cadastre),Zone U au PLU (PLU/GPU en vigueur à l'ingestion 2026),3 permis à moins de 100 m en 24 mois (Sitadel 2013→2025),0.1289,0.1036,0.0926
97415000AY1625,0.07943,Frein — Le propriétaire a vendu une autre parcelle depuis 24 mois (millésimes fonciers PM 2019-2024),"Secteur à rotation faible du foncier nu (DVF arrêté au 31/12/2025, 36 mois)",20 permis à moins de 100 m en 24 mois (Sitadel 2013→2025),-0.6133,0.2864,0.2623
97404000AT0351,0.07943,"Secteur à rotation faible du foncier nu (DVF arrêté au 31/12/2025, 36 mois)",Parcelle de 235 m² (cadastre),Zone U au PLU (PLU/GPU en vigueur à l'ingestion 2026),0.195,0.1336,0.1036
97416000ET1952,0.07943,Frein — Le propriétaire a vendu une autre parcelle depuis 24 mois (millésimes fonciers PM 2019-2024),16 permis à moins de 100 m en 24 mois (Sitadel 2013→2025),21 vente(s) à moins de 150 m en 24 mois (DVF arrêté au 31/12/2025),-0.6133,0.2623,0.2532
97411000HZ0221,0.07943,Zone AU au PLU (PLU/GPU en vigueur à l'ingestion 2026),Parcelle de 520 m² (cadastre),"Frein — Secteur à rotation faible du foncier nu (DVF arrêté au 31/12/2025, 36 mois)",0.496,0.1289,-0.1238
97415000ET1566,0.07943,Piscine détectée sur la parcelle (ortho 2026),4 permis à moins de 100 m en 24 mois (Sitadel 2013→2025),25 vente(s) à moins de 150 m en 24 mois (DVF arrêté au 31/12/2025),0.3786,0.2623,0.2532
97415000DK1147,0.07943,Zone AU au PLU (PLU/GPU en vigueur à l'ingestion 2026),Piscine détectée sur la parcelle (ortho 2026),Secteur densément bâti (BD TOPO 2026),0.496,0.3786,0.2553
97417000AS0110,0.07943,Détenue depuis moins d'un an — dernière mutation connue (DVF arrêté au 31/12/2025),Parcelle de 73572 m² (cadastre),Frein — Zone inconnu au PLU (PLU/GPU en vigueur à l'ingestion 2026),1.6241,0.461,-0.1636
97415000CT1663,0.07943,Parcelle de 395 m² (cadastre),"Secteur à rotation faible du foncier nu (DVF arrêté au 31/12/2025, 36 mois)",Zone U au PLU (PLU/GPU en vigueur à l'ingestion 2026),0.2132,0.1121,0.1036
97411000EZ0061,0.07943,Détenue depuis moins d'un an — dernière mutation connue (DVF arrêté au 31/12/2025),Parcelle de 1544 m² (cadastre),Zone U au PLU (PLU/GPU en vigueur à l'ingestion 2026),1.4907,0.1888,0.1036
97411000DZ0051,0.07943,7 vente(s) à moins de 150 m en 24 mois (DVF arrêté au 31/12/2025),"51 m² de SDP résiduelle (résiduel m135, PLU 2026)",6% de ménages pauvres dans le carreau (Filosofi INSEE 2019),0.1161,0.1134,0.1094
97415000AX0066,0.07943,Frein — Parcelle de 5655 m² (cadastre),Piscine détectée sur la parcelle (ortho 2026),6 permis à moins de 100 m en 24 mois (Sitadel 2013→2025),-0.4529,0.3786,0.2623
97415000DK1032,0.07943,Zone AU au PLU (PLU/GPU en vigueur à l'ingestion 2026),Frein — Détenue depuis 3 à 5 ans — dernière mutation connue (DVF arrêté au 31/12/2025),Piscine détectée sur la parcelle (ortho 2026),0.496,-0.4283,0.3786
97408000BL0014,0.07943,Parcelle de 434 m² (cadastre),"Frein — Secteur à rotation faible du foncier nu (DVF arrêté au 31/12/2025, 36 mois)",Zone U au PLU (PLU/GPU en vigueur à l'ingestion 2026),0.2132,-0.1238,0.1036
97414000HA0270,0.07943,4 permis à moins de 100 m en 24 mois (Sitadel 2013→2025),Parcelle de 356 m² (cadastre),Zone U au PLU (PLU/GPU en vigueur à l'ingestion 2026),0.2623,0.2132,0.1036
97417000AI0035,0.07943,Détenue depuis moins d'un an — dernière mutation connue (DVF arrêté au 31/12/2025),Parcelle de 22757 m² (cadastre),Secteur densément bâti (BD TOPO 2026),1.5473,0.4437,0.2553
97411000AE0524,0.07943,Frein — Le propriétaire a vendu une autre parcelle depuis 24 mois (millésimes fonciers PM 2019-2024),6 permis à moins de 100 m en 24 mois (Sitadel 2013→2025),13 vente(s) à moins de 150 m en 24 mois (DVF arrêté au 31/12/2025),-0.6133,0.2623,0.2532
97412000BT0900,0.07943,Parcelle de 323 m² (cadastre),Zone U au PLU (PLU/GPU en vigueur à l'ingestion 2026),3 permis à moins de 100 m en 24 mois (Sitadel 2013→2025),0.2132,0.1036,0.0926
97415000AZ1993,0.07943,Parcelle de 331 m² (cadastre),"59 m² de SDP résiduelle (résiduel m135, PLU 2026)",Zone U au PLU (PLU/GPU en vigueur à l'ingestion 2026),0.2132,0.1134,0.1036
97414000HC0386,0.07943,Parcelle de 267 m² (cadastre),Zone U au PLU (PLU/GPU en vigueur à l'ingestion 2026),5 vente(s) à moins de 150 m en 24 mois (DVF arrêté au 31/12/2025),0.2132,0.1036,0.068
97415000DK1149,0.07943,Zone AU au PLU (PLU/GPU en vigueur à l'ingestion 2026),Frein — Détenue depuis 2 à 3 ans — dernière mutation connue (DVF arrêté au 31/12/2025),6 permis à moins de 100 m en 24 mois (Sitadel 2013→2025),0.496,-0.4161,0.2623
97407000AS0351,0.07943,Détenue depuis moins d'un an — dernière mutation connue (DVF arrêté au 31/12/2025),Parcelle de 7937 m² (cadastre),Candidat photovoltaïque (ortho 2026),1.3985,0.2407,0.1253
97418000AP4378,0.07943,Parcelle de 244 m² (cadastre),"29 m² de SDP résiduelle (résiduel m135, PLU 2026)",Zone U au PLU (PLU/GPU en vigueur à l'ingestion 2026),0.2132,0.1134,0.1036
97415000CM1908,0.07943,Parcelle de 480 m² (cadastre),Zone U au PLU (PLU/GPU en vigueur à l'ingestion 2026),3 permis à moins de 100 m en 24 mois (Sitadel 2013→2025),0.2132,0.1036,0.0926
97412000BW0952,0.07943,4 permis à moins de 100 m en 24 mois (Sitadel 2013→2025),Frein — Parcelle de 826 m² (cadastre),8 vente(s) à moins de 150 m en 24 mois (DVF arrêté au 31/12/2025),0.2623,-0.1218,0.1161
97421000AD0037,0.07943,Détenue depuis moins d'un an — dernière mutation connue (DVF arrêté au 31/12/2025),Frein — Zone N au PLU (PLU/GPU en vigueur à l'ingestion 2026),Parcelle de 91645 m² (cadastre),1.7203,-0.5326,0.461
97415000EZ0274,0.07943,Détenue depuis moins d'un an — dernière mutation connue (DVF arrêté au 31/12/2025),Parcelle de 3954 m² (cadastre),Frein — nan% de ménages pauvres dans le carreau (Filosofi INSEE 2019),1.4907,0.1888,-0.136
97415000DK1037,0.07943,Zone AU au PLU (PLU/GPU en vigueur à l'ingestion 2026),Piscine détectée sur la parcelle (ortho 2026),4 permis à moins de 100 m en 24 mois (Sitadel 2013→2025),0.496,0.3786,0.2623
97416000EI0270,0.07943,Détenue depuis moins d'un an — dernière mutation connue (DVF arrêté au 31/12/2025),Piscine détectée sur la parcelle (ortho 2026),4 permis à moins de 100 m en 24 mois (Sitadel 2013→2025),0.9656,0.3786,0.2623
97408000AC2361,0.07943,Détenue depuis moins d'un an — dernière mutation connue (DVF arrêté au 31/12/2025),Parcelle de 1549 m² (cadastre),5% de ménages pauvres dans le carreau (Filosofi INSEE 2019),1.0852,0.1888,0.1094
97422000BW3164,0.07943,Détenue depuis moins d'un an — dernière mutation connue (DVF arrêté au 31/12/2025),Parcelle de 2021 m² (cadastre),Zone U au PLU (PLU/GPU en vigueur à l'ingestion 2026),1.3397,0.186,0.1036
97416000DZ0244,0.07943,Détenue depuis moins d'un an — dernière mutation connue (DVF arrêté au 31/12/2025),Frein — Zone A au PLU (PLU/GPU en vigueur à l'ingestion 2026),Parcelle de 14982 m² (cadastre),1.8696,-0.5621,0.461
97412000BD0351,0.07943,Parcelle de 357 m² (cadastre),"Frein — Secteur à rotation faible du foncier nu (DVF arrêté au 31/12/2025, 36 mois)",Zone U au PLU (PLU/GPU en vigueur à l'ingestion 2026),0.2132,-0.1238,0.1036
97407000BE0031,0.07943,Frein — Le propriétaire a vendu une autre parcelle depuis 24 mois (millésimes fonciers PM 2019-2024),4 permis à moins de 100 m en 24 mois (Sitadel 2013→2025),"Frein — Secteur à rotation faible du foncier nu (DVF arrêté au 31/12/2025, 36 mois)",-0.6133,0.2623,-0.2583
97405000AK1140,0.07943,10 vente(s) à moins de 150 m en 24 mois (DVF arrêté au 31/12/2025),"Secteur à rotation faible du foncier nu (DVF arrêté au 31/12/2025, 36 mois)",Zone U au PLU (PLU/GPU en vigueur à l'ingestion 2026),0.2532,0.1121,0.1036
97418000AR2584,0.07943,Parcelle de 34 m² (cadastre),Zone U au PLU (PLU/GPU en vigueur à l'ingestion 2026),3 permis à moins de 100 m en 24 mois (Sitadel 2013→2025),0.1894,0.1036,0.0926
97420000BE0175,0.07943,6 permis à moins de 100 m en 24 mois (Sitadel 2013→2025),8 vente(s) à moins de 150 m en 24 mois (DVF arrêté au 31/12/2025),Parcelle de 603 m² (cadastre),0.2623,0.1161,0.1101
97414000DN0087,0.07943,Détenue depuis moins d'un an — dernière mutation connue (DVF arrêté au 31/12/2025),4 permis à moins de 100 m en 24 mois (Sitadel 2013→2025),Parcelle de 2415 m² (cadastre),1.2412,0.2623,0.186
97409000AR2761,0.07943,Détenue depuis moins d'un an — dernière mutation connue (DVF arrêté au 31/12/2025),5 permis à moins de 100 m en 24 mois (Sitadel 2013→2025),Parcelle de 2067 m² (cadastre),1.2719,0.2623,0.1888
97401000AP1294,0.07943,Parcelle de 411 m² (cadastre),"63 m² de SDP résiduelle (résiduel m135, PLU 2026)",Zone U au PLU (PLU/GPU en vigueur à l'ingestion 2026),0.2132,0.1134,0.1036
97407000AH0232,0.07943,Parcelle de 237 m² (cadastre),7 vente(s) à moins de 150 m en 24 mois (DVF arrêté au 31/12/2025),Zone U au PLU (PLU/GPU en vigueur à l'ingestion 2026),0.2132,0.1161,0.1036
97416000HP0798,0.07943,Parcelle de 215 m² (cadastre),"44 m² de SDP résiduelle (résiduel m135, PLU 2026)",Zone U au PLU (PLU/GPU en vigueur à l'ingestion 2026),0.1336,0.1134,0.1036
97418000AV2015,0.07943,Parcelle de 378 m² (cadastre),"32 m² de SDP résiduelle (résiduel m135, PLU 2026)",Zone U au PLU (PLU/GPU en vigueur à l'ingestion 2026),0.2132,0.1134,0.1036
97411000BK0230,0.07943,Détenue depuis moins d'un an — dernière mutation connue (DVF arrêté au 31/12/2025),12 vente(s) à moins de 150 m en 24 mois (DVF arrêté au 31/12/2025),"67 m² de SDP résiduelle (résiduel m135, PLU 2026)",1.1256,0.2532,0.1134
97415000DN0347,0.07943,Parcelle de 376 m² (cadastre),"Secteur à rotation faible du foncier nu (DVF arrêté au 31/12/2025, 36 mois)",Zone U au PLU (PLU/GPU en vigueur à l'ingestion 2026),0.2132,0.1121,0.1036
97405000AK1006,0.07943,4 permis à moins de 100 m en 24 mois (Sitadel 2013→2025),Parcelle de 205 m² (cadastre),"Secteur à rotation faible du foncier nu (DVF arrêté au 31/12/2025, 36 mois)",0.2623,0.1336,0.1121
97411000AS0156,0.07943,Parcelle de 446 m² (cadastre),"Frein — Secteur à rotation faible du foncier nu (DVF arrêté au 31/12/2025, 36 mois)",Zone U au PLU (PLU/GPU en vigueur à l'ingestion 2026),0.2132,-0.1238,0.1036
97409000AK0964,0.07943,Parcelle de 410 m² (cadastre),Zone U au PLU (PLU/GPU en vigueur à l'ingestion 2026),8% de ménages pauvres dans le carreau (Filosofi INSEE 2019),0.2132,0.1036,0.0704
97408000BN3751,0.07943,Zone AU au PLU (PLU/GPU en vigueur à l'ingestion 2026),Parcelle de 198 m² (cadastre),"Frein — Secteur à rotation faible du foncier nu (DVF arrêté au 31/12/2025, 36 mois)",0.496,0.1336,-0.1238
97418000AS0199,0.07943,"Secteur à rotation faible du foncier nu (DVF arrêté au 31/12/2025, 36 mois)",Zone U au PLU (PLU/GPU en vigueur à l'ingestion 2026),6 vente(s) à moins de 150 m en 24 mois (DVF arrêté au 31/12/2025),0.195,0.1036,0.0781
97412000AO0912,0.07943,"Secteur à rotation faible du foncier nu (DVF arrêté au 31/12/2025, 36 mois)",Zone U au PLU (PLU/GPU en vigueur à l'ingestion 2026),"Aucune vente connue depuis au moins 12 ans (DVF arrêté au 31/12/2025, historique 2014+)",0.2864,0.1036,0.0656
97411000HH0199,0.07943,4 permis à moins de 100 m en 24 mois (Sitadel 2013→2025),Zone U au PLU (PLU/GPU en vigueur à l'ingestion 2026),"Secteur à rotation faible du bâti (DVF arrêté au 31/12/2025, 36 mois)",0.2623,0.1036,0.0536
97416000ES0922,0.07943,Détenue depuis moins d'un an — dernière mutation connue (DVF arrêté au 31/12/2025),Piscine détectée sur la parcelle (ortho 2026),9 vente(s) à moins de 150 m en 24 mois (DVF arrêté au 31/12/2025),0.9068,0.3786,0.2532
97415000BW2113,0.07943,"Secteur à rotation faible du foncier nu (DVF arrêté au 31/12/2025, 36 mois)",Parcelle de 539 m² (cadastre),Zone U au PLU (PLU/GPU en vigueur à l'ingestion 2026),0.195,0.1289,0.1036
97407000BM0010,0.07943,Détenue depuis 5 à 8 ans — dernière mutation connue (DVF arrêté au 31/12/2025),Zone AU au PLU (PLU/GPU en vigueur à l'ingestion 2026),Piscine détectée sur la parcelle (ortho 2026),0.8511,0.496,0.3786
97417000AI0033,0.07943,Détenue depuis moins d'un an — dernière mutation connue (DVF arrêté au 31/12/2025),Parcelle de 13787 m² (cadastre),Secteur densément bâti (BD TOPO 2026),1.6241,0.461,0.2553
97416000ET1392,0.07943,Parcelle de 472 m² (cadastre),"Secteur à rotation faible du foncier nu (DVF arrêté au 31/12/2025, 36 mois)",Zone U au PLU (PLU/GPU en vigueur à l'ingestion 2026),0.2132,0.195,0.1036
97412000CK0879,0.07943,Parcelle de 444 m² (cadastre),Zone U au PLU (PLU/GPU en vigueur à l'ingestion 2026),Secteur densément bâti (BD TOPO 2026),0.2132,0.1036,0.0981
97413000CX1786,0.07943,Parcelle de 406 m² (cadastre),Zone U au PLU (PLU/GPU en vigueur à l'ingestion 2026),3 permis à moins de 100 m en 24 mois (Sitadel 2013→2025),0.2132,0.1036,0.0926
97422000AL1344,0.07943,Parcelle de 424 m² (cadastre),Zone U au PLU (PLU/GPU en vigueur à l'ingestion 2026),Secteur densément bâti (BD TOPO 2026),0.2132,0.1036,0.0981
97409000AO0406,0.07943,Détenue depuis moins d'un an — dernière mutation connue (DVF arrêté au 31/12/2025),Parcelle de 1812 m² (cadastre),Candidat photovoltaïque (ortho 2026),1.4907,0.1888,0.1253
97404000AL1321,0.07943,Détenue depuis 1 à 2 ans — dernière mutation connue (DVF arrêté au 31/12/2025),Zone AU au PLU (PLU/GPU en vigueur à l'ingestion 2026),Piscine détectée sur la parcelle (ortho 2026),0.5956,0.496,0.3786
97412000CP0393,0.07943,Parcelle de 612 m² (cadastre),Zone U au PLU (PLU/GPU en vigueur à l'ingestion 2026),Secteur densément bâti (BD TOPO 2026),0.1289,0.1036,0.0981
97411000IH0537,0.07943,Parcelle de 541 m² (cadastre),Zone U au PLU (PLU/GPU en vigueur à l'ingestion 2026),"Aucune vente connue depuis au moins 12 ans (DVF arrêté au 31/12/2025, historique 2014+)",0.1289,0.1036,0.0554
97422000ED0248,0.07943,Parcelle de 420 m² (cadastre),Zone U au PLU (PLU/GPU en vigueur à l'ingestion 2026),"Frein — Secteur à rotation faible du foncier nu (DVF arrêté au 31/12/2025, 36 mois)",0.2132,0.1036,-0.0794
97415000CX0216,0.07943,Détenue depuis moins d'un an — dernière mutation connue (DVF arrêté au 31/12/2025),Frein — Zone N au PLU (PLU/GPU en vigueur à l'ingestion 2026),Parcelle de 20004 m² (cadastre),1.7203,-0.5326,0.461
97416000DO0059,0.07943,"Frein — Secteur à rotation faible du foncier nu (DVF arrêté au 31/12/2025, 36 mois)",Parcelle de 554 m² (cadastre),Candidat photovoltaïque (ortho 2026),-0.2583,0.1289,0.1253
97415000CT2243,0.07943,Parcelle de 1 m² (cadastre),"Secteur à rotation faible du foncier nu (DVF arrêté au 31/12/2025, 36 mois)",Zone U au PLU (PLU/GPU en vigueur à l'ingestion 2026),0.1894,0.1121,0.1036
97414000EM1039,0.07943,6 permis à moins de 100 m en 24 mois (Sitadel 2013→2025),Parcelle de 206 m² (cadastre),Zone U au PLU (PLU/GPU en vigueur à l'ingestion 2026),0.2623,0.1336,0.1036
97412000AX1060,0.07943,Parcelle de 397 m² (cadastre),Zone U au PLU (PLU/GPU en vigueur à l'ingestion 2026),6 vente(s) à moins de 150 m en 24 mois (DVF arrêté au 31/12/2025),0.2132,0.1036,0.0781
97404000AR0487,0.07943,Détenue depuis moins d'un an — dernière mutation connue (DVF arrêté au 31/12/2025),Parcelle de 5004 m² (cadastre),Zone U au PLU (PLU/GPU en vigueur à l'ingestion 2026),1.2731,0.2462,0.1036
97411000CX1863,0.07943,5 permis à moins de 100 m en 24 mois (Sitadel 2013→2025),Parcelle de 293 m² (cadastre),Zone U au PLU (PLU/GPU en vigueur à l'ingestion 2026),0.2623,0.2132,0.1036
97416000EP1007,0.07943,5 permis à moins de 100 m en 24 mois (Sitadel 2013→2025),Frein — Parcelle de 855 m² (cadastre),"Secteur à rotation faible du foncier nu (DVF arrêté au 31/12/2025, 36 mois)",0.2623,-0.1218,0.1121
97416000HP0860,0.07943,Parcelle de 339 m² (cadastre),Zone U au PLU (PLU/GPU en vigueur à l'ingestion 2026),3 permis à moins de 100 m en 24 mois (Sitadel 2013→2025),0.2132,0.1036,0.0926
97409000BP0365,0.07943,Parcelle de 449 m² (cadastre),Zone U au PLU (PLU/GPU en vigueur à l'ingestion 2026),"Terrain du secteur à 3 €/m² (DVF arrêté au 31/12/2025, 36 mois)",0.2132,0.1036,0.071
97411000CD0599,0.07943,Parcelle de 274 m² (cadastre),"Frein — Secteur à rotation faible du foncier nu (DVF arrêté au 31/12/2025, 36 mois)","45 m² de SDP résiduelle (résiduel m135, PLU 2026)",0.2132,-0.1238,0.1134
97416000EL0581,0.07943,Parcelle de 292 m² (cadastre),Zone U au PLU (PLU/GPU en vigueur à l'ingestion 2026),"Frein — Secteur à rotation faible du foncier nu (DVF arrêté au 31/12/2025, 36 mois)",0.2132,0.1036,-0.0794
97415000AB0450,0.07943,Détenue depuis moins d'un an — dernière mutation connue (DVF arrêté au 31/12/2025),Zone AU au PLU (PLU/GPU en vigueur à l'ingestion 2026),Parcelle de 1453 m² (cadastre),1.0852,0.496,0.1888
97406000AT0372,0.07943,Parcelle de 498 m² (cadastre),Zone U au PLU (PLU/GPU en vigueur à l'ingestion 2026),"Secteur à rotation faible du foncier nu (DVF arrêté au 31/12/2025, 36 mois)",0.1289,0.1036,0.0875
97416000HK0078,0.07943,Détenue depuis moins d'un an — dernière mutation connue (DVF arrêté au 31/12/2025),Frein — Zone N au PLU (PLU/GPU en vigueur à l'ingestion 2026),Parcelle de 69499 m² (cadastre),1.6983,-0.5326,0.461
97416000IB0676,0.07943,Parcelle de 326 m² (cadastre),7 vente(s) à moins de 150 m en 24 mois (DVF arrêté au 31/12/2025),Zone U au PLU (PLU/GPU en vigueur à l'ingestion 2026),0.2132,0.1161,0.1036
97409000BM1405,0.07943,Parcelle de 415 m² (cadastre),Zone U au PLU (PLU/GPU en vigueur à l'ingestion 2026),"Frein — Secteur à rotation faible du foncier nu (DVF arrêté au 31/12/2025, 36 mois)",0.2132,0.1036,-0.0794
97414000CO1450,0.07943,5 permis à moins de 100 m en 24 mois (Sitadel 2013→2025),Parcelle de 511 m² (cadastre),Zone U au PLU (PLU/GPU en vigueur à l'ingestion 2026),0.2623,0.1289,0.1036
97405000AR1669,0.07943,"Secteur à rotation faible du foncier nu (DVF arrêté au 31/12/2025, 36 mois)",Parcelle de 7 m² (cadastre),Zone U au PLU (PLU/GPU en vigueur à l'ingestion 2026),0.1713,0.1617,0.1036
97407000AL0696,0.07943,4 permis à moins de 100 m en 24 mois (Sitadel 2013→2025),Parcelle de 545 m² (cadastre),Zone U au PLU (PLU/GPU en vigueur à l'ingestion 2026),0.2623,0.1289,0.1036
97410000AY0494,0.07943,Secteur densément bâti (BD TOPO 2026),Frein — 0 vente(s) à moins de 150 m en 24 mois (DVF arrêté au 31/12/2025),Parcelle de 483 m² (cadastre),0.2553,-0.2221,0.2132
97416000ET1571,0.07943,"Secteur à rotation faible du foncier nu (DVF arrêté au 31/12/2025, 36 mois)",Parcelle de 509 m² (cadastre),Zone U au PLU (PLU/GPU en vigueur à l'ingestion 2026),0.195,0.1289,0.1036
97402000AD0583,0.07943,"Secteur à rotation faible du foncier nu (DVF arrêté au 31/12/2025, 36 mois)",Parcelle de 591 m² (cadastre),Zone U au PLU (PLU/GPU en vigueur à l'ingestion 2026),0.2864,0.1289,0.1036
97422000CP0498,0.07943,Détenue depuis moins d'un an — dernière mutation connue (DVF arrêté au 31/12/2025),Frein — Zone A au PLU (PLU/GPU en vigueur à l'ingestion 2026),Parcelle de 44402 m² (cadastre),1.8108,-0.5621,0.461
97413000CX2351,0.07943,Parcelle de 496 m² (cadastre),Zone U au PLU (PLU/GPU en vigueur à l'ingestion 2026),"Secteur à rotation faible du foncier nu (DVF arrêté au 31/12/2025, 36 mois)",0.1289,0.1036,0.0875
97416000EL0070,0.07943,Parcelle de 392 m² (cadastre),Zone U au PLU (PLU/GPU en vigueur à l'ingestion 2026),3 permis à moins de 100 m en 24 mois (Sitadel 2013→2025),0.2132,0.1036,0.0926
97416000CX0623,0.07943,5 permis à moins de 100 m en 24 mois (Sitadel 2013→2025),8 vente(s) à moins de 150 m en 24 mois (DVF arrêté au 31/12/2025),Zone U au PLU (PLU/GPU en vigueur à l'ingestion 2026),0.2623,0.1161,0.1036
97415000CY1177,0.07943,Détenue depuis moins d'un an — dernière mutation connue (DVF arrêté au 31/12/2025),Piscine détectée sur la parcelle (ortho 2026),Parcelle de 2218 m² (cadastre),1.1814,0.3786,0.1888
97414000EZ0228,0.07943,Détenue depuis moins d'un an — dernière mutation connue (DVF arrêté au 31/12/2025),Piscine détectée sur la parcelle (ortho 2026),Parcelle de 1013 m² (cadastre),1.1784,0.3786,0.1302
97416000ET2116,0.07943,Frein — Le propriétaire a vendu une autre parcelle depuis 24 mois (millésimes fonciers PM 2019-2024),18 permis à moins de 100 m en 24 mois (Sitadel 2013→2025),24 vente(s) à moins de 150 m en 24 mois (DVF arrêté au 31/12/2025),-0.6133,0.2623,0.2532
97422000CH0778,0.07943,Détenue depuis moins d'un an — dernière mutation connue (DVF arrêté au 31/12/2025),10 vente(s) à moins de 150 m en 24 mois (DVF arrêté au 31/12/2025),Parcelle de 1301 m² (cadastre),1.2448,0.2532,0.1888
97415000AT0712,0.07943,Parcelle de 598 m² (cadastre),0% de ménages pauvres dans le carreau (Filosofi INSEE 2019),Zone U au PLU (PLU/GPU en vigueur à l'ingestion 2026),0.1289,0.1094,0.1036
97420000AZ0588,0.07943,Parcelle de 464 m² (cadastre),Zone U au PLU (PLU/GPU en vigueur à l'ingestion 2026),"107 m² de SDP résiduelle (résiduel m135, PLU 2026)",0.2132,0.1036,0.0643
97415000AZ1955,0.07943,Parcelle de 308 m² (cadastre),"72 m² de SDP résiduelle (résiduel m135, PLU 2026)",Zone U au PLU (PLU/GPU en vigueur à l'ingestion 2026),0.2132,0.1134,0.1036
97401000AS1489,0.07943,Parcelle de 575 m² (cadastre),Zone U au PLU (PLU/GPU en vigueur à l'ingestion 2026),Frein — Secteur densément bâti (BD TOPO 2026),0.1289,0.1036,-0.0955
97411000CX1865,0.07943,5 permis à moins de 100 m en 24 mois (Sitadel 2013→2025),Parcelle de 385 m² (cadastre),Zone U au PLU (PLU/GPU en vigueur à l'ingestion 2026),0.2623,0.2132,0.1036
97403000AH0125,0.07943,Détenue depuis moins d'un an — dernière mutation connue (DVF arrêté au 31/12/2025),Frein — Zone N au PLU (PLU/GPU en vigueur à l'ingestion 2026),Parcelle de 78030 m² (cadastre),1.8108,-0.5326,0.461
97411000EL0153,0.07943,Détenue depuis moins d'un an — dernière mutation connue (DVF arrêté au 31/12/2025),Piscine détectée sur la parcelle (ortho 2026),Parcelle de 1035 m² (cadastre),1.0433,0.3786,0.1302
97415000CY0449,0.07943,Détenue depuis moins d'un an — dernière mutation connue (DVF arrêté au 31/12/2025),Piscine détectée sur la parcelle (ortho 2026),Parcelle de 1250 m² (cadastre),1.1814,0.3786,0.1888
97404000AS0081,0.07943,Détenue depuis moins d'un an — dernière mutation connue (DVF arrêté au 31/12/2025),Zone AU au PLU (PLU/GPU en vigueur à l'ingestion 2026),13 vente(s) à moins de 150 m en 24 mois (DVF arrêté au 31/12/2025),1.0034,0.496,0.2532
97415000CT2295,0.07943,5 permis à moins de 100 m en 24 mois (Sitadel 2013→2025),"Secteur à rotation faible du foncier nu (DVF arrêté au 31/12/2025, 36 mois)",Zone U au PLU (PLU/GPU en vigueur à l'ingestion 2026),0.2623,0.1121,0.1036
97415000EZ0168,0.07943,"Frein — Secteur à rotation faible du foncier nu (DVF arrêté au 31/12/2025, 36 mois)",Parcelle de 424 m² (cadastre),0% de ménages pauvres dans le carreau (Filosofi INSEE 2019),-0.2583,0.2132,0.1094
97413000CX2824,0.07943,Parcelle de 129 m² (cadastre),Zone U au PLU (PLU/GPU en vigueur à l'ingestion 2026),"Secteur à rotation faible du foncier nu (DVF arrêté au 31/12/2025, 36 mois)",0.1336,0.1036,0.0875
97416000HX1347,0.07943,Détenue depuis moins d'un an — dernière mutation connue (DVF arrêté au 31/12/2025),Parcelle de 1494 m² (cadastre),7 vente(s) à moins de 150 m en 24 mois (DVF arrêté au 31/12/2025),1.3307,0.1888,0.1161
97416000HP0678,0.07943,Parcelle de 244 m² (cadastre),Zone U au PLU (PLU/GPU en vigueur à l'ingestion 2026),3 permis à moins de 100 m en 24 mois (Sitadel 2013→2025),0.2132,0.1036,0.0926
97422000AN0057,0.07943,Détenue depuis moins d'un an — dernière mutation connue (DVF arrêté au 31/12/2025),Frein — Zone A au PLU (PLU/GPU en vigueur à l'ingestion 2026),Parcelle de 15521 m² (cadastre),1.8696,-0.5621,0.461
97422000BE2972,0.07943,Parcelle de 471 m² (cadastre),Zone U au PLU (PLU/GPU en vigueur à l'ingestion 2026),"Frein — Secteur à rotation faible du foncier nu (DVF arrêté au 31/12/2025, 36 mois)",0.2132,0.1036,-0.0794
97408000AC3547,0.07943,Détenue depuis moins d'un an — dernière mutation connue (DVF arrêté au 31/12/2025),Frein — Zone N au PLU (PLU/GPU en vigueur à l'ingestion 2026),Parcelle de 30354 m² (cadastre),1.6241,-0.5326,0.461
97421000BL0065,0.07943,Détenue depuis moins d'un an — dernière mutation connue (DVF arrêté au 31/12/2025),Frein — Zone N au PLU (PLU/GPU en vigueur à l'ingestion 2026),Parcelle de 47333 m² (cadastre),1.8108,-0.5326,0.461
97413000AV0411,0.07943,7 vente(s) à moins de 150 m en 24 mois (DVF arrêté au 31/12/2025),"Secteur à rotation faible du foncier nu (DVF arrêté au 31/12/2025, 36 mois)",Zone U au PLU (PLU/GPU en vigueur à l'ingestion 2026),0.1161,0.1121,0.1036
97422000BS0413,0.07943,Détenue depuis moins d'un an — dernière mutation connue (DVF arrêté au 31/12/2025),Frein — Zone A au PLU (PLU/GPU en vigueur à l'ingestion 2026),Parcelle de 159543 m² (cadastre),1.734,-0.5621,0.4437
97411000CE1266,0.07943,Détenue depuis moins d'un an — dernière mutation connue (DVF arrêté au 31/12/2025),Frein — Zone N au PLU (PLU/GPU en vigueur à l'ingestion 2026),Parcelle de 101985 m² (cadastre),1.8108,-0.5326,0.461
97401000AI1209,0.07943,Parcelle de 444 m² (cadastre),Zone U au PLU (PLU/GPU en vigueur à l'ingestion 2026),"Secteur à rotation faible du foncier nu (DVF arrêté au 31/12/2025, 36 mois)",0.2132,0.1036,0.0875
97422000BX1123,0.07943,Parcelle de 123 m² (cadastre),"38 m² de SDP résiduelle (résiduel m135, PLU 2026)",Zone U au PLU (PLU/GPU en vigueur à l'ingestion 2026),0.1336,0.1134,0.1036
97405000AO0557,0.07943,Parcelle de 221 m² (cadastre),Zone U au PLU (PLU/GPU en vigueur à l'ingestion 2026),37% de parcelles bâties dans le secteur (BD TOPO 2026),0.1336,0.1036,0.0872
97416000EY0987,0.07943,Parcelle de 584 m² (cadastre),Zone U au PLU (PLU/GPU en vigueur à l'ingestion 2026),"Terrain du secteur à 3 €/m² (DVF arrêté au 31/12/2025, 36 mois)",0.1289,0.1036,0.071
97408000AM0572,0.07943,Détenue depuis moins d'un an — dernière mutation connue (DVF arrêté au 31/12/2025),Parcelle de 4615 m² (cadastre),7 vente(s) à moins de 150 m en 24 mois (DVF arrêté au 31/12/2025),1.3855,0.2462,0.1161
97411000IC0451,0.07943,Parcelle de 204 m² (cadastre),Zone U au PLU (PLU/GPU en vigueur à l'ingestion 2026),Frein — Secteur densément bâti (BD TOPO 2026),0.1336,0.1036,-0.0955
97414000EK0627,0.07943,Parcelle de 551 m² (cadastre),6% de ménages pauvres dans le carreau (Filosofi INSEE 2019),Zone U au PLU (PLU/GPU en vigueur à l'ingestion 2026),0.1289,0.1094,0.1036
97412000BW0837,0.07943,Candidat photovoltaïque (ortho 2026),7 vente(s) à moins de 150 m en 24 mois (DVF arrêté au 31/12/2025),Zone U au PLU (PLU/GPU en vigueur à l'ingestion 2026),0.1253,0.1161,0.1036
97411000DY0128,0.07943,Piscine détectée sur la parcelle (ortho 2026),Détenue depuis 5 à 8 ans — dernière mutation connue (DVF arrêté au 31/12/2025),5 permis à moins de 100 m en 24 mois (Sitadel 2013→2025),0.3786,0.321,0.2623
97412000CE1307,0.07943,Détenue depuis moins d'un an — dernière mutation connue (DVF arrêté au 31/12/2025),Frein — Zone A au PLU (PLU/GPU en vigueur à l'ingestion 2026),Parcelle de 12956 m² (cadastre),1.7203,-0.5621,0.461
97416000EX1895,0.07943,Détenue depuis moins d'un an — dernière mutation connue (DVF arrêté au 31/12/2025),5 permis à moins de 100 m en 24 mois (Sitadel 2013→2025),12 vente(s) à moins de 150 m en 24 mois (DVF arrêté au 31/12/2025),1.0433,0.2623,0.2532
97415000BW0724,0.07943,"Secteur à rotation faible du foncier nu (DVF arrêté au 31/12/2025, 36 mois)",Zone U au PLU (PLU/GPU en vigueur à l'ingestion 2026),Secteur densément bâti (BD TOPO 2026),0.195,0.1036,0.0981
97422000DH0554,0.07943,Détenue depuis moins d'un an — dernière mutation connue (DVF arrêté au 31/12/2025),Frein — Zone A au PLU (PLU/GPU en vigueur à l'ingestion 2026),Parcelle de 31250 m² (cadastre),1.8108,-0.5621,0.461
97416000ET2164,0.07943,Frein — Le propriétaire a vendu une autre parcelle depuis 24 mois (millésimes fonciers PM 2019-2024),10 permis à moins de 100 m en 24 mois (Sitadel 2013→2025),9 vente(s) à moins de 150 m en 24 mois (DVF arrêté au 31/12/2025),-0.6133,0.2623,0.2532
97416000CS0642,0.07943,"Secteur à rotation faible du foncier nu (DVF arrêté au 31/12/2025, 36 mois)",Frein — nan% de ménages pauvres dans le carreau (Filosofi INSEE 2019),Zone U au PLU (PLU/GPU en vigueur à l'ingestion 2026),0.2864,-0.136,0.1036
97414000EM1037,0.07943,6 permis à moins de 100 m en 24 mois (Sitadel 2013→2025),Parcelle de 181 m² (cadastre),"54 m² de SDP résiduelle (résiduel m135, PLU 2026)",0.2623,0.1336,0.1134
97416000IA1390,0.07943,Parcelle de 480 m² (cadastre),Zone U au PLU (PLU/GPU en vigueur à l'ingestion 2026),"Aucune vente connue depuis au moins 12 ans (DVF arrêté au 31/12/2025, historique 2014+)",0.2132,0.1036,0.063
97415000AD0422,0.07943,Parcelle de 411 m² (cadastre),Zone U au PLU (PLU/GPU en vigueur à l'ingestion 2026),Secteur densément bâti (BD TOPO 2026),0.2132,0.1036,0.0981
97403000AH0126,0.07943,Détenue depuis moins d'un an — dernière mutation connue (DVF arrêté au 31/12/2025),Frein — Zone N au PLU (PLU/GPU en vigueur à l'ingestion 2026),Parcelle de 66178 m² (cadastre),1.8108,-0.5326,0.461
97411000ET0058,0.07943,Détenue depuis moins d'un an — dernière mutation connue (DVF arrêté au 31/12/2025),Frein — Le propriétaire a vendu une autre parcelle depuis 24 mois (millésimes fonciers PM 2019-2024),Piscine détectée sur la parcelle (ortho 2026),1.3704,-0.6133,0.3786
97404000AD1361,0.07943,Parcelle de 383 m² (cadastre),Zone U au PLU (PLU/GPU en vigueur à l'ingestion 2026),"Aucune vente connue depuis au moins 12 ans (DVF arrêté au 31/12/2025, historique 2014+)",0.2132,0.1036,0.063
97409000AR2595,0.07943,Parcelle de 260 m² (cadastre),"38 m² de SDP résiduelle (résiduel m135, PLU 2026)",Zone U au PLU (PLU/GPU en vigueur à l'ingestion 2026),0.2132,0.1134,0.1036
97408000AP1242,0.07943,Zone AU au PLU (PLU/GPU en vigueur à l'ingestion 2026),Frein — Parcelle de 7903 m² (cadastre),"Secteur à rotation faible du foncier nu (DVF arrêté au 31/12/2025, 36 mois)",0.496,-0.4529,0.2864
97412000CE2005,0.07943,Piscine détectée sur la parcelle (ortho 2026),Frein — Parcelle de 1354 m² (cadastre),Zone U au PLU (PLU/GPU en vigueur à l'ingestion 2026),0.3786,-0.3473,0.1036
97415000HK0086,0.07943,Détenue depuis moins d'un an — dernière mutation connue (DVF arrêté au 31/12/2025),Piscine détectée sur la parcelle (ortho 2026),Parcelle de 1687 m² (cadastre),1.3307,0.3786,0.1888
97414000EL2067,0.07943,4 permis à moins de 100 m en 24 mois (Sitadel 2013→2025),Parcelle de 142 m² (cadastre),"Frein — Secteur à rotation faible du foncier nu (DVF arrêté au 31/12/2025, 36 mois)",0.2623,0.1336,-0.1238
97412000AM1794,0.07943,4 permis à moins de 100 m en 24 mois (Sitadel 2013→2025),"Secteur à rotation faible du foncier nu (DVF arrêté au 31/12/2025, 36 mois)",Zone U au PLU (PLU/GPU en vigueur à l'ingestion 2026),0.2623,0.195,0.1036
97414000ES1045,0.07943,Parcelle de 178 m² (cadastre),"Secteur à rotation faible du foncier nu (DVF arrêté au 31/12/2025, 36 mois)",Zone U au PLU (PLU/GPU en vigueur à l'ingestion 2026),0.1336,0.1121,0.1036
97411000AM0093,0.07943,13 vente(s) à moins de 150 m en 24 mois (DVF arrêté au 31/12/2025),Parcelle de 93 m² (cadastre),"Frein — Secteur à rotation faible du foncier nu (DVF arrêté au 31/12/2025, 36 mois)",0.2532,0.1336,-0.1238
97411000DX0017,0.07943,Piscine détectée sur la parcelle (ortho 2026),Frein — Parcelle de 2924 m² (cadastre),"Secteur à rotation faible du foncier nu (DVF arrêté au 31/12/2025, 36 mois)",0.3786,-0.3473,0.2864
97415000AS0688,0.07943,Piscine détectée sur la parcelle (ortho 2026),Frein — Parcelle de 1044 m² (cadastre),Zone U au PLU (PLU/GPU en vigueur à l'ingestion 2026),0.3786,-0.2395,0.1036
97408000BP0199,0.07943,Piscine détectée sur la parcelle (ortho 2026),"Frein — Secteur à rotation faible du foncier nu (DVF arrêté au 31/12/2025, 36 mois)",Parcelle de 380 m² (cadastre),0.3786,-0.2583,0.2132
97415000DE0490,0.07943,Détenue depuis moins d'un an — dernière mutation connue (DVF arrêté au 31/12/2025),Piscine détectée sur la parcelle (ortho 2026),Parcelle de 1133 m² (cadastre),1.1558,0.3786,0.1302
97403000AS2031,0.07943,4 permis à moins de 100 m en 24 mois (Sitadel 2013→2025),Frein — 0 vente(s) à moins de 150 m en 24 mois (DVF arrêté au 31/12/2025),Parcelle de 250 m² (cadastre),0.2623,-0.2221,0.2132
97422000BD3729,0.07943,Parcelle de 451 m² (cadastre),Zone U au PLU (PLU/GPU en vigueur à l'ingestion 2026),"Aucune vente connue depuis au moins 12 ans (DVF arrêté au 31/12/2025, historique 2014+)",0.2132,0.1036,0.063
97415000CM2083,0.07943,Parcelle de 610 m² (cadastre),Zone U au PLU (PLU/GPU en vigueur à l'ingestion 2026),3 permis à moins de 100 m en 24 mois (Sitadel 2013→2025),0.1289,0.1036,0.0926
97412000CD0895,0.07943,Détenue depuis moins d'un an — dernière mutation connue (DVF arrêté au 31/12/2025),Zone AU au PLU (PLU/GPU en vigueur à l'ingestion 2026),Parcelle de 1111 m² (cadastre),1.1558,0.496,0.1302
97412000BM0500,0.07943,Parcelle de 91 m² (cadastre),Zone U au PLU (PLU/GPU en vigueur à l'ingestion 2026),3 permis à moins de 100 m en 24 mois (Sitadel 2013→2025),0.1336,0.1036,0.0926
97412000BY1431,0.07943,Parcelle de 164 m² (cadastre),Zone U au PLU (PLU/GPU en vigueur à l'ingestion 2026),"Frein — Secteur à rotation faible du foncier nu (DVF arrêté au 31/12/2025, 36 mois)",0.1336,0.1036,-0.0794
97415000DK1049,0.07943,Zone AU au PLU (PLU/GPU en vigueur à l'ingestion 2026),Piscine détectée sur la parcelle (ortho 2026),6 permis à moins de 100 m en 24 mois (Sitadel 2013→2025),0.496,0.3786,0.2623
97404000AD1427,0.07943,4 permis à moins de 100 m en 24 mois (Sitadel 2013→2025),Parcelle de 277 m² (cadastre),Zone U au PLU (PLU/GPU en vigueur à l'ingestion 2026),0.2623,0.2132,0.1036
97413000DE2428,0.07943,Parcelle de 60 m² (cadastre),Zone U au PLU (PLU/GPU en vigueur à l'ingestion 2026),"Aucune vente connue depuis au moins 12 ans (DVF arrêté au 31/12/2025, historique 2014+)",0.1336,0.1036,0.0581
97411000EM0151,0.07943,Détenue depuis moins d'un an — dernière mutation connue (DVF arrêté au 31/12/2025),Piscine détectée sur la parcelle (ortho 2026),5% de ménages pauvres dans le carreau (Filosofi INSEE 2019),1.1256,0.3786,0.1094
97416000IE2022,0.07943,Parcelle de 272 m² (cadastre),"69 m² de SDP résiduelle (résiduel m135, PLU 2026)",Zone U au PLU (PLU/GPU en vigueur à l'ingestion 2026),0.2132,0.1134,0.1036
97416000CX1482,0.07943,Parcelle de 433 m² (cadastre),"50 m² de SDP résiduelle (résiduel m135, PLU 2026)",Zone U au PLU (PLU/GPU en vigueur à l'ingestion 2026),0.2132,0.1134,0.1036
97411000HA0147,0.07943,Détenue depuis moins d'un an — dernière mutation connue (DVF arrêté au 31/12/2025),Parcelle de 1573 m² (cadastre),Candidat photovoltaïque (ortho 2026),1.3307,0.1888,0.1253
97416000CV1983,0.07943,Parcelle de 609 m² (cadastre),Zone U au PLU (PLU/GPU en vigueur à l'ingestion 2026),"Frein — Secteur à rotation faible du foncier nu (DVF arrêté au 31/12/2025, 36 mois)",0.1289,0.1036,-0.0794
97412000BR0541,0.07943,Parcelle de 343 m² (cadastre),"Frein — Secteur à rotation faible du foncier nu (DVF arrêté au 31/12/2025, 36 mois)",Zone U au PLU (PLU/GPU en vigueur à l'ingestion 2026),0.2132,-0.1238,0.1036
97417000AZ0020,0.07943,Détenue depuis moins d'un an — dernière mutation connue (DVF arrêté au 31/12/2025),Parcelle de 59827 m² (cadastre),Secteur densément bâti (BD TOPO 2026),1.5423,0.461,0.2553
97416000CW2792,0.07943,Parcelle de 32 m² (cadastre),Zone U au PLU (PLU/GPU en vigueur à l'ingestion 2026),10% de ménages pauvres dans le carreau (Filosofi INSEE 2019),0.1894,0.1036,0.0704
97415000AY1535,0.07943,Frein — Le propriétaire a vendu une autre parcelle depuis 24 mois (millésimes fonciers PM 2019-2024),"Secteur à rotation faible du foncier nu (DVF arrêté au 31/12/2025, 36 mois)",20 permis à moins de 100 m en 24 mois (Sitadel 2013→2025),-0.6133,0.2864,0.2623
97405000AR1600,0.07943,"Secteur à rotation faible du foncier nu (DVF arrêté au 31/12/2025, 36 mois)",7 vente(s) à moins de 150 m en 24 mois (DVF arrêté au 31/12/2025),Zone U au PLU (PLU/GPU en vigueur à l'ingestion 2026),0.195,0.1161,0.1036
97422000BI0897,0.07943,Détenue depuis moins d'un an — dernière mutation connue (DVF arrêté au 31/12/2025),Zone AU au PLU (PLU/GPU en vigueur à l'ingestion 2026),Parcelle de 1605 m² (cadastre),1.2719,0.496,0.1888
97422000CL1237,0.07943,Parcelle de 403 m² (cadastre),Zone U au PLU (PLU/GPU en vigueur à l'ingestion 2026),6 vente(s) à moins de 150 m en 24 mois (DVF arrêté au 31/12/2025),0.2132,0.1036,0.0781
97411000AT0401,0.07943,Détenue depuis moins d'un an — dernière mutation connue (DVF arrêté au 31/12/2025),9 vente(s) à moins de 150 m en 24 mois (DVF arrêté au 31/12/2025),Parcelle de 1176 m² (cadastre),1.3746,0.2532,0.1302
97412000AM0599,0.07943,"Secteur à rotation faible du foncier nu (DVF arrêté au 31/12/2025, 36 mois)",Zone U au PLU (PLU/GPU en vigueur à l'ingestion 2026),"Aucune vente connue depuis au moins 12 ans (DVF arrêté au 31/12/2025, historique 2014+)",0.195,0.1036,0.0587
97411000BZ0443,0.07943,Détenue depuis moins d'un an — dernière mutation connue (DVF arrêté au 31/12/2025),Parcelle de 1094 m² (cadastre),Candidat photovoltaïque (ortho 2026),1.2146,0.1302,0.1253
97418000AY0365,0.07943,4 permis à moins de 100 m en 24 mois (Sitadel 2013→2025),Candidat photovoltaïque (ortho 2026),Zone U au PLU (PLU/GPU en vigueur à l'ingestion 2026),0.2623,0.1253,0.1036
97415000CS0408,0.07943,Parcelle de 386 m² (cadastre),Zone U au PLU (PLU/GPU en vigueur à l'ingestion 2026),3 permis à moins de 100 m en 24 mois (Sitadel 2013→2025),0.2132,0.1036,0.0926
97412000BV0389,0.07943,Parcelle de 212 m² (cadastre),Zone U au PLU (PLU/GPU en vigueur à l'ingestion 2026),5 vente(s) à moins de 150 m en 24 mois (DVF arrêté au 31/12/2025),0.1336,0.1036,0.068
97422000BV1697,0.07943,Parcelle de 446 m² (cadastre),Candidat photovoltaïque (ortho 2026),Zone U au PLU (PLU/GPU en vigueur à l'ingestion 2026),0.2132,0.1253,0.1036
97409000AV1112,0.07943,5 permis à moins de 100 m en 24 mois (Sitadel 2013→2025),Zone U au PLU (PLU/GPU en vigueur à l'ingestion 2026),"Secteur à rotation faible du foncier nu (DVF arrêté au 31/12/2025, 36 mois)",0.2623,0.1036,0.0875
97401000AI1074,0.07943,7% de ménages pauvres dans le carreau (Filosofi INSEE 2019),Zone U au PLU (PLU/GPU en vigueur à l'ingestion 2026),3 permis à moins de 100 m en 24 mois (Sitadel 2013→2025),0.1094,0.1036,0.0926
97411000HX0245,0.07943,Parcelle de 294 m² (cadastre),Zone U au PLU (PLU/GPU en vigueur à l'ingestion 2026),3 permis à moins de 100 m en 24 mois (Sitadel 2013→2025),0.2132,0.1036,0.0926
97415000BW2112,0.07943,Parcelle de 366 m² (cadastre),"Secteur à rotation faible du foncier nu (DVF arrêté au 31/12/2025, 36 mois)",Zone U au PLU (PLU/GPU en vigueur à l'ingestion 2026),0.2132,0.195,0.1036
97422000CP0572,0.07943,4 permis à moins de 100 m en 24 mois (Sitadel 2013→2025),Frein — 0 vente(s) à moins de 150 m en 24 mois (DVF arrêté au 31/12/2025),Parcelle de 500 m² (cadastre),0.2623,-0.2221,0.1289
97406000AP0422,0.07943,Frein — Le propriétaire a vendu une autre parcelle depuis 24 mois (millésimes fonciers PM 2019-2024),Zone AU au PLU (PLU/GPU en vigueur à l'ingestion 2026),"Secteur à rotation faible du foncier nu (DVF arrêté au 31/12/2025, 36 mois)",-0.6133,0.496,0.2864
97421000AN0166,0.07943,Détenue depuis moins d'un an — dernière mutation connue (DVF arrêté au 31/12/2025),Zone AU au PLU (PLU/GPU en vigueur à l'ingestion 2026),Parcelle de 1400 m² (cadastre),1.2719,0.496,0.1888
97416000HP0800,0.07943,Parcelle de 224 m² (cadastre),"42 m² de SDP résiduelle (résiduel m135, PLU 2026)",Zone U au PLU (PLU/GPU en vigueur à l'ingestion 2026),0.1336,0.1134,0.1036
97415000CY0286,0.07943,Parcelle de 599 m² (cadastre),Zone U au PLU (PLU/GPU en vigueur à l'ingestion 2026),"Secteur à rotation faible du foncier nu (DVF arrêté au 31/12/2025, 36 mois)",0.1289,0.1036,0.0875
97409000AR1994,0.07943,Parcelle de 226 m² (cadastre),Zone U au PLU (PLU/GPU en vigueur à l'ingestion 2026),Frein — Secteur densément bâti (BD TOPO 2026),0.1336,0.1036,-0.0578
97416000CW1354,0.07943,Parcelle de 347 m² (cadastre),Zone U au PLU (PLU/GPU en vigueur à l'ingestion 2026),"134 m² de SDP résiduelle (résiduel m135, PLU 2026)",0.2132,0.1036,0.0643
97411000AE0798,0.07943,4 permis à moins de 100 m en 24 mois (Sitadel 2013→2025),11 vente(s) à moins de 150 m en 24 mois (DVF arrêté au 31/12/2025),Frein — Parcelle de 953 m² (cadastre),0.2623,0.2532,-0.1218
97409000BE2215,0.07943,Parcelle de 409 m² (cadastre),7 vente(s) à moins de 150 m en 24 mois (DVF arrêté au 31/12/2025),Zone U au PLU (PLU/GPU en vigueur à l'ingestion 2026),0.2132,0.1161,0.1036
97415000HN0318,0.07943,Piscine détectée sur la parcelle (ortho 2026),"Frein — Secteur à rotation faible du foncier nu (DVF arrêté au 31/12/2025, 36 mois)",Parcelle de 563 m² (cadastre),0.3786,-0.2583,0.1289
97414000ET1265,0.07943,Détenue depuis moins d'un an — dernière mutation connue (DVF arrêté au 31/12/2025),Piscine détectée sur la parcelle (ortho 2026),Parcelle de 1351 m² (cadastre),1.2719,0.3786,0.1888
97416000ES1666,0.07943,Détenue depuis moins d'un an — dernière mutation connue (DVF arrêté au 31/12/2025),5 permis à moins de 100 m en 24 mois (Sitadel 2013→2025),10 vente(s) à moins de 150 m en 24 mois (DVF arrêté au 31/12/2025),1.0291,0.2623,0.2532
97408000AT2039,0.07943,Détenue depuis moins d'un an — dernière mutation connue (DVF arrêté au 31/12/2025),Parcelle de 1494 m² (cadastre),"52 m² de SDP résiduelle (résiduel m135, PLU 2026)",1.2448,0.1888,0.1134
97409000BL0213,0.07943,Détenue depuis moins d'un an — dernière mutation connue (DVF arrêté au 31/12/2025),Zone AU au PLU (PLU/GPU en vigueur à l'ingestion 2026),11 permis à moins de 100 m en 24 mois (Sitadel 2013→2025),0.7607,0.496,0.2623
97404000AD1478,0.07943,Parcelle de 76 m² (cadastre),Candidat photovoltaïque (ortho 2026),Zone U au PLU (PLU/GPU en vigueur à l'ingestion 2026),0.1336,0.1253,0.1036
97422000CY0427,0.07943,5 permis à moins de 100 m en 24 mois (Sitadel 2013→2025),"Secteur à rotation faible du foncier nu (DVF arrêté au 31/12/2025, 36 mois)",Zone U au PLU (PLU/GPU en vigueur à l'ingestion 2026),0.2623,0.195,0.1036
97415000AY1592,0.07943,Frein — Le propriétaire a vendu une autre parcelle depuis 24 mois (millésimes fonciers PM 2019-2024),"Secteur à rotation faible du foncier nu (DVF arrêté au 31/12/2025, 36 mois)",17 permis à moins de 100 m en 24 mois (Sitadel 2013→2025),-0.6133,0.2864,0.2623
97408000AR0862,0.07943,Détenue depuis moins d'un an — dernière mutation connue (DVF arrêté au 31/12/2025),Parcelle de 5492 m² (cadastre),4% de ménages pauvres dans le carreau (Filosofi INSEE 2019),1.4443,0.2462,0.1094
97411000HO0605,0.07943,Parcelle de 299 m² (cadastre),"74 m² de SDP résiduelle (résiduel m135, PLU 2026)",Zone U au PLU (PLU/GPU en vigueur à l'ingestion 2026),0.2132,0.1134,0.1036
97407000AI0845,0.07943,Parcelle de 283 m² (cadastre),7 vente(s) à moins de 150 m en 24 mois (DVF arrêté au 31/12/2025),"60 m² de SDP résiduelle (résiduel m135, PLU 2026)",0.2132,0.1161,0.1134
97408000AC3640,0.07943,Frein — Le propriétaire a vendu une autre parcelle depuis 24 mois (millésimes fonciers PM 2019-2024),Parcelle de 305 m² (cadastre),"Secteur à rotation faible du foncier nu (DVF arrêté au 31/12/2025, 36 mois)",-0.6133,0.2132,0.195
97416000IK0309,0.07943,4 permis à moins de 100 m en 24 mois (Sitadel 2013→2025),Parcelle de 79 m² (cadastre),"Frein — Secteur à rotation faible du foncier nu (DVF arrêté au 31/12/2025, 36 mois)",0.2623,0.1336,-0.1238
97409000BM1374,0.07943,Parcelle de 388 m² (cadastre),"42 m² de SDP résiduelle (résiduel m135, PLU 2026)",Zone U au PLU (PLU/GPU en vigueur à l'ingestion 2026),0.2132,0.1134,0.1036
97401000AT0647,0.07943,4 permis à moins de 100 m en 24 mois (Sitadel 2013→2025),Parcelle de 296 m² (cadastre),Zone U au PLU (PLU/GPU en vigueur à l'ingestion 2026),0.2623,0.2132,0.1036
97422000BY0847,0.07943,Détenue depuis moins d'un an — dernière mutation connue (DVF arrêté au 31/12/2025),Piscine détectée sur la parcelle (ortho 2026),Parcelle de 2613 m² (cadastre),1.2719,0.3786,0.1888
97401000AS1378,0.07943,Parcelle de 43 m² (cadastre),Zone U au PLU (PLU/GPU en vigueur à l'ingestion 2026),Frein — Secteur densément bâti (BD TOPO 2026),0.1894,0.1036,-0.0955
97413000CH0587,0.07943,Frein — 0 vente(s) à moins de 150 m en 24 mois (DVF arrêté au 31/12/2025),Parcelle de 356 m² (cadastre),"Secteur à rotation faible du foncier nu (DVF arrêté au 31/12/2025, 36 mois)",-0.2221,0.2132,0.195
97401000AS0229,0.07943,Détenue depuis moins d'un an — dernière mutation connue (DVF arrêté au 31/12/2025),Parcelle de 2787 m² (cadastre),Candidat photovoltaïque (ortho 2026),1.3307,0.1888,0.1253
97413000DL0243,0.07943,Parcelle de 455 m² (cadastre),Zone U au PLU (PLU/GPU en vigueur à l'ingestion 2026),3 permis à moins de 100 m en 24 mois (Sitadel 2013→2025),0.2132,0.1036,0.0926
97405000BE0397,0.07943,Parcelle de 612 m² (cadastre),Zone U au PLU (PLU/GPU en vigueur à l'ingestion 2026),3 permis à moins de 100 m en 24 mois (Sitadel 2013→2025),0.1289,0.1036,0.0926
97416000IA0651,0.07943,Parcelle de 326 m² (cadastre),Zone U au PLU (PLU/GPU en vigueur à l'ingestion 2026),"Aucune vente connue depuis au moins 12 ans (DVF arrêté au 31/12/2025, historique 2014+)",0.2132,0.1036,0.063
97404000AX0095,0.07943,5 permis à moins de 100 m en 24 mois (Sitadel 2013→2025),Parcelle de 584 m² (cadastre),Zone U au PLU (PLU/GPU en vigueur à l'ingestion 2026),0.2623,0.1289,0.1036
97416000EM0219,0.07943,4 permis à moins de 100 m en 24 mois (Sitadel 2013→2025),Parcelle de 389 m² (cadastre),Zone U au PLU (PLU/GPU en vigueur à l'ingestion 2026),0.2623,0.2132,0.1036
97416000CW2074,0.07943,Parcelle de 561 m² (cadastre),"42 m² de SDP résiduelle (résiduel m135, PLU 2026)",7% de ménages pauvres dans le carreau (Filosofi INSEE 2019),0.1289,0.1134,0.1094
97415000DE0350,0.07943,Parcelle de 311 m² (cadastre),"49 m² de SDP résiduelle (résiduel m135, PLU 2026)",Zone U au PLU (PLU/GPU en vigueur à l'ingestion 2026),0.2132,0.1134,0.1036
97415000BV1663,0.07943,Parcelle de 224 m² (cadastre),Zone U au PLU (PLU/GPU en vigueur à l'ingestion 2026),3 permis à moins de 100 m en 24 mois (Sitadel 2013→2025),0.1336,0.1036,0.0926
97411000CD1114,0.07943,Détenue depuis moins d'un an — dernière mutation connue (DVF arrêté au 31/12/2025),Parcelle de 1447 m² (cadastre),Candidat photovoltaïque (ortho 2026),1.3704,0.1888,0.1253
97414000ET0997,0.07943,Détenue depuis moins d'un an — dernière mutation connue (DVF arrêté au 31/12/2025),4 permis à moins de 100 m en 24 mois (Sitadel 2013→2025),10 vente(s) à moins de 150 m en 24 mois (DVF arrêté au 31/12/2025),0.9833,0.2623,0.2532
97415000HK0052,0.07943,Détenue depuis moins d'un an — dernière mutation connue (DVF arrêté au 31/12/2025),Parcelle de 1087 m² (cadastre),7 vente(s) à moins de 150 m en 24 mois (DVF arrêté au 31/12/2025),1.2146,0.1302,0.1161
97415000EV0864,0.07943,Zone AU au PLU (PLU/GPU en vigueur à l'ingestion 2026),Piscine détectée sur la parcelle (ortho 2026),Détenue depuis 5 à 8 ans — dernière mutation connue (DVF arrêté au 31/12/2025),0.496,0.3786,0.3242
97412000BK1987,0.07943,Parcelle de 400 m² (cadastre),Zone U au PLU (PLU/GPU en vigueur à l'ingestion 2026),"111 m² de SDP résiduelle (résiduel m135, PLU 2026)",0.2132,0.1036,0.0643
97416000DX0370,0.07943,Parcelle de 535 m² (cadastre),"Frein — Secteur à rotation faible du foncier nu (DVF arrêté au 31/12/2025, 36 mois)","27 m² de SDP résiduelle (résiduel m135, PLU 2026)",0.1289,-0.1238,0.1134
97405000BE1648,0.07943,Parcelle de 462 m² (cadastre),Zone U au PLU (PLU/GPU en vigueur à l'ingestion 2026),3 permis à moins de 100 m en 24 mois (Sitadel 2013→2025),0.2132,0.1036,0.0926
97415000BV1372,0.07943,Parcelle de 240 m² (cadastre),Zone U au PLU (PLU/GPU en vigueur à l'ingestion 2026),"119 m² de SDP résiduelle (résiduel m135, PLU 2026)",0.2132,0.1036,0.0643
97410000AV0657,0.07943,Frein — Le propriétaire a vendu une autre parcelle depuis 24 mois (millésimes fonciers PM 2019-2024),"Secteur à rotation faible du foncier nu (DVF arrêté au 31/12/2025, 36 mois)",7 permis à moins de 100 m en 24 mois (Sitadel 2013→2025),-0.6133,0.2864,0.2623
97422000CD0558,0.07943,Parcelle de 493 m² (cadastre),7 vente(s) à moins de 150 m en 24 mois (DVF arrêté au 31/12/2025),"Secteur à rotation faible du foncier nu (DVF arrêté au 31/12/2025, 36 mois)",0.1289,0.1161,0.1121
97412000BC0013,0.07943,Zone AU au PLU (PLU/GPU en vigueur à l'ingestion 2026),Frein — Parcelle de 1350 m² (cadastre),4 permis à moins de 100 m en 24 mois (Sitadel 2013→2025),0.496,-0.3473,0.2623
97416000EI1542,0.07943,4 permis à moins de 100 m en 24 mois (Sitadel 2013→2025),Parcelle de 76 m² (cadastre),Zone U au PLU (PLU/GPU en vigueur à l'ingestion 2026),0.2623,0.1336,0.1036
97401000AS0995,0.07943,Parcelle de 484 m² (cadastre),Zone U au PLU (PLU/GPU en vigueur à l'ingestion 2026),Frein — Secteur densément bâti (BD TOPO 2026),0.2132,0.1036,-0.0955
97423000AB1336,0.07943,Zone AU au PLU (PLU/GPU en vigueur à l'ingestion 2026),Piscine détectée sur la parcelle (ortho 2026),12 permis à moins de 100 m en 24 mois (Sitadel 2013→2025),0.496,0.3786,0.2623
97414000HH0225,0.07943,10 vente(s) à moins de 150 m en 24 mois (DVF arrêté au 31/12/2025),Frein — Parcelle de 875 m² (cadastre),"Secteur à rotation faible du foncier nu (DVF arrêté au 31/12/2025, 36 mois)",0.2532,-0.1218,0.1121
97407000AL1480,0.07943,Parcelle de 77 m² (cadastre),Zone U au PLU (PLU/GPU en vigueur à l'ingestion 2026),5 vente(s) à moins de 150 m en 24 mois (DVF arrêté au 31/12/2025),0.1336,0.1036,0.068
97415000EI0213,0.07943,Détenue depuis moins d'un an — dernière mutation connue (DVF arrêté au 31/12/2025),Frein — Zone A au PLU (PLU/GPU en vigueur à l'ingestion 2026),Parcelle de 28012 m² (cadastre),1.8108,-0.5621,0.461
97408000BL0311,0.07943,Parcelle de 421 m² (cadastre),"Frein — Secteur à rotation faible du foncier nu (DVF arrêté au 31/12/2025, 36 mois)",Zone U au PLU (PLU/GPU en vigueur à l'ingestion 2026),0.2132,-0.1238,0.1036
97416000DR0354,0.07943,Parcelle de 464 m² (cadastre),7% de ménages pauvres dans le carreau (Filosofi INSEE 2019),Zone U au PLU (PLU/GPU en vigueur à l'ingestion 2026),0.2132,0.1094,0.1036
97422000AL1338,0.07943,Parcelle de 495 m² (cadastre),Zone U au PLU (PLU/GPU en vigueur à l'ingestion 2026),Secteur densément bâti (BD TOPO 2026),0.1289,0.1036,0.0981
97415000DK1051,0.07943,Zone AU au PLU (PLU/GPU en vigueur à l'ingestion 2026),Piscine détectée sur la parcelle (ortho 2026),6 permis à moins de 100 m en 24 mois (Sitadel 2013→2025),0.496,0.3786,0.2623
97422000BD0773,0.07943,Détenue depuis moins d'un an — dernière mutation connue (DVF arrêté au 31/12/2025),4 permis à moins de 100 m en 24 mois (Sitadel 2013→2025),Parcelle de 1094 m² (cadastre),1.1558,0.2623,0.1302
97404000AY0548,0.07943,Parcelle de 134 m² (cadastre),Zone U au PLU (PLU/GPU en vigueur à l'ingestion 2026),"Frein — Secteur à rotation faible du foncier nu (DVF arrêté au 31/12/2025, 36 mois)",0.1336,0.1036,-0.0794
97401000AP0928,0.07943,6 permis à moins de 100 m en 24 mois (Sitadel 2013→2025),12 vente(s) à moins de 150 m en 24 mois (DVF arrêté au 31/12/2025),Zone U au PLU (PLU/GPU en vigueur à l'ingestion 2026),0.2623,0.2532,0.1036
97414000EV0100,0.07943,Parcelle de 579 m² (cadastre),7 vente(s) à moins de 150 m en 24 mois (DVF arrêté au 31/12/2025),Zone U au PLU (PLU/GPU en vigueur à l'ingestion 2026),0.1289,0.1161,0.1036
97418000AS0881,0.07943,Frein — Parcelle de 7591 m² (cadastre),Piscine détectée sur la parcelle (ortho 2026),14 vente(s) à moins de 150 m en 24 mois (DVF arrêté au 31/12/2025),-0.4529,0.3786,0.2532
97404000AT0428,0.07943,"Secteur à rotation faible du foncier nu (DVF arrêté au 31/12/2025, 36 mois)",Parcelle de 589 m² (cadastre),Candidat photovoltaïque (ortho 2026),0.195,0.1289,0.1253
97416000EV1453,0.07943,Parcelle de 95 m² (cadastre),5% de ménages pauvres dans le carreau (Filosofi INSEE 2019),Zone U au PLU (PLU/GPU en vigueur à l'ingestion 2026),0.114,0.1094,0.1036
97408000AP1489,0.07943,Zone AU au PLU (PLU/GPU en vigueur à l'ingestion 2026),Piscine détectée sur la parcelle (ortho 2026),4 permis à moins de 100 m en 24 mois (Sitadel 2013→2025),0.496,0.3786,0.2623
97415000AB0847,0.07943,Zone AU au PLU (PLU/GPU en vigueur à l'ingestion 2026),Frein — Parcelle de 7015 m² (cadastre),"Secteur à rotation faible du foncier nu (DVF arrêté au 31/12/2025, 36 mois)",0.496,-0.4529,0.195
97415000CY0651,0.07943,Parcelle de 82 m² (cadastre),7 vente(s) à moins de 150 m en 24 mois (DVF arrêté au 31/12/2025),Zone U au PLU (PLU/GPU en vigueur à l'ingestion 2026),0.1336,0.1161,0.1036
97410000AT0718,0.07943,4 permis à moins de 100 m en 24 mois (Sitadel 2013→2025),Parcelle de 447 m² (cadastre),Zone U au PLU (PLU/GPU en vigueur à l'ingestion 2026),0.2623,0.2132,0.1036
97416000EW0529,0.07943,Parcelle de 433 m² (cadastre),Zone U au PLU (PLU/GPU en vigueur à l'ingestion 2026),"Frein — Secteur à rotation faible du foncier nu (DVF arrêté au 31/12/2025, 36 mois)",0.2132,0.1036,-0.0794
97416000EX0280,0.07943,Détenue depuis moins d'un an — dernière mutation connue (DVF arrêté au 31/12/2025),Frein — Zone A au PLU (PLU/GPU en vigueur à l'ingestion 2026),Parcelle de 13575 m² (cadastre),1.6983,-0.5621,0.461
97418000AS0078,0.07943,"Secteur à rotation faible du foncier nu (DVF arrêté au 31/12/2025, 36 mois)",Parcelle de 524 m² (cadastre),Zone U au PLU (PLU/GPU en vigueur à l'ingestion 2026),0.195,0.1289,0.1036
97412000BX1339,0.07943,Parcelle de 558 m² (cadastre),Zone U au PLU (PLU/GPU en vigueur à l'ingestion 2026),3 permis à moins de 100 m en 24 mois (Sitadel 2013→2025),0.1289,0.1036,0.0926
97416000EM0654,0.07943,Parcelle de 307 m² (cadastre),Zone U au PLU (PLU/GPU en vigueur à l'ingestion 2026),Frein — Secteur densément bâti (BD TOPO 2026),0.2132,0.1036,-0.0955
97416000HP0677,0.07943,Parcelle de 250 m² (cadastre),Zone U au PLU (PLU/GPU en vigueur à l'ingestion 2026),3 permis à moins de 100 m en 24 mois (Sitadel 2013→2025),0.2132,0.1036,0.0926
97409000AR2763,0.07943,Détenue depuis moins d'un an — dernière mutation connue (DVF arrêté au 31/12/2025),5 permis à moins de 100 m en 24 mois (Sitadel 2013→2025),Parcelle de 1528 m² (cadastre),1.2719,0.2623,0.1888
97407000AM0196,0.07943,4 permis à moins de 100 m en 24 mois (Sitadel 2013→2025),Parcelle de 476 m² (cadastre),"Frein — Secteur à rotation faible du foncier nu (DVF arrêté au 31/12/2025, 36 mois)",0.2623,0.2132,-0.1238
97422000BM1416,0.07943,Parcelle de 257 m² (cadastre),"54 m² de SDP résiduelle (résiduel m135, PLU 2026)",Zone U au PLU (PLU/GPU en vigueur à l'ingestion 2026),0.2132,0.1134,0.1036
97416000EX0359,0.07943,Détenue depuis moins d'un an — dernière mutation connue (DVF arrêté au 31/12/2025),Parcelle de 2127 m² (cadastre),Zone U au PLU (PLU/GPU en vigueur à l'ingestion 2026),1.1594,0.1888,0.1036
97422000ED0272,0.07943,Détenue depuis moins d'un an — dernière mutation connue (DVF arrêté au 31/12/2025),Piscine détectée sur la parcelle (ortho 2026),Parcelle de 1979 m² (cadastre),1.3307,0.3786,0.1888
97407000AH0259,0.07943,Parcelle de 161 m² (cadastre),7 vente(s) à moins de 150 m en 24 mois (DVF arrêté au 31/12/2025),Zone U au PLU (PLU/GPU en vigueur à l'ingestion 2026),0.1336,0.1161,0.1036
97415000EW0992,0.07943,Parcelle de 309 m² (cadastre),5% de ménages pauvres dans le carreau (Filosofi INSEE 2019),Zone U au PLU (PLU/GPU en vigueur à l'ingestion 2026),0.2132,0.1094,0.1036
97416000EK0225,0.07943,Parcelle de 297 m² (cadastre),Zone U au PLU (PLU/GPU en vigueur à l'ingestion 2026),"Secteur à rotation faible du bâti (DVF arrêté au 31/12/2025, 36 mois)",0.2132,0.1036,0.0808
97422000BD3751,0.07943,Parcelle de 448 m² (cadastre),Zone U au PLU (PLU/GPU en vigueur à l'ingestion 2026),"Aucune vente connue depuis au moins 12 ans (DVF arrêté au 31/12/2025, historique 2014+)",0.2132,0.1036,0.063
97403000AT0449,0.07943,Zone AU au PLU (PLU/GPU en vigueur à l'ingestion 2026),"Frein — Secteur à rotation faible du foncier nu (DVF arrêté au 31/12/2025, 36 mois)",Parcelle de 481 m² (cadastre),0.496,-0.2583,0.2132
97403000AS0845,0.07943,Parcelle de 391 m² (cadastre),Zone U au PLU (PLU/GPU en vigueur à l'ingestion 2026),"Aucune vente connue depuis au moins 12 ans (DVF arrêté au 31/12/2025, historique 2014+)",0.2132,0.1036,0.0653
97415000DE0203,0.07943,Détenue depuis moins d'un an — dernière mutation connue (DVF arrêté au 31/12/2025),Piscine détectée sur la parcelle (ortho 2026),Parcelle de 1026 m² (cadastre),1.079,0.3786,0.1253
97411000AD0041,0.07943,7 vente(s) à moins de 150 m en 24 mois (DVF arrêté au 31/12/2025),Zone U au PLU (PLU/GPU en vigueur à l'ingestion 2026),3 permis à moins de 100 m en 24 mois (Sitadel 2013→2025),0.1161,0.1036,0.0926
97412000BW1782,0.07943,Parcelle de 158 m² (cadastre),Zone U au PLU (PLU/GPU en vigueur à l'ingestion 2026),"Secteur à rotation faible du foncier nu (DVF arrêté au 31/12/2025, 36 mois)",0.1336,0.1036,0.0875
97416000CV2401,0.07943,Parcelle de 355 m² (cadastre),7% de ménages pauvres dans le carreau (Filosofi INSEE 2019),Zone U au PLU (PLU/GPU en vigueur à l'ingestion 2026),0.2132,0.1094,0.1036
97405000AR1552,0.07943,Parcelle de 466 m² (cadastre),"Secteur à rotation faible du foncier nu (DVF arrêté au 31/12/2025, 36 mois)",Candidat photovoltaïque (ortho 2026),0.182,0.1713,0.1253
97409000AY0551,0.07943,Parcelle de 540 m² (cadastre),Zone U au PLU (PLU/GPU en vigueur à l'ingestion 2026),3 permis à moins de 100 m en 24 mois (Sitadel 2013→2025),0.1289,0.1036,0.0926
97412000AM2014,0.07943,"Secteur à rotation faible du foncier nu (DVF arrêté au 31/12/2025, 36 mois)",Zone U au PLU (PLU/GPU en vigueur à l'ingestion 2026),"91 m² de SDP résiduelle (résiduel m135, PLU 2026)",0.195,0.1036,0.0643
97415000DE0378,0.07943,Parcelle de 327 m² (cadastre),Zone U au PLU (PLU/GPU en vigueur à l'ingestion 2026),"Secteur à rotation faible du bâti (DVF arrêté au 31/12/2025, 36 mois)",0.2132,0.1036,0.0808
97422000CI0591,0.07943,Détenue depuis moins d'un an — dernière mutation connue (DVF arrêté au 31/12/2025),Piscine détectée sur la parcelle (ortho 2026),Zone U au PLU (PLU/GPU en vigueur à l'ingestion 2026),1.248,0.3786,0.1036
97422000BM1415,0.07943,Parcelle de 240 m² (cadastre),"71 m² de SDP résiduelle (résiduel m135, PLU 2026)",Zone U au PLU (PLU/GPU en vigueur à l'ingestion 2026),0.2132,0.1134,0.1036
97412000CD1007,0.07943,Détenue depuis moins d'un an — dernière mutation connue (DVF arrêté au 31/12/2025),11 vente(s) à moins de 150 m en 24 mois (DVF arrêté au 31/12/2025),Parcelle de 1194 m² (cadastre),1.1558,0.2532,0.1302
97422000BN2993,0.07943,Parcelle de 17 m² (cadastre),Zone U au PLU (PLU/GPU en vigueur à l'ingestion 2026),"Aucune vente connue depuis au moins 12 ans (DVF arrêté au 31/12/2025, historique 2014+)",0.1894,0.1036,0.0631
97407000AE0126,0.07943,Parcelle de 490 m² (cadastre),Zone U au PLU (PLU/GPU en vigueur à l'ingestion 2026),Frein — Secteur densément bâti (BD TOPO 2026),0.2132,0.1036,-0.0955
97411000IC0463,0.07943,Parcelle de 590 m² (cadastre),Zone U au PLU (PLU/GPU en vigueur à l'ingestion 2026),Frein — Secteur densément bâti (BD TOPO 2026),0.1289,0.1036,-0.0955
97414000DT0517,0.07943,"Secteur à rotation faible du foncier nu (DVF arrêté au 31/12/2025, 36 mois)",Parcelle de 293 m² (cadastre),Zone U au PLU (PLU/GPU en vigueur à l'ingestion 2026),0.2864,0.2132,0.1036
97404000AS0118,0.07943,Piscine détectée sur la parcelle (ortho 2026),Frein — Parcelle de 1515 m² (cadastre),"Secteur à rotation faible du foncier nu (DVF arrêté au 31/12/2025, 36 mois)",0.3786,-0.3473,0.2864
97416000HP0347,0.07943,Détenue depuis moins d'un an — dernière mutation connue (DVF arrêté au 31/12/2025),Parcelle de 2019 m² (cadastre),8 vente(s) à moins de 150 m en 24 mois (DVF arrêté au 31/12/2025),1.2945,0.1888,0.1161
97412000CV0886,0.07943,Parcelle de 388 m² (cadastre),Zone U au PLU (PLU/GPU en vigueur à l'ingestion 2026),Frein — 1 vente(s) à moins de 150 m en 24 mois (DVF arrêté au 31/12/2025),0.2132,0.1036,-0.0735
97414000CV1011,0.07943,Parcelle de 522 m² (cadastre),"Secteur à rotation faible du foncier nu (DVF arrêté au 31/12/2025, 36 mois)",Zone U au PLU (PLU/GPU en vigueur à l'ingestion 2026),0.1289,0.1121,0.1036
97422000BD3665,0.07943,Parcelle de 306 m² (cadastre),Zone U au PLU (PLU/GPU en vigueur à l'ingestion 2026),"104 m² de SDP résiduelle (résiduel m135, PLU 2026)",0.2132,0.1036,0.0643
97422000DM0647,0.07943,Piscine détectée sur la parcelle (ortho 2026),Zone U au PLU (PLU/GPU en vigueur à l'ingestion 2026),Secteur densément bâti (BD TOPO 2026),0.3786,0.1036,0.0981
97414000ES1046,0.07943,Parcelle de 352 m² (cadastre),"Secteur à rotation faible du foncier nu (DVF arrêté au 31/12/2025, 36 mois)",Zone U au PLU (PLU/GPU en vigueur à l'ingestion 2026),0.2132,0.1121,0.1036
97412000CN0164,0.07943,Secteur densément bâti (BD TOPO 2026),Candidat photovoltaïque (ortho 2026),Zone U au PLU (PLU/GPU en vigueur à l'ingestion 2026),0.2553,0.1253,0.1036
97408000AO0655,0.07943,Parcelle de 613 m² (cadastre),Zone U au PLU (PLU/GPU en vigueur à l'ingestion 2026),"Secteur à rotation faible du foncier nu (DVF arrêté au 31/12/2025, 36 mois)",0.1289,0.1036,0.0875
97412000BL1111,0.07943,Parcelle de 494 m² (cadastre),Zone U au PLU (PLU/GPU en vigueur à l'ingestion 2026),3 permis à moins de 100 m en 24 mois (Sitadel 2013→2025),0.1289,0.1036,0.0926
97418000AC1196,0.07943,Parcelle de 18 m² (cadastre),Zone U au PLU (PLU/GPU en vigueur à l'ingestion 2026),"Aucune vente connue depuis au moins 12 ans (DVF arrêté au 31/12/2025, historique 2014+)",0.1894,0.1036,0.059
97415000HL0033,0.07943,Parcelle de 354 m² (cadastre),"Frein — Secteur à rotation faible du foncier nu (DVF arrêté au 31/12/2025, 36 mois)",4% de ménages pauvres dans le carreau (Filosofi INSEE 2019),0.2132,-0.1238,0.1094
97412000AN0469,0.07943,Détenue depuis moins d'un an — dernière mutation connue (DVF arrêté au 31/12/2025),Frein — Zone A au PLU (PLU/GPU en vigueur à l'ingestion 2026),Parcelle de 24915 m² (cadastre),1.6241,-0.5621,0.461
97413000CX2263,0.07943,Parcelle de 459 m² (cadastre),Zone U au PLU (PLU/GPU en vigueur à l'ingestion 2026),3 permis à moins de 100 m en 24 mois (Sitadel 2013→2025),0.2132,0.1036,0.0926
97404000AI1967,0.07943,Parcelle de 282 m² (cadastre),8 vente(s) à moins de 150 m en 24 mois (DVF arrêté au 31/12/2025),Zone U au PLU (PLU/GPU en vigueur à l'ingestion 2026),0.2132,0.1161,0.1036
97422000BN2105,0.07943,Parcelle de 376 m² (cadastre),Zone U au PLU (PLU/GPU en vigueur à l'ingestion 2026),"Aucune vente connue depuis au moins 12 ans (DVF arrêté au 31/12/2025, historique 2014+)",0.2132,0.1036,0.0653
97409000BR0190,0.07943,Détenue depuis moins d'un an — dernière mutation connue (DVF arrêté au 31/12/2025),Frein — Zone N au PLU (PLU/GPU en vigueur à l'ingestion 2026),Parcelle de 25946 m² (cadastre),1.6241,-0.5326,0.461
97415000ER1173,0.07943,4 permis à moins de 100 m en 24 mois (Sitadel 2013→2025),Frein — 0 vente(s) à moins de 150 m en 24 mois (DVF arrêté au 31/12/2025),Parcelle de 368 m² (cadastre),0.2623,-0.2221,0.2132
97422000AN0697,0.07943,Détenue depuis moins d'un an — dernière mutation connue (DVF arrêté au 31/12/2025),Frein — Zone A au PLU (PLU/GPU en vigueur à l'ingestion 2026),Parcelle de 59647 m² (cadastre),1.8696,-0.5621,0.461
97403000AP0401,0.07943,Parcelle de 246 m² (cadastre),7 vente(s) à moins de 150 m en 24 mois (DVF arrêté au 31/12/2025),Zone U au PLU (PLU/GPU en vigueur à l'ingestion 2026),0.2132,0.1161,0.1036
97415000EO0212,0.07943,"Secteur à rotation faible du foncier nu (DVF arrêté au 31/12/2025, 36 mois)",Parcelle de 609 m² (cadastre),Zone U au PLU (PLU/GPU en vigueur à l'ingestion 2026),0.195,0.1289,0.1036
97415000EW0281,0.07943,Parcelle de 199 m² (cadastre),5% de ménages pauvres dans le carreau (Filosofi INSEE 2019),Zone U au PLU (PLU/GPU en vigueur à l'ingestion 2026),0.1336,0.1094,0.1036
97405000AN0684,0.07943,Frein — 0 vente(s) à moins de 150 m en 24 mois (DVF arrêté au 31/12/2025),Parcelle de 293 m² (cadastre),"43 m² de SDP résiduelle (résiduel m135, PLU 2026)",-0.2221,0.2132,0.1134
97415000DE0816,0.07943,Parcelle de 457 m² (cadastre),4% de ménages pauvres dans le carreau (Filosofi INSEE 2019),Zone U au PLU (PLU/GPU en vigueur à l'ingestion 2026),0.2132,0.1094,0.1036
97404000BA0237,0.07943,"Frein — Secteur à rotation faible du foncier nu (DVF arrêté au 31/12/2025, 36 mois)",Parcelle de 504 m² (cadastre),"63 m² de SDP résiduelle (résiduel m135, PLU 2026)",-0.2583,0.1289,0.1134
97422000BN0989,0.07943,Parcelle de 334 m² (cadastre),Zone U au PLU (PLU/GPU en vigueur à l'ingestion 2026),3 permis à moins de 100 m en 24 mois (Sitadel 2013→2025),0.2132,0.1036,0.0926
97413000DI0005,0.07943,Détenue depuis moins d'un an — dernière mutation connue (DVF arrêté au 31/12/2025),Frein — Zone N au PLU (PLU/GPU en vigueur à l'ingestion 2026),Parcelle de 26821 m² (cadastre),1.6983,-0.5326,0.461
97416000DK0139,0.07943,Détenue depuis moins d'un an — dernière mutation connue (DVF arrêté au 31/12/2025),Parcelle de 1520 m² (cadastre),Frein — nan% de ménages pauvres dans le carreau (Filosofi INSEE 2019),1.4139,0.1817,-0.136
97422000CY0380,0.07943,"Secteur à rotation faible du foncier nu (DVF arrêté au 31/12/2025, 36 mois)",Parcelle de 529 m² (cadastre),Zone U au PLU (PLU/GPU en vigueur à l'ingestion 2026),0.195,0.1289,0.1036
97416000EL0685,0.07943,Parcelle de 29 m² (cadastre),Zone U au PLU (PLU/GPU en vigueur à l'ingestion 2026),"Frein — Secteur à rotation faible du foncier nu (DVF arrêté au 31/12/2025, 36 mois)",0.1894,0.1036,-0.0794
97407000AO0735,0.07943,4 permis à moins de 100 m en 24 mois (Sitadel 2013→2025),Parcelle de 242 m² (cadastre),"Frein — Secteur à rotation faible du foncier nu (DVF arrêté au 31/12/2025, 36 mois)",0.2623,0.2132,-0.1238
97411000HH0477,0.07943,Parcelle de 610 m² (cadastre),Zone U au PLU (PLU/GPU en vigueur à l'ingestion 2026),3 permis à moins de 100 m en 24 mois (Sitadel 2013→2025),0.1289,0.1036,0.0926
97422000BX1060,0.07943,Parcelle de 109 m² (cadastre),Zone U au PLU (PLU/GPU en vigueur à l'ingestion 2026),5 vente(s) à moins de 150 m en 24 mois (DVF arrêté au 31/12/2025),0.1336,0.1036,0.068
97401000AI0412,0.07943,Détenue depuis moins d'un an — dernière mutation connue (DVF arrêté au 31/12/2025),Zone AU au PLU (PLU/GPU en vigueur à l'ingestion 2026),Parcelle de 5472 m² (cadastre),1.2644,0.496,0.2425
97412000BY1851,0.07943,4 permis à moins de 100 m en 24 mois (Sitadel 2013→2025),7 vente(s) à moins de 150 m en 24 mois (DVF arrêté au 31/12/2025),Zone U au PLU (PLU/GPU en vigueur à l'ingestion 2026),0.2623,0.1161,0.1036
97415000EI0215,0.07943,Détenue depuis moins d'un an — dernière mutation connue (DVF arrêté au 31/12/2025),Frein — Zone A au PLU (PLU/GPU en vigueur à l'ingestion 2026),Parcelle de 21937 m² (cadastre),1.8108,-0.5621,0.461
97414000DE0475,0.07943,Détenue depuis moins d'un an — dernière mutation connue (DVF arrêté au 31/12/2025),Piscine détectée sur la parcelle (ortho 2026),Parcelle de 3960 m² (cadastre),1.3704,0.3786,0.1888
97405000AL0145,0.07943,Détenue depuis moins d'un an — dernière mutation connue (DVF arrêté au 31/12/2025),Zone AU au PLU (PLU/GPU en vigueur à l'ingestion 2026),Parcelle de 1025 m² (cadastre),1.1558,0.496,0.1302
97406000AT0753,0.07943,Parcelle de 399 m² (cadastre),Zone U au PLU (PLU/GPU en vigueur à l'ingestion 2026),"Secteur à rotation faible du foncier nu (DVF arrêté au 31/12/2025, 36 mois)",0.2132,0.1036,0.0875
97415000AY1608,0.07943,Frein — Le propriétaire a vendu une autre parcelle depuis 24 mois (millésimes fonciers PM 2019-2024),"Secteur à rotation faible du foncier nu (DVF arrêté au 31/12/2025, 36 mois)",15 permis à moins de 100 m en 24 mois (Sitadel 2013→2025),-0.6133,0.2864,0.2623
97416000HP0858,0.07943,Parcelle de 298 m² (cadastre),Zone U au PLU (PLU/GPU en vigueur à l'ingestion 2026),3 permis à moins de 100 m en 24 mois (Sitadel 2013→2025),0.2132,0.1036,0.0926
97401000AP0649,0.07943,Détenue depuis moins d'un an — dernière mutation connue (DVF arrêté au 31/12/2025),Piscine détectée sur la parcelle (ortho 2026),"35 m² de SDP résiduelle (résiduel m135, PLU 2026)",1.0518,0.3786,0.1134
97413000CX2895,0.07943,Détenue depuis moins d'un an — dernière mutation connue (DVF arrêté au 31/12/2025),4 permis à moins de 100 m en 24 mois (Sitadel 2013→2025),14 vente(s) à moins de 150 m en 24 mois (DVF arrêté au 31/12/2025),1.1814,0.2623,0.2532
97412000BL0543,0.07943,Parcelle de 77 m² (cadastre),Zone U au PLU (PLU/GPU en vigueur à l'ingestion 2026),4 vente(s) à moins de 150 m en 24 mois (DVF arrêté au 31/12/2025),0.1336,0.1036,0.0565
97409000AK1283,0.07943,Parcelle de 478 m² (cadastre),Zone U au PLU (PLU/GPU en vigueur à l'ingestion 2026),5 vente(s) à moins de 150 m en 24 mois (DVF arrêté au 31/12/2025),0.2132,0.1036,0.068
97416000HX1387,0.07943,4 permis à moins de 100 m en 24 mois (Sitadel 2013→2025),Parcelle de 473 m² (cadastre),Zone U au PLU (PLU/GPU en vigueur à l'ingestion 2026),0.2623,0.2132,0.1036
97415000HM0075,0.07943,Parcelle de 413 m² (cadastre),Zone U au PLU (PLU/GPU en vigueur à l'ingestion 2026),"Secteur à rotation faible du foncier nu (DVF arrêté au 31/12/2025, 36 mois)",0.2132,0.1036,0.0875
97415000CT2968,0.07943,Détenue depuis moins d'un an — dernière mutation connue (DVF arrêté au 31/12/2025),Zone AU au PLU (PLU/GPU en vigueur à l'ingestion 2026),Parcelle de 6230 m² (cadastre),1.2423,0.496,0.2425
97408000AO0681,0.07943,Parcelle de 46 m² (cadastre),Zone U au PLU (PLU/GPU en vigueur à l'ingestion 2026),"Secteur à rotation faible du foncier nu (DVF arrêté au 31/12/2025, 36 mois)",0.1894,0.1036,0.0875
97416000EW1135,0.07943,Parcelle de 477 m² (cadastre),Zone U au PLU (PLU/GPU en vigueur à l'ingestion 2026),"Frein — Secteur à rotation faible du foncier nu (DVF arrêté au 31/12/2025, 36 mois)",0.2132,0.1036,-0.0794
97410000AV0653,0.07943,Frein — Le propriétaire a vendu une autre parcelle depuis 24 mois (millésimes fonciers PM 2019-2024),"Secteur à rotation faible du foncier nu (DVF arrêté au 31/12/2025, 36 mois)",11 permis à moins de 100 m en 24 mois (Sitadel 2013→2025),-0.6133,0.2864,0.2623
97408000AM1343,0.07943,Détenue depuis moins d'un an — dernière mutation connue (DVF arrêté au 31/12/2025),Frein — Zone A au PLU (PLU/GPU en vigueur à l'ingestion 2026),Parcelle de 18927 m² (cadastre),1.8108,-0.5621,0.461
97410000BE1190,0.07943,Piscine détectée sur la parcelle (ortho 2026),6 permis à moins de 100 m en 24 mois (Sitadel 2013→2025),Frein — Parcelle de 1107 m² (cadastre),0.3786,0.2623,-0.2395
97413000CI0580,0.07943,Parcelle de 385 m² (cadastre),"Secteur à rotation faible du foncier nu (DVF arrêté au 31/12/2025, 36 mois)",Zone U au PLU (PLU/GPU en vigueur à l'ingestion 2026),0.2132,0.195,0.1036
97401000AO1015,0.07943,"Secteur à rotation faible du foncier nu (DVF arrêté au 31/12/2025, 36 mois)",Parcelle de 570 m² (cadastre),Zone U au PLU (PLU/GPU en vigueur à l'ingestion 2026),0.195,0.1289,0.1036
97411000HX0239,0.07943,Parcelle de 359 m² (cadastre),Zone U au PLU (PLU/GPU en vigueur à l'ingestion 2026),3 permis à moins de 100 m en 24 mois (Sitadel 2013→2025),0.2132,0.1036,0.0926
97422000AV0223,0.07943,Parcelle de 531 m² (cadastre),Candidat photovoltaïque (ortho 2026),"62 m² de SDP résiduelle (résiduel m135, PLU 2026)",0.1289,0.1253,0.1134
97404000AD1379,0.07943,Parcelle de 352 m² (cadastre),Zone U au PLU (PLU/GPU en vigueur à l'ingestion 2026),"Aucune vente connue depuis au moins 12 ans (DVF arrêté au 31/12/2025, historique 2014+)",0.2132,0.1036,0.063
97415000AY1638,0.07943,Frein — Le propriétaire a vendu une autre parcelle depuis 24 mois (millésimes fonciers PM 2019-2024),"Secteur à rotation faible du foncier nu (DVF arrêté au 31/12/2025, 36 mois)",15 permis à moins de 100 m en 24 mois (Sitadel 2013→2025),-0.6133,0.2864,0.2623
97424000AM0894,0.07943,Zone AU au PLU (PLU/GPU en vigueur à l'ingestion 2026),Frein — Détenue depuis 2 à 3 ans — dernière mutation connue (DVF arrêté au 31/12/2025),6 permis à moins de 100 m en 24 mois (Sitadel 2013→2025),0.496,-0.4161,0.2623
97412000AV0757,0.07943,"48 m² de SDP résiduelle (résiduel m135, PLU 2026)",Parcelle de 612 m² (cadastre),Zone U au PLU (PLU/GPU en vigueur à l'ingestion 2026),0.1134,0.1101,0.1036
97411000HV0097,0.07943,Détenue depuis 1 à 2 ans — dernière mutation connue (DVF arrêté au 31/12/2025),11 vente(s) à moins de 150 m en 24 mois (DVF arrêté au 31/12/2025),Candidat photovoltaïque (ortho 2026),1.0492,0.2532,0.1253
97416000ET1428,0.07943,Parcelle de 359 m² (cadastre),"Secteur à rotation faible du foncier nu (DVF arrêté au 31/12/2025, 36 mois)",Zone U au PLU (PLU/GPU en vigueur à l'ingestion 2026),0.2132,0.195,0.1036
97409000AV1216,0.07943,5 permis à moins de 100 m en 24 mois (Sitadel 2013→2025),Zone U au PLU (PLU/GPU en vigueur à l'ingestion 2026),"Secteur à rotation faible du foncier nu (DVF arrêté au 31/12/2025, 36 mois)",0.2623,0.1036,0.0875
97419000AK0067,0.07943,Détenue depuis moins d'un an — dernière mutation connue (DVF arrêté au 31/12/2025),Frein — Zone A au PLU (PLU/GPU en vigueur à l'ingestion 2026),Parcelle de 12229 m² (cadastre),1.8108,-0.5621,0.461
97405000BI1058,0.07943,Parcelle de 60 m² (cadastre),"Secteur à rotation faible du foncier nu (DVF arrêté au 31/12/2025, 36 mois)",Zone U au PLU (PLU/GPU en vigueur à l'ingestion 2026),0.1336,0.1121,0.1036
97415000AY1541,0.07943,Frein — Le propriétaire a vendu une autre parcelle depuis 24 mois (millésimes fonciers PM 2019-2024),"Secteur à rotation faible du foncier nu (DVF arrêté au 31/12/2025, 36 mois)",22 permis à moins de 100 m en 24 mois (Sitadel 2013→2025),-0.6133,0.2864,0.2623
97405000BI1272,0.07943,Parcelle de 234 m² (cadastre),"Secteur à rotation faible du foncier nu (DVF arrêté au 31/12/2025, 36 mois)",Zone U au PLU (PLU/GPU en vigueur à l'ingestion 2026),0.1336,0.1121,0.1036
97411000CI0340,0.07943,Détenue depuis moins d'un an — dernière mutation connue (DVF arrêté au 31/12/2025),Zone AU au PLU (PLU/GPU en vigueur à l'ingestion 2026),Parcelle de 1509 m² (cadastre),1.1814,0.496,0.1888
97415000CT3279,0.07943,Détenue depuis moins d'un an — dernière mutation connue (DVF arrêté au 31/12/2025),Zone AU au PLU (PLU/GPU en vigueur à l'ingestion 2026),Parcelle de 996 m² (cadastre),1.0433,0.496,0.1302
97422000BS0939,0.07943,Détenue depuis moins d'un an — dernière mutation connue (DVF arrêté au 31/12/2025),10 vente(s) à moins de 150 m en 24 mois (DVF arrêté au 31/12/2025),Parcelle de 1950 m² (cadastre),1.2719,0.2532,0.1888
97424000AH0971,0.07943,Parcelle de 243 m² (cadastre),Zone U au PLU (PLU/GPU en vigueur à l'ingestion 2026),"Secteur à rotation faible du foncier nu (DVF arrêté au 31/12/2025, 36 mois)",0.2132,0.1036,0.0875
97416000CY0759,0.07943,Détenue depuis moins d'un an — dernière mutation connue (DVF arrêté au 31/12/2025),Piscine détectée sur la parcelle (ortho 2026),Zone U au PLU (PLU/GPU en vigueur à l'ingestion 2026),1.0291,0.3786,0.1036
97403000AR1423,0.07943,Parcelle de 298 m² (cadastre),Zone U au PLU (PLU/GPU en vigueur à l'ingestion 2026),3 permis à moins de 100 m en 24 mois (Sitadel 2013→2025),0.2132,0.1036,0.0926
97414000DL0135,0.07943,4 permis à moins de 100 m en 24 mois (Sitadel 2013→2025),Parcelle de 281 m² (cadastre),Zone U au PLU (PLU/GPU en vigueur à l'ingestion 2026),0.2623,0.2132,0.1036
97411000AE0037,0.07943,Parcelle de 330 m² (cadastre),8 vente(s) à moins de 150 m en 24 mois (DVF arrêté au 31/12/2025),Zone U au PLU (PLU/GPU en vigueur à l'ingestion 2026),0.2132,0.1161,0.1036
97408000BP0141,0.07943,Détenue depuis moins d'un an — dernière mutation connue (DVF arrêté au 31/12/2025),Parcelle de 1613 m² (cadastre),Zone U au PLU (PLU/GPU en vigueur à l'ingestion 2026),1.4907,0.1888,0.1036
97410000BD0863,0.07943,Zone AU au PLU (PLU/GPU en vigueur à l'ingestion 2026),Parcelle de 464 m² (cadastre),Secteur densément bâti (BD TOPO 2026),0.496,0.2132,0.0981
97415000CT3278,0.07943,Détenue depuis moins d'un an — dernière mutation connue (DVF arrêté au 31/12/2025),Zone AU au PLU (PLU/GPU en vigueur à l'ingestion 2026),Parcelle de 995 m² (cadastre),1.0433,0.496,0.1302
97411000HV0131,0.07943,Détenue depuis moins d'un an — dernière mutation connue (DVF arrêté au 31/12/2025),11 vente(s) à moins de 150 m en 24 mois (DVF arrêté au 31/12/2025),Parcelle de 1123 m² (cadastre),1.1287,0.2532,0.1302
97411000EK0119,0.07943,Détenue depuis moins d'un an — dernière mutation connue (DVF arrêté au 31/12/2025),Parcelle de 1000 m² (cadastre),7 vente(s) à moins de 150 m en 24 mois (DVF arrêté au 31/12/2025),1.2544,0.1302,0.1161
97415000DR1382,0.07943,Piscine détectée sur la parcelle (ortho 2026),Zone U au PLU (PLU/GPU en vigueur à l'ingestion 2026),Secteur densément bâti (BD TOPO 2026),0.3786,0.1036,0.0981
97416000EV1475,0.07943,Parcelle de 225 m² (cadastre),5% de ménages pauvres dans le carreau (Filosofi INSEE 2019),Zone U au PLU (PLU/GPU en vigueur à l'ingestion 2026),0.114,0.1094,0.1036
97414000HE0506,0.07943,Parcelle de 461 m² (cadastre),Zone U au PLU (PLU/GPU en vigueur à l'ingestion 2026),"Frein — Secteur à rotation faible du foncier nu (DVF arrêté au 31/12/2025, 36 mois)",0.2132,0.1036,-0.0794
97412000CE2803,0.07943,4 permis à moins de 100 m en 24 mois (Sitadel 2013→2025),Frein — Parcelle de 897 m² (cadastre),Zone U au PLU (PLU/GPU en vigueur à l'ingestion 2026),0.2623,-0.1218,0.1036
97411000AT0402,0.07943,Détenue depuis moins d'un an — dernière mutation connue (DVF arrêté au 31/12/2025),9 vente(s) à moins de 150 m en 24 mois (DVF arrêté au 31/12/2025),Zone U au PLU (PLU/GPU en vigueur à l'ingestion 2026),1.248,0.2532,0.1036
97415000DK1006,0.07943,Zone AU au PLU (PLU/GPU en vigueur à l'ingestion 2026),Piscine détectée sur la parcelle (ortho 2026),4 permis à moins de 100 m en 24 mois (Sitadel 2013→2025),0.496,0.3786,0.2623
97422000AD0253,0.07943,Détenue depuis moins d'un an — dernière mutation connue (DVF arrêté au 31/12/2025),Frein — Zone A au PLU (PLU/GPU en vigueur à l'ingestion 2026),Parcelle de 12076 m² (cadastre),1.8108,-0.5621,0.461
97404000AE1574,0.07943,Piscine détectée sur la parcelle (ortho 2026),Parcelle de 531 m² (cadastre),Zone U au PLU (PLU/GPU en vigueur à l'ingestion 2026),0.3786,0.1289,0.1036
97415000AZ0455,0.07943,Parcelle de 351 m² (cadastre),Zone U au PLU (PLU/GPU en vigueur à l'ingestion 2026),11% de ménages pauvres dans le carreau (Filosofi INSEE 2019),0.2132,0.1036,0.0704
97403000AR0807,0.07943,Zone AU au PLU (PLU/GPU en vigueur à l'ingestion 2026),Parcelle de 465 m² (cadastre),"Frein — Secteur à rotation faible du foncier nu (DVF arrêté au 31/12/2025, 36 mois)",0.496,0.2132,-0.0794
97416000ES1465,0.07943,Parcelle de 419 m² (cadastre),"42 m² de SDP résiduelle (résiduel m135, PLU 2026)",Zone U au PLU (PLU/GPU en vigueur à l'ingestion 2026),0.2132,0.1134,0.1036
97405000BE0610,0.07943,Parcelle de 564 m² (cadastre),Zone U au PLU (PLU/GPU en vigueur à l'ingestion 2026),3 permis à moins de 100 m en 24 mois (Sitadel 2013→2025),0.1289,0.1036,0.0926
97413000CX2897,0.07943,Détenue depuis moins d'un an — dernière mutation connue (DVF arrêté au 31/12/2025),Zone AU au PLU (PLU/GPU en vigueur à l'ingestion 2026),Parcelle de 2411 m² (cadastre),1.1814,0.496,0.1888
97415000DE0279,0.07943,Détenue depuis moins d'un an — dernière mutation connue (DVF arrêté au 31/12/2025),Piscine détectée sur la parcelle (ortho 2026),"74 m² de SDP résiduelle (résiduel m135, PLU 2026)",1.0291,0.3786,0.1134
97411000HH0482,0.07943,Parcelle de 39 m² (cadastre),Zone U au PLU (PLU/GPU en vigueur à l'ingestion 2026),"Aucune vente connue depuis au moins 12 ans (DVF arrêté au 31/12/2025, historique 2014+)",0.1894,0.1036,0.0609
97415000CM1479,0.07943,4 permis à moins de 100 m en 24 mois (Sitadel 2013→2025),Zone U au PLU (PLU/GPU en vigueur à l'ingestion 2026),Frein — Secteur densément bâti (BD TOPO 2026),0.2623,0.1036,-0.0578
97404000AC0641,0.07943,Détenue depuis moins d'un an — dernière mutation connue (DVF arrêté au 31/12/2025),Frein — Zone A au PLU (PLU/GPU en vigueur à l'ingestion 2026),Parcelle de 16719 m² (cadastre),1.9094,-0.5621,0.461
97414000DL0137,0.07943,4 permis à moins de 100 m en 24 mois (Sitadel 2013→2025),Parcelle de 567 m² (cadastre),Zone U au PLU (PLU/GPU en vigueur à l'ingestion 2026),0.2623,0.1289,0.1036
97412000BY1743,0.07943,Parcelle de 570 m² (cadastre),7 vente(s) à moins de 150 m en 24 mois (DVF arrêté au 31/12/2025),Zone U au PLU (PLU/GPU en vigueur à l'ingestion 2026),0.1289,0.1161,0.1036
97416000HP0855,0.07943,Parcelle de 558 m² (cadastre),Zone U au PLU (PLU/GPU en vigueur à l'ingestion 2026),6 vente(s) à moins de 150 m en 24 mois (DVF arrêté au 31/12/2025),0.1289,0.1036,0.0781
97415000EV0577,0.07943,Détenue depuis moins d'un an — dernière mutation connue (DVF arrêté au 31/12/2025),Zone AU au PLU (PLU/GPU en vigueur à l'ingestion 2026),Parcelle de 2446 m² (cadastre),1.3307,0.496,0.1888
97404000AT0196,0.07943,"Secteur à rotation faible du foncier nu (DVF arrêté au 31/12/2025, 36 mois)","33 m² de SDP résiduelle (résiduel m135, PLU 2026)",Zone U au PLU (PLU/GPU en vigueur à l'ingestion 2026),0.195,0.1134,0.1036
97411000CR0648,0.07943,Piscine détectée sur la parcelle (ortho 2026),Frein — 0 vente(s) à moins de 150 m en 24 mois (DVF arrêté au 31/12/2025),Parcelle de 101 m² (cadastre),0.3786,-0.2221,0.1336
97412000CX0982,0.07943,Parcelle de 461 m² (cadastre),Zone U au PLU (PLU/GPU en vigueur à l'ingestion 2026),"Frein — Secteur à rotation faible du foncier nu (DVF arrêté au 31/12/2025, 36 mois)",0.2132,0.1036,-0.0794
97416000EM0220,0.07943,Parcelle de 250 m² (cadastre),Zone U au PLU (PLU/GPU en vigueur à l'ingestion 2026),Frein — Secteur densément bâti (BD TOPO 2026),0.2132,0.1036,-0.0955
97412000BW2444,0.07943,Parcelle de 302 m² (cadastre),Zone U au PLU (PLU/GPU en vigueur à l'ingestion 2026),"Secteur à rotation faible du foncier nu (DVF arrêté au 31/12/2025, 36 mois)",0.2132,0.1036,0.0875
97416000DO0066,0.07943,"Frein — Secteur à rotation faible du foncier nu (DVF arrêté au 31/12/2025, 36 mois)",9 vente(s) à moins de 150 m en 24 mois (DVF arrêté au 31/12/2025),Parcelle de 594 m² (cadastre),-0.2583,0.2532,0.1289
97415000AZ0648,0.07943,Parcelle de 453 m² (cadastre),Zone U au PLU (PLU/GPU en vigueur à l'ingestion 2026),11% de ménages pauvres dans le carreau (Filosofi INSEE 2019),0.2132,0.1036,0.0704
97409000AC1036,0.07943,Parcelle de 305 m² (cadastre),Zone U au PLU (PLU/GPU en vigueur à l'ingestion 2026),"Secteur à rotation faible du foncier nu (DVF arrêté au 31/12/2025, 36 mois)",0.2132,0.1036,0.0875
97422000BT1013,0.07943,Parcelle de 513 m² (cadastre),7% de ménages pauvres dans le carreau (Filosofi INSEE 2019),Zone U au PLU (PLU/GPU en vigueur à l'ingestion 2026),0.1289,0.1094,0.1036
97418000BP0575,0.07943,Parcelle de 245 m² (cadastre),Zone U au PLU (PLU/GPU en vigueur à l'ingestion 2026),3 permis à moins de 100 m en 24 mois (Sitadel 2013→2025),0.2132,0.1036,0.0926
97402000AK0974,0.07943,Détenue depuis moins d'un an — dernière mutation connue (DVF arrêté au 31/12/2025),Piscine détectée sur la parcelle (ortho 2026),Parcelle de 1067 m² (cadastre),1.2146,0.3786,0.1302
97414000DN0366,0.07943,Parcelle de 479 m² (cadastre),7 vente(s) à moins de 150 m en 24 mois (DVF arrêté au 31/12/2025),Zone U au PLU (PLU/GPU en vigueur à l'ingestion 2026),0.2132,0.1161,0.1036
97411000HN0638,0.07943,5 permis à moins de 100 m en 24 mois (Sitadel 2013→2025),"Frein — Secteur à rotation faible du foncier nu (DVF arrêté au 31/12/2025, 36 mois)",Parcelle de 161 m² (cadastre),0.2623,-0.2583,0.1336
97409000AL1912,0.07943,Détenue depuis moins d'un an — dernière mutation connue (DVF arrêté au 31/12/2025),18 vente(s) à moins de 150 m en 24 mois (DVF arrêté au 31/12/2025),Parcelle de 3341 m² (cadastre),1.2719,0.2532,0.1888
97401000AR1588,0.07943,"Secteur à rotation faible du foncier nu (DVF arrêté au 31/12/2025, 36 mois)",Parcelle de 88 m² (cadastre),Zone U au PLU (PLU/GPU en vigueur à l'ingestion 2026),0.195,0.1336,0.1036
97415000BI0322,0.07943,8 vente(s) à moins de 150 m en 24 mois (DVF arrêté au 31/12/2025),Zone U au PLU (PLU/GPU en vigueur à l'ingestion 2026),3 permis à moins de 100 m en 24 mois (Sitadel 2013→2025),0.1161,0.1036,0.0926
97415000DK1053,0.07943,Zone AU au PLU (PLU/GPU en vigueur à l'ingestion 2026),Piscine détectée sur la parcelle (ortho 2026),6 permis à moins de 100 m en 24 mois (Sitadel 2013→2025),0.496,0.3786,0.2623
97412000AV1088,0.07943,Détenue depuis moins d'un an — dernière mutation connue (DVF arrêté au 31/12/2025),Frein — Zone A au PLU (PLU/GPU en vigueur à l'ingestion 2026),Parcelle de 23790 m² (cadastre),1.6983,-0.5621,0.461
97418000BK0088,0.07943,Secteur densément bâti (BD TOPO 2026),"Secteur à rotation faible du foncier nu (DVF arrêté au 31/12/2025, 36 mois)",Frein — nan% de ménages pauvres dans le carreau (Filosofi INSEE 2019),0.2553,0.195,-0.136
97414000DT0092,0.07943,"Secteur à rotation faible du foncier nu (DVF arrêté au 31/12/2025, 36 mois)",Parcelle de 422 m² (cadastre),Zone U au PLU (PLU/GPU en vigueur à l'ingestion 2026),0.2864,0.2132,0.1036
97414000CH1940,0.07943,Parcelle de 525 m² (cadastre),7 vente(s) à moins de 150 m en 24 mois (DVF arrêté au 31/12/2025),Zone U au PLU (PLU/GPU en vigueur à l'ingestion 2026),0.1289,0.1161,0.1036
97416000CW1433,0.07943,Parcelle de 277 m² (cadastre),Zone U au PLU (PLU/GPU en vigueur à l'ingestion 2026),5 vente(s) à moins de 150 m en 24 mois (DVF arrêté au 31/12/2025),0.2132,0.1036,0.068
97414000CO1564,0.07943,Parcelle de 188 m² (cadastre),Zone U au PLU (PLU/GPU en vigueur à l'ingestion 2026),Secteur densément bâti (BD TOPO 2026),0.1336,0.1036,0.0981
97412000CY1092,0.07943,Frein — Le propriétaire a vendu une autre parcelle depuis 24 mois (millésimes fonciers PM 2019-2024),8 permis à moins de 100 m en 24 mois (Sitadel 2013→2025),9 vente(s) à moins de 150 m en 24 mois (DVF arrêté au 31/12/2025),-0.6133,0.2623,0.2532
97424000AE0394,0.07943,Détenue depuis moins d'un an — dernière mutation connue (DVF arrêté au 31/12/2025),Zone AU au PLU (PLU/GPU en vigueur à l'ingestion 2026),Parcelle de 6848 m² (cadastre),1.2731,0.496,0.2462
97413000CX2822,0.07943,Parcelle de 106 m² (cadastre),Zone U au PLU (PLU/GPU en vigueur à l'ingestion 2026),"Secteur à rotation faible du foncier nu (DVF arrêté au 31/12/2025, 36 mois)",0.1336,0.1036,0.0875
97414000DY0621,0.07943,Parcelle de 317 m² (cadastre),"Frein — Secteur à rotation faible du bâti (DVF arrêté au 31/12/2025, 36 mois)",Candidat photovoltaïque (ortho 2026),0.2132,-0.1576,0.1253
97410000BM1402,0.07943,Parcelle de 276 m² (cadastre),"48 m² de SDP résiduelle (résiduel m135, PLU 2026)",Zone U au PLU (PLU/GPU en vigueur à l'ingestion 2026),0.2132,0.1134,0.1036
97416000IK0515,0.07943,Parcelle de 252 m² (cadastre),"Frein — Secteur à rotation faible du foncier nu (DVF arrêté au 31/12/2025, 36 mois)",8 vente(s) à moins de 150 m en 24 mois (DVF arrêté au 31/12/2025),0.2132,-0.1238,0.1161
97422000BS1761,0.07943,Parcelle de 47 m² (cadastre),6% de ménages pauvres dans le carreau (Filosofi INSEE 2019),Zone U au PLU (PLU/GPU en vigueur à l'ingestion 2026),0.1336,0.1094,0.1036
97422000CX0570,0.07943,Zone AU au PLU (PLU/GPU en vigueur à l'ingestion 2026),6 permis à moins de 100 m en 24 mois (Sitadel 2013→2025),Frein — Parcelle de 1187 m² (cadastre),0.496,0.2623,-0.2395
97405000AZ0916,0.07943,6 permis à moins de 100 m en 24 mois (Sitadel 2013→2025),Parcelle de 278 m² (cadastre),Zone U au PLU (PLU/GPU en vigueur à l'ingestion 2026),0.2623,0.2132,0.1036
97402000AH1579,0.07943,5 permis à moins de 100 m en 24 mois (Sitadel 2013→2025),Parcelle de 278 m² (cadastre),Zone U au PLU (PLU/GPU en vigueur à l'ingestion 2026),0.2623,0.2132,0.1036
97414000ET2223,0.07943,Parcelle de 338 m² (cadastre),Zone U au PLU (PLU/GPU en vigueur à l'ingestion 2026),3 permis à moins de 100 m en 24 mois (Sitadel 2013→2025),0.2132,0.1036,0.0926
97414000HE0006,0.07943,4 permis à moins de 100 m en 24 mois (Sitadel 2013→2025),Parcelle de 293 m² (cadastre),Zone U au PLU (PLU/GPU en vigueur à l'ingestion 2026),0.2623,0.2132,0.1036
97422000CX1259,0.07943,Parcelle de 455 m² (cadastre),Zone U au PLU (PLU/GPU en vigueur à l'ingestion 2026),"Aucune vente connue depuis au moins 12 ans (DVF arrêté au 31/12/2025, historique 2014+)",0.2132,0.1036,0.063
97405000BE1083,0.07943,Parcelle de 250 m² (cadastre),Zone U au PLU (PLU/GPU en vigueur à l'ingestion 2026),"Secteur à rotation faible du foncier nu (DVF arrêté au 31/12/2025, 36 mois)",0.2132,0.1036,0.0875
97410000BV0784,0.07943,Détenue depuis moins d'un an — dernière mutation connue (DVF arrêté au 31/12/2025),Zone AU au PLU (PLU/GPU en vigueur à l'ingestion 2026),Parcelle de 1452 m² (cadastre),1.2719,0.496,0.1888
97411000AY0121,0.07943,Parcelle de 264 m² (cadastre),Zone U au PLU (PLU/GPU en vigueur à l'ingestion 2026),Frein — Secteur densément bâti (BD TOPO 2026),0.2132,0.1036,-0.0955
97417000AZ0021,0.07716,Détenue depuis moins d'un an — dernière mutation connue (DVF arrêté au 31/12/2025),Parcelle de 27924 m² (cadastre),Secteur densément bâti (BD TOPO 2026),1.5423,0.461,0.2553
97422000BK1947,0.06911,Détenue depuis moins d'un an — dernière mutation connue (DVF arrêté au 31/12/2025),Zone AU au PLU (PLU/GPU en vigueur à l'ingestion 2026),"Zone sans droits à bâtir (résiduel m135, PLU 2026)",1.0021,0.496,0.1014
97415000DI0079,0.06911,Détenue depuis moins d'un an — dernière mutation connue (DVF arrêté au 31/12/2025),Parcelle de 1157 m² (cadastre),7 vente(s) à moins de 150 m en 24 mois (DVF arrêté au 31/12/2025),1.3746,0.1302,0.1161
97418000AC0261,0.06911,Parcelle de 415 m² (cadastre),Zone U au PLU (PLU/GPU en vigueur à l'ingestion 2026),"Aucune vente connue depuis au moins 12 ans (DVF arrêté au 31/12/2025, historique 2014+)",0.2132,0.1036,0.0611
97416000ET2166,0.06911,Frein — Le propriétaire a vendu une autre parcelle depuis 24 mois (millésimes fonciers PM 2019-2024),8 permis à moins de 100 m en 24 mois (Sitadel 2013→2025),Parcelle de 270 m² (cadastre),-0.6133,0.2623,0.2132
97414000EL2399,0.06911,Parcelle de 16 m² (cadastre),"Frein — Secteur à rotation faible du foncier nu (DVF arrêté au 31/12/2025, 36 mois)",Zone U au PLU (PLU/GPU en vigueur à l'ingestion 2026),0.1894,-0.1238,0.1036
97411000DS0837,0.06911,Frein — Le propriétaire a vendu une autre parcelle depuis 24 mois (millésimes fonciers PM 2019-2024),4 permis à moins de 100 m en 24 mois (Sitadel 2013→2025),10 vente(s) à moins de 150 m en 24 mois (DVF arrêté au 31/12/2025),-0.6133,0.2623,0.2532
97415000CZ1087,0.06911,4 permis à moins de 100 m en 24 mois (Sitadel 2013→2025),Parcelle de 542 m² (cadastre),Zone U au PLU (PLU/GPU en vigueur à l'ingestion 2026),0.2623,0.1289,0.1036
97414000EO0636,0.06911,Zone AU au PLU (PLU/GPU en vigueur à l'ingestion 2026),"Secteur à rotation faible du foncier nu (DVF arrêté au 31/12/2025, 36 mois)",Frein — 1 vente(s) à moins de 150 m en 24 mois (DVF arrêté au 31/12/2025),0.496,0.0875,-0.0735
97422000BD3530,0.06911,Détenue depuis moins d'un an — dernière mutation connue (DVF arrêté au 31/12/2025),Zone AU au PLU (PLU/GPU en vigueur à l'ingestion 2026),9 vente(s) à moins de 150 m en 24 mois (DVF arrêté au 31/12/2025),0.7542,0.496,0.2532
97422000AL0905,0.06911,Détenue depuis moins d'un an — dernière mutation connue (DVF arrêté au 31/12/2025),Frein — Zone A au PLU (PLU/GPU en vigueur à l'ingestion 2026),Parcelle de 23217 m² (cadastre),1.7837,-0.5621,0.461
97415000BE0027,0.06911,Secteur densément bâti (BD TOPO 2026),Zone U au PLU (PLU/GPU en vigueur à l'ingestion 2026),"Frein — Secteur à rotation faible du foncier nu (DVF arrêté au 31/12/2025, 36 mois)",0.2553,0.1036,-0.0794
97409000AY0068,0.06911,Parcelle de 529 m² (cadastre),Zone U au PLU (PLU/GPU en vigueur à l'ingestion 2026),"Frein — 353 m² de SDP résiduelle (résiduel m135, PLU 2026)",0.1289,0.1036,-0.0619
97422000CI0198,0.06911,Détenue depuis moins d'un an — dernière mutation connue (DVF arrêté au 31/12/2025),Candidat photovoltaïque (ortho 2026),7 vente(s) à moins de 150 m en 24 mois (DVF arrêté au 31/12/2025),1.248,0.1253,0.1161
97415000CM2270,0.06911,4 permis à moins de 100 m en 24 mois (Sitadel 2013→2025),Parcelle de 75 m² (cadastre),Zone U au PLU (PLU/GPU en vigueur à l'ingestion 2026),0.2623,0.1336,0.1036
97409000BH0549,0.06911,"Frein — Secteur à rotation faible du foncier nu (DVF arrêté au 31/12/2025, 36 mois)",Parcelle de 306 m² (cadastre),"27 m² de SDP résiduelle (résiduel m135, PLU 2026)",-0.2583,0.2132,0.1134
97411000AS0185,0.06911,Parcelle de 487 m² (cadastre),"Frein — Secteur à rotation faible du foncier nu (DVF arrêté au 31/12/2025, 36 mois)",Zone U au PLU (PLU/GPU en vigueur à l'ingestion 2026),0.2132,-0.1238,0.1036
97403000AR1424,0.06911,Parcelle de 140 m² (cadastre),Zone U au PLU (PLU/GPU en vigueur à l'ingestion 2026),3 permis à moins de 100 m en 24 mois (Sitadel 2013→2025),0.1336,0.1036,0.0926
97421000BD0177,0.06911,Détenue depuis moins d'un an — dernière mutation connue (DVF arrêté au 31/12/2025),Zone AU au PLU (PLU/GPU en vigueur à l'ingestion 2026),Parcelle de 1156 m² (cadastre),1.2146,0.496,0.1302
97409000BM0588,0.06911,Détenue depuis moins d'un an — dernière mutation connue (DVF arrêté au 31/12/2025),Parcelle de 3155 m² (cadastre),Zone U au PLU (PLU/GPU en vigueur à l'ingestion 2026),1.3307,0.1888,0.1036
97416000EX1750,0.06911,"Secteur à rotation faible du foncier nu (DVF arrêté au 31/12/2025, 36 mois)",Zone U au PLU (PLU/GPU en vigueur à l'ingestion 2026),"Aucune vente connue depuis au moins 12 ans (DVF arrêté au 31/12/2025, historique 2014+)",0.1121,0.1036,0.0525
97405000BI1064,0.06911,7 vente(s) à moins de 150 m en 24 mois (DVF arrêté au 31/12/2025),"Secteur à rotation faible du foncier nu (DVF arrêté au 31/12/2025, 36 mois)",Zone U au PLU (PLU/GPU en vigueur à l'ingestion 2026),0.1161,0.1121,0.1036
97416000ID0695,0.06911,Parcelle de 270 m² (cadastre),"Frein — Secteur à rotation faible du foncier nu (DVF arrêté au 31/12/2025, 36 mois)",Zone U au PLU (PLU/GPU en vigueur à l'ingestion 2026),0.2132,-0.1238,0.1036
97414000DT0669,0.06911,Détenue depuis moins d'un an — dernière mutation connue (DVF arrêté au 31/12/2025),Piscine détectée sur la parcelle (ortho 2026),Parcelle de 1137 m² (cadastre),0.8873,0.3786,0.1302
97408000AC2409,0.06911,15 vente(s) à moins de 150 m en 24 mois (DVF arrêté au 31/12/2025),Frein — Parcelle de 1176 m² (cadastre),"Secteur à rotation faible du foncier nu (DVF arrêté au 31/12/2025, 36 mois)",0.2532,-0.2395,0.195
97413000CL0271,0.06911,Parcelle de 283 m² (cadastre),Zone U au PLU (PLU/GPU en vigueur à l'ingestion 2026),Secteur densément bâti (BD TOPO 2026),0.2132,0.1036,0.0981
97415000BW0434,0.06911,Piscine détectée sur la parcelle (ortho 2026),Frein — Parcelle de 2592 m² (cadastre),"Secteur à rotation faible du foncier nu (DVF arrêté au 31/12/2025, 36 mois)",0.3786,-0.3473,0.195
97404000AX0140,0.06911,Parcelle de 511 m² (cadastre),Zone U au PLU (PLU/GPU en vigueur à l'ingestion 2026),3 permis à moins de 100 m en 24 mois (Sitadel 2013→2025),0.1289,0.1036,0.0926
97409000AP0730,0.06911,Parcelle de 316 m² (cadastre),Zone U au PLU (PLU/GPU en vigueur à l'ingestion 2026),3 permis à moins de 100 m en 24 mois (Sitadel 2013→2025),0.2132,0.1036,0.0926
97416000IM0157,0.06911,Parcelle de 336 m² (cadastre),"Frein — Secteur à rotation faible du foncier nu (DVF arrêté au 31/12/2025, 36 mois)",Zone U au PLU (PLU/GPU en vigueur à l'ingestion 2026),0.2132,-0.1238,0.1036
97410000AY0102,0.06911,Détenue depuis moins d'un an — dernière mutation connue (DVF arrêté au 31/12/2025),Frein — Zone A au PLU (PLU/GPU en vigueur à l'ingestion 2026),Parcelle de 80068 m² (cadastre),1.6241,-0.5621,0.461
97415000AR0190,0.06911,Détenue depuis moins d'un an — dernière mutation connue (DVF arrêté au 31/12/2025),Frein — Zone N au PLU (PLU/GPU en vigueur à l'ingestion 2026),Parcelle de 15953 m² (cadastre),1.6241,-0.5326,0.461
97409000AS0728,0.06911,Parcelle de 502 m² (cadastre),Zone U au PLU (PLU/GPU en vigueur à l'ingestion 2026),"Frein — Secteur à rotation faible du foncier nu (DVF arrêté au 31/12/2025, 36 mois)",0.1289,0.1036,-0.0794
97413000BH0759,0.06911,Parcelle de 307 m² (cadastre),Zone U au PLU (PLU/GPU en vigueur à l'ingestion 2026),Secteur densément bâti (BD TOPO 2026),0.2132,0.1036,0.0981
97423000AB1333,0.06911,Détenue depuis 1 à 2 ans — dernière mutation connue (DVF arrêté au 31/12/2025),Zone AU au PLU (PLU/GPU en vigueur à l'ingestion 2026),14 permis à moins de 100 m en 24 mois (Sitadel 2013→2025),0.5931,0.496,0.2623
97410000AY0103,0.06911,Détenue depuis moins d'un an — dernière mutation connue (DVF arrêté au 31/12/2025),Frein — Zone A au PLU (PLU/GPU en vigueur à l'ingestion 2026),Parcelle de 60603 m² (cadastre),1.6241,-0.5621,0.461
97413000DE0915,0.06911,Détenue depuis moins d'un an — dernière mutation connue (DVF arrêté au 31/12/2025),11 vente(s) à moins de 150 m en 24 mois (DVF arrêté au 31/12/2025),Parcelle de 1494 m² (cadastre),1.2448,0.2532,0.1888
97424000AB0021,0.06911,Détenue depuis moins d'un an — dernière mutation connue (DVF arrêté au 31/12/2025),Frein — Zone N au PLU (PLU/GPU en vigueur à l'ingestion 2026),Parcelle de 24288 m² (cadastre),1.5423,-0.5326,0.461
97411000KE0298,0.06911,Détenue depuis moins d'un an — dernière mutation connue (DVF arrêté au 31/12/2025),Piscine détectée sur la parcelle (ortho 2026),12 vente(s) à moins de 150 m en 24 mois (DVF arrêté au 31/12/2025),0.8163,0.3786,0.2532
97411000HE0548,0.06911,Parcelle de 512 m² (cadastre),Zone U au PLU (PLU/GPU en vigueur à l'ingestion 2026),Frein — Secteur densément bâti (BD TOPO 2026),0.1289,0.1036,-0.0955
97404000AX0334,0.06911,Parcelle de 306 m² (cadastre),Zone U au PLU (PLU/GPU en vigueur à l'ingestion 2026),"124 m² de SDP résiduelle (résiduel m135, PLU 2026)",0.2132,0.1036,0.0643
97424000AI2414,0.06911,"Secteur à rotation faible du foncier nu (DVF arrêté au 31/12/2025, 36 mois)",Zone U au PLU (PLU/GPU en vigueur à l'ingestion 2026),5 vente(s) à moins de 150 m en 24 mois (DVF arrêté au 31/12/2025),0.195,0.1036,0.068
97416000DW0420,0.06911,Parcelle de 413 m² (cadastre),Zone U au PLU (PLU/GPU en vigueur à l'ingestion 2026),Frein — Secteur densément bâti (BD TOPO 2026),0.2132,0.1036,-0.0955
97410000BV0783,0.06911,Détenue depuis moins d'un an — dernière mutation connue (DVF arrêté au 31/12/2025),Zone AU au PLU (PLU/GPU en vigueur à l'ingestion 2026),Parcelle de 1097 m² (cadastre),1.1558,0.496,0.1302
97403000AR1483,0.06911,Parcelle de 244 m² (cadastre),Zone U au PLU (PLU/GPU en vigueur à l'ingestion 2026),"Frein — Secteur à rotation faible du foncier nu (DVF arrêté au 31/12/2025, 36 mois)",0.2132,0.1036,-0.0794
97412000BP0462,0.01592,Zone U au PLU (PLU/GPU en vigueur à l'ingestion 2026),Parcelle de 417 m² (cadastre),"Frein — Secteur à rotation faible du foncier nu (DVF arrêté au 31/12/2025, 36 mois)",0.1036,0.1016,-0.0697
97410000BS0330,0.0088,Frein — Zone A au PLU (PLU/GPU en vigueur à l'ingestion 2026),Frein — Parcelle de 19872 m² (cadastre),Frein — 0 vente(s) à moins de 150 m en 24 mois (DVF arrêté au 31/12/2025),-0.5621,-0.5284,-0.2221
97422000BS1647,0.01087,Frein — 0 vente(s) à moins de 150 m en 24 mois (DVF arrêté au 31/12/2025),Zone U au PLU (PLU/GPU en vigueur à l'ingestion 2026),Frein — 0 permis à moins de 100 m en 24 mois (Sitadel 2013→2025),-0.2221,0.1036,-0.0784
97421000AV0702,0.0101,Frein — Le propriétaire a vendu une autre parcelle depuis 24 mois (millésimes fonciers PM 2019-2024),Zone U au PLU (PLU/GPU en vigueur à l'ingestion 2026),Frein — 49 ventes dans la commune l'an dernier (DVF arrêté au 31/12/2025),-0.6133,0.1036,-0.1
97416000HV0546,0.01674,Zone U au PLU (PLU/GPU en vigueur à l'ingestion 2026),Parcelle de 97 m² (cadastre),5 vente(s) à moins de 150 m en 24 mois (DVF arrêté au 31/12/2025),0.1036,0.0832,0.068
97409000AR2319,0.01592,Parcelle de 39 m² (cadastre),Zone U au PLU (PLU/GPU en vigueur à l'ingestion 2026),Frein — 0 permis à moins de 100 m en 24 mois (Sitadel 2013→2025),0.118,0.1036,-0.0784
97408000AB0247,0.01464,Frein — Zone N au PLU (PLU/GPU en vigueur à l'ingestion 2026),"Secteur à rotation faible du foncier nu (DVF arrêté au 31/12/2025, 36 mois)",Frein — Parcelle de 7627 m² (cadastre),-0.5326,0.2864,-0.2822
97416000EI0873,0.01464,Zone U au PLU (PLU/GPU en vigueur à l'ingestion 2026),Parcelle de 563 m² (cadastre),"Frein — Secteur à rotation faible du foncier nu (DVF arrêté au 31/12/2025, 36 mois)",0.1036,0.0803,-0.0794
97418000AI0752,0.01258,"Frein — Secteur à rotation faible du bâti (DVF arrêté au 31/12/2025, 36 mois)",Zone U au PLU (PLU/GPU en vigueur à l'ingestion 2026),Secteur densément bâti (BD TOPO 2026),-0.1102,0.1036,0.0981
97417000BD1088,0.0092,Frein — Zone inconnu au PLU (PLU/GPU en vigueur à l'ingestion 2026),Frein — Parcelle de 1050 m² (cadastre),"Frein — Aucune vente connue depuis au moins 12 ans (DVF arrêté au 31/12/2025, historique 2014+)",-0.1636,-0.1492,-0.102
97414000HI0114,0.0092,Frein — Zone A au PLU (PLU/GPU en vigueur à l'ingestion 2026),Frein — Parcelle de 8955 m² (cadastre),"Frein — Aucune vente connue depuis au moins 12 ans (DVF arrêté au 31/12/2025, historique 2014+)",-0.5621,-0.2822,-0.1212
97409000AT0655,0.0101,Frein — Parcelle de 1182 m² (cadastre),Zone U au PLU (PLU/GPU en vigueur à l'ingestion 2026),"Frein — Aucune vente connue depuis au moins 12 ans (DVF arrêté au 31/12/2025, historique 2014+)",-0.1492,0.1036,-0.102
97410000CL0801,0.0092,Frein — Zone A au PLU (PLU/GPU en vigueur à l'ingestion 2026),Secteur densément bâti (BD TOPO 2026),Frein — 0 vente(s) à moins de 150 m en 24 mois (DVF arrêté au 31/12/2025),-0.5621,0.2553,-0.2221
97422000BR1511,0.02183,Détenue depuis 5 à 8 ans — dernière mutation connue (DVF arrêté au 31/12/2025),Candidat photovoltaïque (ortho 2026),Zone U au PLU (PLU/GPU en vigueur à l'ingestion 2026),0.3384,0.1253,0.1036
97420000AS1328,0.01211,Zone U au PLU (PLU/GPU en vigueur à l'ingestion 2026),Parcelle de 541 m² (cadastre),Frein — 0 permis à moins de 100 m en 24 mois (Sitadel 2013→2025),0.1036,0.0803,-0.0784
97415000CV1223,0.02316,Détenue depuis 1 à 2 ans — dernière mutation connue (DVF arrêté au 31/12/2025),Zone U au PLU (PLU/GPU en vigueur à l'ingestion 2026),"90 m² de SDP résiduelle (résiduel m135, PLU 2026)",0.4279,0.1036,0.0643
97409000AS0528,0.01134,Frein — Parcelle de 2126 m² (cadastre),"Frein — Aucune vente connue depuis au moins 12 ans (DVF arrêté au 31/12/2025, historique 2014+)",Zone U au PLU (PLU/GPU en vigueur à l'ingestion 2026),-0.2164,-0.1117,0.1036
97414000CP0434,0.0088,Frein — Le propriétaire a vendu une autre parcelle depuis 24 mois (millésimes fonciers PM 2019-2024),Frein — Zone A au PLU (PLU/GPU en vigueur à l'ingestion 2026),Frein — Parcelle de 1220 m² (cadastre),-0.6133,-0.5621,-0.1492
97414000DR0305,0.01294,Parcelle de 417 m² (cadastre),Zone U au PLU (PLU/GPU en vigueur à l'ingestion 2026),"Frein — Secteur à rotation faible du foncier nu (DVF arrêté au 31/12/2025, 36 mois)",0.1328,0.1036,-0.0794
97418000AR2229,0.0101,Frein — Le propriétaire a vendu une autre parcelle depuis 24 mois (millésimes fonciers PM 2019-2024),Zone U au PLU (PLU/GPU en vigueur à l'ingestion 2026),Parcelle de 49 m² (cadastre),-0.6133,0.1036,0.0832
97416000CV0568,0.01134,Frein — Parcelle de 4046 m² (cadastre),"Frein — Aucune vente connue depuis au moins 12 ans (DVF arrêté au 31/12/2025, historique 2014+)",Zone U au PLU (PLU/GPU en vigueur à l'ingestion 2026),-0.2164,-0.1117,0.1036
97412000BO0411,0.0092,Frein — Le propriétaire a vendu une autre parcelle depuis 24 mois (millésimes fonciers PM 2019-2024),Parcelle de 449 m² (cadastre),Zone U au PLU (PLU/GPU en vigueur à l'ingestion 2026),-0.6133,0.1328,0.1036
97414000EM0723,0.0092,Frein — Zone A au PLU (PLU/GPU en vigueur à l'ingestion 2026),Frein — Parcelle de 11338 m² (cadastre),"Frein — Aucune vente connue depuis au moins 12 ans (DVF arrêté au 31/12/2025, historique 2014+)",-0.5621,-0.2822,-0.1182
97409000AT1587,0.01134,Frein — 0 vente(s) à moins de 150 m en 24 mois (DVF arrêté au 31/12/2025),Zone U au PLU (PLU/GPU en vigueur à l'ingestion 2026),Parcelle de 520 m² (cadastre),-0.2221,0.1036,0.0803
97422000CX1018,0.01674,Candidat photovoltaïque (ortho 2026),Zone U au PLU (PLU/GPU en vigueur à l'ingestion 2026),Parcelle de 537 m² (cadastre),0.1253,0.1036,0.0803
97407000BA0160,0.01211,Zone U au PLU (PLU/GPU en vigueur à l'ingestion 2026),Parcelle de 233 m² (cadastre),"Frein — Secteur à rotation faible du foncier nu (DVF arrêté au 31/12/2025, 36 mois)",0.1036,0.0832,-0.0794
97418000AO1614,0.0101,Frein — 0 vente(s) à moins de 150 m en 24 mois (DVF arrêté au 31/12/2025),"71 m² de SDP résiduelle (résiduel m135, PLU 2026)","Frein — Secteur à rotation faible du bâti (DVF arrêté au 31/12/2025, 36 mois)",-0.2221,0.1134,-0.1102
97412000AM0530,0.02316,"Secteur à rotation faible du foncier nu (DVF arrêté au 31/12/2025, 36 mois)",Parcelle de 486 m² (cadastre),"44 m² de SDP résiduelle (résiduel m135, PLU 2026)",0.195,0.1328,0.1134
97406000AM0758,0.01211,Frein — 0 vente(s) à moins de 150 m en 24 mois (DVF arrêté au 31/12/2025),"Secteur à rotation faible du foncier nu (DVF arrêté au 31/12/2025, 36 mois)",Frein — Parcelle de 1146 m² (cadastre),-0.2221,0.195,-0.1492
97416000HZ0400,0.0101,Frein — Le propriétaire a vendu une autre parcelle depuis 24 mois (millésimes fonciers PM 2019-2024),5 permis à moins de 100 m en 24 mois (Sitadel 2013→2025),15 vente(s) à moins de 150 m en 24 mois (DVF arrêté au 31/12/2025),-0.6133,0.2623,0.2532
97415000BW1706,0.01592,Détenue depuis 3 à 5 ans — dernière mutation connue (DVF arrêté au 31/12/2025),Frein — 0 vente(s) à moins de 150 m en 24 mois (DVF arrêté au 31/12/2025),"Secteur à rotation faible du foncier nu (DVF arrêté au 31/12/2025, 36 mois)",0.3944,-0.2221,0.107
97402000AI1197,0.01258,Frein — 0 vente(s) à moins de 150 m en 24 mois (DVF arrêté au 31/12/2025),5% de ménages pauvres dans le carreau (Filosofi INSEE 2019),Zone U au PLU (PLU/GPU en vigueur à l'ingestion 2026),-0.2221,0.1094,0.1036
97416000IA1117,0.0092,Frein — Zone N au PLU (PLU/GPU en vigueur à l'ingestion 2026),Frein — Parcelle de 2527 m² (cadastre),"Frein — Aucune vente connue depuis au moins 12 ans (DVF arrêté au 31/12/2025, historique 2014+)",-0.5326,-0.2164,-0.1068
97420000BH0758,0.01464,Parcelle de 327 m² (cadastre),Zone U au PLU (PLU/GPU en vigueur à l'ingestion 2026),"Frein — Aucune vente connue depuis au moins 12 ans (DVF arrêté au 31/12/2025, historique 2014+)",0.1328,0.1036,-0.058
97415000CD0083,0.0092,Frein — Zone N au PLU (PLU/GPU en vigueur à l'ingestion 2026),Frein — Parcelle de 11548 m² (cadastre),Frein — nan% de ménages pauvres dans le carreau (Filosofi INSEE 2019),-0.5326,-0.2822,-0.136
97411000CE0747,0.01211,Frein — Parcelle de 2498 m² (cadastre),"Frein — Aucune vente connue depuis au moins 12 ans (DVF arrêté au 31/12/2025, historique 2014+)",Zone U au PLU (PLU/GPU en vigueur à l'ingestion 2026),-0.2164,-0.1068,0.1036
97415000EW0426,0.02316,Détenue depuis 5 à 8 ans — dernière mutation connue (DVF arrêté au 31/12/2025),Zone U au PLU (PLU/GPU en vigueur à l'ingestion 2026),9% de ménages pauvres dans le carreau (Filosofi INSEE 2019),0.3242,0.1036,0.0704
97416000HO0729,0.01592,Parcelle de 448 m² (cadastre),Zone U au PLU (PLU/GPU en vigueur à l'ingestion 2026),3 permis à moins de 100 m en 24 mois (Sitadel 2013→2025),0.1328,0.1036,0.0926
97415000BW0451,0.01464,"Secteur à rotation faible du foncier nu (DVF arrêté au 31/12/2025, 36 mois)",Frein — Parcelle de 1245 m² (cadastre),Zone U au PLU (PLU/GPU en vigueur à l'ingestion 2026),0.1713,-0.1698,0.1036
97410000BX1042,0.0101,Frein — Zone N au PLU (PLU/GPU en vigueur à l'ingestion 2026),Candidat photovoltaïque (ortho 2026),"Zone sans droits à bâtir (résiduel m135, PLU 2026)",-0.5326,0.1253,0.1014
97422000AE0616,0.01592,Piscine détectée sur la parcelle (ortho 2026),Frein — Parcelle de 2227 m² (cadastre),"Secteur à rotation faible du foncier nu (DVF arrêté au 31/12/2025, 36 mois)",0.3786,-0.2206,0.1121
97419000AX0064,0.0092,Frein — Zone A au PLU (PLU/GPU en vigueur à l'ingestion 2026),Frein — 0 vente(s) à moins de 150 m en 24 mois (DVF arrêté au 31/12/2025),Parcelle de 399 m² (cadastre),-0.5621,-0.2221,0.1328
97401000AD0882,0.03466,Frein — Parcelle de 1594 m² (cadastre),"Secteur à rotation faible du foncier nu (DVF arrêté au 31/12/2025, 36 mois)",Zone U au PLU (PLU/GPU en vigueur à l'ingestion 2026),-0.3473,0.1121,0.1036
97401000AS0659,0.01244,Zone U au PLU (PLU/GPU en vigueur à l'ingestion 2026),Frein — Secteur densément bâti (BD TOPO 2026),"Frein — Aucune vente connue depuis au moins 12 ans (DVF arrêté au 31/12/2025, historique 2014+)",0.1036,-0.0955,-0.0811
97416000HX1530,0.02183,Détenue depuis 1 à 2 ans — dernière mutation connue (DVF arrêté au 31/12/2025),Zone U au PLU (PLU/GPU en vigueur à l'ingestion 2026),Frein — 0 permis à moins de 100 m en 24 mois (Sitadel 2013→2025),0.4279,0.1036,-0.0784
97422000CE0582,0.01592,8 vente(s) à moins de 150 m en 24 mois (DVF arrêté au 31/12/2025),Zone U au PLU (PLU/GPU en vigueur à l'ingestion 2026),Parcelle de 203 m² (cadastre),0.1161,0.1036,0.0832
97411000DR0605,0.01464,Frein — Le propriétaire a vendu une autre parcelle depuis 24 mois (millésimes fonciers PM 2019-2024),12 vente(s) à moins de 150 m en 24 mois (DVF arrêté au 31/12/2025),"Secteur à rotation faible du foncier nu (DVF arrêté au 31/12/2025, 36 mois)",-0.6133,0.2532,0.195
97412000AL0402,0.02843,Détenue depuis moins d'un an — dernière mutation connue (DVF arrêté au 31/12/2025),Frein — Zone A au PLU (PLU/GPU en vigueur à l'ingestion 2026),Secteur densément bâti (BD TOPO 2026),1.1814,-0.5621,0.2553
97410000AH1125,0.01134,Zone U au PLU (PLU/GPU en vigueur à l'ingestion 2026),"Secteur à rotation faible du foncier nu (DVF arrêté au 31/12/2025, 36 mois)",Frein — 0 permis à moins de 100 m en 24 mois (Sitadel 2013→2025),0.1036,0.0875,-0.0784
97413000BD0173,0.0101,Secteur densément bâti (BD TOPO 2026),Frein — 0 vente(s) à moins de 150 m en 24 mois (DVF arrêté au 31/12/2025),Zone U au PLU (PLU/GPU en vigueur à l'ingestion 2026),0.2553,-0.2221,0.1036
97415000EY0781,0.0092,Frein — Le propriétaire a vendu une autre parcelle depuis 24 mois (millésimes fonciers PM 2019-2024),Frein — Parcelle de 1659 m² (cadastre),"Frein — Aucune vente connue depuis au moins 12 ans (DVF arrêté au 31/12/2025, historique 2014+)",-0.6133,-0.2164,-0.1117
97411000BK0007,0.01464,"Frein — Secteur à rotation faible du foncier nu (DVF arrêté au 31/12/2025, 36 mois)",Parcelle de 424 m² (cadastre),Zone U au PLU (PLU/GPU en vigueur à l'ingestion 2026),-0.2583,0.1328,0.1036
97412000BP0144,0.02316,4 permis à moins de 100 m en 24 mois (Sitadel 2013→2025),9 vente(s) à moins de 150 m en 24 mois (DVF arrêté au 31/12/2025),Parcelle de 253 m² (cadastre),0.2623,0.2532,0.1328
97416000DM0305,0.01464,Parcelle de 399 m² (cadastre),Zone U au PLU (PLU/GPU en vigueur à l'ingestion 2026),"Frein — Secteur à rotation faible du foncier nu (DVF arrêté au 31/12/2025, 36 mois)",0.1328,0.1036,-0.0794
97412000AH1063,0.01294,Zone U au PLU (PLU/GPU en vigueur à l'ingestion 2026),Secteur densément bâti (BD TOPO 2026),Frein — 0 permis à moins de 100 m en 24 mois (Sitadel 2013→2025),0.1036,0.0981,-0.0784
97412000AY0026,0.0092,Frein — Zone N au PLU (PLU/GPU en vigueur à l'ingestion 2026),Frein — Parcelle de 3306 m² (cadastre),Frein — nan% de ménages pauvres dans le carreau (Filosofi INSEE 2019),-0.5326,-0.2164,-0.136
97413000CY0823,0.01244,Zone U au PLU (PLU/GPU en vigueur à l'ingestion 2026),"Secteur à rotation faible du foncier nu (DVF arrêté au 31/12/2025, 36 mois)","Frein — Aucune vente connue depuis au moins 12 ans (DVF arrêté au 31/12/2025, historique 2014+)",0.1036,0.0875,-0.0685
97410000BN0729,0.0101,"Frein — Secteur à rotation faible du foncier nu (DVF arrêté au 31/12/2025, 36 mois)",Parcelle de 25 m² (cadastre),Zone U au PLU (PLU/GPU en vigueur à l'ingestion 2026),-0.2583,0.118,0.1036
97417000BC0757,0.02316,Piscine détectée sur la parcelle (ortho 2026),Détenue depuis 3 à 5 ans — dernière mutation connue (DVF arrêté au 31/12/2025),Frein — Zone inconnu au PLU (PLU/GPU en vigueur à l'ingestion 2026),0.3786,0.3569,-0.1636
97416000IL0684,0.0101,Frein — 0 vente(s) à moins de 150 m en 24 mois (DVF arrêté au 31/12/2025),Zone U au PLU (PLU/GPU en vigueur à l'ingestion 2026),Parcelle de 219 m² (cadastre),-0.2221,0.1036,0.0832
97414000CE0111,0.0092,Frein — Zone A au PLU (PLU/GPU en vigueur à l'ingestion 2026),Frein — Parcelle de 13770 m² (cadastre),Secteur densément bâti (BD TOPO 2026),-0.5621,-0.5284,0.2553
97411000DN0017,0.02494,Détenue depuis 1 à 2 ans — dernière mutation connue (DVF arrêté au 31/12/2025),Zone U au PLU (PLU/GPU en vigueur à l'ingestion 2026),"Secteur à rotation faible du bâti (DVF arrêté au 31/12/2025, 36 mois)",0.5913,0.1036,0.0808
97415000BS0177,0.0101,Frein — Le propriétaire a vendu une autre parcelle depuis 24 mois (millésimes fonciers PM 2019-2024),Parcelle de 355 m² (cadastre),Zone U au PLU (PLU/GPU en vigueur à l'ingestion 2026),-0.6133,0.1328,0.1036
97409000BM0374,0.01464,Parcelle de 374 m² (cadastre),Zone U au PLU (PLU/GPU en vigueur à l'ingestion 2026),"Frein — Secteur à rotation faible du foncier nu (DVF arrêté au 31/12/2025, 36 mois)",0.1328,0.1036,-0.0794
97412000BW2486,0.01754,12 vente(s) à moins de 150 m en 24 mois (DVF arrêté au 31/12/2025),Parcelle de 327 m² (cadastre),Zone U au PLU (PLU/GPU en vigueur à l'ingestion 2026),0.2532,0.1328,0.1036
97422000BE0267,0.01134,Zone U au PLU (PLU/GPU en vigueur à l'ingestion 2026),"Frein — 684 m² de SDP résiduelle (résiduel m135, PLU 2026)","Frein — Aucune vente connue depuis au moins 12 ans (DVF arrêté au 31/12/2025, historique 2014+)",0.1036,-0.096,-0.0913
97412000BN0652,0.03466,Détenue depuis moins d'un an — dernière mutation connue (DVF arrêté au 31/12/2025),7 vente(s) à moins de 150 m en 24 mois (DVF arrêté au 31/12/2025),Zone U au PLU (PLU/GPU en vigueur à l'ingestion 2026),0.8221,0.1161,0.1036
97412000CI0079,0.0101,Frein — Zone A au PLU (PLU/GPU en vigueur à l'ingestion 2026),"Secteur à rotation faible du foncier nu (DVF arrêté au 31/12/2025, 36 mois)",Frein — 0 vente(s) à moins de 150 m en 24 mois (DVF arrêté au 31/12/2025),-0.5621,0.2864,-0.2221
97416000EH1315,0.01464,"57 m² de SDP résiduelle (résiduel m135, PLU 2026)",Zone U au PLU (PLU/GPU en vigueur à l'ingestion 2026),"Frein — Aucune vente connue depuis au moins 12 ans (DVF arrêté au 31/12/2025, historique 2014+)",0.1134,0.1036,-0.0811
97414000CI0379,0.0101,Frein — Parcelle de 8266 m² (cadastre),"Frein — Aucune vente connue depuis au moins 12 ans (DVF arrêté au 31/12/2025, historique 2014+)",Zone U au PLU (PLU/GPU en vigueur à l'ingestion 2026),-0.2822,-0.1212,0.1036
97415000AZ0022,0.0101,Frein — Parcelle de 1161 m² (cadastre),Zone U au PLU (PLU/GPU en vigueur à l'ingestion 2026),"Frein — Aucune vente connue depuis au moins 12 ans (DVF arrêté au 31/12/2025, historique 2014+)",-0.1492,0.1036,-0.0989
97407000AL1630,0.0092,Frein — Le propriétaire a vendu une autre parcelle depuis 24 mois (millésimes fonciers PM 2019-2024),Frein — 0 vente(s) à moins de 150 m en 24 mois (DVF arrêté au 31/12/2025),Parcelle de 3 m² (cadastre),-0.6133,-0.2221,0.118
97416000IL0025,0.01592,Piscine détectée sur la parcelle (ortho 2026),Frein — 0 vente(s) à moins de 150 m en 24 mois (DVF arrêté au 31/12/2025),Parcelle de 439 m² (cadastre),0.3786,-0.2221,0.1328
97416000EK0056,0.02316,4 permis à moins de 100 m en 24 mois (Sitadel 2013→2025),Parcelle de 349 m² (cadastre),Zone U au PLU (PLU/GPU en vigueur à l'ingestion 2026),0.2623,0.1328,0.1036
97422000CS0971,0.01592,"54 m² de SDP résiduelle (résiduel m135, PLU 2026)",Zone U au PLU (PLU/GPU en vigueur à l'ingestion 2026),"Frein — Aucune vente connue depuis au moins 12 ans (DVF arrêté au 31/12/2025, historique 2014+)",0.1134,0.1036,-0.0697
97410000BV0507,0.01087,Frein — 0 vente(s) à moins de 150 m en 24 mois (DVF arrêté au 31/12/2025),Zone U au PLU (PLU/GPU en vigueur à l'ingestion 2026),Secteur densément bâti (BD TOPO 2026),-0.2221,0.1036,0.0981
97409000AB0613,0.0092,Frein — Parcelle de 1266 m² (cadastre),"Frein — Aucune vente connue depuis au moins 12 ans (DVF arrêté au 31/12/2025, historique 2014+)",Zone U au PLU (PLU/GPU en vigueur à l'ingestion 2026),-0.2164,-0.1117,0.1036
97412000AT0541,0.0101,Frein — Zone A au PLU (PLU/GPU en vigueur à l'ingestion 2026),Frein — Parcelle de 1081 m² (cadastre),"Zone sans droits à bâtir (résiduel m135, PLU 2026)",-0.5621,-0.1492,0.1014
97413000CW0291,0.0088,Frein — Le propriétaire a vendu une autre parcelle depuis 24 mois (millésimes fonciers PM 2019-2024),Frein — Zone A au PLU (PLU/GPU en vigueur à l'ingestion 2026),Frein — Parcelle de 16859 m² (cadastre),-0.6133,-0.5621,-0.5284
97413000DA0484,0.01211,Frein — Le propriétaire a vendu une autre parcelle depuis 24 mois (millésimes fonciers PM 2019-2024),Piscine détectée sur la parcelle (ortho 2026),Frein — Parcelle de 5270 m² (cadastre),-0.6133,0.3786,-0.2252
97422000CZ0918,0.01592,Détenue depuis 3 à 5 ans — dernière mutation connue (DVF arrêté au 31/12/2025),Frein — 0 vente(s) à moins de 150 m en 24 mois (DVF arrêté au 31/12/2025),Zone U au PLU (PLU/GPU en vigueur à l'ingestion 2026),0.3417,-0.2221,0.1036
97421000AV0520,0.0092,Frein — Le propriétaire a vendu une autre parcelle depuis 24 mois (millésimes fonciers PM 2019-2024),Frein — 0 vente(s) à moins de 150 m en 24 mois (DVF arrêté au 31/12/2025),Zone U au PLU (PLU/GPU en vigueur à l'ingestion 2026),-0.6133,-0.2221,0.1036
97415000CK0952,0.01294,Zone U au PLU (PLU/GPU en vigueur à l'ingestion 2026),Frein — 0 permis à moins de 100 m en 24 mois (Sitadel 2013→2025),"Frein — Aucune vente connue depuis au moins 12 ans (DVF arrêté au 31/12/2025, historique 2014+)",0.1036,-0.0784,-0.078
97415000AS1563,0.0092,Frein — Zone A au PLU (PLU/GPU en vigueur à l'ingestion 2026),Frein — Parcelle de 3884 m² (cadastre),Frein — nan% de ménages pauvres dans le carreau (Filosofi INSEE 2019),-0.5621,-0.2164,-0.136
97414000DL0423,0.01244,Zone U au PLU (PLU/GPU en vigueur à l'ingestion 2026),Parcelle de 157 m² (cadastre),"Frein — Secteur à rotation faible du foncier nu (DVF arrêté au 31/12/2025, 36 mois)",0.1036,0.0832,-0.0794
97409000BK0248,0.02316,5 permis à moins de 100 m en 24 mois (Sitadel 2013→2025),14 vente(s) à moins de 150 m en 24 mois (DVF arrêté au 31/12/2025),Parcelle de 330 m² (cadastre),0.2623,0.2532,0.1354
97414000CY0142,0.0092,Frein — Zone A au PLU (PLU/GPU en vigueur à l'ingestion 2026),Frein — Parcelle de 7617 m² (cadastre),"Frein — Aucune vente connue depuis au moins 12 ans (DVF arrêté au 31/12/2025, historique 2014+)",-0.5621,-0.2822,-0.1212
97417000BH0134,0.0092,Frein — 0 vente(s) à moins de 150 m en 24 mois (DVF arrêté au 31/12/2025),Frein — Parcelle de 3102 m² (cadastre),Frein — Zone inconnu au PLU (PLU/GPU en vigueur à l'ingestion 2026),-0.2221,-0.2164,-0.1636
97415000DZ0006,0.02494,Détenue depuis 1 à 2 ans — dernière mutation connue (DVF arrêté au 31/12/2025),Frein — Zone N au PLU (PLU/GPU en vigueur à l'ingestion 2026),Secteur densément bâti (BD TOPO 2026),1.0492,-0.5326,0.2553
97415000CP0345,0.02316,Détenue depuis 5 à 8 ans — dernière mutation connue (DVF arrêté au 31/12/2025),Zone U au PLU (PLU/GPU en vigueur à l'ingestion 2026),13% de ménages pauvres dans le carreau (Filosofi INSEE 2019),0.4304,0.1036,0.0704
97413000CX2249,0.0185,Parcelle de 376 m² (cadastre),7 vente(s) à moins de 150 m en 24 mois (DVF arrêté au 31/12/2025),Zone U au PLU (PLU/GPU en vigueur à l'ingestion 2026),0.1372,0.1161,0.1036
97422000BS1245,0.0101,Frein — Zone A au PLU (PLU/GPU en vigueur à l'ingestion 2026),Parcelle de 454 m² (cadastre),"Zone sans droits à bâtir (résiduel m135, PLU 2026)",-0.5621,0.1328,0.1014
97410000BM0786,0.01134,Frein — 0 vente(s) à moins de 150 m en 24 mois (DVF arrêté au 31/12/2025),Zone U au PLU (PLU/GPU en vigueur à l'ingestion 2026),"Secteur à rotation faible du foncier nu (DVF arrêté au 31/12/2025, 36 mois)",-0.2221,0.1036,0.0875
97410000BE0668,0.0101,Frein — Le propriétaire a vendu une autre parcelle depuis 24 mois (millésimes fonciers PM 2019-2024),Frein — Parcelle de 8964 m² (cadastre),5 permis à moins de 100 m en 24 mois (Sitadel 2013→2025),-0.6133,-0.2822,0.2623
97409000BK0515,0.02316,Détenue depuis 2 à 3 ans — dernière mutation connue (DVF arrêté au 31/12/2025),15 vente(s) à moins de 150 m en 24 mois (DVF arrêté au 31/12/2025),Candidat photovoltaïque (ortho 2026),0.297,0.2532,0.1253
97408000AO1770,0.02494,Zone AU au PLU (PLU/GPU en vigueur à l'ingestion 2026),Détenue depuis 3 à 5 ans — dernière mutation connue (DVF arrêté au 31/12/2025),5% de ménages pauvres dans le carreau (Filosofi INSEE 2019),0.496,0.279,0.1094
97416000DN0394,0.01674,"Frein — Secteur à rotation faible du foncier nu (DVF arrêté au 31/12/2025, 36 mois)",11 vente(s) à moins de 150 m en 24 mois (DVF arrêté au 31/12/2025),Parcelle de 41 m² (cadastre),-0.2583,0.2532,0.118
97409000AY1489,0.01464,Parcelle de 338 m² (cadastre),Zone U au PLU (PLU/GPU en vigueur à l'ingestion 2026),Frein — 0 permis à moins de 100 m en 24 mois (Sitadel 2013→2025),0.1328,0.1036,-0.0784
97409000BS0081,0.0088,Frein — Zone A au PLU (PLU/GPU en vigueur à l'ingestion 2026),Frein — Parcelle de 21338 m² (cadastre),Secteur densément bâti (BD TOPO 2026),-0.5621,-0.5387,0.2553
97408000AC2408,0.01134,Frein — Zone N au PLU (PLU/GPU en vigueur à l'ingestion 2026),"Secteur à rotation faible du foncier nu (DVF arrêté au 31/12/2025, 36 mois)","Zone sans droits à bâtir (résiduel m135, PLU 2026)",-0.5326,0.195,0.1014
97408000AR0177,0.01592,Parcelle de 374 m² (cadastre),Zone U au PLU (PLU/GPU en vigueur à l'ingestion 2026),Frein — Secteur densément bâti (BD TOPO 2026),0.1328,0.1036,-0.0955
97416000DS0655,0.01592,8 vente(s) à moins de 150 m en 24 mois (DVF arrêté au 31/12/2025),Zone U au PLU (PLU/GPU en vigueur à l'ingestion 2026),Frein — Secteur densément bâti (BD TOPO 2026),0.1161,0.1036,-0.0955
97404000AE0764,0.0092,Frein — Zone A au PLU (PLU/GPU en vigueur à l'ingestion 2026),Frein — Parcelle de 4461 m² (cadastre),"Frein — Aucune vente connue depuis au moins 12 ans (DVF arrêté au 31/12/2025, historique 2014+)",-0.5621,-0.2164,-0.1068
97418000BI0131,0.0101,Frein — 0 vente(s) à moins de 150 m en 24 mois (DVF arrêté au 31/12/2025),Frein — Parcelle de 998 m² (cadastre),Candidat photovoltaïque (ortho 2026),-0.2221,-0.1492,0.1253
97404000AD1560,0.01464,Candidat photovoltaïque (ortho 2026),Zone U au PLU (PLU/GPU en vigueur à l'ingestion 2026),Parcelle de 500 m² (cadastre),0.1253,0.1036,0.0803
97414000EZ0041,0.01258,Zone U au PLU (PLU/GPU en vigueur à l'ingestion 2026),Parcelle de 212 m² (cadastre),Frein — 0 permis à moins de 100 m en 24 mois (Sitadel 2013→2025),0.1036,0.0832,-0.0784
97417000AY0087,0.0101,"Frein — Secteur à rotation faible du foncier nu (DVF arrêté au 31/12/2025, 36 mois)",Frein — Zone inconnu au PLU (PLU/GPU en vigueur à l'ingestion 2026),Frein — 47 ventes dans la commune l'an dernier (DVF arrêté au 31/12/2025),-0.2583,-0.1636,-0.1
97413000CM0206,0.01592,Détenue depuis 5 à 8 ans — dernière mutation connue (DVF arrêté au 31/12/2025),Zone U au PLU (PLU/GPU en vigueur à l'ingestion 2026),Frein — 1 vente(s) à moins de 150 m en 24 mois (DVF arrêté au 31/12/2025),0.4304,0.1036,-0.0735
97418000BO0270,0.01211,Zone U au PLU (PLU/GPU en vigueur à l'ingestion 2026),Parcelle de 113 m² (cadastre),Frein — 0 permis à moins de 100 m en 24 mois (Sitadel 2013→2025),0.1036,0.0832,-0.0784
97413000CM0570,0.01464,Parcelle de 424 m² (cadastre),Zone U au PLU (PLU/GPU en vigueur à l'ingestion 2026),"Frein — Secteur à rotation faible du foncier nu (DVF arrêté au 31/12/2025, 36 mois)",0.1328,0.1036,-0.0794
97416000DY0373,0.01134,"Frein — Secteur à rotation faible du foncier nu (DVF arrêté au 31/12/2025, 36 mois)",Zone U au PLU (PLU/GPU en vigueur à l'ingestion 2026),Parcelle de 208 m² (cadastre),-0.2583,0.1036,0.0832
97416000HP0802,0.02316,Détenue depuis 1 à 2 ans — dernière mutation connue (DVF arrêté au 31/12/2025),Zone U au PLU (PLU/GPU en vigueur à l'ingestion 2026),3 permis à moins de 100 m en 24 mois (Sitadel 2013→2025),0.4216,0.1036,0.0926
97403000AO0490,0.01592,Zone U au PLU (PLU/GPU en vigueur à l'ingestion 2026),Secteur densément bâti (BD TOPO 2026),Parcelle de 231 m² (cadastre),0.1036,0.0981,0.0832
97402000AD0588,0.01674,"Secteur à rotation faible du foncier nu (DVF arrêté au 31/12/2025, 36 mois)",Zone U au PLU (PLU/GPU en vigueur à l'ingestion 2026),Frein — 46 ventes dans la commune l'an dernier (DVF arrêté au 31/12/2025),0.2864,0.1036,-0.1
97411000HY0087,0.01674,Détenue depuis 5 à 8 ans — dernière mutation connue (DVF arrêté au 31/12/2025),Zone U au PLU (PLU/GPU en vigueur à l'ingestion 2026),Frein — Secteur densément bâti (BD TOPO 2026),0.298,0.1036,-0.0578
97415000ER0904,0.0101,Frein — Zone A au PLU (PLU/GPU en vigueur à l'ingestion 2026),"Zone non outillée au règlement (résiduel m135, PLU 2026)","Secteur à rotation faible du foncier nu (DVF arrêté au 31/12/2025, 36 mois)",-0.5621,0.1308,0.1121
97411000AD0347,0.02316,9 vente(s) à moins de 150 m en 24 mois (DVF arrêté au 31/12/2025),Parcelle de 339 m² (cadastre),Candidat photovoltaïque (ortho 2026),0.2532,0.1328,0.1253
97415000CW0995,0.0092,Frein — Zone N au PLU (PLU/GPU en vigueur à l'ingestion 2026),Frein — Parcelle de 17513 m² (cadastre),"Frein — Aucune vente connue depuis au moins 12 ans (DVF arrêté au 31/12/2025, historique 2014+)",-0.5326,-0.5284,-0.1569
97420000AB0707,0.01674,Parcelle de 462 m² (cadastre),"Frein — Secteur à rotation faible du foncier nu (DVF arrêté au 31/12/2025, 36 mois)",7 vente(s) à moins de 150 m en 24 mois (DVF arrêté au 31/12/2025),0.1328,-0.1238,0.1161
97411000KA0241,0.01754,Frein — Le propriétaire a vendu une autre parcelle depuis 24 mois (millésimes fonciers PM 2019-2024),Zone AU au PLU (PLU/GPU en vigueur à l'ingestion 2026),"Secteur à rotation faible du foncier nu (DVF arrêté au 31/12/2025, 36 mois)",-0.6133,0.496,0.195
97410000BX1761,0.01134,Frein — Parcelle de 1219 m² (cadastre),Zone U au PLU (PLU/GPU en vigueur à l'ingestion 2026),"Frein — Aucune vente connue depuis au moins 12 ans (DVF arrêté au 31/12/2025, historique 2014+)",-0.1492,0.1036,-0.097
97418000AY0085,0.01592,Parcelle de 328 m² (cadastre),Zone U au PLU (PLU/GPU en vigueur à l'ingestion 2026),3 permis à moins de 100 m en 24 mois (Sitadel 2013→2025),0.1328,0.1036,0.0926
97422000BN0476,0.01134,Zone U au PLU (PLU/GPU en vigueur à l'ingestion 2026),Frein — 0 permis à moins de 100 m en 24 mois (Sitadel 2013→2025),"Frein — Aucune vente connue depuis au moins 12 ans (DVF arrêté au 31/12/2025, historique 2014+)",0.1036,-0.0784,-0.0738
97409000BM0193,0.0185,Détenue depuis 5 à 8 ans — dernière mutation connue (DVF arrêté au 31/12/2025),Zone U au PLU (PLU/GPU en vigueur à l'ingestion 2026),"Frein — 525 m² de SDP résiduelle (résiduel m135, PLU 2026)",0.485,0.1036,-0.0619
97414000HH0016,0.02316,9 vente(s) à moins de 150 m en 24 mois (DVF arrêté au 31/12/2025),"38 m² de SDP résiduelle (résiduel m135, PLU 2026)","Secteur à rotation faible du foncier nu (DVF arrêté au 31/12/2025, 36 mois)",0.2532,0.1134,0.1121
97422000CH0142,0.01674,Parcelle de 276 m² (cadastre),8 vente(s) à moins de 150 m en 24 mois (DVF arrêté au 31/12/2025),Zone U au PLU (PLU/GPU en vigueur à l'ingestion 2026),0.1328,0.1161,0.1036
97413000DE1474,0.02316,Détenue depuis 2 à 3 ans — dernière mutation connue (DVF arrêté au 31/12/2025),Zone U au PLU (PLU/GPU en vigueur à l'ingestion 2026),6 vente(s) à moins de 150 m en 24 mois (DVF arrêté au 31/12/2025),0.299,0.1036,0.0781
97420000AZ0690,0.0092,Frein — Zone N au PLU (PLU/GPU en vigueur à l'ingestion 2026),Frein — Parcelle de 1196 m² (cadastre),"Zone sans droits à bâtir (résiduel m135, PLU 2026)",-0.5326,-0.1492,0.1014
97415000DR1337,0.0101,Frein — Zone A au PLU (PLU/GPU en vigueur à l'ingestion 2026),"Zone non outillée au règlement (résiduel m135, PLU 2026)",Secteur densément bâti (BD TOPO 2026),-0.5621,0.1308,0.0981
97414000CE0217,0.0092,Frein — Zone A au PLU (PLU/GPU en vigueur à l'ingestion 2026),Secteur densément bâti (BD TOPO 2026),Frein — 0 vente(s) à moins de 150 m en 24 mois (DVF arrêté au 31/12/2025),-0.5621,0.2553,-0.2221
97418000AO1904,0.01134,Frein — Le propriétaire a vendu une autre parcelle depuis 24 mois (millésimes fonciers PM 2019-2024),4 permis à moins de 100 m en 24 mois (Sitadel 2013→2025),"Frein — Secteur à rotation faible du bâti (DVF arrêté au 31/12/2025, 36 mois)",-0.6133,0.2623,-0.1102
97416000IB0643,0.01211,Zone U au PLU (PLU/GPU en vigueur à l'ingestion 2026),Frein — Secteur densément bâti (BD TOPO 2026),Frein — 0 permis à moins de 100 m en 24 mois (Sitadel 2013→2025),0.1036,-0.0955,-0.0784
97415000BZ0662,0.0101,Frein — Zone A au PLU (PLU/GPU en vigueur à l'ingestion 2026),"Secteur à rotation faible du foncier nu (DVF arrêté au 31/12/2025, 36 mois)",Frein — Parcelle de 3804 m² (cadastre),-0.5621,0.2864,-0.2164
97409000AR2166,0.01134,Frein — Parcelle de 2957 m² (cadastre),Zone U au PLU (PLU/GPU en vigueur à l'ingestion 2026),"Frein — Aucune vente connue depuis au moins 12 ans (DVF arrêté au 31/12/2025, historique 2014+)",-0.2206,0.1036,-0.1029
97415000AW1428,0.01592,Parcelle de 436 m² (cadastre),Zone U au PLU (PLU/GPU en vigueur à l'ingestion 2026),Frein — Secteur densément bâti (BD TOPO 2026),0.1328,0.1036,-0.0955
97409000AV0205,0.01464,Zone U au PLU (PLU/GPU en vigueur à l'ingestion 2026),"Secteur à rotation faible du foncier nu (DVF arrêté au 31/12/2025, 36 mois)",Frein — 0 permis à moins de 100 m en 24 mois (Sitadel 2013→2025),0.1036,0.0875,-0.0784
97415000CZ1243,0.01134,Frein — Zone N au PLU (PLU/GPU en vigueur à l'ingestion 2026),Détenue depuis 2 à 3 ans — dernière mutation connue (DVF arrêté au 31/12/2025),"Zone non outillée au règlement (résiduel m135, PLU 2026)",-0.5326,0.273,0.1308
97412000BX1347,0.0092,Frein — Zone N au PLU (PLU/GPU en vigueur à l'ingestion 2026),"Zone sans droits à bâtir (résiduel m135, PLU 2026)","Frein — Aucune vente connue depuis au moins 12 ans (DVF arrêté au 31/12/2025, historique 2014+)",-0.5326,0.1014,-0.0913
97406000AX0056,0.0088,Frein — Le propriétaire a vendu une autre parcelle depuis 24 mois (millésimes fonciers PM 2019-2024),Frein — Zone N au PLU (PLU/GPU en vigueur à l'ingestion 2026),Frein — Parcelle de 81482 m² (cadastre),-0.6133,-0.5326,-0.5284
97422000BP1060,0.01592,Zone U au PLU (PLU/GPU en vigueur à l'ingestion 2026),Parcelle de 498 m² (cadastre),"Frein — Secteur à rotation faible du foncier nu (DVF arrêté au 31/12/2025, 36 mois)",0.1036,0.0803,-0.0794
97413000BH0990,0.01674,Parcelle de 458 m² (cadastre),Zone U au PLU (PLU/GPU en vigueur à l'ingestion 2026),Secteur densément bâti (BD TOPO 2026),0.1328,0.1036,0.0981
97413000CX0792,0.01592,Détenue depuis 5 à 8 ans — dernière mutation connue (DVF arrêté au 31/12/2025),Zone U au PLU (PLU/GPU en vigueur à l'ingestion 2026),Frein — 0 permis à moins de 100 m en 24 mois (Sitadel 2013→2025),0.2577,0.1036,-0.0784
97414000DL0093,0.01592,Parcelle de 447 m² (cadastre),Zone U au PLU (PLU/GPU en vigueur à l'ingestion 2026),"Frein — Secteur à rotation faible du foncier nu (DVF arrêté au 31/12/2025, 36 mois)",0.1328,0.1036,-0.0794
97416000ET2076,0.01674,"Secteur à rotation faible du foncier nu (DVF arrêté au 31/12/2025, 36 mois)",Zone U au PLU (PLU/GPU en vigueur à l'ingestion 2026),Parcelle de 67 m² (cadastre),0.195,0.1036,0.0832
97415000DM0234,0.01258,Zone U au PLU (PLU/GPU en vigueur à l'ingestion 2026),Parcelle de 576 m² (cadastre),Frein — 0 permis à moins de 100 m en 24 mois (Sitadel 2013→2025),0.1036,0.0803,-0.0784
97411000EZ0201,0.0101,Frein — Le propriétaire a vendu une autre parcelle depuis 24 mois (millésimes fonciers PM 2019-2024),"Frein — Secteur à rotation faible du foncier nu (DVF arrêté au 31/12/2025, 36 mois)",Parcelle de 341 m² (cadastre),-0.6133,-0.2583,0.1328
97413000DC1408,0.0088,Frein — Zone A au PLU (PLU/GPU en vigueur à l'ingestion 2026),Frein — Parcelle de 47714 m² (cadastre),"Frein — Aucune vente connue depuis au moins 12 ans (DVF arrêté au 31/12/2025, historique 2014+)",-0.5621,-0.5284,-0.1603
97416000IB0211,0.01592,Parcelle de 269 m² (cadastre),Zone U au PLU (PLU/GPU en vigueur à l'ingestion 2026),Frein — Secteur densément bâti (BD TOPO 2026),0.1328,0.1036,-0.0955
97419000AY0099,0.0092,Frein — Zone N au PLU (PLU/GPU en vigueur à l'ingestion 2026),Secteur densément bâti (BD TOPO 2026),Frein — 0 vente(s) à moins de 150 m en 24 mois (DVF arrêté au 31/12/2025),-0.5326,0.2553,-0.2221
97415000EM0093,0.0092,Frein — Zone A au PLU (PLU/GPU en vigueur à l'ingestion 2026),Frein — Parcelle de 4860 m² (cadastre),Frein — 0 vente(s) à moins de 150 m en 24 mois (DVF arrêté au 31/12/2025),-0.5621,-0.2822,-0.2221
97410000AL0460,0.0088,Frein — Le propriétaire a vendu une autre parcelle depuis 24 mois (millésimes fonciers PM 2019-2024),Frein — Parcelle de 1280 m² (cadastre),"Frein — Secteur à rotation faible du foncier nu (DVF arrêté au 31/12/2025, 36 mois)",-0.6133,-0.2164,-0.1238
97409000AW1075,0.01134,"Frein — Secteur à rotation faible du foncier nu (DVF arrêté au 31/12/2025, 36 mois)",Zone U au PLU (PLU/GPU en vigueur à l'ingestion 2026),Frein — 0 permis à moins de 100 m en 24 mois (Sitadel 2013→2025),-0.2268,0.1036,-0.0784
97416000ET1583,0.0185,Détenue depuis 5 à 8 ans — dernière mutation connue (DVF arrêté au 31/12/2025),Zone U au PLU (PLU/GPU en vigueur à l'ingestion 2026),"Secteur à rotation faible du foncier nu (DVF arrêté au 31/12/2025, 36 mois)",0.3755,0.1036,0.1026
97416000DT0467,0.01464,Zone U au PLU (PLU/GPU en vigueur à l'ingestion 2026),Frein — Secteur densément bâti (BD TOPO 2026),"Secteur à rotation faible du bâti (DVF arrêté au 31/12/2025, 36 mois)",0.1036,-0.0955,0.0808
97409000BO0510,0.0092,Frein — Zone A au PLU (PLU/GPU en vigueur à l'ingestion 2026),Frein — Parcelle de 4450 m² (cadastre),"Frein — Secteur à rotation faible du bâti (DVF arrêté au 31/12/2025, 36 mois)",-0.5621,-0.2164,-0.1576
97422000DE0553,0.01592,Parcelle de 268 m² (cadastre),"67 m² de SDP résiduelle (résiduel m135, PLU 2026)",Zone U au PLU (PLU/GPU en vigueur à l'ingestion 2026),0.1328,0.1134,0.1036
97424000AL0765,0.0088,Frein — Zone A au PLU (PLU/GPU en vigueur à l'ingestion 2026),Frein — 0 vente(s) à moins de 150 m en 24 mois (DVF arrêté au 31/12/2025),Frein — Parcelle de 4133 m² (cadastre),-0.5621,-0.2221,-0.2164
97421000BN0188,0.0088,Frein — Le propriétaire a vendu une autre parcelle depuis 24 mois (millésimes fonciers PM 2019-2024),Frein — Zone A au PLU (PLU/GPU en vigueur à l'ingestion 2026),Frein — 0 vente(s) à moins de 150 m en 24 mois (DVF arrêté au 31/12/2025),-0.6133,-0.5621,-0.2221
97415000CH0557,0.0101,Frein — Parcelle de 1324 m² (cadastre),"Frein — Aucune vente connue depuis au moins 12 ans (DVF arrêté au 31/12/2025, historique 2014+)",Zone U au PLU (PLU/GPU en vigueur à l'ingestion 2026),-0.2164,-0.1117,0.1036
97415000CY0967,0.02494,Détenue depuis 5 à 8 ans — dernière mutation connue (DVF arrêté au 31/12/2025),0% de ménages pauvres dans le carreau (Filosofi INSEE 2019),Zone U au PLU (PLU/GPU en vigueur à l'ingestion 2026),0.3639,0.1094,0.1036
97406000AV1108,0.01258,Frein — 0 vente(s) à moins de 150 m en 24 mois (DVF arrêté au 31/12/2025),"Secteur à rotation faible du foncier nu (DVF arrêté au 31/12/2025, 36 mois)",Zone U au PLU (PLU/GPU en vigueur à l'ingestion 2026),-0.2221,0.1121,0.1036
97411000HE0273,0.01592,Zone U au PLU (PLU/GPU en vigueur à l'ingestion 2026),Frein — Secteur densément bâti (BD TOPO 2026),Parcelle de 569 m² (cadastre),0.1036,-0.0955,0.0803
97422000BV1488,0.02316,Détenue depuis 5 à 8 ans — dernière mutation connue (DVF arrêté au 31/12/2025),Zone U au PLU (PLU/GPU en vigueur à l'ingestion 2026),5 vente(s) à moins de 150 m en 24 mois (DVF arrêté au 31/12/2025),0.3647,0.1036,0.068
97410000AB1222,0.0092,Frein — Zone N au PLU (PLU/GPU en vigueur à l'ingestion 2026),Frein — Parcelle de 1744 m² (cadastre),"Frein — Aucune vente connue depuis au moins 12 ans (DVF arrêté au 31/12/2025, historique 2014+)",-0.5326,-0.2164,-0.1045
97409000BE0752,0.01464,Zone U au PLU (PLU/GPU en vigueur à l'ingestion 2026),Parcelle de 100 m² (cadastre),"Frein — Secteur à rotation faible du foncier nu (DVF arrêté au 31/12/2025, 36 mois)",0.1036,0.0832,-0.0794
97401000AC0358,0.0092,Frein — Zone N au PLU (PLU/GPU en vigueur à l'ingestion 2026),"Frein — Secteur à rotation faible du foncier nu (DVF arrêté au 31/12/2025, 36 mois)",Secteur densément bâti (BD TOPO 2026),-0.5326,-0.2583,0.2553
97411000BZ0530,0.01211,Frein — 0 vente(s) à moins de 150 m en 24 mois (DVF arrêté au 31/12/2025),6% de ménages pauvres dans le carreau (Filosofi INSEE 2019),Zone U au PLU (PLU/GPU en vigueur à l'ingestion 2026),-0.2221,0.1094,0.1036
97419000AP0021,0.0092,Frein — Zone A au PLU (PLU/GPU en vigueur à l'ingestion 2026),Frein — Parcelle de 9778 m² (cadastre),Secteur densément bâti (BD TOPO 2026),-0.5621,-0.2859,0.2553
97415000EI0297,0.01211,Frein — 0 vente(s) à moins de 150 m en 24 mois (DVF arrêté au 31/12/2025),Parcelle de 426 m² (cadastre),Zone U au PLU (PLU/GPU en vigueur à l'ingestion 2026),-0.2221,0.1328,0.1036
97415000AY1604,0.01674,"Secteur à rotation faible du foncier nu (DVF arrêté au 31/12/2025, 36 mois)",Zone U au PLU (PLU/GPU en vigueur à l'ingestion 2026),Parcelle de 515 m² (cadastre),0.2864,0.1036,0.0803
97414000CO1067,0.0101,Frein — Zone A au PLU (PLU/GPU en vigueur à l'ingestion 2026),Parcelle de 273 m² (cadastre),"Zone sans droits à bâtir (résiduel m135, PLU 2026)",-0.5621,0.1328,0.1014
97420000AP0044,0.0092,Frein — Zone N au PLU (PLU/GPU en vigueur à l'ingestion 2026),Frein — 0 vente(s) à moins de 150 m en 24 mois (DVF arrêté au 31/12/2025),Frein — Parcelle de 2697 m² (cadastre),-0.5326,-0.2221,-0.2164
97420000AH0342,0.0092,Frein — Le propriétaire a vendu une autre parcelle depuis 24 mois (millésimes fonciers PM 2019-2024),"Frein — Secteur à rotation faible du foncier nu (DVF arrêté au 31/12/2025, 36 mois)",Frein — Parcelle de 2079 m² (cadastre),-0.6133,-0.2583,-0.2164
97401000AT0344,0.0088,Frein — Zone A au PLU (PLU/GPU en vigueur à l'ingestion 2026),Frein — Parcelle de 95483 m² (cadastre),"Frein — Aucune vente connue depuis au moins 12 ans (DVF arrêté au 31/12/2025, historique 2014+)",-0.5621,-0.5284,-0.1569
97412000BW2110,0.01592,Zone U au PLU (PLU/GPU en vigueur à l'ingestion 2026),"Secteur à rotation faible du foncier nu (DVF arrêté au 31/12/2025, 36 mois)",Parcelle de 109 m² (cadastre),0.1036,0.0875,0.0832
97415000CP1387,0.01464,Parcelle de 446 m² (cadastre),Zone U au PLU (PLU/GPU en vigueur à l'ingestion 2026),"Frein — Secteur à rotation faible du foncier nu (DVF arrêté au 31/12/2025, 36 mois)",0.1328,0.1036,-0.0794
97405000AD0181,0.0092,Frein — Zone A au PLU (PLU/GPU en vigueur à l'ingestion 2026),"Secteur à rotation faible du foncier nu (DVF arrêté au 31/12/2025, 36 mois)",Frein — 0 vente(s) à moins de 150 m en 24 mois (DVF arrêté au 31/12/2025),-0.5621,0.2864,-0.2221
97409000AS0111,0.01258,Zone U au PLU (PLU/GPU en vigueur à l'ingestion 2026),"Frein — Aucune vente connue depuis au moins 12 ans (DVF arrêté au 31/12/2025, historique 2014+)","Frein — Secteur à rotation faible du foncier nu (DVF arrêté au 31/12/2025, 36 mois)",0.1036,-0.0811,-0.0794
97414000ET1257,0.03466,Piscine détectée sur la parcelle (ortho 2026),Détenue depuis 2 à 3 ans — dernière mutation connue (DVF arrêté au 31/12/2025),8 vente(s) à moins de 150 m en 24 mois (DVF arrêté au 31/12/2025),0.3786,0.3703,0.1161
97422000AY0723,0.01674,Détenue depuis 3 à 5 ans — dernière mutation connue (DVF arrêté au 31/12/2025),"34 m² de SDP résiduelle (résiduel m135, PLU 2026)",Zone U au PLU (PLU/GPU en vigueur à l'ingestion 2026),0.281,0.1134,0.1036
97415000CH1269,0.0101,Frein — Parcelle de 1044 m² (cadastre),Zone U au PLU (PLU/GPU en vigueur à l'ingestion 2026),"Frein — Aucune vente connue depuis au moins 12 ans (DVF arrêté au 31/12/2025, historique 2014+)",-0.1492,0.1036,-0.102
97416000IL0686,0.0101,Frein — 0 vente(s) à moins de 150 m en 24 mois (DVF arrêté au 31/12/2025),Zone U au PLU (PLU/GPU en vigueur à l'ingestion 2026),Parcelle de 99 m² (cadastre),-0.2221,0.1036,0.0832
97409000AR0942,0.01592,7 vente(s) à moins de 150 m en 24 mois (DVF arrêté au 31/12/2025),Zone U au PLU (PLU/GPU en vigueur à l'ingestion 2026),Parcelle de 507 m² (cadastre),0.1161,0.1036,0.0803
97409000AS0906,0.01464,Parcelle de 433 m² (cadastre),"40 m² de SDP résiduelle (résiduel m135, PLU 2026)",Zone U au PLU (PLU/GPU en vigueur à l'ingestion 2026),0.1328,0.1134,0.1036
97415000CS0914,0.01134,Zone U au PLU (PLU/GPU en vigueur à l'ingestion 2026),"Frein — Aucune vente connue depuis au moins 12 ans (DVF arrêté au 31/12/2025, historique 2014+)","Frein — Secteur à rotation faible du foncier nu (DVF arrêté au 31/12/2025, 36 mois)",0.1036,-0.0913,-0.0794
97406000AI0605,0.02316,Détenue depuis 1 à 2 ans — dernière mutation connue (DVF arrêté au 31/12/2025),Frein — Le propriétaire a vendu une autre parcelle depuis 24 mois (millésimes fonciers PM 2019-2024),11 vente(s) à moins de 150 m en 24 mois (DVF arrêté au 31/12/2025),0.7052,-0.6133,0.2532
97422000CR0517,0.0092,Frein — Zone A au PLU (PLU/GPU en vigueur à l'ingestion 2026),Frein — Parcelle de 2686 m² (cadastre),Frein — 0 vente(s) à moins de 150 m en 24 mois (DVF arrêté au 31/12/2025),-0.5621,-0.2235,-0.2221
97411000ES0195,0.01592,Parcelle de 251 m² (cadastre),Zone U au PLU (PLU/GPU en vigueur à l'ingestion 2026),"Secteur à rotation faible du foncier nu (DVF arrêté au 31/12/2025, 36 mois)",0.1328,0.1036,0.0875
97412000BY0374,0.0092,Frein — Zone A au PLU (PLU/GPU en vigueur à l'ingestion 2026),Frein — 0 vente(s) à moins de 150 m en 24 mois (DVF arrêté au 31/12/2025),Frein — Parcelle de 1639 m² (cadastre),-0.5621,-0.2221,-0.2164
97414000HC0022,0.0092,Frein — Zone A au PLU (PLU/GPU en vigueur à l'ingestion 2026),Frein — Parcelle de 2679 m² (cadastre),"Frein — Aucune vente connue depuis au moins 12 ans (DVF arrêté au 31/12/2025, historique 2014+)",-0.5621,-0.2164,-0.1045
97422000CX0399,0.01464,Parcelle de 391 m² (cadastre),Zone U au PLU (PLU/GPU en vigueur à l'ingestion 2026),Frein — 0 permis à moins de 100 m en 24 mois (Sitadel 2013→2025),0.1328,0.1036,-0.0784
97409000BN0226,0.0092,Frein — Zone N au PLU (PLU/GPU en vigueur à l'ingestion 2026),Frein — 0 vente(s) à moins de 150 m en 24 mois (DVF arrêté au 31/12/2025),Frein — Parcelle de 1409 m² (cadastre),-0.5326,-0.2221,-0.2164
97411000AT0641,0.01464,"Frein — Secteur à rotation faible du foncier nu (DVF arrêté au 31/12/2025, 36 mois)",Zone U au PLU (PLU/GPU en vigueur à l'ingestion 2026),Frein — Secteur densément bâti (BD TOPO 2026),-0.2268,0.1036,-0.0955
97418000AX0317,0.0088,Frein — Zone A au PLU (PLU/GPU en vigueur à l'ingestion 2026),Frein — Parcelle de 26668 m² (cadastre),Frein — 0 vente(s) à moins de 150 m en 24 mois (DVF arrêté au 31/12/2025),-0.5621,-0.5284,-0.2221
97405000AO0191,0.0092,Frein — Zone A au PLU (PLU/GPU en vigueur à l'ingestion 2026),Frein — Parcelle de 3318 m² (cadastre),"Frein — Aucune vente connue depuis au moins 12 ans (DVF arrêté au 31/12/2025, historique 2014+)",-0.5621,-0.2164,-0.1045
97412000CE2849,0.01674,Parcelle de 249 m² (cadastre),Zone U au PLU (PLU/GPU en vigueur à l'ingestion 2026),Secteur densément bâti (BD TOPO 2026),0.1328,0.1036,0.0981
97416000HO0024,0.01244,Zone U au PLU (PLU/GPU en vigueur à l'ingestion 2026),"Frein — Aucune vente connue depuis au moins 12 ans (DVF arrêté au 31/12/2025, historique 2014+)","Frein — Secteur à rotation faible du foncier nu (DVF arrêté au 31/12/2025, 36 mois)",0.1036,-0.0913,-0.0794
97419000AO0343,0.0092,Frein — Zone A au PLU (PLU/GPU en vigueur à l'ingestion 2026),Frein — Parcelle de 5899 m² (cadastre),Secteur densément bâti (BD TOPO 2026),-0.5621,-0.2822,0.2553
97404000AC0195,0.0088,Frein — Zone N au PLU (PLU/GPU en vigueur à l'ingestion 2026),Frein — Parcelle de 29486 m² (cadastre),Frein — 0 vente(s) à moins de 150 m en 24 mois (DVF arrêté au 31/12/2025),-0.5326,-0.5284,-0.2221
97408000AC1287,0.01754,9 vente(s) à moins de 150 m en 24 mois (DVF arrêté au 31/12/2025),Frein — Parcelle de 2604 m² (cadastre),"Secteur à rotation faible du foncier nu (DVF arrêté au 31/12/2025, 36 mois)",0.2532,-0.2193,0.195
97420000AI0582,0.0092,Frein — Zone N au PLU (PLU/GPU en vigueur à l'ingestion 2026),Frein — 0 vente(s) à moins de 150 m en 24 mois (DVF arrêté au 31/12/2025),"Frein — Secteur à rotation faible du bâti (DVF arrêté au 31/12/2025, 36 mois)",-0.5326,-0.2221,-0.1576
97422000AP0203,0.0092,Frein — Zone A au PLU (PLU/GPU en vigueur à l'ingestion 2026),Frein — Parcelle de 11154 m² (cadastre),"Frein — Aucune vente connue depuis au moins 12 ans (DVF arrêté au 31/12/2025, historique 2014+)",-0.5621,-0.2822,-0.1163
97415000AL0033,0.0088,Frein — Le propriétaire a vendu une autre parcelle depuis 24 mois (millésimes fonciers PM 2019-2024),Frein — Zone N au PLU (PLU/GPU en vigueur à l'ingestion 2026),Frein — Parcelle de 301902 m² (cadastre),-0.6133,-0.5326,-0.5284
97401000AP0174,0.0101,Frein — Zone A au PLU (PLU/GPU en vigueur à l'ingestion 2026),Parcelle de 407 m² (cadastre),"Zone sans droits à bâtir (résiduel m135, PLU 2026)",-0.5621,0.1328,0.1014
97416000DS0826,0.01258,Zone U au PLU (PLU/GPU en vigueur à l'ingestion 2026),Frein — Secteur densément bâti (BD TOPO 2026),Parcelle de 148 m² (cadastre),0.1036,-0.0955,0.0832
97418000AR2302,0.01294,Zone U au PLU (PLU/GPU en vigueur à l'ingestion 2026),Frein — 0 permis à moins de 100 m en 24 mois (Sitadel 2013→2025),Frein — 1 vente(s) à moins de 150 m en 24 mois (DVF arrêté au 31/12/2025),0.1036,-0.0784,-0.0735
97420000AL0297,0.0101,Frein — 0 vente(s) à moins de 150 m en 24 mois (DVF arrêté au 31/12/2025),Parcelle de 375 m² (cadastre),Zone U au PLU (PLU/GPU en vigueur à l'ingestion 2026),-0.2221,0.1328,0.1036
97408000AS0538,0.02494,Zone AU au PLU (PLU/GPU en vigueur à l'ingestion 2026),7 vente(s) à moins de 150 m en 24 mois (DVF arrêté au 31/12/2025),"Secteur à rotation faible du foncier nu (DVF arrêté au 31/12/2025, 36 mois)",0.496,0.1161,0.0875
97409000AS0604,0.02316,Zone AU au PLU (PLU/GPU en vigueur à l'ingestion 2026),Parcelle de 543 m² (cadastre),"Frein — Secteur à rotation faible du foncier nu (DVF arrêté au 31/12/2025, 36 mois)",0.496,0.0803,-0.0794
97412000BM0074,0.01294,Parcelle de 237 m² (cadastre),Zone U au PLU (PLU/GPU en vigueur à l'ingestion 2026),"Frein — Secteur à rotation faible du foncier nu (DVF arrêté au 31/12/2025, 36 mois)",0.1328,0.1036,-0.0794
97408000BI0178,0.01592,Parcelle de 374 m² (cadastre),Zone U au PLU (PLU/GPU en vigueur à l'ingestion 2026),Frein — 0 permis à moins de 100 m en 24 mois (Sitadel 2013→2025),0.1328,0.1036,-0.0784
97416000IM0848,0.01244,Parcelle de 470 m² (cadastre),"Frein — Secteur à rotation faible du foncier nu (DVF arrêté au 31/12/2025, 36 mois)",Zone U au PLU (PLU/GPU en vigueur à l'ingestion 2026),0.1328,-0.1238,0.1036
97422000BY0322,0.01592,Détenue depuis 3 à 5 ans — dernière mutation connue (DVF arrêté au 31/12/2025),Zone U au PLU (PLU/GPU en vigueur à l'ingestion 2026),Frein — 1 vente(s) à moins de 150 m en 24 mois (DVF arrêté au 31/12/2025),0.281,0.1036,-0.0735
97422000BN1580,0.01592,Parcelle de 347 m² (cadastre),Zone U au PLU (PLU/GPU en vigueur à l'ingestion 2026),Frein — 0 permis à moins de 100 m en 24 mois (Sitadel 2013→2025),0.1328,0.1036,-0.0784
97409000AW0874,0.0101,"Frein — Secteur à rotation faible du foncier nu (DVF arrêté au 31/12/2025, 36 mois)",Frein — 0 vente(s) à moins de 150 m en 24 mois (DVF arrêté au 31/12/2025),Zone U au PLU (PLU/GPU en vigueur à l'ingestion 2026),-0.2583,-0.2221,0.1036
97410000BE0710,0.01592,"Secteur à rotation faible du foncier nu (DVF arrêté au 31/12/2025, 36 mois)",Zone U au PLU (PLU/GPU en vigueur à l'ingestion 2026),Parcelle de 529 m² (cadastre),0.195,0.1036,0.0803
97410000AH0546,0.01464,Parcelle de 239 m² (cadastre),Zone U au PLU (PLU/GPU en vigueur à l'ingestion 2026),"Secteur à rotation faible du foncier nu (DVF arrêté au 31/12/2025, 36 mois)",0.1328,0.1036,0.0875
97408000AB0063,0.0092,Frein — Zone N au PLU (PLU/GPU en vigueur à l'ingestion 2026),Frein — Parcelle de 15219 m² (cadastre),"Secteur à rotation faible du foncier nu (DVF arrêté au 31/12/2025, 36 mois)",-0.5326,-0.5284,0.2864
97410000BV0222,0.01464,Frein — 0 vente(s) à moins de 150 m en 24 mois (DVF arrêté au 31/12/2025),Parcelle de 22 m² (cadastre),Zone U au PLU (PLU/GPU en vigueur à l'ingestion 2026),-0.2221,0.118,0.1036
97413000CQ0853,0.01294,Zone U au PLU (PLU/GPU en vigueur à l'ingestion 2026),"Secteur à rotation faible du foncier nu (DVF arrêté au 31/12/2025, 36 mois)",Parcelle de 609 m² (cadastre),0.1036,0.0875,0.0803
97411000BN0299,0.01464,"Frein — Secteur à rotation faible du foncier nu (DVF arrêté au 31/12/2025, 36 mois)","74 m² de SDP résiduelle (résiduel m135, PLU 2026)",Zone U au PLU (PLU/GPU en vigueur à l'ingestion 2026),-0.1238,0.1134,0.1036
97418000BO0085,0.01258,Piscine détectée sur la parcelle (ortho 2026),Frein — 0 vente(s) à moins de 150 m en 24 mois (DVF arrêté au 31/12/2025),Frein — Parcelle de 1095 m² (cadastre),0.3786,-0.2221,-0.1492
97415000EY1210,0.0088,Frein — Le propriétaire a vendu une autre parcelle depuis 24 mois (millésimes fonciers PM 2019-2024),Frein — Zone N au PLU (PLU/GPU en vigueur à l'ingestion 2026),Frein — 0 vente(s) à moins de 150 m en 24 mois (DVF arrêté au 31/12/2025),-0.6133,-0.5326,-0.2221
97422000BV3029,0.01592,Parcelle de 441 m² (cadastre),Zone U au PLU (PLU/GPU en vigueur à l'ingestion 2026),"Frein — Secteur à rotation faible du foncier nu (DVF arrêté au 31/12/2025, 36 mois)",0.1328,0.1036,-0.0794
97415000AY1338,0.01464,"Secteur à rotation faible du foncier nu (DVF arrêté au 31/12/2025, 36 mois)",Frein — Parcelle de 1178 m² (cadastre),Zone U au PLU (PLU/GPU en vigueur à l'ingestion 2026),0.2864,-0.1492,0.1036
97408000BK0321,0.0101,Frein — Le propriétaire a vendu une autre parcelle depuis 24 mois (millésimes fonciers PM 2019-2024),"Frein — Secteur à rotation faible du foncier nu (DVF arrêté au 31/12/2025, 36 mois)",Zone U au PLU (PLU/GPU en vigueur à l'ingestion 2026),-0.6133,-0.2583,0.1036
97416000HX0615,0.01592,Parcelle de 374 m² (cadastre),"37 m² de SDP résiduelle (résiduel m135, PLU 2026)",Zone U au PLU (PLU/GPU en vigueur à l'ingestion 2026),0.1328,0.1134,0.1036
97407000AK1313,0.01592,9 vente(s) à moins de 150 m en 24 mois (DVF arrêté au 31/12/2025),Zone U au PLU (PLU/GPU en vigueur à l'ingestion 2026),Parcelle de 170 m² (cadastre),0.2532,0.1036,0.0832
97416000CV2092,0.0101,Frein — Zone A au PLU (PLU/GPU en vigueur à l'ingestion 2026),"Zone sans droits à bâtir (résiduel m135, PLU 2026)","Frein — Aucune vente connue depuis au moins 12 ans (DVF arrêté au 31/12/2025, historique 2014+)",-0.5621,0.1014,-0.0811
97401000AR1333,0.0092,Frein — Zone A au PLU (PLU/GPU en vigueur à l'ingestion 2026),Frein — Parcelle de 4824 m² (cadastre),"Secteur à rotation faible du foncier nu (DVF arrêté au 31/12/2025, 36 mois)",-0.5621,-0.2822,0.195
97411000EL0454,0.02316,Piscine détectée sur la parcelle (ortho 2026),"26 m² de SDP résiduelle (résiduel m135, PLU 2026)","Secteur à rotation faible du foncier nu (DVF arrêté au 31/12/2025, 36 mois)",0.3786,0.1134,0.1121
97404000AT0054,0.02494,Piscine détectée sur la parcelle (ortho 2026),Détenue depuis 3 à 5 ans — dernière mutation connue (DVF arrêté au 31/12/2025),"Secteur à rotation faible du foncier nu (DVF arrêté au 31/12/2025, 36 mois)",0.3786,0.2026,0.107
97408000AP1564,0.02494,Détenue depuis 1 à 2 ans — dernière mutation connue (DVF arrêté au 31/12/2025),"Secteur à rotation faible du foncier nu (DVF arrêté au 31/12/2025, 36 mois)",Zone U au PLU (PLU/GPU en vigueur à l'ingestion 2026),0.5902,0.1142,0.1036
97405000AW0942,0.01592,Détenue depuis 2 à 3 ans — dernière mutation connue (DVF arrêté au 31/12/2025),Frein — 0 vente(s) à moins de 150 m en 24 mois (DVF arrêté au 31/12/2025),Zone U au PLU (PLU/GPU en vigueur à l'ingestion 2026),0.2834,-0.2221,0.1036
97413000CX1388,0.02316,9 vente(s) à moins de 150 m en 24 mois (DVF arrêté au 31/12/2025),Parcelle de 304 m² (cadastre),"38 m² de SDP résiduelle (résiduel m135, PLU 2026)",0.2532,0.1346,0.1134
97402000AI0436,0.01592,Parcelle de 472 m² (cadastre),"67 m² de SDP résiduelle (résiduel m135, PLU 2026)",Zone U au PLU (PLU/GPU en vigueur à l'ingestion 2026),0.1328,0.1134,0.1036
97420000BH1283,0.0092,Frein — Zone A au PLU (PLU/GPU en vigueur à l'ingestion 2026),Frein — 0 vente(s) à moins de 150 m en 24 mois (DVF arrêté au 31/12/2025),"Zone sans droits à bâtir (résiduel m135, PLU 2026)",-0.5621,-0.2221,0.1014
97407000AE0774,0.01674,Zone U au PLU (PLU/GPU en vigueur à l'ingestion 2026),Frein — Secteur densément bâti (BD TOPO 2026),Parcelle de 6 m² (cadastre),0.1036,-0.0955,0.0903
97422000AX0883,0.01087,Frein — Parcelle de 1370 m² (cadastre),"Frein — Aucune vente connue depuis au moins 12 ans (DVF arrêté au 31/12/2025, historique 2014+)",Zone U au PLU (PLU/GPU en vigueur à l'ingestion 2026),-0.2164,-0.1045,0.1036
97409000AX1079,0.03466,Détenue depuis moins d'un an — dernière mutation connue (DVF arrêté au 31/12/2025),5 permis à moins de 100 m en 24 mois (Sitadel 2013→2025),18 vente(s) à moins de 150 m en 24 mois (DVF arrêté au 31/12/2025),0.4858,0.2623,0.2532
97422000DE0705,0.0092,Frein — Zone A au PLU (PLU/GPU en vigueur à l'ingestion 2026),Frein — Parcelle de 5912 m² (cadastre),"Frein — Aucune vente connue depuis au moins 12 ans (DVF arrêté au 31/12/2025, historique 2014+)",-0.5621,-0.2822,-0.1212
97411000DK0332,0.01592,Parcelle de 29 m² (cadastre),Zone U au PLU (PLU/GPU en vigueur à l'ingestion 2026),"Frein — Secteur à rotation faible du foncier nu (DVF arrêté au 31/12/2025, 36 mois)",0.118,0.1036,-0.0794
97415000DE0446,0.01592,Parcelle de 379 m² (cadastre),Zone U au PLU (PLU/GPU en vigueur à l'ingestion 2026),"Secteur à rotation faible du bâti (DVF arrêté au 31/12/2025, 36 mois)",0.1328,0.1036,0.0808
97415000EO0875,0.01674,"Secteur à rotation faible du foncier nu (DVF arrêté au 31/12/2025, 36 mois)",8 vente(s) à moins de 150 m en 24 mois (DVF arrêté au 31/12/2025),0% de ménages pauvres dans le carreau (Filosofi INSEE 2019),0.195,0.1161,0.1094
97412000CE2248,0.0088,Frein — Le propriétaire a vendu une autre parcelle depuis 24 mois (millésimes fonciers PM 2019-2024),Frein — Zone A au PLU (PLU/GPU en vigueur à l'ingestion 2026),Frein — 0 vente(s) à moins de 150 m en 24 mois (DVF arrêté au 31/12/2025),-0.6133,-0.5621,-0.2221
97415000CT2653,0.01674,Détenue depuis 5 à 8 ans — dernière mutation connue (DVF arrêté au 31/12/2025),Zone U au PLU (PLU/GPU en vigueur à l'ingestion 2026),Frein — 0 permis à moins de 100 m en 24 mois (Sitadel 2013→2025),0.2479,0.1036,-0.0784
97422000BS0330,0.01134,Frein — Parcelle de 1391 m² (cadastre),"Frein — Aucune vente connue depuis au moins 12 ans (DVF arrêté au 31/12/2025, historique 2014+)",Zone U au PLU (PLU/GPU en vigueur à l'ingestion 2026),-0.2164,-0.1068,0.1036
97411000CX1541,0.01211,Zone U au PLU (PLU/GPU en vigueur à l'ingestion 2026),"Frein — Aucune vente connue depuis au moins 12 ans (DVF arrêté au 31/12/2025, historique 2014+)",Frein — 1 vente(s) à moins de 150 m en 24 mois (DVF arrêté au 31/12/2025),0.1036,-0.0761,-0.0735
97411000KC0087,0.0101,Frein — Le propriétaire a vendu une autre parcelle depuis 24 mois (millésimes fonciers PM 2019-2024),Zone U au PLU (PLU/GPU en vigueur à l'ingestion 2026),"Frein — Aucune vente connue depuis au moins 12 ans (DVF arrêté au 31/12/2025, historique 2014+)",-0.6133,0.1036,-0.0883
97414000HD0216,0.0088,Frein — Zone A au PLU (PLU/GPU en vigueur à l'ingestion 2026),"Frein — Secteur à rotation faible du foncier nu (DVF arrêté au 31/12/2025, 36 mois)",Frein — 0 vente(s) à moins de 150 m en 24 mois (DVF arrêté au 31/12/2025),-0.5621,-0.2583,-0.2221
97412000BC0495,0.02183,Zone U au PLU (PLU/GPU en vigueur à l'ingestion 2026),Secteur densément bâti (BD TOPO 2026),3 permis à moins de 100 m en 24 mois (Sitadel 2013→2025),0.1036,0.0981,0.0926
97413000CO0722,0.01134,Frein — Le propriétaire a vendu une autre parcelle depuis 24 mois (millésimes fonciers PM 2019-2024),Zone AU au PLU (PLU/GPU en vigueur à l'ingestion 2026),Détenue depuis 5 à 8 ans — dernière mutation connue (DVF arrêté au 31/12/2025),-0.6133,0.496,0.3624
97405000AL0643,0.01592,10 vente(s) à moins de 150 m en 24 mois (DVF arrêté au 31/12/2025),Zone U au PLU (PLU/GPU en vigueur à l'ingestion 2026),Frein — 0 permis à moins de 100 m en 24 mois (Sitadel 2013→2025),0.2532,0.1036,-0.0784
97408000AT1232,0.01674,Parcelle de 436 m² (cadastre),7 vente(s) à moins de 150 m en 24 mois (DVF arrêté au 31/12/2025),Zone U au PLU (PLU/GPU en vigueur à l'ingestion 2026),0.1328,0.1161,0.1036
97415000DH0326,0.05276,Détenue depuis moins d'un an — dernière mutation connue (DVF arrêté au 31/12/2025),Parcelle de 2441 m² (cadastre),Zone U au PLU (PLU/GPU en vigueur à l'ingestion 2026),1.0852,0.1888,0.1036
97408000AC3074,0.02316,"Secteur à rotation faible du foncier nu (DVF arrêté au 31/12/2025, 36 mois)",Parcelle de 473 m² (cadastre),Zone U au PLU (PLU/GPU en vigueur à l'ingestion 2026),0.195,0.1328,0.1036
97414000EK0088,0.01592,Zone U au PLU (PLU/GPU en vigueur à l'ingestion 2026),3 permis à moins de 100 m en 24 mois (Sitadel 2013→2025),Parcelle de 593 m² (cadastre),0.1036,0.0926,0.0803
97412000CI0099,0.0092,Frein — Zone A au PLU (PLU/GPU en vigueur à l'ingestion 2026),Frein — Parcelle de 14760 m² (cadastre),"Secteur à rotation faible du foncier nu (DVF arrêté au 31/12/2025, 36 mois)",-0.5621,-0.5284,0.2864
97402000AK0255,0.01134,Candidat photovoltaïque (ortho 2026),Zone U au PLU (PLU/GPU en vigueur à l'ingestion 2026),Frein — 46 ventes dans la commune l'an dernier (DVF arrêté au 31/12/2025),0.1253,0.1036,-0.1
97405000AL1671,0.03466,Détenue depuis moins d'un an — dernière mutation connue (DVF arrêté au 31/12/2025),12 vente(s) à moins de 150 m en 24 mois (DVF arrêté au 31/12/2025),Zone U au PLU (PLU/GPU en vigueur à l'ingestion 2026),0.7542,0.2532,0.1036
97410000BY0815,0.0088,Frein — Le propriétaire a vendu une autre parcelle depuis 24 mois (millésimes fonciers PM 2019-2024),Frein — Zone N au PLU (PLU/GPU en vigueur à l'ingestion 2026),Secteur densément bâti (BD TOPO 2026),-0.6133,-0.5326,0.2553
97415000BV0192,0.01134,Zone U au PLU (PLU/GPU en vigueur à l'ingestion 2026),"Frein — Aucune vente connue depuis au moins 12 ans (DVF arrêté au 31/12/2025, historique 2014+)",Frein — Parcelle de 990 m² (cadastre),0.1036,-0.0864,-0.0759
97414000DY0541,0.0092,Frein — Zone A au PLU (PLU/GPU en vigueur à l'ingestion 2026),Frein — Parcelle de 2524 m² (cadastre),"Frein — Secteur à rotation faible du bâti (DVF arrêté au 31/12/2025, 36 mois)",-0.5621,-0.2164,-0.1576
97416000CY0751,0.01674,Parcelle de 341 m² (cadastre),"66 m² de SDP résiduelle (résiduel m135, PLU 2026)",Zone U au PLU (PLU/GPU en vigueur à l'ingestion 2026),0.1328,0.1134,0.1036
97422000BO0327,0.0101,Frein — Parcelle de 2363 m² (cadastre),"Frein — Aucune vente connue depuis au moins 12 ans (DVF arrêté au 31/12/2025, historique 2014+)",0% de ménages pauvres dans le carreau (Filosofi INSEE 2019),-0.2164,-0.1117,0.1094
97410000CD0310,0.0101,Frein — Zone N au PLU (PLU/GPU en vigueur à l'ingestion 2026),"Secteur à rotation faible du foncier nu (DVF arrêté au 31/12/2025, 36 mois)",Frein — Parcelle de 2717 m² (cadastre),-0.5326,0.2864,-0.2164
97407000BE0219,0.02843,Détenue depuis 5 à 8 ans — dernière mutation connue (DVF arrêté au 31/12/2025),10 vente(s) à moins de 150 m en 24 mois (DVF arrêté au 31/12/2025),"Frein — Secteur à rotation faible du foncier nu (DVF arrêté au 31/12/2025, 36 mois)",0.4338,0.2532,-0.1359
97411000HS0092,0.02183,"Secteur à rotation faible du foncier nu (DVF arrêté au 31/12/2025, 36 mois)",Parcelle de 469 m² (cadastre),7 vente(s) à moins de 150 m en 24 mois (DVF arrêté au 31/12/2025),0.2864,0.1328,0.1161
97412000BW0039,0.02494,Piscine détectée sur la parcelle (ortho 2026),4 permis à moins de 100 m en 24 mois (Sitadel 2013→2025),Frein — Parcelle de 1172 m² (cadastre),0.3786,0.2623,-0.1521
97412000BT0566,0.01464,Zone U au PLU (PLU/GPU en vigueur à l'ingestion 2026),3 permis à moins de 100 m en 24 mois (Sitadel 2013→2025),"Frein — Aucune vente connue depuis au moins 12 ans (DVF arrêté au 31/12/2025, historique 2014+)",0.1036,0.0926,-0.0738
97414000EV0719,0.0092,Frein — Le propriétaire a vendu une autre parcelle depuis 24 mois (millésimes fonciers PM 2019-2024),Zone U au PLU (PLU/GPU en vigueur à l'ingestion 2026),Frein — Secteur densément bâti (BD TOPO 2026),-0.6133,0.1036,-0.0955
97418000BV0219,0.01464,Piscine détectée sur la parcelle (ortho 2026),Frein — 0 vente(s) à moins de 150 m en 24 mois (DVF arrêté au 31/12/2025),Parcelle de 435 m² (cadastre),0.3786,-0.2221,0.1328
97422000BD2762,0.01592,Zone U au PLU (PLU/GPU en vigueur à l'ingestion 2026),Parcelle de 107 m² (cadastre),Frein — 0 permis à moins de 100 m en 24 mois (Sitadel 2013→2025),0.1036,0.0832,-0.0784
97407000AS1237,0.01134,Frein — Le propriétaire a vendu une autre parcelle depuis 24 mois (millésimes fonciers PM 2019-2024),6 permis à moins de 100 m en 24 mois (Sitadel 2013→2025),7 vente(s) à moins de 150 m en 24 mois (DVF arrêté au 31/12/2025),-0.6133,0.2623,0.1161
97409000BO0632,0.01211,"Frein — Secteur à rotation faible du bâti (DVF arrêté au 31/12/2025, 36 mois)",Parcelle de 330 m² (cadastre),Zone U au PLU (PLU/GPU en vigueur à l'ingestion 2026),-0.1576,0.1328,0.1036
97415000BZ0474,0.01134,Frein — Zone A au PLU (PLU/GPU en vigueur à l'ingestion 2026),"Secteur à rotation faible du foncier nu (DVF arrêté au 31/12/2025, 36 mois)",Frein — 0 vente(s) à moins de 150 m en 24 mois (DVF arrêté au 31/12/2025),-0.5621,0.2516,-0.2221
97415000EH0266,0.0092,Frein — Zone A au PLU (PLU/GPU en vigueur à l'ingestion 2026),"Secteur à rotation faible du foncier nu (DVF arrêté au 31/12/2025, 36 mois)",Frein — Parcelle de 6389 m² (cadastre),-0.5621,0.2864,-0.2822
97412000BD0272,0.0092,Frein — Zone A au PLU (PLU/GPU en vigueur à l'ingestion 2026),Frein — 0 vente(s) à moins de 150 m en 24 mois (DVF arrêté au 31/12/2025),Frein — Parcelle de 4447 m² (cadastre),-0.5621,-0.2221,-0.2164
97416000HL0185,0.01592,Frein — 0 vente(s) à moins de 150 m en 24 mois (DVF arrêté au 31/12/2025),Zone U au PLU (PLU/GPU en vigueur à l'ingestion 2026),"Zone sans droits à bâtir (résiduel m135, PLU 2026)",-0.2221,0.1036,0.1014
97413000DD0908,0.0101,Frein — 0 vente(s) à moins de 150 m en 24 mois (DVF arrêté au 31/12/2025),"Frein — Secteur à rotation faible du bâti (DVF arrêté au 31/12/2025, 36 mois)",Parcelle de 368 m² (cadastre),-0.2221,-0.1576,0.1328
97412000BR0174,0.0185,4 permis à moins de 100 m en 24 mois (Sitadel 2013→2025),Parcelle de 375 m² (cadastre),"Frein — Secteur à rotation faible du foncier nu (DVF arrêté au 31/12/2025, 36 mois)",0.2623,0.1328,-0.1238
97401000AP0361,0.0101,Frein — Zone N au PLU (PLU/GPU en vigueur à l'ingestion 2026),"Zone sans droits à bâtir (résiduel m135, PLU 2026)",Parcelle de 196 m² (cadastre),-0.5326,0.1014,0.0832
97411000HZ0145,0.01134,Frein — 0 vente(s) à moins de 150 m en 24 mois (DVF arrêté au 31/12/2025),Parcelle de 357 m² (cadastre),"Frein — Secteur à rotation faible du foncier nu (DVF arrêté au 31/12/2025, 36 mois)",-0.2221,0.1328,-0.1238
97415000CX0490,0.0092,Frein — Zone N au PLU (PLU/GPU en vigueur à l'ingestion 2026),Frein — Parcelle de 63849 m² (cadastre),Frein — 0 vente(s) à moins de 150 m en 24 mois (DVF arrêté au 31/12/2025),-0.5326,-0.5284,-0.2221
97406000AP0104,0.05276,"Secteur à rotation faible du foncier nu (DVF arrêté au 31/12/2025, 36 mois)",Frein — 0 vente(s) à moins de 150 m en 24 mois (DVF arrêté au 31/12/2025),Parcelle de 612 m² (cadastre),0.2864,-0.2221,0.1289
97411000HB0394,0.01592,Zone U au PLU (PLU/GPU en vigueur à l'ingestion 2026),Parcelle de 147 m² (cadastre),"Frein — Secteur à rotation faible du foncier nu (DVF arrêté au 31/12/2025, 36 mois)",0.1036,0.0832,-0.0794
97416000CV1240,0.0092,Frein — Zone A au PLU (PLU/GPU en vigueur à l'ingestion 2026),Frein — Parcelle de 1009 m² (cadastre),"Frein — Aucune vente connue depuis au moins 12 ans (DVF arrêté au 31/12/2025, historique 2014+)",-0.5621,-0.1492,-0.102
97412000CW1049,0.0092,Frein — Zone A au PLU (PLU/GPU en vigueur à l'ingestion 2026),Frein — Parcelle de 2096 m² (cadastre),"Frein — Aucune vente connue depuis au moins 12 ans (DVF arrêté au 31/12/2025, historique 2014+)",-0.5621,-0.2164,-0.1117
97415000CH0943,0.0092,Frein — Zone A au PLU (PLU/GPU en vigueur à l'ingestion 2026),Frein — Parcelle de 22611 m² (cadastre),"Frein — Aucune vente connue depuis au moins 12 ans (DVF arrêté au 31/12/2025, historique 2014+)",-0.5621,-0.5284,-0.1569
97422000BS1584,0.01134,Frein — Zone N au PLU (PLU/GPU en vigueur à l'ingestion 2026),"Zone sans droits à bâtir (résiduel m135, PLU 2026)",Parcelle de 534 m² (cadastre),-0.5326,0.1014,0.0803
97414000EZ0046,0.0101,Frein — Parcelle de 1954 m² (cadastre),"Frein — Aucune vente connue depuis au moins 12 ans (DVF arrêté au 31/12/2025, historique 2014+)",Zone U au PLU (PLU/GPU en vigueur à l'ingestion 2026),-0.2164,-0.1087,0.1036
97402000AK1556,0.01134,Zone U au PLU (PLU/GPU en vigueur à l'ingestion 2026),Frein — 46 ventes dans la commune l'an dernier (DVF arrêté au 31/12/2025),Parcelle de 172 m² (cadastre),0.1036,-0.1,0.0832
97416000EZ0299,0.01464,Zone U au PLU (PLU/GPU en vigueur à l'ingestion 2026),Secteur densément bâti (BD TOPO 2026),"Frein — Secteur à rotation faible du foncier nu (DVF arrêté au 31/12/2025, 36 mois)",0.1036,0.0981,-0.0794
97412000CV0370,0.01134,Frein — Parcelle de 1543 m² (cadastre),"Frein — Aucune vente connue depuis au moins 12 ans (DVF arrêté au 31/12/2025, historique 2014+)",Zone U au PLU (PLU/GPU en vigueur à l'ingestion 2026),-0.2164,-0.1068,0.1036
97422000BP1907,0.01464,Parcelle de 454 m² (cadastre),Zone U au PLU (PLU/GPU en vigueur à l'ingestion 2026),"Frein — Secteur à rotation faible du foncier nu (DVF arrêté au 31/12/2025, 36 mois)",0.1328,0.1036,-0.0794
97409000AY0162,0.01211,Frein — Parcelle de 1273 m² (cadastre),Candidat photovoltaïque (ortho 2026),Zone U au PLU (PLU/GPU en vigueur à l'ingestion 2026),-0.2206,0.1253,0.1036
97405000AR1786,0.03466,4 permis à moins de 100 m en 24 mois (Sitadel 2013→2025),9 vente(s) à moins de 150 m en 24 mois (DVF arrêté au 31/12/2025),"Secteur à rotation faible du foncier nu (DVF arrêté au 31/12/2025, 36 mois)",0.2623,0.2532,0.195
97404000AN0037,0.0088,Frein — Le propriétaire a vendu une autre parcelle depuis 24 mois (millésimes fonciers PM 2019-2024),Frein — Zone N au PLU (PLU/GPU en vigueur à l'ingestion 2026),Frein — Parcelle de 113745 m² (cadastre),-0.6133,-0.5326,-0.5284
97409000BD1248,0.01211,Zone U au PLU (PLU/GPU en vigueur à l'ingestion 2026),Parcelle de 501 m² (cadastre),Frein — 0 permis à moins de 100 m en 24 mois (Sitadel 2013→2025),0.1036,0.0803,-0.0784
97405000AZ0523,0.0088,Frein — Le propriétaire a vendu une autre parcelle depuis 24 mois (millésimes fonciers PM 2019-2024),Frein — Zone N au PLU (PLU/GPU en vigueur à l'ingestion 2026),Frein — 0 vente(s) à moins de 150 m en 24 mois (DVF arrêté au 31/12/2025),-0.6133,-0.5326,-0.2221
97412000CE2620,0.01674,Zone U au PLU (PLU/GPU en vigueur à l'ingestion 2026),Secteur densément bâti (BD TOPO 2026),"Secteur à rotation faible du foncier nu (DVF arrêté au 31/12/2025, 36 mois)",0.1036,0.0981,0.0875
97424000AC0675,0.0101,"Frein — Secteur à rotation faible du foncier nu (DVF arrêté au 31/12/2025, 36 mois)",Secteur densément bâti (BD TOPO 2026),"Frein — Secteur à rotation faible du bâti (DVF arrêté au 31/12/2025, 36 mois)",-0.2583,0.2553,-0.1576
97420000AZ0807,0.01134,Zone U au PLU (PLU/GPU en vigueur à l'ingestion 2026),Frein — 0 permis à moins de 100 m en 24 mois (Sitadel 2013→2025),"Frein — Aucune vente connue depuis au moins 12 ans (DVF arrêté au 31/12/2025, historique 2014+)",0.1036,-0.0784,-0.078
97411000HS0413,0.01754,"Secteur à rotation faible du foncier nu (DVF arrêté au 31/12/2025, 36 mois)",7 vente(s) à moins de 150 m en 24 mois (DVF arrêté au 31/12/2025),Zone U au PLU (PLU/GPU en vigueur à l'ingestion 2026),0.2864,0.1161,0.1036
97419000AX0220,0.0101,Frein — 0 vente(s) à moins de 150 m en 24 mois (DVF arrêté au 31/12/2025),"Frein — Secteur à rotation faible du foncier nu (DVF arrêté au 31/12/2025, 36 mois)",Zone U au PLU (PLU/GPU en vigueur à l'ingestion 2026),-0.2221,-0.1238,0.1036
97422000AS0558,0.0092,Frein — Zone A au PLU (PLU/GPU en vigueur à l'ingestion 2026),Frein — 0 vente(s) à moins de 150 m en 24 mois (DVF arrêté au 31/12/2025),"Zone sans droits à bâtir (résiduel m135, PLU 2026)",-0.5621,-0.2221,0.1014
97410000AB0912,0.01258,Zone U au PLU (PLU/GPU en vigueur à l'ingestion 2026),Parcelle de 140 m² (cadastre),Frein — 0 permis à moins de 100 m en 24 mois (Sitadel 2013→2025),0.1036,0.0832,-0.0784
97414000ER0751,0.01211,Zone U au PLU (PLU/GPU en vigueur à l'ingestion 2026),Parcelle de 129 m² (cadastre),"Frein — Secteur à rotation faible du foncier nu (DVF arrêté au 31/12/2025, 36 mois)",0.1036,0.0832,-0.0794
97411000CY0421,0.0092,Frein — Zone A au PLU (PLU/GPU en vigueur à l'ingestion 2026),Frein — 0 vente(s) à moins de 150 m en 24 mois (DVF arrêté au 31/12/2025),Frein — Parcelle de 1440 m² (cadastre),-0.5621,-0.2221,-0.2164
97411000HI0472,0.01464,Parcelle de 377 m² (cadastre),"Frein — Secteur à rotation faible du foncier nu (DVF arrêté au 31/12/2025, 36 mois)",Zone U au PLU (PLU/GPU en vigueur à l'ingestion 2026),0.1328,-0.1238,0.1036
97414000DM0807,0.01592,Parcelle de 23 m² (cadastre),7 vente(s) à moins de 150 m en 24 mois (DVF arrêté au 31/12/2025),Zone U au PLU (PLU/GPU en vigueur à l'ingestion 2026),0.118,0.1161,0.1036
97412000CR0224,0.01134,Frein — Zone A au PLU (PLU/GPU en vigueur à l'ingestion 2026),Détenue depuis 2 à 3 ans — dernière mutation connue (DVF arrêté au 31/12/2025),Frein — 0 vente(s) à moins de 150 m en 24 mois (DVF arrêté au 31/12/2025),-0.5621,0.4699,-0.2221
97421000AH0277,0.0088,Frein — Zone A au PLU (PLU/GPU en vigueur à l'ingestion 2026),"Frein — Secteur à rotation faible du foncier nu (DVF arrêté au 31/12/2025, 36 mois)",Frein — 0 vente(s) à moins de 150 m en 24 mois (DVF arrêté au 31/12/2025),-0.5621,-0.2583,-0.2221
97416000CX0706,0.01464,Parcelle de 451 m² (cadastre),Zone U au PLU (PLU/GPU en vigueur à l'ingestion 2026),Frein — 1 vente(s) à moins de 150 m en 24 mois (DVF arrêté au 31/12/2025),0.1328,0.1036,-0.0735
97418000AP2459,0.0092,Frein — Zone N au PLU (PLU/GPU en vigueur à l'ingestion 2026),Frein — 0 vente(s) à moins de 150 m en 24 mois (DVF arrêté au 31/12/2025),Frein — Parcelle de 1219 m² (cadastre),-0.5326,-0.2221,-0.1492
97416000CO1003,0.01211,Frein — Le propriétaire a vendu une autre parcelle depuis 24 mois (millésimes fonciers PM 2019-2024),Détenue depuis 3 à 5 ans — dernière mutation connue (DVF arrêté au 31/12/2025),Zone U au PLU (PLU/GPU en vigueur à l'ingestion 2026),-0.6133,0.2928,0.1036
97417000BC1044,0.01258,Frein — Zone inconnu au PLU (PLU/GPU en vigueur à l'ingestion 2026),Parcelle de 468 m² (cadastre),Frein — 47 ventes dans la commune l'an dernier (DVF arrêté au 31/12/2025),-0.1636,0.1328,-0.1
97416000DE1793,0.01592,Détenue depuis 3 à 5 ans — dernière mutation connue (DVF arrêté au 31/12/2025),Frein — 0 vente(s) à moins de 150 m en 24 mois (DVF arrêté au 31/12/2025),0% de ménages pauvres dans le carreau (Filosofi INSEE 2019),0.3165,-0.2221,0.1094
97413000BH1044,0.0101,Frein — Zone A au PLU (PLU/GPU en vigueur à l'ingestion 2026),Parcelle de 269 m² (cadastre),"Zone sans droits à bâtir (résiduel m135, PLU 2026)",-0.5621,0.1372,0.1014
97414000DT0467,0.01674,"Secteur à rotation faible du foncier nu (DVF arrêté au 31/12/2025, 36 mois)",Frein — Parcelle de 1092 m² (cadastre),7 vente(s) à moins de 150 m en 24 mois (DVF arrêté au 31/12/2025),0.2864,-0.1492,0.1161
97411000CM0216,0.01211,Frein — Parcelle de 1400 m² (cadastre),"Frein — Aucune vente connue depuis au moins 12 ans (DVF arrêté au 31/12/2025, historique 2014+)",Zone U au PLU (PLU/GPU en vigueur à l'ingestion 2026),-0.2235,-0.1053,0.1036
97405000AL1437,0.01592,Détenue depuis 5 à 8 ans — dernière mutation connue (DVF arrêté au 31/12/2025),Frein — 0 vente(s) à moins de 150 m en 24 mois (DVF arrêté au 31/12/2025),Zone U au PLU (PLU/GPU en vigueur à l'ingestion 2026),0.3384,-0.2221,0.1036
97415000EY1863,0.02183,Détenue depuis 5 à 8 ans — dernière mutation connue (DVF arrêté au 31/12/2025),7% de ménages pauvres dans le carreau (Filosofi INSEE 2019),Zone U au PLU (PLU/GPU en vigueur à l'ingestion 2026),0.29,0.1094,0.1036
97412000AO0909,0.02838,Zone AU au PLU (PLU/GPU en vigueur à l'ingestion 2026),"Secteur à rotation faible du foncier nu (DVF arrêté au 31/12/2025, 36 mois)",Détenue depuis 3 à 5 ans — dernière mutation connue (DVF arrêté au 31/12/2025),0.496,0.1572,0.1553
97416000ID0686,0.01258,Parcelle de 278 m² (cadastre),"Frein — Secteur à rotation faible du foncier nu (DVF arrêté au 31/12/2025, 36 mois)",Zone U au PLU (PLU/GPU en vigueur à l'ingestion 2026),0.1328,-0.1238,0.1036
97411000HN0617,0.01592,Détenue depuis 3 à 5 ans — dernière mutation connue (DVF arrêté au 31/12/2025),"Frein — Secteur à rotation faible du foncier nu (DVF arrêté au 31/12/2025, 36 mois)",Zone U au PLU (PLU/GPU en vigueur à l'ingestion 2026),0.3837,-0.1417,0.1036
97408000BI0123,0.0101,Frein — Zone N au PLU (PLU/GPU en vigueur à l'ingestion 2026),"Zone sans droits à bâtir (résiduel m135, PLU 2026)",Frein — 0 permis à moins de 100 m en 24 mois (Sitadel 2013→2025),-0.5326,0.1014,-0.0784
97412000AL0160,0.0092,Frein — Zone N au PLU (PLU/GPU en vigueur à l'ingestion 2026),Secteur densément bâti (BD TOPO 2026),Frein — 0 vente(s) à moins de 150 m en 24 mois (DVF arrêté au 31/12/2025),-0.5326,0.2553,-0.2221
97416000ES1401,0.01674,Détenue depuis 3 à 5 ans — dernière mutation connue (DVF arrêté au 31/12/2025),Zone U au PLU (PLU/GPU en vigueur à l'ingestion 2026),Frein — 0 permis à moins de 100 m en 24 mois (Sitadel 2013→2025),0.281,0.1036,-0.0784
97401000AD1229,0.0088,Frein — Zone A au PLU (PLU/GPU en vigueur à l'ingestion 2026),Frein — Parcelle de 20833 m² (cadastre),Frein — 0 vente(s) à moins de 150 m en 24 mois (DVF arrêté au 31/12/2025),-0.5621,-0.5284,-0.2221
97415000HK0006,0.0088,Frein — Le propriétaire a vendu une autre parcelle depuis 24 mois (millésimes fonciers PM 2019-2024),Frein — Zone N au PLU (PLU/GPU en vigueur à l'ingestion 2026),Frein — Parcelle de 2181 m² (cadastre),-0.6133,-0.5326,-0.2164
97416000ET0130,0.0101,Frein — Zone N au PLU (PLU/GPU en vigueur à l'ingestion 2026),Frein — Parcelle de 1707 m² (cadastre),"Secteur à rotation faible du foncier nu (DVF arrêté au 31/12/2025, 36 mois)",-0.5326,-0.2164,0.195
97415000EX0270,0.01211,"Frein — Secteur à rotation faible du foncier nu (DVF arrêté au 31/12/2025, 36 mois)",Zone U au PLU (PLU/GPU en vigueur à l'ingestion 2026),"Frein — Aucune vente connue depuis au moins 12 ans (DVF arrêté au 31/12/2025, historique 2014+)",-0.1238,0.1036,-0.0947
97416000IA0683,0.01134,Frein — Parcelle de 1418 m² (cadastre),"Frein — Aucune vente connue depuis au moins 12 ans (DVF arrêté au 31/12/2025, historique 2014+)",Zone U au PLU (PLU/GPU en vigueur à l'ingestion 2026),-0.2164,-0.1068,0.1036
97406000AE0788,0.02316,Détenue depuis 3 à 5 ans — dernière mutation connue (DVF arrêté au 31/12/2025),Zone U au PLU (PLU/GPU en vigueur à l'ingestion 2026),4 vente(s) à moins de 150 m en 24 mois (DVF arrêté au 31/12/2025),0.3302,0.1036,0.0565
97418000AR0612,0.01134,Frein — Parcelle de 1772 m² (cadastre),Candidat photovoltaïque (ortho 2026),"Frein — Aucune vente connue depuis au moins 12 ans (DVF arrêté au 31/12/2025, historique 2014+)",-0.2164,0.1253,-0.1117
97416000EY0299,0.0092,Frein — Zone N au PLU (PLU/GPU en vigueur à l'ingestion 2026),Frein — Parcelle de 4895 m² (cadastre),"Frein — Aucune vente connue depuis au moins 12 ans (DVF arrêté au 31/12/2025, historique 2014+)",-0.5326,-0.2822,-0.1163
97415000BO0786,0.01592,6 permis à moins de 100 m en 24 mois (Sitadel 2013→2025),Frein — 0 vente(s) à moins de 150 m en 24 mois (DVF arrêté au 31/12/2025),Parcelle de 332 m² (cadastre),0.2623,-0.2221,0.1328
97420000BI0390,0.0092,Frein — Zone A au PLU (PLU/GPU en vigueur à l'ingestion 2026),Frein — 0 vente(s) à moins de 150 m en 24 mois (DVF arrêté au 31/12/2025),Frein — Parcelle de 1760 m² (cadastre),-0.5621,-0.2221,-0.2164
97405000AY0336,0.0101,Frein — Le propriétaire a vendu une autre parcelle depuis 24 mois (millésimes fonciers PM 2019-2024),Zone U au PLU (PLU/GPU en vigueur à l'ingestion 2026),3 permis à moins de 100 m en 24 mois (Sitadel 2013→2025),-0.6133,0.1036,0.0926
97415000DR0099,0.0101,Frein — 0 vente(s) à moins de 150 m en 24 mois (DVF arrêté au 31/12/2025),Frein — Parcelle de 1155 m² (cadastre),Zone U au PLU (PLU/GPU en vigueur à l'ingestion 2026),-0.2221,-0.1492,0.1036
97404000AY0272,0.01674,Parcelle de 393 m² (cadastre),Zone U au PLU (PLU/GPU en vigueur à l'ingestion 2026),3 permis à moins de 100 m en 24 mois (Sitadel 2013→2025),0.1328,0.1036,0.0926
97413000BH0814,0.01258,Parcelle de 365 m² (cadastre),Zone U au PLU (PLU/GPU en vigueur à l'ingestion 2026),Secteur densément bâti (BD TOPO 2026),0.1328,0.1036,0.0981
97414000HC0375,0.02316,Détenue depuis 1 à 2 ans — dernière mutation connue (DVF arrêté au 31/12/2025),Zone U au PLU (PLU/GPU en vigueur à l'ingestion 2026),6 vente(s) à moins de 150 m en 24 mois (DVF arrêté au 31/12/2025),0.4277,0.1036,0.0781
97411000AL0233,0.01211,Frein — Le propriétaire a vendu une autre parcelle depuis 24 mois (millésimes fonciers PM 2019-2024),"33 m² de SDP résiduelle (résiduel m135, PLU 2026)",Zone U au PLU (PLU/GPU en vigueur à l'ingestion 2026),-0.6133,0.1134,0.1036
97407000AO0693,0.0092,Frein — Le propriétaire a vendu une autre parcelle depuis 24 mois (millésimes fonciers PM 2019-2024),"Frein — Secteur à rotation faible du foncier nu (DVF arrêté au 31/12/2025, 36 mois)",Zone U au PLU (PLU/GPU en vigueur à l'ingestion 2026),-0.6133,-0.1238,0.1036
97418000AV1792,0.0101,Frein — Détenue depuis moins d'un an — dernière mutation connue (DVF arrêté au 31/12/2025),Zone U au PLU (PLU/GPU en vigueur à l'ingestion 2026),6 vente(s) à moins de 150 m en 24 mois (DVF arrêté au 31/12/2025),-0.6918,0.1036,0.0781
97407000AK1920,0.0101,Frein — Le propriétaire a vendu une autre parcelle depuis 24 mois (millésimes fonciers PM 2019-2024),12 vente(s) à moins de 150 m en 24 mois (DVF arrêté au 31/12/2025),Zone U au PLU (PLU/GPU en vigueur à l'ingestion 2026),-0.6133,0.2532,0.1036
97416000EV1585,0.01258,Frein — 0 vente(s) à moins de 150 m en 24 mois (DVF arrêté au 31/12/2025),Zone U au PLU (PLU/GPU en vigueur à l'ingestion 2026),Secteur densément bâti (BD TOPO 2026),-0.2221,0.1036,0.0981
97403000AS0276,0.0092,Frein — Zone N au PLU (PLU/GPU en vigueur à l'ingestion 2026),Frein — 0 vente(s) à moins de 150 m en 24 mois (DVF arrêté au 31/12/2025),Parcelle de 409 m² (cadastre),-0.5326,-0.2221,0.1328
97422000BO1025,0.0101,Frein — Zone N au PLU (PLU/GPU en vigueur à l'ingestion 2026),4 permis à moins de 100 m en 24 mois (Sitadel 2013→2025),Frein — Parcelle de 992 m² (cadastre),-0.5326,0.2623,-0.1492
97412000AM0316,0.02838,Piscine détectée sur la parcelle (ortho 2026),"Secteur à rotation faible du foncier nu (DVF arrêté au 31/12/2025, 36 mois)",Zone U au PLU (PLU/GPU en vigueur à l'ingestion 2026),0.3786,0.195,0.1036
97424000AE1873,0.01211,"Secteur à rotation faible du foncier nu (DVF arrêté au 31/12/2025, 36 mois)",Zone U au PLU (PLU/GPU en vigueur à l'ingestion 2026),Frein — 0 permis à moins de 100 m en 24 mois (Sitadel 2013→2025),0.1121,0.1036,-0.0784
97415000CY0214,0.0185,Piscine détectée sur la parcelle (ortho 2026),0% de ménages pauvres dans le carreau (Filosofi INSEE 2019),Zone U au PLU (PLU/GPU en vigueur à l'ingestion 2026),0.3786,0.1094,0.1036
97415000DV0353,0.0101,Frein — 0 vente(s) à moins de 150 m en 24 mois (DVF arrêté au 31/12/2025),Zone U au PLU (PLU/GPU en vigueur à l'ingestion 2026),Secteur densément bâti (BD TOPO 2026),-0.2221,0.1036,0.0981
97404000AW0002,0.0101,Zone U au PLU (PLU/GPU en vigueur à l'ingestion 2026),"Frein — 696 m² de SDP résiduelle (résiduel m135, PLU 2026)","Frein — Aucune vente connue depuis au moins 12 ans (DVF arrêté au 31/12/2025, historique 2014+)",0.1036,-0.096,-0.0913
97415000HI0147,0.01258,"Frein — Secteur à rotation faible du foncier nu (DVF arrêté au 31/12/2025, 36 mois)",Parcelle de 441 m² (cadastre),Zone U au PLU (PLU/GPU en vigueur à l'ingestion 2026),-0.2583,0.1328,0.1036
97409000BO0593,0.0101,Frein — 0 vente(s) à moins de 150 m en 24 mois (DVF arrêté au 31/12/2025),"Frein — Secteur à rotation faible du bâti (DVF arrêté au 31/12/2025, 36 mois)",Parcelle de 430 m² (cadastre),-0.2221,-0.1576,0.1328
97418000BP0582,0.01674,5 permis à moins de 100 m en 24 mois (Sitadel 2013→2025),Parcelle de 395 m² (cadastre),Zone U au PLU (PLU/GPU en vigueur à l'ingestion 2026),0.2623,0.1328,0.1036
97415000CH1647,0.01244,Zone U au PLU (PLU/GPU en vigueur à l'ingestion 2026),Secteur densément bâti (BD TOPO 2026),"Frein — Aucune vente connue depuis au moins 12 ans (DVF arrêté au 31/12/2025, historique 2014+)",0.1036,0.0981,-0.0811
97409000AL1848,0.01674,Détenue depuis 3 à 5 ans — dernière mutation connue (DVF arrêté au 31/12/2025),Zone U au PLU (PLU/GPU en vigueur à l'ingestion 2026),5 vente(s) à moins de 150 m en 24 mois (DVF arrêté au 31/12/2025),0.317,0.1036,0.068
97422000BP1257,0.01592,Zone U au PLU (PLU/GPU en vigueur à l'ingestion 2026),Parcelle de 180 m² (cadastre),"Frein — Secteur à rotation faible du foncier nu (DVF arrêté au 31/12/2025, 36 mois)",0.1036,0.0832,-0.0794
97421000AK0514,0.0092,Frein — Zone A au PLU (PLU/GPU en vigueur à l'ingestion 2026),Frein — 0 vente(s) à moins de 150 m en 24 mois (DVF arrêté au 31/12/2025),Frein — Parcelle de 995 m² (cadastre),-0.5621,-0.2221,-0.1492
97411000EV0318,0.02183,Détenue depuis 5 à 8 ans — dernière mutation connue (DVF arrêté au 31/12/2025),Candidat photovoltaïque (ortho 2026),Zone U au PLU (PLU/GPU en vigueur à l'ingestion 2026),0.298,0.1253,0.1036
97415000CM1814,0.01674,Détenue depuis 3 à 5 ans — dernière mutation connue (DVF arrêté au 31/12/2025),Zone U au PLU (PLU/GPU en vigueur à l'ingestion 2026),Frein — Secteur densément bâti (BD TOPO 2026),0.3062,0.1036,-0.0578
97418000AN0123,0.0088,Frein — Zone A au PLU (PLU/GPU en vigueur à l'ingestion 2026),Frein — Parcelle de 287765 m² (cadastre),Secteur densément bâti (BD TOPO 2026),-0.5621,-0.5284,0.2553
97413000CM0659,0.01134,Parcelle de 7 m² (cadastre),Zone U au PLU (PLU/GPU en vigueur à l'ingestion 2026),"Frein — Secteur à rotation faible du foncier nu (DVF arrêté au 31/12/2025, 36 mois)",0.118,0.1036,-0.0794
97422000AD0508,0.01592,Zone U au PLU (PLU/GPU en vigueur à l'ingestion 2026),Secteur densément bâti (BD TOPO 2026),"Frein — Aucune vente connue depuis au moins 12 ans (DVF arrêté au 31/12/2025, historique 2014+)",0.1036,0.0981,-0.0761
97416000EI0526,0.0185,Détenue depuis 5 à 8 ans — dernière mutation connue (DVF arrêté au 31/12/2025),Zone U au PLU (PLU/GPU en vigueur à l'ingestion 2026),Frein — 0 permis à moins de 100 m en 24 mois (Sitadel 2013→2025),0.3624,0.1036,-0.0784
97408000AB0309,0.03466,5 permis à moins de 100 m en 24 mois (Sitadel 2013→2025),Secteur densément bâti (BD TOPO 2026),10 vente(s) à moins de 150 m en 24 mois (DVF arrêté au 31/12/2025),0.2623,0.2553,0.2532
97413000CC0623,0.0101,Frein — Parcelle de 1142 m² (cadastre),Zone U au PLU (PLU/GPU en vigueur à l'ingestion 2026),"Frein — Aucune vente connue depuis au moins 12 ans (DVF arrêté au 31/12/2025, historique 2014+)",-0.1492,0.1036,-0.097
97422000EK0290,0.01674,Détenue depuis 3 à 5 ans — dernière mutation connue (DVF arrêté au 31/12/2025),Zone U au PLU (PLU/GPU en vigueur à l'ingestion 2026),Frein — 0 permis à moins de 100 m en 24 mois (Sitadel 2013→2025),0.3584,0.1036,-0.0784
97422000ED0609,0.01258,Parcelle de 275 m² (cadastre),Zone U au PLU (PLU/GPU en vigueur à l'ingestion 2026),"Frein — Secteur à rotation faible du foncier nu (DVF arrêté au 31/12/2025, 36 mois)",0.1328,0.1036,-0.0794
97415000DS0307,0.0092,Frein — Le propriétaire a vendu une autre parcelle depuis 24 mois (millésimes fonciers PM 2019-2024),Frein — 0 vente(s) à moins de 150 m en 24 mois (DVF arrêté au 31/12/2025),"Frein — Secteur à rotation faible du bâti (DVF arrêté au 31/12/2025, 36 mois)",-0.6133,-0.2221,-0.1576
97412000BW1898,0.01464,Frein — Zone A au PLU (PLU/GPU en vigueur à l'ingestion 2026),Parcelle de 427 m² (cadastre),"Zone sans droits à bâtir (résiduel m135, PLU 2026)",-0.5621,0.1328,0.1014
97411000AC0038,0.01592,Parcelle de 415 m² (cadastre),Zone U au PLU (PLU/GPU en vigueur à l'ingestion 2026),"Frein — Secteur à rotation faible du foncier nu (DVF arrêté au 31/12/2025, 36 mois)",0.1328,0.1036,-0.0794
97418000BO0317,0.01134,Zone U au PLU (PLU/GPU en vigueur à l'ingestion 2026),Frein — 0 permis à moins de 100 m en 24 mois (Sitadel 2013→2025),"Frein — Aucune vente connue depuis au moins 12 ans (DVF arrêté au 31/12/2025, historique 2014+)",0.1036,-0.0784,-0.0761
97422000CS1416,0.01674,6% de ménages pauvres dans le carreau (Filosofi INSEE 2019),Zone U au PLU (PLU/GPU en vigueur à l'ingestion 2026),Parcelle de 309 m² (cadastre),0.1094,0.1036,0.1016
97405000AN0117,0.0101,Frein — Zone A au PLU (PLU/GPU en vigueur à l'ingestion 2026),Frein — 0 vente(s) à moins de 150 m en 24 mois (DVF arrêté au 31/12/2025),Parcelle de 448 m² (cadastre),-0.5621,-0.2221,0.1328
97414000EL1610,0.0092,Frein — Le propriétaire a vendu une autre parcelle depuis 24 mois (millésimes fonciers PM 2019-2024),Parcelle de 446 m² (cadastre),"Frein — Secteur à rotation faible du foncier nu (DVF arrêté au 31/12/2025, 36 mois)",-0.6133,0.1328,-0.1238
97411000AS0581,0.01464,"Frein — Secteur à rotation faible du foncier nu (DVF arrêté au 31/12/2025, 36 mois)",Parcelle de 18 m² (cadastre),Zone U au PLU (PLU/GPU en vigueur à l'ingestion 2026),-0.1238,0.118,0.1036
97414000CN0675,0.0092,Frein — Zone A au PLU (PLU/GPU en vigueur à l'ingestion 2026),"Frein — Secteur à rotation faible du bâti (DVF arrêté au 31/12/2025, 36 mois)","Zone sans droits à bâtir (résiduel m135, PLU 2026)",-0.5621,-0.1102,0.1014
97409000BS0143,0.0088,Frein — Le propriétaire a vendu une autre parcelle depuis 24 mois (millésimes fonciers PM 2019-2024),Frein — Zone N au PLU (PLU/GPU en vigueur à l'ingestion 2026),Frein — Parcelle de 560309 m² (cadastre),-0.6133,-0.5326,-0.5284
97415000CH1252,0.0101,Frein — Parcelle de 1142 m² (cadastre),Zone U au PLU (PLU/GPU en vigueur à l'ingestion 2026),Secteur densément bâti (BD TOPO 2026),-0.1541,0.1036,0.0981
97411000BK0499,0.01258,"Frein — Secteur à rotation faible du foncier nu (DVF arrêté au 31/12/2025, 36 mois)",Parcelle de 368 m² (cadastre),Zone U au PLU (PLU/GPU en vigueur à l'ingestion 2026),-0.2583,0.1328,0.1036
97412000BC0099,0.01134,Frein — Zone A au PLU (PLU/GPU en vigueur à l'ingestion 2026),Parcelle de 475 m² (cadastre),"Zone sans droits à bâtir (résiduel m135, PLU 2026)",-0.5621,0.1328,0.1014
97414000EW0582,0.01258,"Frein — Secteur à rotation faible du foncier nu (DVF arrêté au 31/12/2025, 36 mois)",Parcelle de 284 m² (cadastre),Zone U au PLU (PLU/GPU en vigueur à l'ingestion 2026),-0.2583,0.1328,0.1036
97407000AH1341,0.02063,Détenue depuis 5 à 8 ans — dernière mutation connue (DVF arrêté au 31/12/2025),Zone U au PLU (PLU/GPU en vigueur à l'ingestion 2026),Frein — Secteur densément bâti (BD TOPO 2026),0.3362,0.1036,-0.0955
97419000AK0831,0.01134,"Frein — Secteur à rotation faible du bâti (DVF arrêté au 31/12/2025, 36 mois)",Zone U au PLU (PLU/GPU en vigueur à l'ingestion 2026),Frein — 39 ventes dans la commune l'an dernier (DVF arrêté au 31/12/2025),-0.1102,0.1036,-0.1
97422000BL0645,0.01211,Parcelle de 294 m² (cadastre),Zone U au PLU (PLU/GPU en vigueur à l'ingestion 2026),"Frein — Secteur à rotation faible du foncier nu (DVF arrêté au 31/12/2025, 36 mois)",0.1328,0.1036,-0.0794
97415000CW1037,0.01258,Candidat photovoltaïque (ortho 2026),Zone U au PLU (PLU/GPU en vigueur à l'ingestion 2026),Secteur densément bâti (BD TOPO 2026),0.1253,0.1036,0.0981
97422000BK2116,0.01294,Frein — Zone A au PLU (PLU/GPU en vigueur à l'ingestion 2026),Détenue depuis 5 à 8 ans — dernière mutation connue (DVF arrêté au 31/12/2025),"Zone sans droits à bâtir (résiduel m135, PLU 2026)",-0.5621,0.5549,0.1014
97422000BV2589,0.01592,7 vente(s) à moins de 150 m en 24 mois (DVF arrêté au 31/12/2025),Zone U au PLU (PLU/GPU en vigueur à l'ingestion 2026),Parcelle de 90 m² (cadastre),0.1161,0.1036,0.0832
97412000BM1043,0.01674,Parcelle de 294 m² (cadastre),Zone U au PLU (PLU/GPU en vigueur à l'ingestion 2026),"Frein — Secteur à rotation faible du foncier nu (DVF arrêté au 31/12/2025, 36 mois)",0.1372,0.1036,-0.0794
97419000AR0454,0.01211,Zone U au PLU (PLU/GPU en vigueur à l'ingestion 2026),Frein — 39 ventes dans la commune l'an dernier (DVF arrêté au 31/12/2025),Parcelle de 564 m² (cadastre),0.1036,-0.1,0.0803
97419000AO0207,0.0101,Frein — Zone A au PLU (PLU/GPU en vigueur à l'ingestion 2026),Secteur densément bâti (BD TOPO 2026),"Frein — Secteur à rotation faible du bâti (DVF arrêté au 31/12/2025, 36 mois)",-0.5621,0.2553,-0.1576
97414000HI1042,0.01592,Frein — Le propriétaire a vendu une autre parcelle depuis 24 mois (millésimes fonciers PM 2019-2024),Détenue depuis 5 à 8 ans — dernière mutation connue (DVF arrêté au 31/12/2025),Zone U au PLU (PLU/GPU en vigueur à l'ingestion 2026),-0.6133,0.5932,0.1036
97418000AO1646,0.0101,Frein — Zone A au PLU (PLU/GPU en vigueur à l'ingestion 2026),Détenue depuis 2 à 3 ans — dernière mutation connue (DVF arrêté au 31/12/2025),Frein — 0 vente(s) à moins de 150 m en 24 mois (DVF arrêté au 31/12/2025),-0.5621,0.5434,-0.2221
97410000BV0449,0.01464,Zone U au PLU (PLU/GPU en vigueur à l'ingestion 2026),Secteur densément bâti (BD TOPO 2026),"Frein — Aucune vente connue depuis au moins 12 ans (DVF arrêté au 31/12/2025, historique 2014+)",0.1036,0.0981,-0.0761
97416000CW0632,0.01211,Zone U au PLU (PLU/GPU en vigueur à l'ingestion 2026),"Frein — Aucune vente connue depuis au moins 12 ans (DVF arrêté au 31/12/2025, historique 2014+)",Frein — 0 permis à moins de 100 m en 24 mois (Sitadel 2013→2025),0.1036,-0.0864,-0.0784
97414000EW0320,0.01244,"Frein — Secteur à rotation faible du foncier nu (DVF arrêté au 31/12/2025, 36 mois)",Parcelle de 425 m² (cadastre),Zone U au PLU (PLU/GPU en vigueur à l'ingestion 2026),-0.2583,0.1328,0.1036
97407000AL1606,0.01134,Frein — Le propriétaire a vendu une autre parcelle depuis 24 mois (millésimes fonciers PM 2019-2024),Parcelle de 10 m² (cadastre),8 vente(s) à moins de 150 m en 24 mois (DVF arrêté au 31/12/2025),-0.6133,0.118,0.1161
97403000AH0298,0.0092,Frein — Zone N au PLU (PLU/GPU en vigueur à l'ingestion 2026),Frein — Parcelle de 20866 m² (cadastre),Secteur densément bâti (BD TOPO 2026),-0.5326,-0.5284,0.2553
97404000AX0554,0.01674,5 permis à moins de 100 m en 24 mois (Sitadel 2013→2025),7 vente(s) à moins de 150 m en 24 mois (DVF arrêté au 31/12/2025),Zone U au PLU (PLU/GPU en vigueur à l'ingestion 2026),0.2623,0.1161,0.1036
97418000AR1415,0.01674,Piscine détectée sur la parcelle (ortho 2026),Zone U au PLU (PLU/GPU en vigueur à l'ingestion 2026),"Frein — Aucune vente connue depuis au moins 12 ans (DVF arrêté au 31/12/2025, historique 2014+)",0.3786,0.1036,-0.0811
97415000EY0345,0.03466,Détenue depuis moins d'un an — dernière mutation connue (DVF arrêté au 31/12/2025),Zone U au PLU (PLU/GPU en vigueur à l'ingestion 2026),"Frein — 746 m² de SDP résiduelle (résiduel m135, PLU 2026)",1.0879,0.1036,-0.096
97414000CH0280,0.01674,Frein — Parcelle de 1575 m² (cadastre),Candidat photovoltaïque (ortho 2026),Zone U au PLU (PLU/GPU en vigueur à l'ingestion 2026),-0.1633,0.1253,0.1036
97402000AK0607,0.01464,Parcelle de 302 m² (cadastre),"34 m² de SDP résiduelle (résiduel m135, PLU 2026)",Zone U au PLU (PLU/GPU en vigueur à l'ingestion 2026),0.1328,0.1134,0.1036
97416000EH1164,0.0092,Frein — Le propriétaire a vendu une autre parcelle depuis 24 mois (millésimes fonciers PM 2019-2024),Frein — Parcelle de 19854 m² (cadastre),"Frein — Aucune vente connue depuis au moins 12 ans (DVF arrêté au 31/12/2025, historique 2014+)",-0.6133,-0.5387,-0.1531
97413000DE0143,0.01464,Zone U au PLU (PLU/GPU en vigueur à l'ingestion 2026),"Frein — Aucune vente connue depuis au moins 12 ans (DVF arrêté au 31/12/2025, historique 2014+)","Frein — 511 m² de SDP résiduelle (résiduel m135, PLU 2026)",0.1036,-0.0738,-0.0619
97406000AB0014,0.0092,Frein — Zone N au PLU (PLU/GPU en vigueur à l'ingestion 2026),Frein — Parcelle de 11409 m² (cadastre),Secteur densément bâti (BD TOPO 2026),-0.5326,-0.2822,0.2553
97409000BD1332,0.01592,Parcelle de 428 m² (cadastre),Zone U au PLU (PLU/GPU en vigueur à l'ingestion 2026),Frein — Secteur densément bâti (BD TOPO 2026),0.1328,0.1036,-0.0578
97410000BX0138,0.01674,9 vente(s) à moins de 150 m en 24 mois (DVF arrêté au 31/12/2025),Zone U au PLU (PLU/GPU en vigueur à l'ingestion 2026),3 permis à moins de 100 m en 24 mois (Sitadel 2013→2025),0.2532,0.1036,0.0926
97409000AB0817,0.01211,Détenue depuis 3 à 5 ans — dernière mutation connue (DVF arrêté au 31/12/2025),Frein — Zone A au PLU (PLU/GPU en vigueur à l'ingestion 2026),Frein — 0 vente(s) à moins de 150 m en 24 mois (DVF arrêté au 31/12/2025),0.7858,-0.5621,-0.2221
97413000CG0313,0.0092,Frein — Zone A au PLU (PLU/GPU en vigueur à l'ingestion 2026),Frein — Parcelle de 4071 m² (cadastre),"Frein — Aucune vente connue depuis au moins 12 ans (DVF arrêté au 31/12/2025, historique 2014+)",-0.5621,-0.2164,-0.1117
97403000AT0219,0.0092,"Frein — Secteur à rotation faible du foncier nu (DVF arrêté au 31/12/2025, 36 mois)",Frein — 0 vente(s) à moins de 150 m en 24 mois (DVF arrêté au 31/12/2025),Zone U au PLU (PLU/GPU en vigueur à l'ingestion 2026),-0.2583,-0.2221,0.1036
97411000DE0261,0.01592,Parcelle de 292 m² (cadastre),"62 m² de SDP résiduelle (résiduel m135, PLU 2026)",Zone U au PLU (PLU/GPU en vigueur à l'ingestion 2026),0.1328,0.1134,0.1036
97416000DH1671,0.01674,Parcelle de 438 m² (cadastre),"45 m² de SDP résiduelle (résiduel m135, PLU 2026)",Zone U au PLU (PLU/GPU en vigueur à l'ingestion 2026),0.1328,0.1134,0.1036
97407000AY0625,0.02183,"Secteur à rotation faible du foncier nu (DVF arrêté au 31/12/2025, 36 mois)",Parcelle de 13 m² (cadastre),8 vente(s) à moins de 150 m en 24 mois (DVF arrêté au 31/12/2025),0.195,0.118,0.1161
97401000AI0228,0.0092,Frein — Zone A au PLU (PLU/GPU en vigueur à l'ingestion 2026),Frein — 0 vente(s) à moins de 150 m en 24 mois (DVF arrêté au 31/12/2025),Frein — Parcelle de 3738 m² (cadastre),-0.5621,-0.2221,-0.2164
97411000HO0125,0.01258,Parcelle de 364 m² (cadastre),Zone U au PLU (PLU/GPU en vigueur à l'ingestion 2026),Frein — Secteur densément bâti (BD TOPO 2026),0.1328,0.1036,-0.0955
97415000DK1038,0.03602,Zone AU au PLU (PLU/GPU en vigueur à l'ingestion 2026),Secteur densément bâti (BD TOPO 2026),"Secteur à rotation faible du foncier nu (DVF arrêté au 31/12/2025, 36 mois)",0.496,0.2553,0.1603
97410000BZ0447,0.01134,"Frein — Secteur à rotation faible du bâti (DVF arrêté au 31/12/2025, 36 mois)",Zone U au PLU (PLU/GPU en vigueur à l'ingestion 2026),Parcelle de 135 m² (cadastre),-0.1102,0.1036,0.0832
97415000BW0771,0.02316,Piscine détectée sur la parcelle (ortho 2026),"Secteur à rotation faible du foncier nu (DVF arrêté au 31/12/2025, 36 mois)",Zone U au PLU (PLU/GPU en vigueur à l'ingestion 2026),0.3786,0.195,0.1036
97405000AN0351,0.02316,Détenue depuis 1 à 2 ans — dernière mutation connue (DVF arrêté au 31/12/2025),Frein — Zone N au PLU (PLU/GPU en vigueur à l'ingestion 2026),"Zone sans droits à bâtir (résiduel m135, PLU 2026)",0.6949,-0.5326,0.1014
97406000AO0257,0.0092,Frein — Zone N au PLU (PLU/GPU en vigueur à l'ingestion 2026),Frein — 0 vente(s) à moins de 150 m en 24 mois (DVF arrêté au 31/12/2025),"Zone sans droits à bâtir (résiduel m135, PLU 2026)",-0.5326,-0.2221,0.1014
97422000BI0374,0.01464,Zone U au PLU (PLU/GPU en vigueur à l'ingestion 2026),Frein — 0 permis à moins de 100 m en 24 mois (Sitadel 2013→2025),6 vente(s) à moins de 150 m en 24 mois (DVF arrêté au 31/12/2025),0.1036,-0.0784,0.0781
97420000BE0715,0.01592,Parcelle de 437 m² (cadastre),Zone U au PLU (PLU/GPU en vigueur à l'ingestion 2026),"108 m² de SDP résiduelle (résiduel m135, PLU 2026)",0.1328,0.1036,0.0643
97410000BI0581,0.0185,Détenue depuis 3 à 5 ans — dernière mutation connue (DVF arrêté au 31/12/2025),Secteur densément bâti (BD TOPO 2026),Zone U au PLU (PLU/GPU en vigueur à l'ingestion 2026),0.3698,0.2553,0.1036
97415000HO0004,0.0101,Frein — Zone A au PLU (PLU/GPU en vigueur à l'ingestion 2026),"Zone non outillée au règlement (résiduel m135, PLU 2026)","Secteur à rotation faible du foncier nu (DVF arrêté au 31/12/2025, 36 mois)",-0.5621,0.1308,0.0875
97422000BR0097,0.0092,Frein — Zone A au PLU (PLU/GPU en vigueur à l'ingestion 2026),Frein — Parcelle de 4359 m² (cadastre),"Frein — Aucune vente connue depuis au moins 12 ans (DVF arrêté au 31/12/2025, historique 2014+)",-0.5621,-0.2164,-0.1068
97418000AZ0262,0.0088,Frein — Le propriétaire a vendu une autre parcelle depuis 24 mois (millésimes fonciers PM 2019-2024),Frein — 0 vente(s) à moins de 150 m en 24 mois (DVF arrêté au 31/12/2025),Frein — Parcelle de 4075 m² (cadastre),-0.6133,-0.2221,-0.2164
97406000AW0449,0.0092,Frein — Zone A au PLU (PLU/GPU en vigueur à l'ingestion 2026),Frein — Parcelle de 10361 m² (cadastre),"Secteur à rotation faible du foncier nu (DVF arrêté au 31/12/2025, 36 mois)",-0.5621,-0.2822,0.195
97404000AH0152,0.01592,Zone U au PLU (PLU/GPU en vigueur à l'ingestion 2026),Parcelle de 565 m² (cadastre),"130 m² de SDP résiduelle (résiduel m135, PLU 2026)",0.1036,0.0803,0.0643
97422000AL1242,0.0092,Frein — Zone A au PLU (PLU/GPU en vigueur à l'ingestion 2026),Frein — 0 vente(s) à moins de 150 m en 24 mois (DVF arrêté au 31/12/2025),Frein — Parcelle de 2876 m² (cadastre),-0.5621,-0.2221,-0.1656
97404000AZ0231,0.01464,"Frein — Secteur à rotation faible du foncier nu (DVF arrêté au 31/12/2025, 36 mois)",Parcelle de 350 m² (cadastre),6% de ménages pauvres dans le carreau (Filosofi INSEE 2019),-0.2583,0.1328,0.1094
97420000AL0563,0.01211,Zone U au PLU (PLU/GPU en vigueur à l'ingestion 2026),Parcelle de 0 m² (cadastre),Frein — 0 permis à moins de 100 m en 24 mois (Sitadel 2013→2025),0.1036,0.0903,-0.0784
97422000AR0323,0.0092,Frein — Zone A au PLU (PLU/GPU en vigueur à l'ingestion 2026),Frein — Parcelle de 1226 m² (cadastre),"Frein — Aucune vente connue depuis au moins 12 ans (DVF arrêté au 31/12/2025, historique 2014+)",-0.5621,-0.1492,-0.102
97415000AC0140,0.0088,Frein — Zone A au PLU (PLU/GPU en vigueur à l'ingestion 2026),Frein — Parcelle de 20923 m² (cadastre),Frein — 0 vente(s) à moins de 150 m en 24 mois (DVF arrêté au 31/12/2025),-0.5621,-0.5284,-0.2221
97405000AM0658,0.01674,Zone U au PLU (PLU/GPU en vigueur à l'ingestion 2026),Secteur densément bâti (BD TOPO 2026),"Secteur à rotation faible du foncier nu (DVF arrêté au 31/12/2025, 36 mois)",0.1036,0.0981,0.0875
97415000CZ0525,0.0185,Piscine détectée sur la parcelle (ortho 2026),2% de ménages pauvres dans le carreau (Filosofi INSEE 2019),Zone U au PLU (PLU/GPU en vigueur à l'ingestion 2026),0.3786,0.1094,0.1036
97422000AL1243,0.0092,Frein — Zone A au PLU (PLU/GPU en vigueur à l'ingestion 2026),Frein — 0 vente(s) à moins de 150 m en 24 mois (DVF arrêté au 31/12/2025),Frein — Parcelle de 2424 m² (cadastre),-0.5621,-0.2221,-0.2164
97412000AO0420,0.01258,"Secteur à rotation faible du foncier nu (DVF arrêté au 31/12/2025, 36 mois)",Frein — Parcelle de 3639 m² (cadastre),Zone U au PLU (PLU/GPU en vigueur à l'ingestion 2026),0.2864,-0.2164,0.1036
97409000BE1230,0.01244,Frein — Zone N au PLU (PLU/GPU en vigueur à l'ingestion 2026),Détenue depuis 3 à 5 ans — dernière mutation connue (DVF arrêté au 31/12/2025),"Zone sans droits à bâtir (résiduel m135, PLU 2026)",-0.5326,0.3057,0.1014
97421000AI0091,0.01134,Frein — Zone N au PLU (PLU/GPU en vigueur à l'ingestion 2026),Frein — Parcelle de 4138 m² (cadastre),"Frein — Secteur à rotation faible du foncier nu (DVF arrêté au 31/12/2025, 36 mois)",-0.5326,-0.3473,-0.2583
97411000AE0359,0.01674,13 vente(s) à moins de 150 m en 24 mois (DVF arrêté au 31/12/2025),Parcelle de 319 m² (cadastre),Zone U au PLU (PLU/GPU en vigueur à l'ingestion 2026),0.2532,0.1328,0.1036
97411000BZ0055,0.01592,3% de ménages pauvres dans le carreau (Filosofi INSEE 2019),Zone U au PLU (PLU/GPU en vigueur à l'ingestion 2026),Parcelle de 77 m² (cadastre),0.1094,0.1036,0.0832
97402000AB0618,0.01134,Parcelle de 291 m² (cadastre),"59 m² de SDP résiduelle (résiduel m135, PLU 2026)",Zone U au PLU (PLU/GPU en vigueur à l'ingestion 2026),0.1328,0.1134,0.1036
97411000DH0160,0.0168,Détenue depuis 3 à 5 ans — dernière mutation connue (DVF arrêté au 31/12/2025),5% de ménages pauvres dans le carreau (Filosofi INSEE 2019),Zone U au PLU (PLU/GPU en vigueur à l'ingestion 2026),0.3417,0.1094,0.1036
97422000BR0609,0.0092,Frein — Zone A au PLU (PLU/GPU en vigueur à l'ingestion 2026),Frein — Parcelle de 2074 m² (cadastre),"Frein — Aucune vente connue depuis au moins 12 ans (DVF arrêté au 31/12/2025, historique 2014+)",-0.5621,-0.2164,-0.1068
97423000AK0068,0.01134,Frein — Zone A au PLU (PLU/GPU en vigueur à l'ingestion 2026),Détenue depuis 2 à 3 ans — dernière mutation connue (DVF arrêté au 31/12/2025),Frein — 0 vente(s) à moins de 150 m en 24 mois (DVF arrêté au 31/12/2025),-0.5621,0.4895,-0.2221
97416000HP0482,0.01294,Zone U au PLU (PLU/GPU en vigueur à l'ingestion 2026),3 permis à moins de 100 m en 24 mois (Sitadel 2013→2025),"Frein — Aucune vente connue depuis au moins 12 ans (DVF arrêté au 31/12/2025, historique 2014+)",0.1036,0.0926,-0.0883
97420000AE0514,0.01134,"Frein — Secteur à rotation faible du foncier nu (DVF arrêté au 31/12/2025, 36 mois)",Parcelle de 300 m² (cadastre),Zone U au PLU (PLU/GPU en vigueur à l'ingestion 2026),-0.2583,0.1328,0.1036
97408000AN0216,0.01592,"Frein — Secteur à rotation faible du foncier nu (DVF arrêté au 31/12/2025, 36 mois)",Zone U au PLU (PLU/GPU en vigueur à l'ingestion 2026),"Frein — Aucune vente connue depuis au moins 12 ans (DVF arrêté au 31/12/2025, historique 2014+)",-0.2583,0.1036,-0.0945
97411000AR0159,0.01464,Zone U au PLU (PLU/GPU en vigueur à l'ingestion 2026),Parcelle de 604 m² (cadastre),"Frein — Secteur à rotation faible du foncier nu (DVF arrêté au 31/12/2025, 36 mois)",0.1036,0.0803,-0.0794
97422000BY0400,0.01464,Zone U au PLU (PLU/GPU en vigueur à l'ingestion 2026),Parcelle de 509 m² (cadastre),Frein — 0 permis à moins de 100 m en 24 mois (Sitadel 2013→2025),0.1036,0.0803,-0.0784
97422000BD2376,0.01674,"32 m² de SDP résiduelle (résiduel m135, PLU 2026)",Zone U au PLU (PLU/GPU en vigueur à l'ingestion 2026),Parcelle de 146 m² (cadastre),0.1134,0.1036,0.0832
97408000BR0030,0.01674,Parcelle de 354 m² (cadastre),Zone U au PLU (PLU/GPU en vigueur à l'ingestion 2026),"Secteur à rotation faible du bâti (DVF arrêté au 31/12/2025, 36 mois)",0.1328,0.1036,0.0808
97417000AT0529,0.03466,Frein — Zone inconnu au PLU (PLU/GPU en vigueur à l'ingestion 2026),Frein — 47 ventes dans la commune l'an dernier (DVF arrêté au 31/12/2025),"Frein — Aucun droit à bâtir résiduel (résiduel m135, PLU 2026)",-0.1636,-0.1,-0.0917
97411000CH0485,0.0088,Frein — Zone N au PLU (PLU/GPU en vigueur à l'ingestion 2026),Frein — Parcelle de 451116 m² (cadastre),Frein — 0 vente(s) à moins de 150 m en 24 mois (DVF arrêté au 31/12/2025),-0.5326,-0.5284,-0.2221
97415000CE0047,0.0092,Frein — Zone A au PLU (PLU/GPU en vigueur à l'ingestion 2026),Frein — Parcelle de 18158 m² (cadastre),Secteur densément bâti (BD TOPO 2026),-0.5621,-0.5284,0.2553
97421000BN0249,0.0088,Frein — Zone A au PLU (PLU/GPU en vigueur à l'ingestion 2026),Frein — Parcelle de 15999 m² (cadastre),Frein — 0 vente(s) à moins de 150 m en 24 mois (DVF arrêté au 31/12/2025),-0.5621,-0.5284,-0.2221
97412000CR0539,0.0092,Frein — Zone A au PLU (PLU/GPU en vigueur à l'ingestion 2026),Frein — 0 vente(s) à moins de 150 m en 24 mois (DVF arrêté au 31/12/2025),Frein — Parcelle de 1034 m² (cadastre),-0.5621,-0.2221,-0.1492
97413000BW0258,0.03466,Piscine détectée sur la parcelle (ortho 2026),Détenue depuis 3 à 5 ans — dernière mutation connue (DVF arrêté au 31/12/2025),Secteur densément bâti (BD TOPO 2026),0.3786,0.2683,0.2553
97414000DM0154,0.01592,Zone U au PLU (PLU/GPU en vigueur à l'ingestion 2026),3 permis à moins de 100 m en 24 mois (Sitadel 2013→2025),Parcelle de 211 m² (cadastre),0.1036,0.0926,0.0832
97422000CN1819,0.01592,Frein — Détenue depuis 1 à 2 ans — dernière mutation connue (DVF arrêté au 31/12/2025),Zone U au PLU (PLU/GPU en vigueur à l'ingestion 2026),"Terrain du secteur à 2 €/m² (DVF arrêté au 31/12/2025, 36 mois)",-0.4415,0.1036,0.071
97408000BM0228,0.01592,Parcelle de 271 m² (cadastre),"Frein — Secteur à rotation faible du foncier nu (DVF arrêté au 31/12/2025, 36 mois)",Zone U au PLU (PLU/GPU en vigueur à l'ingestion 2026),0.1328,-0.1238,0.1036
97417000BI0155,0.0101,Frein — Parcelle de 6118 m² (cadastre),Secteur densément bâti (BD TOPO 2026),Frein — 0 vente(s) à moins de 150 m en 24 mois (DVF arrêté au 31/12/2025),-0.2822,0.2553,-0.2221
97416000ES0040,0.0092,Frein — Zone A au PLU (PLU/GPU en vigueur à l'ingestion 2026),Frein — 0 vente(s) à moins de 150 m en 24 mois (DVF arrêté au 31/12/2025),Frein — Parcelle de 1244 m² (cadastre),-0.5621,-0.2221,-0.2164
97422000CR0196,0.0088,Frein — Zone A au PLU (PLU/GPU en vigueur à l'ingestion 2026),Frein — Parcelle de 15956 m² (cadastre),Frein — 0 vente(s) à moins de 150 m en 24 mois (DVF arrêté au 31/12/2025),-0.5621,-0.5284,-0.2221
97411000KD0544,0.01244,Zone AU au PLU (PLU/GPU en vigueur à l'ingestion 2026),"Frein — Secteur à rotation faible du foncier nu (DVF arrêté au 31/12/2025, 36 mois)",Frein — 0 vente(s) à moins de 150 m en 24 mois (DVF arrêté au 31/12/2025),0.496,-0.2583,-0.2221
97402000AK1690,0.01258,Parcelle de 465 m² (cadastre),Zone U au PLU (PLU/GPU en vigueur à l'ingestion 2026),Frein — 46 ventes dans la commune l'an dernier (DVF arrêté au 31/12/2025),0.1328,0.1036,-0.1
97412000BL0980,0.0092,Frein — Le propriétaire a vendu une autre parcelle depuis 24 mois (millésimes fonciers PM 2019-2024),Frein — Zone A au PLU (PLU/GPU en vigueur à l'ingestion 2026),"Zone sans droits à bâtir (résiduel m135, PLU 2026)",-0.6133,-0.5621,0.1014
97411000HB0065,0.01592,Parcelle de 303 m² (cadastre),Zone U au PLU (PLU/GPU en vigueur à l'ingestion 2026),"Frein — Secteur à rotation faible du foncier nu (DVF arrêté au 31/12/2025, 36 mois)",0.1328,0.1036,-0.0794
97412000CO0291,0.0092,Frein — Zone A au PLU (PLU/GPU en vigueur à l'ingestion 2026),Frein — 0 vente(s) à moins de 150 m en 24 mois (DVF arrêté au 31/12/2025),Frein — Parcelle de 5323 m² (cadastre),-0.5621,-0.2221,-0.2159
97422000BM0607,0.0101,Frein — Le propriétaire a vendu une autre parcelle depuis 24 mois (millésimes fonciers PM 2019-2024),Parcelle de 315 m² (cadastre),Zone U au PLU (PLU/GPU en vigueur à l'ingestion 2026),-0.6133,0.1328,0.1036
97420000AN0056,0.0088,Frein — Zone A au PLU (PLU/GPU en vigueur à l'ingestion 2026),Frein — Parcelle de 51409 m² (cadastre),Frein — 0 vente(s) à moins de 150 m en 24 mois (DVF arrêté au 31/12/2025),-0.5621,-0.5284,-0.2221
97404000AL1221,0.01674,Parcelle de 354 m² (cadastre),"Secteur à rotation faible du foncier nu (DVF arrêté au 31/12/2025, 36 mois)",Zone U au PLU (PLU/GPU en vigueur à l'ingestion 2026),0.1328,0.1121,0.1036
97418000BE0284,0.01674,Parcelle de 484 m² (cadastre),0% de ménages pauvres dans le carreau (Filosofi INSEE 2019),Zone U au PLU (PLU/GPU en vigueur à l'ingestion 2026),0.1328,0.1094,0.1036
97411000AP0464,0.01464,Parcelle de 244 m² (cadastre),Zone U au PLU (PLU/GPU en vigueur à l'ingestion 2026),"Frein — Secteur à rotation faible du foncier nu (DVF arrêté au 31/12/2025, 36 mois)",0.1328,0.1036,-0.0794
97414000EN3397,0.0101,Frein — Zone A au PLU (PLU/GPU en vigueur à l'ingestion 2026),"Secteur à rotation faible du foncier nu (DVF arrêté au 31/12/2025, 36 mois)",Parcelle de 469 m² (cadastre),-0.5621,0.195,0.1328
97414000HL0579,0.01592,Parcelle de 421 m² (cadastre),8 vente(s) à moins de 150 m en 24 mois (DVF arrêté au 31/12/2025),Zone U au PLU (PLU/GPU en vigueur à l'ingestion 2026),0.1328,0.1161,0.1036
97415000BW1688,0.01674,"Secteur à rotation faible du foncier nu (DVF arrêté au 31/12/2025, 36 mois)",Zone U au PLU (PLU/GPU en vigueur à l'ingestion 2026),Secteur densément bâti (BD TOPO 2026),0.195,0.1036,0.0981
97411000DX0081,0.02316,"Secteur à rotation faible du foncier nu (DVF arrêté au 31/12/2025, 36 mois)",7 vente(s) à moins de 150 m en 24 mois (DVF arrêté au 31/12/2025),1% de ménages pauvres dans le carreau (Filosofi INSEE 2019),0.2864,0.1161,0.1094
97422000AE0663,0.01464,"Secteur à rotation faible du foncier nu (DVF arrêté au 31/12/2025, 36 mois)",Zone U au PLU (PLU/GPU en vigueur à l'ingestion 2026),Parcelle de 512 m² (cadastre),0.1121,0.1036,0.0803
97416000HZ0240,0.01464,"38 m² de SDP résiduelle (résiduel m135, PLU 2026)",Zone U au PLU (PLU/GPU en vigueur à l'ingestion 2026),Frein — Secteur densément bâti (BD TOPO 2026),0.1134,0.1036,-0.0955
97401000AR0648,0.02316,"Secteur à rotation faible du foncier nu (DVF arrêté au 31/12/2025, 36 mois)",Parcelle de 458 m² (cadastre),8 vente(s) à moins de 150 m en 24 mois (DVF arrêté au 31/12/2025),0.195,0.1328,0.1161
97403000AO0511,0.03466,Détenue depuis moins d'un an — dernière mutation connue (DVF arrêté au 31/12/2025),Frein — Zone A au PLU (PLU/GPU en vigueur à l'ingestion 2026),Parcelle de 1821 m² (cadastre),1.2945,-0.5621,0.1888
97405000AW1690,0.01464,Frein — Zone A au PLU (PLU/GPU en vigueur à l'ingestion 2026),Détenue depuis 1 à 2 ans — dernière mutation connue (DVF arrêté au 31/12/2025),"Zone sans droits à bâtir (résiduel m135, PLU 2026)",-0.5621,0.4083,0.1014
97415000ET1295,0.02316,"Secteur à rotation faible du foncier nu (DVF arrêté au 31/12/2025, 36 mois)",Zone U au PLU (PLU/GPU en vigueur à l'ingestion 2026),Secteur densément bâti (BD TOPO 2026),0.2516,0.1036,0.0981
97423000AH0660,0.01464,"56 m² de SDP résiduelle (résiduel m135, PLU 2026)",Zone U au PLU (PLU/GPU en vigueur à l'ingestion 2026),Frein — 53 ventes dans la commune l'an dernier (DVF arrêté au 31/12/2025),0.1134,0.1036,-0.1
97422000BD3629,0.0185,Détenue depuis 2 à 3 ans — dernière mutation connue (DVF arrêté au 31/12/2025),Zone U au PLU (PLU/GPU en vigueur à l'ingestion 2026),6 vente(s) à moins de 150 m en 24 mois (DVF arrêté au 31/12/2025),0.273,0.1036,0.0781
97415000BW1881,0.0101,Frein — Zone N au PLU (PLU/GPU en vigueur à l'ingestion 2026),Frein — Parcelle de 1259 m² (cadastre),"Secteur à rotation faible du foncier nu (DVF arrêté au 31/12/2025, 36 mois)",-0.5326,-0.2193,0.195
97409000AP1238,0.0101,Frein — Parcelle de 2635 m² (cadastre),"Frein — Aucune vente connue depuis au moins 12 ans (DVF arrêté au 31/12/2025, historique 2014+)",Zone U au PLU (PLU/GPU en vigueur à l'ingestion 2026),-0.2164,-0.1068,0.1036
97416000EX1314,0.01592,"Secteur à rotation faible du foncier nu (DVF arrêté au 31/12/2025, 36 mois)",Zone U au PLU (PLU/GPU en vigueur à l'ingestion 2026),Parcelle de 133 m² (cadastre),0.1121,0.1036,0.0832
97411000HS0218,0.02494,"Secteur à rotation faible du foncier nu (DVF arrêté au 31/12/2025, 36 mois)",11 vente(s) à moins de 150 m en 24 mois (DVF arrêté au 31/12/2025),Parcelle de 239 m² (cadastre),0.2864,0.2532,0.1328
97406000AE0738,0.0092,Frein — Le propriétaire a vendu une autre parcelle depuis 24 mois (millésimes fonciers PM 2019-2024),Frein — Parcelle de 1264 m² (cadastre),Zone U au PLU (PLU/GPU en vigueur à l'ingestion 2026),-0.6133,-0.2164,0.1036
97406000AD0487,0.0088,Frein — Le propriétaire a vendu une autre parcelle depuis 24 mois (millésimes fonciers PM 2019-2024),Frein — Zone N au PLU (PLU/GPU en vigueur à l'ingestion 2026),Frein — 0 vente(s) à moins de 150 m en 24 mois (DVF arrêté au 31/12/2025),-0.6133,-0.5326,-0.2221
97415000AH0669,0.0092,Frein — Le propriétaire a vendu une autre parcelle depuis 24 mois (millésimes fonciers PM 2019-2024),Détenue depuis 3 à 5 ans — dernière mutation connue (DVF arrêté au 31/12/2025),Frein — 0 vente(s) à moins de 150 m en 24 mois (DVF arrêté au 31/12/2025),-0.6133,0.3417,-0.2221
